Step,Metric,Percent Change,Name,Nominal Partition Type,Method,Number of Link Recommendations,Number of Sketch Vectors,Number of Nodes,Batch Size,Seed,Time (s),Per Step Time (s)
0,Fiedler $\lambda_2$,3.869523945700715e-05,reddit,spectral,Random rewiring,99,631,553,100,0,7.811515808105469,0.07890420008187342
0,Surrogate,-0.02388817391387549,reddit,spectral,Random rewiring,99,631,553,100,0,7.811515808105469,0.07890420008187342
0,Disparity,0.012381145726622633,reddit,spectral,Random rewiring,99,631,553,100,0,7.811515808105469,0.07890420008187342
0,Polarization,0.032388137470054534,reddit,spectral,Random rewiring,99,631,553,100,0,7.811515808105469,0.07890420008187342
0,$\|L_{t} - L_{0}\|_F$ / $\|L_{0}\|_F$,0.3347900493131408,reddit,spectral,Random rewiring,99,631,553,100,0,7.811515808105469,0.07890420008187342
1,Fiedler $\lambda_2$,3.869656816941098e-05,reddit,spectral,Random rewiring,99,631,553,100,0,7.811515808105469,0.07890420008187342
1,Surrogate,0.002147127204976255,reddit,spectral,Random rewiring,99,631,553,100,0,7.811515808105469,0.07890420008187342
1,Disparity,0.0537663018237325,reddit,spectral,Random rewiring,99,631,553,100,0,7.811515808105469,0.07890420008187342
1,Polarization,0.06050831239447837,reddit,spectral,Random rewiring,99,631,553,100,0,7.811515808105469,0.07890420008187342
1,$\|L_{t} - L_{0}\|_F$ / $\|L_{0}\|_F$,0.473464628286201,reddit,spectral,Random rewiring,99,631,553,100,0,7.811515808105469,0.07890420008187342
2,Fiedler $\lambda_2$,-5.346918954059331e-05,reddit,spectral,Random rewiring,99,631,553,100,0,7.811515808105469,0.07890420008187342
2,Surrogate,-0.007770433670124562,reddit,spectral,Random rewiring,99,631,553,100,0,7.811515808105469,0.07890420008187342
2,Disparity,0.06017954638101098,reddit,spectral,Random rewiring,99,631,553,100,0,7.811515808105469,0.07890420008187342
2,Polarization,0.064988801080246,reddit,spectral,Random rewiring,99,631,553,100,0,7.811515808105469,0.07890420008187342
2,$\|L_{t} - L_{0}\|_F$ / $\|L_{0}\|_F$,0.5798733752788496,reddit,spectral,Random rewiring,99,631,553,100,0,7.811515808105469,0.07890420008187342
3,Fiedler $\lambda_2$,-5.556212107075569e-05,reddit,spectral,Random rewiring,99,631,553,100,0,7.811515808105469,0.07890420008187342
3,Surrogate,-0.16718219007959556,reddit,spectral,Random rewiring,99,631,553,100,0,7.811515808105469,0.07890420008187342
3,Disparity,-0.17611910078895043,reddit,spectral,Random rewiring,99,631,553,100,0,7.811515808105469,0.07890420008187342
3,Polarization,0.09903369098807362,reddit,spectral,Random rewiring,99,631,553,100,0,7.811515808105469,0.07890420008187342
3,$\|L_{t} - L_{0}\|_F$ / $\|L_{0}\|_F$,0.6695800986262817,reddit,spectral,Random rewiring,99,631,553,100,0,7.811515808105469,0.07890420008187342
4,Fiedler $\lambda_2$,-5.514863507022628e-05,reddit,spectral,Random rewiring,99,631,553,100,0,7.811515808105469,0.07890420008187342
4,Surrogate,-0.15544491404313474,reddit,spectral,Random rewiring,99,631,553,100,0,7.811515808105469,0.07890420008187342
4,Disparity,-0.11467775085230439,reddit,spectral,Random rewiring,99,631,553,100,0,7.811515808105469,0.07890420008187342
4,Polarization,0.11874477860322799,reddit,spectral,Random rewiring,99,631,553,100,0,7.811515808105469,0.07890420008187342
4,$\|L_{t} - L_{0}\|_F$ / $\|L_{0}\|_F$,0.7101969424293015,reddit,spectral,Random rewiring,99,631,553,100,0,7.811515808105469,0.07890420008187342
5,Fiedler $\lambda_2$,-5.535829360382783e-05,reddit,spectral,Random rewiring,99,631,553,100,0,7.811515808105469,0.07890420008187342
5,Surrogate,0.03734989522423055,reddit,spectral,Random rewiring,99,631,553,100,0,7.811515808105469,0.07890420008187342
5,Disparity,0.3305047129317611,reddit,spectral,Random rewiring,99,631,553,100,0,7.811515808105469,0.07890420008187342
5,Polarization,0.5265204076936545,reddit,spectral,Random rewiring,99,631,553,100,0,7.811515808105469,0.07890420008187342
5,$\|L_{t} - L_{0}\|_F$ / $\|L_{0}\|_F$,0.7851522617652094,reddit,spectral,Random rewiring,99,631,553,100,0,7.811515808105469,0.07890420008187342
6,Fiedler $\lambda_2$,-9.466646976806288,reddit,spectral,Random rewiring,99,631,553,100,0,7.811515808105469,0.07890420008187342
6,Surrogate,0.03176695260018328,reddit,spectral,Random rewiring,99,631,553,100,0,7.811515808105469,0.07890420008187342
6,Disparity,0.3825911972289334,reddit,spectral,Random rewiring,99,631,553,100,0,7.811515808105469,0.07890420008187342
6,Polarization,0.5776480050454742,reddit,spectral,Random rewiring,99,631,553,100,0,7.811515808105469,0.07890420008187342
6,$\|L_{t} - L_{0}\|_F$ / $\|L_{0}\|_F$,0.8535504972021978,reddit,spectral,Random rewiring,99,631,553,100,0,7.811515808105469,0.07890420008187342
7,Fiedler $\lambda_2$,-9.466647683418747,reddit,spectral,Random rewiring,99,631,553,100,0,7.811515808105469,0.07890420008187342
7,Surrogate,0.035897146633453225,reddit,spectral,Random rewiring,99,631,553,100,0,7.811515808105469,0.07890420008187342
7,Disparity,0.38995915766292205,reddit,spectral,Random rewiring,99,631,553,100,0,7.811515808105469,0.07890420008187342
7,Polarization,0.5717116244030609,reddit,spectral,Random rewiring,99,631,553,100,0,7.811515808105469,0.07890420008187342
7,$\|L_{t} - L_{0}\|_F$ / $\|L_{0}\|_F$,0.9168603101853708,reddit,spectral,Random rewiring,99,631,553,100,0,7.811515808105469,0.07890420008187342
8,Fiedler $\lambda_2$,-9.466856748948969,reddit,spectral,Random rewiring,99,631,553,100,0,7.811515808105469,0.07890420008187342
8,Surrogate,0.018812736114762696,reddit,spectral,Random rewiring,99,631,553,100,0,7.811515808105469,0.07890420008187342
8,Disparity,0.37151811672436574,reddit,spectral,Random rewiring,99,631,553,100,0,7.811515808105469,0.07890420008187342
8,Polarization,0.5580761802490415,reddit,spectral,Random rewiring,99,631,553,100,0,7.811515808105469,0.07890420008187342
8,$\|L_{t} - L_{0}\|_F$ / $\|L_{0}\|_F$,0.9760723362089049,reddit,spectral,Random rewiring,99,631,553,100,0,7.811515808105469,0.07890420008187342
9,Fiedler $\lambda_2$,-8.964295866607243,reddit,spectral,Random rewiring,99,631,553,100,0,7.811515808105469,0.07890420008187342
9,Surrogate,-0.0031286832117790285,reddit,spectral,Random rewiring,99,631,553,100,0,7.811515808105469,0.07890420008187342
9,Disparity,0.3769495715240843,reddit,spectral,Random rewiring,99,631,553,100,0,7.811515808105469,0.07890420008187342
9,Polarization,0.5356546531916873,reddit,spectral,Random rewiring,99,631,553,100,0,7.811515808105469,0.07890420008187342
9,$\|L_{t} - L_{0}\|_F$ / $\|L_{0}\|_F$,1.018224183739333,reddit,spectral,Random rewiring,99,631,553,100,0,7.811515808105469,0.07890420008187342
10,Fiedler $\lambda_2$,-8.964298144656881,reddit,spectral,Random rewiring,99,631,553,100,0,7.811515808105469,0.07890420008187342
10,Surrogate,-0.009273665729291069,reddit,spectral,Random rewiring,99,631,553,100,0,7.811515808105469,0.07890420008187342
10,Disparity,0.376265237213005,reddit,spectral,Random rewiring,99,631,553,100,0,7.811515808105469,0.07890420008187342
10,Polarization,0.5387046724836311,reddit,spectral,Random rewiring,99,631,553,100,0,7.811515808105469,0.07890420008187342
10,$\|L_{t} - L_{0}\|_F$ / $\|L_{0}\|_F$,1.0718511396041555,reddit,spectral,Random rewiring,99,631,553,100,0,7.811515808105469,0.07890420008187342
11,Fiedler $\lambda_2$,-8.964330797643322,reddit,spectral,Random rewiring,99,631,553,100,0,7.811515808105469,0.07890420008187342
11,Surrogate,-0.03832848532169853,reddit,spectral,Random rewiring,99,631,553,100,0,7.811515808105469,0.07890420008187342
11,Disparity,0.3510933287180084,reddit,spectral,Random rewiring,99,631,553,100,0,7.811515808105469,0.07890420008187342
11,Polarization,0.5366237275715258,reddit,spectral,Random rewiring,99,631,553,100,0,7.811515808105469,0.07890420008187342
11,$\|L_{t} - L_{0}\|_F$ / $\|L_{0}\|_F$,1.1229199626820345,reddit,spectral,Random rewiring,99,631,553,100,0,7.811515808105469,0.07890420008187342
12,Fiedler $\lambda_2$,-8.9643315174984,reddit,spectral,Random rewiring,99,631,553,100,0,7.811515808105469,0.07890420008187342
12,Surrogate,-0.07071447858110402,reddit,spectral,Random rewiring,99,631,553,100,0,7.811515808105469,0.07890420008187342
12,Disparity,0.42921409710089803,reddit,spectral,Random rewiring,99,631,553,100,0,7.811515808105469,0.07890420008187342
12,Polarization,0.5999621445159988,reddit,spectral,Random rewiring,99,631,553,100,0,7.811515808105469,0.07890420008187342
12,$\|L_{t} - L_{0}\|_F$ / $\|L_{0}\|_F$,1.1836615707155025,reddit,spectral,Random rewiring,99,631,553,100,0,7.811515808105469,0.07890420008187342
13,Fiedler $\lambda_2$,-8.964212556226922,reddit,spectral,Random rewiring,99,631,553,100,0,7.811515808105469,0.07890420008187342
13,Surrogate,-0.07461032324853395,reddit,spectral,Random rewiring,99,631,553,100,0,7.811515808105469,0.07890420008187342
13,Disparity,0.42951052541077295,reddit,spectral,Random rewiring,99,631,553,100,0,7.811515808105469,0.07890420008187342
13,Polarization,0.598158400379014,reddit,spectral,Random rewiring,99,631,553,100,0,7.811515808105469,0.07890420008187342
13,$\|L_{t} - L_{0}\|_F$ / $\|L_{0}\|_F$,1.2414347286053986,reddit,spectral,Random rewiring,99,631,553,100,0,7.811515808105469,0.07890420008187342
14,Fiedler $\lambda_2$,-8.963941808606489,reddit,spectral,Random rewiring,99,631,553,100,0,7.811515808105469,0.07890420008187342
14,Surrogate,-0.09005742759635922,reddit,spectral,Random rewiring,99,631,553,100,0,7.811515808105469,0.07890420008187342
14,Disparity,0.44888581574945685,reddit,spectral,Random rewiring,99,631,553,100,0,7.811515808105469,0.07890420008187342
14,Polarization,0.6121626073540147,reddit,spectral,Random rewiring,99,631,553,100,0,7.811515808105469,0.07890420008187342
14,$\|L_{t} - L_{0}\|_F$ / $\|L_{0}\|_F$,1.2857855818551764,reddit,spectral,Random rewiring,99,631,553,100,0,7.811515808105469,0.07890420008187342
15,Fiedler $\lambda_2$,-8.963942470903131,reddit,spectral,Random rewiring,99,631,553,100,0,7.811515808105469,0.07890420008187342
15,Surrogate,-0.15376081360288016,reddit,spectral,Random rewiring,99,631,553,100,0,7.811515808105469,0.07890420008187342
15,Disparity,0.3917938999716225,reddit,spectral,Random rewiring,99,631,553,100,0,7.811515808105469,0.07890420008187342
15,Polarization,0.5801399903144665,reddit,spectral,Random rewiring,99,631,553,100,0,7.811515808105469,0.07890420008187342
15,$\|L_{t} - L_{0}\|_F$ / $\|L_{0}\|_F$,1.3286568178524316,reddit,spectral,Random rewiring,99,631,553,100,0,7.811515808105469,0.07890420008187342
16,Fiedler $\lambda_2$,-8.963940549481405,reddit,spectral,Random rewiring,99,631,553,100,0,7.811515808105469,0.07890420008187342
16,Surrogate,-0.1230054299362713,reddit,spectral,Random rewiring,99,631,553,100,0,7.811515808105469,0.07890420008187342
16,Disparity,0.4583324503213768,reddit,spectral,Random rewiring,99,631,553,100,0,7.811515808105469,0.07890420008187342
16,Polarization,0.6207992261506459,reddit,spectral,Random rewiring,99,631,553,100,0,7.811515808105469,0.07890420008187342
16,$\|L_{t} - L_{0}\|_F$ / $\|L_{0}\|_F$,1.3701873290703155,reddit,spectral,Random rewiring,99,631,553,100,0,7.811515808105469,0.07890420008187342
17,Fiedler $\lambda_2$,-8.964105016235365,reddit,spectral,Random rewiring,99,631,553,100,0,7.811515808105469,0.07890420008187342
17,Surrogate,-0.12459135405760656,reddit,spectral,Random rewiring,99,631,553,100,0,7.811515808105469,0.07890420008187342
17,Disparity,0.4537931918852006,reddit,spectral,Random rewiring,99,631,553,100,0,7.811515808105469,0.07890420008187342
17,Polarization,0.6212927349664951,reddit,spectral,Random rewiring,99,631,553,100,0,7.811515808105469,0.07890420008187342
17,$\|L_{t} - L_{0}\|_F$ / $\|L_{0}\|_F$,1.420393884858603,reddit,spectral,Random rewiring,99,631,553,100,0,7.811515808105469,0.07890420008187342
18,Fiedler $\lambda_2$,-8.964107853355632,reddit,spectral,Random rewiring,99,631,553,100,0,7.811515808105469,0.07890420008187342
18,Surrogate,-0.11420509677317213,reddit,spectral,Random rewiring,99,631,553,100,0,7.811515808105469,0.07890420008187342
18,Disparity,0.48341182807239486,reddit,spectral,Random rewiring,99,631,553,100,0,7.811515808105469,0.07890420008187342
18,Polarization,0.6286181954208371,reddit,spectral,Random rewiring,99,631,553,100,0,7.811515808105469,0.07890420008187342
18,$\|L_{t} - L_{0}\|_F$ / $\|L_{0}\|_F$,1.4593159922589793,reddit,spectral,Random rewiring,99,631,553,100,0,7.811515808105469,0.07890420008187342
19,Fiedler $\lambda_2$,-8.961809629907687,reddit,spectral,Random rewiring,99,631,553,100,0,7.811515808105469,0.07890420008187342
19,Surrogate,-0.2393690848830795,reddit,spectral,Random rewiring,99,631,553,100,0,7.811515808105469,0.07890420008187342
19,Disparity,0.36966089807660113,reddit,spectral,Random rewiring,99,631,553,100,0,7.811515808105469,0.07890420008187342
19,Polarization,0.6770886904092106,reddit,spectral,Random rewiring,99,631,553,100,0,7.811515808105469,0.07890420008187342
19,$\|L_{t} - L_{0}\|_F$ / $\|L_{0}\|_F$,1.515826418473254,reddit,spectral,Random rewiring,99,631,553,100,0,7.811515808105469,0.07890420008187342
20,Fiedler $\lambda_2$,-8.96204770505802,reddit,spectral,Random rewiring,99,631,553,100,0,7.811515808105469,0.07890420008187342
20,Surrogate,-0.27937791654439315,reddit,spectral,Random rewiring,99,631,553,100,0,7.811515808105469,0.07890420008187342
20,Disparity,0.3186973035154323,reddit,spectral,Random rewiring,99,631,553,100,0,7.811515808105469,0.07890420008187342
20,Polarization,0.7074415600968142,reddit,spectral,Random rewiring,99,631,553,100,0,7.811515808105469,0.07890420008187342
20,$\|L_{t} - L_{0}\|_F$ / $\|L_{0}\|_F$,1.5523575967091305,reddit,spectral,Random rewiring,99,631,553,100,0,7.811515808105469,0.07890420008187342
21,Fiedler $\lambda_2$,-8.962046939731358,reddit,spectral,Random rewiring,99,631,553,100,0,7.811515808105469,0.07890420008187342
21,Surrogate,-0.2914642529989772,reddit,spectral,Random rewiring,99,631,553,100,0,7.811515808105469,0.07890420008187342
21,Disparity,0.31653094120601444,reddit,spectral,Random rewiring,99,631,553,100,0,7.811515808105469,0.07890420008187342
21,Polarization,0.7010063455193409,reddit,spectral,Random rewiring,99,631,553,100,0,7.811515808105469,0.07890420008187342
21,$\|L_{t} - L_{0}\|_F$ / $\|L_{0}\|_F$,1.5880486406844228,reddit,spectral,Random rewiring,99,631,553,100,0,7.811515808105469,0.07890420008187342
22,Fiedler $\lambda_2$,-8.548627702956646,reddit,spectral,Random rewiring,99,631,553,100,0,7.811515808105469,0.07890420008187342
22,Surrogate,-0.31373650573003914,reddit,spectral,Random rewiring,99,631,553,100,0,7.811515808105469,0.07890420008187342
22,Disparity,0.2723134715173703,reddit,spectral,Random rewiring,99,631,553,100,0,7.811515808105469,0.07890420008187342
22,Polarization,0.6627063216373241,reddit,spectral,Random rewiring,99,631,553,100,0,7.811515808105469,0.07890420008187342
22,$\|L_{t} - L_{0}\|_F$ / $\|L_{0}\|_F$,1.622954978518732,reddit,spectral,Random rewiring,99,631,553,100,0,7.811515808105469,0.07890420008187342
23,Fiedler $\lambda_2$,-8.548629272188734,reddit,spectral,Random rewiring,99,631,553,100,0,7.811515808105469,0.07890420008187342
23,Surrogate,-0.31522683142322616,reddit,spectral,Random rewiring,99,631,553,100,0,7.811515808105469,0.07890420008187342
23,Disparity,0.27140431819771893,reddit,spectral,Random rewiring,99,631,553,100,0,7.811515808105469,0.07890420008187342
23,Polarization,0.657757708496153,reddit,spectral,Random rewiring,99,631,553,100,0,7.811515808105469,0.07890420008187342
23,$\|L_{t} - L_{0}\|_F$ / $\|L_{0}\|_F$,1.6486497945707148,reddit,spectral,Random rewiring,99,631,553,100,0,7.811515808105469,0.07890420008187342
24,Fiedler $\lambda_2$,-8.54862944500398,reddit,spectral,Random rewiring,99,631,553,100,0,7.811515808105469,0.07890420008187342
24,Surrogate,-0.3299970843297034,reddit,spectral,Random rewiring,99,631,553,100,0,7.811515808105469,0.07890420008187342
24,Disparity,0.21118307852330953,reddit,spectral,Random rewiring,99,631,553,100,0,7.811515808105469,0.07890420008187342
24,Polarization,0.6671296969951465,reddit,spectral,Random rewiring,99,631,553,100,0,7.811515808105469,0.07890420008187342
24,$\|L_{t} - L_{0}\|_F$ / $\|L_{0}\|_F$,1.7071009944043956,reddit,spectral,Random rewiring,99,631,553,100,0,7.811515808105469,0.07890420008187342
25,Fiedler $\lambda_2$,-8.548632127785421,reddit,spectral,Random rewiring,99,631,553,100,0,7.811515808105469,0.07890420008187342
25,Surrogate,-0.3337882995238942,reddit,spectral,Random rewiring,99,631,553,100,0,7.811515808105469,0.07890420008187342
25,Disparity,0.20558298149561216,reddit,spectral,Random rewiring,99,631,553,100,0,7.811515808105469,0.07890420008187342
25,Polarization,0.6720162386490731,reddit,spectral,Random rewiring,99,631,553,100,0,7.811515808105469,0.07890420008187342
25,$\|L_{t} - L_{0}\|_F$ / $\|L_{0}\|_F$,1.7396201258365491,reddit,spectral,Random rewiring,99,631,553,100,0,7.811515808105469,0.07890420008187342
26,Fiedler $\lambda_2$,-8.548180636240224,reddit,spectral,Random rewiring,99,631,553,100,0,7.811515808105469,0.07890420008187342
26,Surrogate,-0.34467265463560914,reddit,spectral,Random rewiring,99,631,553,100,0,7.811515808105469,0.07890420008187342
26,Disparity,0.20139003541902015,reddit,spectral,Random rewiring,99,631,553,100,0,7.811515808105469,0.07890420008187342
26,Polarization,0.667669353597689,reddit,spectral,Random rewiring,99,631,553,100,0,7.811515808105469,0.07890420008187342
26,$\|L_{t} - L_{0}\|_F$ / $\|L_{0}\|_F$,1.7715424238032424,reddit,spectral,Random rewiring,99,631,553,100,0,7.811515808105469,0.07890420008187342
27,Fiedler $\lambda_2$,-8.548695362122318,reddit,spectral,Random rewiring,99,631,553,100,0,7.811515808105469,0.07890420008187342
27,Surrogate,-0.31667097942370376,reddit,spectral,Random rewiring,99,631,553,100,0,7.811515808105469,0.07890420008187342
27,Disparity,0.194903864503139,reddit,spectral,Random rewiring,99,631,553,100,0,7.811515808105469,0.07890420008187342
27,Polarization,0.6631379734601572,reddit,spectral,Random rewiring,99,631,553,100,0,7.811515808105469,0.07890420008187342
27,$\|L_{t} - L_{0}\|_F$ / $\|L_{0}\|_F$,1.818375408163372,reddit,spectral,Random rewiring,99,631,553,100,0,7.811515808105469,0.07890420008187342
28,Fiedler $\lambda_2$,-8.548685246986805,reddit,spectral,Random rewiring,99,631,553,100,0,7.811515808105469,0.07890420008187342
28,Surrogate,-0.3183554760488807,reddit,spectral,Random rewiring,99,631,553,100,0,7.811515808105469,0.07890420008187342
28,Disparity,0.1942095837270136,reddit,spectral,Random rewiring,99,631,553,100,0,7.811515808105469,0.07890420008187342
28,Polarization,0.6714821515457227,reddit,spectral,Random rewiring,99,631,553,100,0,7.811515808105469,0.07890420008187342
28,$\|L_{t} - L_{0}\|_F$ / $\|L_{0}\|_F$,1.8489384798127828,reddit,spectral,Random rewiring,99,631,553,100,0,7.811515808105469,0.07890420008187342
29,Fiedler $\lambda_2$,-8.548805294997566,reddit,spectral,Random rewiring,99,631,553,100,0,7.811515808105469,0.07890420008187342
29,Surrogate,-0.29432904968961393,reddit,spectral,Random rewiring,99,631,553,100,0,7.811515808105469,0.07890420008187342
29,Disparity,0.1957867662885708,reddit,spectral,Random rewiring,99,631,553,100,0,7.811515808105469,0.07890420008187342
29,Polarization,0.6706114700593849,reddit,spectral,Random rewiring,99,631,553,100,0,7.811515808105469,0.07890420008187342
29,$\|L_{t} - L_{0}\|_F$ / $\|L_{0}\|_F$,1.8790044915463882,reddit,spectral,Random rewiring,99,631,553,100,0,7.811515808105469,0.07890420008187342
30,Fiedler $\lambda_2$,-8.548710208257404,reddit,spectral,Random rewiring,99,631,553,100,0,7.811515808105469,0.07890420008187342
30,Surrogate,-0.32571849485710447,reddit,spectral,Random rewiring,99,631,553,100,0,7.811515808105469,0.07890420008187342
30,Disparity,0.1706634857331792,reddit,spectral,Random rewiring,99,631,553,100,0,7.811515808105469,0.07890420008187342
30,Polarization,0.6429951427919001,reddit,spectral,Random rewiring,99,631,553,100,0,7.811515808105469,0.07890420008187342
30,$\|L_{t} - L_{0}\|_F$ / $\|L_{0}\|_F$,1.9085969339728583,reddit,spectral,Random rewiring,99,631,553,100,0,7.811515808105469,0.07890420008187342
31,Fiedler $\lambda_2$,-8.548717076463484,reddit,spectral,Random rewiring,99,631,553,100,0,7.811515808105469,0.07890420008187342
31,Surrogate,-0.39403627337522396,reddit,spectral,Random rewiring,99,631,553,100,0,7.811515808105469,0.07890420008187342
31,Disparity,0.13053420978494434,reddit,spectral,Random rewiring,99,631,553,100,0,7.811515808105469,0.07890420008187342
31,Polarization,0.6492757909080876,reddit,spectral,Random rewiring,99,631,553,100,0,7.811515808105469,0.07890420008187342
31,$\|L_{t} - L_{0}\|_F$ / $\|L_{0}\|_F$,1.9449544281986313,reddit,spectral,Random rewiring,99,631,553,100,0,7.811515808105469,0.07890420008187342
32,Fiedler $\lambda_2$,-8.54855006679752,reddit,spectral,Random rewiring,99,631,553,100,0,7.811515808105469,0.07890420008187342
32,Surrogate,-0.3825119500504459,reddit,spectral,Random rewiring,99,631,553,100,0,7.811515808105469,0.07890420008187342
32,Disparity,0.13440504904465325,reddit,spectral,Random rewiring,99,631,553,100,0,7.811515808105469,0.07890420008187342
32,Polarization,0.6513827653220826,reddit,spectral,Random rewiring,99,631,553,100,0,7.811515808105469,0.07890420008187342
32,$\|L_{t} - L_{0}\|_F$ / $\|L_{0}\|_F$,1.9877057864402636,reddit,spectral,Random rewiring,99,631,553,100,0,7.811515808105469,0.07890420008187342
33,Fiedler $\lambda_2$,-8.654970628982198,reddit,spectral,Random rewiring,99,631,553,100,0,7.811515808105469,0.07890420008187342
33,Surrogate,-0.3723075135579351,reddit,spectral,Random rewiring,99,631,553,100,0,7.811515808105469,0.07890420008187342
33,Disparity,0.141362532305413,reddit,spectral,Random rewiring,99,631,553,100,0,7.811515808105469,0.07890420008187342
33,Polarization,0.634438929144863,reddit,spectral,Random rewiring,99,631,553,100,0,7.811515808105469,0.07890420008187342
33,$\|L_{t} - L_{0}\|_F$ / $\|L_{0}\|_F$,2.015703021421361,reddit,spectral,Random rewiring,99,631,553,100,0,7.811515808105469,0.07890420008187342
34,Fiedler $\lambda_2$,-8.65496987782636,reddit,spectral,Random rewiring,99,631,553,100,0,7.811515808105469,0.07890420008187342
34,Surrogate,-0.3175279106308639,reddit,spectral,Random rewiring,99,631,553,100,0,7.811515808105469,0.07890420008187342
34,Disparity,0.15955589765453704,reddit,spectral,Random rewiring,99,631,553,100,0,7.811515808105469,0.07890420008187342
34,Polarization,0.7664793404290141,reddit,spectral,Random rewiring,99,631,553,100,0,7.811515808105469,0.07890420008187342
34,$\|L_{t} - L_{0}\|_F$ / $\|L_{0}\|_F$,2.043316678267541,reddit,spectral,Random rewiring,99,631,553,100,0,7.811515808105469,0.07890420008187342
35,Fiedler $\lambda_2$,-8.654924922060601,reddit,spectral,Random rewiring,99,631,553,100,0,7.811515808105469,0.07890420008187342
35,Surrogate,-0.32347462255696646,reddit,spectral,Random rewiring,99,631,553,100,0,7.811515808105469,0.07890420008187342
35,Disparity,0.17834223329361046,reddit,spectral,Random rewiring,99,631,553,100,0,7.811515808105469,0.07890420008187342
35,Polarization,0.7267416289741943,reddit,spectral,Random rewiring,99,631,553,100,0,7.811515808105469,0.07890420008187342
35,$\|L_{t} - L_{0}\|_F$ / $\|L_{0}\|_F$,2.070562103585737,reddit,spectral,Random rewiring,99,631,553,100,0,7.811515808105469,0.07890420008187342
36,Fiedler $\lambda_2$,-8.654923148021158,reddit,spectral,Random rewiring,99,631,553,100,0,7.811515808105469,0.07890420008187342
36,Surrogate,-0.32770650525928063,reddit,spectral,Random rewiring,99,631,553,100,0,7.811515808105469,0.07890420008187342
36,Disparity,0.17676801186926594,reddit,spectral,Random rewiring,99,631,553,100,0,7.811515808105469,0.07890420008187342
36,Polarization,0.7271791725691725,reddit,spectral,Random rewiring,99,631,553,100,0,7.811515808105469,0.07890420008187342
36,$\|L_{t} - L_{0}\|_F$ / $\|L_{0}\|_F$,2.104122832964906,reddit,spectral,Random rewiring,99,631,553,100,0,7.811515808105469,0.07890420008187342
37,Fiedler $\lambda_2$,-8.65524716959519,reddit,spectral,Random rewiring,99,631,553,100,0,7.811515808105469,0.07890420008187342
37,Surrogate,-0.3310809397021039,reddit,spectral,Random rewiring,99,631,553,100,0,7.811515808105469,0.07890420008187342
37,Disparity,0.1768324759809928,reddit,spectral,Random rewiring,99,631,553,100,0,7.811515808105469,0.07890420008187342
37,Polarization,0.7093883338969931,reddit,spectral,Random rewiring,99,631,553,100,0,7.811515808105469,0.07890420008187342
37,$\|L_{t} - L_{0}\|_F$ / $\|L_{0}\|_F$,2.1173981875792305,reddit,spectral,Random rewiring,99,631,553,100,0,7.811515808105469,0.07890420008187342
38,Fiedler $\lambda_2$,-8.769295154870301,reddit,spectral,Random rewiring,99,631,553,100,0,7.811515808105469,0.07890420008187342
38,Surrogate,-0.3243790207449407,reddit,spectral,Random rewiring,99,631,553,100,0,7.811515808105469,0.07890420008187342
38,Disparity,0.18602758685163984,reddit,spectral,Random rewiring,99,631,553,100,0,7.811515808105469,0.07890420008187342
38,Polarization,0.7079334684708447,reddit,spectral,Random rewiring,99,631,553,100,0,7.811515808105469,0.07890420008187342
38,$\|L_{t} - L_{0}\|_F$ / $\|L_{0}\|_F$,2.143702279208311,reddit,spectral,Random rewiring,99,631,553,100,0,7.811515808105469,0.07890420008187342
39,Fiedler $\lambda_2$,-9.58669628346408,reddit,spectral,Random rewiring,99,631,553,100,0,7.811515808105469,0.07890420008187342
39,Surrogate,-0.3269182876483908,reddit,spectral,Random rewiring,99,631,553,100,0,7.811515808105469,0.07890420008187342
39,Disparity,0.14669155116790303,reddit,spectral,Random rewiring,99,631,553,100,0,7.811515808105469,0.07890420008187342
39,Polarization,0.6700712082149545,reddit,spectral,Random rewiring,99,631,553,100,0,7.811515808105469,0.07890420008187342
39,$\|L_{t} - L_{0}\|_F$ / $\|L_{0}\|_F$,2.1696874980056458,reddit,spectral,Random rewiring,99,631,553,100,0,7.811515808105469,0.07890420008187342
40,Fiedler $\lambda_2$,-9.586682499652888,reddit,spectral,Random rewiring,99,631,553,100,0,7.811515808105469,0.07890420008187342
40,Surrogate,-0.3193945670332253,reddit,spectral,Random rewiring,99,631,553,100,0,7.811515808105469,0.07890420008187342
40,Disparity,0.14320547839173195,reddit,spectral,Random rewiring,99,631,553,100,0,7.811515808105469,0.07890420008187342
40,Polarization,0.6724808629868513,reddit,spectral,Random rewiring,99,631,553,100,0,7.811515808105469,0.07890420008187342
40,$\|L_{t} - L_{0}\|_F$ / $\|L_{0}\|_F$,2.208092028127597,reddit,spectral,Random rewiring,99,631,553,100,0,7.811515808105469,0.07890420008187342
41,Fiedler $\lambda_2$,-9.586530707236813,reddit,spectral,Random rewiring,99,631,553,100,0,7.811515808105469,0.07890420008187342
41,Surrogate,-0.2941846543837374,reddit,spectral,Random rewiring,99,631,553,100,0,7.811515808105469,0.07890420008187342
41,Disparity,0.1358782138003166,reddit,spectral,Random rewiring,99,631,553,100,0,7.811515808105469,0.07890420008187342
41,Polarization,0.7359190792301166,reddit,spectral,Random rewiring,99,631,553,100,0,7.811515808105469,0.07890420008187342
41,$\|L_{t} - L_{0}\|_F$ / $\|L_{0}\|_F$,2.2333281849741065,reddit,spectral,Random rewiring,99,631,553,100,0,7.811515808105469,0.07890420008187342
42,Fiedler $\lambda_2$,-9.586283949239764,reddit,spectral,Random rewiring,99,631,553,100,0,7.811515808105469,0.07890420008187342
42,Surrogate,-0.2772765934201498,reddit,spectral,Random rewiring,99,631,553,100,0,7.811515808105469,0.07890420008187342
42,Disparity,0.12660062997921717,reddit,spectral,Random rewiring,99,631,553,100,0,7.811515808105469,0.07890420008187342
42,Polarization,0.7211914848914195,reddit,spectral,Random rewiring,99,631,553,100,0,7.811515808105469,0.07890420008187342
42,$\|L_{t} - L_{0}\|_F$ / $\|L_{0}\|_F$,2.252069729080132,reddit,spectral,Random rewiring,99,631,553,100,0,7.811515808105469,0.07890420008187342
43,Fiedler $\lambda_2$,-9.586162577415225,reddit,spectral,Random rewiring,99,631,553,100,0,7.811515808105469,0.07890420008187342
43,Surrogate,-0.32268744579219355,reddit,spectral,Random rewiring,99,631,553,100,0,7.811515808105469,0.07890420008187342
43,Disparity,0.0648170396531197,reddit,spectral,Random rewiring,99,631,553,100,0,7.811515808105469,0.07890420008187342
43,Polarization,0.6911942554110707,reddit,spectral,Random rewiring,99,631,553,100,0,7.811515808105469,0.07890420008187342
43,$\|L_{t} - L_{0}\|_F$ / $\|L_{0}\|_F$,2.2890925342409605,reddit,spectral,Random rewiring,99,631,553,100,0,7.811515808105469,0.07890420008187342
44,Fiedler $\lambda_2$,-9.586133002290305,reddit,spectral,Random rewiring,99,631,553,100,0,7.811515808105469,0.07890420008187342
44,Surrogate,-0.37601075833395015,reddit,spectral,Random rewiring,99,631,553,100,0,7.811515808105469,0.07890420008187342
44,Disparity,0.012599086738846571,reddit,spectral,Random rewiring,99,631,553,100,0,7.811515808105469,0.07890420008187342
44,Polarization,0.824372270876719,reddit,spectral,Random rewiring,99,631,553,100,0,7.811515808105469,0.07890420008187342
44,$\|L_{t} - L_{0}\|_F$ / $\|L_{0}\|_F$,2.3073811807235107,reddit,spectral,Random rewiring,99,631,553,100,0,7.811515808105469,0.07890420008187342
45,Fiedler $\lambda_2$,-9.586138690864484,reddit,spectral,Random rewiring,99,631,553,100,0,7.811515808105469,0.07890420008187342
45,Surrogate,-0.38531747773451563,reddit,spectral,Random rewiring,99,631,553,100,0,7.811515808105469,0.07890420008187342
45,Disparity,-0.01969553521673477,reddit,spectral,Random rewiring,99,631,553,100,0,7.811515808105469,0.07890420008187342
45,Polarization,0.81942048064904,reddit,spectral,Random rewiring,99,631,553,100,0,7.811515808105469,0.07890420008187342
45,$\|L_{t} - L_{0}\|_F$ / $\|L_{0}\|_F$,2.3375443064369694,reddit,spectral,Random rewiring,99,631,553,100,0,7.811515808105469,0.07890420008187342
46,Fiedler $\lambda_2$,-9.58588866415931,reddit,spectral,Random rewiring,99,631,553,100,0,7.811515808105469,0.07890420008187342
46,Surrogate,-0.378990024923232,reddit,spectral,Random rewiring,99,631,553,100,0,7.811515808105469,0.07890420008187342
46,Disparity,-0.025834495694480507,reddit,spectral,Random rewiring,99,631,553,100,0,7.811515808105469,0.07890420008187342
46,Polarization,0.7994011588940366,reddit,spectral,Random rewiring,99,631,553,100,0,7.811515808105469,0.07890420008187342
46,$\|L_{t} - L_{0}\|_F$ / $\|L_{0}\|_F$,2.3435303451919856,reddit,spectral,Random rewiring,99,631,553,100,0,7.811515808105469,0.07890420008187342
47,Fiedler $\lambda_2$,-9.585781806160211,reddit,spectral,Random rewiring,99,631,553,100,0,7.811515808105469,0.07890420008187342
47,Surrogate,-0.3751015834208548,reddit,spectral,Random rewiring,99,631,553,100,0,7.811515808105469,0.07890420008187342
47,Disparity,-0.020277061567883743,reddit,spectral,Random rewiring,99,631,553,100,0,7.811515808105469,0.07890420008187342
47,Polarization,0.7992080614033751,reddit,spectral,Random rewiring,99,631,553,100,0,7.811515808105469,0.07890420008187342
47,$\|L_{t} - L_{0}\|_F$ / $\|L_{0}\|_F$,2.367323141431005,reddit,spectral,Random rewiring,99,631,553,100,0,7.811515808105469,0.07890420008187342
48,Fiedler $\lambda_2$,-9.585769297145944,reddit,spectral,Random rewiring,99,631,553,100,0,7.811515808105469,0.07890420008187342
48,Surrogate,-0.3597727597897788,reddit,spectral,Random rewiring,99,631,553,100,0,7.811515808105469,0.07890420008187342
48,Disparity,-0.0034611229243030005,reddit,spectral,Random rewiring,99,631,553,100,0,7.811515808105469,0.07890420008187342
48,Polarization,0.7944225121789905,reddit,spectral,Random rewiring,99,631,553,100,0,7.811515808105469,0.07890420008187342
48,$\|L_{t} - L_{0}\|_F$ / $\|L_{0}\|_F$,2.396732009915508,reddit,spectral,Random rewiring,99,631,553,100,0,7.811515808105469,0.07890420008187342
49,Fiedler $\lambda_2$,-9.585772072562728,reddit,spectral,Random rewiring,99,631,553,100,0,7.811515808105469,0.07890420008187342
49,Surrogate,-0.35687639113829916,reddit,spectral,Random rewiring,99,631,553,100,0,7.811515808105469,0.07890420008187342
49,Disparity,0.03038059001027317,reddit,spectral,Random rewiring,99,631,553,100,0,7.811515808105469,0.07890420008187342
49,Polarization,0.8286283635278104,reddit,spectral,Random rewiring,99,631,553,100,0,7.811515808105469,0.07890420008187342
49,$\|L_{t} - L_{0}\|_F$ / $\|L_{0}\|_F$,2.414205378627293,reddit,spectral,Random rewiring,99,631,553,100,0,7.811515808105469,0.07890420008187342
50,Fiedler $\lambda_2$,-9.585772589897697,reddit,spectral,Random rewiring,99,631,553,100,0,7.811515808105469,0.07890420008187342
50,Surrogate,-0.3770069569502429,reddit,spectral,Random rewiring,99,631,553,100,0,7.811515808105469,0.07890420008187342
50,Disparity,0.022393937424733258,reddit,spectral,Random rewiring,99,631,553,100,0,7.811515808105469,0.07890420008187342
50,Polarization,0.8922632397153527,reddit,spectral,Random rewiring,99,631,553,100,0,7.811515808105469,0.07890420008187342
50,$\|L_{t} - L_{0}\|_F$ / $\|L_{0}\|_F$,2.4430499547884446,reddit,spectral,Random rewiring,99,631,553,100,0,7.811515808105469,0.07890420008187342
51,Fiedler $\lambda_2$,-9.58585075367276,reddit,spectral,Random rewiring,99,631,553,100,0,7.811515808105469,0.07890420008187342
51,Surrogate,-0.38376019717917415,reddit,spectral,Random rewiring,99,631,553,100,0,7.811515808105469,0.07890420008187342
51,Disparity,0.025708848566524337,reddit,spectral,Random rewiring,99,631,553,100,0,7.811515808105469,0.07890420008187342
51,Polarization,0.8938397859513605,reddit,spectral,Random rewiring,99,631,553,100,0,7.811515808105469,0.07890420008187342
51,$\|L_{t} - L_{0}\|_F$ / $\|L_{0}\|_F$,2.460194375335238,reddit,spectral,Random rewiring,99,631,553,100,0,7.811515808105469,0.07890420008187342
52,Fiedler $\lambda_2$,-9.585846972196782,reddit,spectral,Random rewiring,99,631,553,100,0,7.811515808105469,0.07890420008187342
52,Surrogate,-0.39970949859013266,reddit,spectral,Random rewiring,99,631,553,100,0,7.811515808105469,0.07890420008187342
52,Disparity,0.013686709854105708,reddit,spectral,Random rewiring,99,631,553,100,0,7.811515808105469,0.07890420008187342
52,Polarization,0.890242001720992,reddit,spectral,Random rewiring,99,631,553,100,0,7.811515808105469,0.07890420008187342
52,$\|L_{t} - L_{0}\|_F$ / $\|L_{0}\|_F$,2.4772201450962053,reddit,spectral,Random rewiring,99,631,553,100,0,7.811515808105469,0.07890420008187342
53,Fiedler $\lambda_2$,-9.585964845173569,reddit,spectral,Random rewiring,99,631,553,100,0,7.811515808105469,0.07890420008187342
53,Surrogate,-0.43304111684976876,reddit,spectral,Random rewiring,99,631,553,100,0,7.811515808105469,0.07890420008187342
53,Disparity,-0.03402448512998194,reddit,spectral,Random rewiring,99,631,553,100,0,7.811515808105469,0.07890420008187342
53,Polarization,0.934610970576586,reddit,spectral,Random rewiring,99,631,553,100,0,7.811515808105469,0.07890420008187342
53,$\|L_{t} - L_{0}\|_F$ / $\|L_{0}\|_F$,2.49412969392327,reddit,spectral,Random rewiring,99,631,553,100,0,7.811515808105469,0.07890420008187342
54,Fiedler $\lambda_2$,-9.586008886207523,reddit,spectral,Random rewiring,99,631,553,100,0,7.811515808105469,0.07890420008187342
54,Surrogate,-0.4309149747833977,reddit,spectral,Random rewiring,99,631,553,100,0,7.811515808105469,0.07890420008187342
54,Disparity,-0.0526948777356741,reddit,spectral,Random rewiring,99,631,553,100,0,7.811515808105469,0.07890420008187342
54,Polarization,0.9019595102279836,reddit,spectral,Random rewiring,99,631,553,100,0,7.811515808105469,0.07890420008187342
54,$\|L_{t} - L_{0}\|_F$ / $\|L_{0}\|_F$,2.510925369848556,reddit,spectral,Random rewiring,99,631,553,100,0,7.811515808105469,0.07890420008187342
55,Fiedler $\lambda_2$,-9.585726159272342,reddit,spectral,Random rewiring,99,631,553,100,0,7.811515808105469,0.07890420008187342
55,Surrogate,-0.45846485841817664,reddit,spectral,Random rewiring,99,631,553,100,0,7.811515808105469,0.07890420008187342
55,Disparity,0.045481560742903895,reddit,spectral,Random rewiring,99,631,553,100,0,7.811515808105469,0.07890420008187342
55,Polarization,0.9740982510986472,reddit,spectral,Random rewiring,99,631,553,100,0,7.811515808105469,0.07890420008187342
55,$\|L_{t} - L_{0}\|_F$ / $\|L_{0}\|_F$,2.549685053669869,reddit,spectral,Random rewiring,99,631,553,100,0,7.811515808105469,0.07890420008187342
56,Fiedler $\lambda_2$,-9.585719770721216,reddit,spectral,Random rewiring,99,631,553,100,0,7.811515808105469,0.07890420008187342
56,Surrogate,-0.44741724226733715,reddit,spectral,Random rewiring,99,631,553,100,0,7.811515808105469,0.07890420008187342
56,Disparity,0.05406694190196215,reddit,spectral,Random rewiring,99,631,553,100,0,7.811515808105469,0.07890420008187342
56,Polarization,1.062260662457742,reddit,spectral,Random rewiring,99,631,553,100,0,7.811515808105469,0.07890420008187342
56,$\|L_{t} - L_{0}\|_F$ / $\|L_{0}\|_F$,2.5770136484517097,reddit,spectral,Random rewiring,99,631,553,100,0,7.811515808105469,0.07890420008187342
57,Fiedler $\lambda_2$,-9.584484439579207,reddit,spectral,Random rewiring,99,631,553,100,0,7.811515808105469,0.07890420008187342
57,Surrogate,-0.4560966896778526,reddit,spectral,Random rewiring,99,631,553,100,0,7.811515808105469,0.07890420008187342
57,Disparity,0.0278452582311807,reddit,spectral,Random rewiring,99,631,553,100,0,7.811515808105469,0.07890420008187342
57,Polarization,1.072780521769583,reddit,spectral,Random rewiring,99,631,553,100,0,7.811515808105469,0.07890420008187342
57,$\|L_{t} - L_{0}\|_F$ / $\|L_{0}\|_F$,2.6040554555741053,reddit,spectral,Random rewiring,99,631,553,100,0,7.811515808105469,0.07890420008187342
58,Fiedler $\lambda_2$,-9.584650328723153,reddit,spectral,Random rewiring,99,631,553,100,0,7.811515808105469,0.07890420008187342
58,Surrogate,-0.46580146932740574,reddit,spectral,Random rewiring,99,631,553,100,0,7.811515808105469,0.07890420008187342
58,Disparity,0.022689967857330365,reddit,spectral,Random rewiring,99,631,553,100,0,7.811515808105469,0.07890420008187342
58,Polarization,1.113378059712337,reddit,spectral,Random rewiring,99,631,553,100,0,7.811515808105469,0.07890420008187342
58,$\|L_{t} - L_{0}\|_F$ / $\|L_{0}\|_F$,2.63081931859718,reddit,spectral,Random rewiring,99,631,553,100,0,7.811515808105469,0.07890420008187342
59,Fiedler $\lambda_2$,-9.584720264386146,reddit,spectral,Random rewiring,99,631,553,100,0,7.811515808105469,0.07890420008187342
59,Surrogate,-0.46835127537358257,reddit,spectral,Random rewiring,99,631,553,100,0,7.811515808105469,0.07890420008187342
59,Disparity,-0.020100069158934853,reddit,spectral,Random rewiring,99,631,553,100,0,7.811515808105469,0.07890420008187342
59,Polarization,1.0784272963791344,reddit,spectral,Random rewiring,99,631,553,100,0,7.811515808105469,0.07890420008187342
59,$\|L_{t} - L_{0}\|_F$ / $\|L_{0}\|_F$,2.6625808631443992,reddit,spectral,Random rewiring,99,631,553,100,0,7.811515808105469,0.07890420008187342
60,Fiedler $\lambda_2$,-9.584717621229737,reddit,spectral,Random rewiring,99,631,553,100,0,7.811515808105469,0.07890420008187342
60,Surrogate,-0.4912101233288334,reddit,spectral,Random rewiring,99,631,553,100,0,7.811515808105469,0.07890420008187342
60,Disparity,-0.06116336326448229,reddit,spectral,Random rewiring,99,631,553,100,0,7.811515808105469,0.07890420008187342
60,Polarization,1.0601026163890714,reddit,spectral,Random rewiring,99,631,553,100,0,7.811515808105469,0.07890420008187342
60,$\|L_{t} - L_{0}\|_F$ / $\|L_{0}\|_F$,2.7043493870099264,reddit,spectral,Random rewiring,99,631,553,100,0,7.811515808105469,0.07890420008187342
61,Fiedler $\lambda_2$,-9.584717227015496,reddit,spectral,Random rewiring,99,631,553,100,0,7.811515808105469,0.07890420008187342
61,Surrogate,-0.4736187535037474,reddit,spectral,Random rewiring,99,631,553,100,0,7.811515808105469,0.07890420008187342
61,Disparity,-0.027179035297343827,reddit,spectral,Random rewiring,99,631,553,100,0,7.811515808105469,0.07890420008187342
61,Polarization,1.2894765617446615,reddit,spectral,Random rewiring,99,631,553,100,0,7.811515808105469,0.07890420008187342
61,$\|L_{t} - L_{0}\|_F$ / $\|L_{0}\|_F$,2.7198472181099227,reddit,spectral,Random rewiring,99,631,553,100,0,7.811515808105469,0.07890420008187342
62,Fiedler $\lambda_2$,-9.58492225506263,reddit,spectral,Random rewiring,99,631,553,100,0,7.811515808105469,0.07890420008187342
62,Surrogate,-0.47427844895212595,reddit,spectral,Random rewiring,99,631,553,100,0,7.811515808105469,0.07890420008187342
62,Disparity,-0.028391322716673616,reddit,spectral,Random rewiring,99,631,553,100,0,7.811515808105469,0.07890420008187342
62,Polarization,1.3014039582929562,reddit,spectral,Random rewiring,99,631,553,100,0,7.811515808105469,0.07890420008187342
62,$\|L_{t} - L_{0}\|_F$ / $\|L_{0}\|_F$,2.7198472181099227,reddit,spectral,Random rewiring,99,631,553,100,0,7.811515808105469,0.07890420008187342
63,Fiedler $\lambda_2$,-9.585100695130405,reddit,spectral,Random rewiring,99,631,553,100,0,7.811515808105469,0.07890420008187342
63,Surrogate,-0.47358099749892174,reddit,spectral,Random rewiring,99,631,553,100,0,7.811515808105469,0.07890420008187342
63,Disparity,-0.026706496363664886,reddit,spectral,Random rewiring,99,631,553,100,0,7.811515808105469,0.07890420008187342
63,Polarization,1.2562874046595813,reddit,spectral,Random rewiring,99,631,553,100,0,7.811515808105469,0.07890420008187342
63,$\|L_{t} - L_{0}\|_F$ / $\|L_{0}\|_F$,2.7198472181099227,reddit,spectral,Random rewiring,99,631,553,100,0,7.811515808105469,0.07890420008187342
64,Fiedler $\lambda_2$,-9.585369284248326,reddit,spectral,Random rewiring,99,631,553,100,0,7.811515808105469,0.07890420008187342
64,Surrogate,-0.467376326719388,reddit,spectral,Random rewiring,99,631,553,100,0,7.811515808105469,0.07890420008187342
64,Disparity,-0.02955212895214901,reddit,spectral,Random rewiring,99,631,553,100,0,7.811515808105469,0.07890420008187342
64,Polarization,1.254561184632041,reddit,spectral,Random rewiring,99,631,553,100,0,7.811515808105469,0.07890420008187342
64,$\|L_{t} - L_{0}\|_F$ / $\|L_{0}\|_F$,2.730130231036577,reddit,spectral,Random rewiring,99,631,553,100,0,7.811515808105469,0.07890420008187342
65,Fiedler $\lambda_2$,-9.653081754432488,reddit,spectral,Random rewiring,99,631,553,100,0,7.811515808105469,0.07890420008187342
65,Surrogate,-0.4674076284651647,reddit,spectral,Random rewiring,99,631,553,100,0,7.811515808105469,0.07890420008187342
65,Disparity,-0.029452111495723163,reddit,spectral,Random rewiring,99,631,553,100,0,7.811515808105469,0.07890420008187342
65,Polarization,1.2853570087902109,reddit,spectral,Random rewiring,99,631,553,100,0,7.811515808105469,0.07890420008187342
65,$\|L_{t} - L_{0}\|_F$ / $\|L_{0}\|_F$,2.765819722682274,reddit,spectral,Random rewiring,99,631,553,100,0,7.811515808105469,0.07890420008187342
66,Fiedler $\lambda_2$,-9.653132460620549,reddit,spectral,Random rewiring,99,631,553,100,0,7.811515808105469,0.07890420008187342
66,Surrogate,-0.4446943120424437,reddit,spectral,Random rewiring,99,631,553,100,0,7.811515808105469,0.07890420008187342
66,Disparity,-0.002747034137615861,reddit,spectral,Random rewiring,99,631,553,100,0,7.811515808105469,0.07890420008187342
66,Polarization,1.3189030550494056,reddit,spectral,Random rewiring,99,631,553,100,0,7.811515808105469,0.07890420008187342
66,$\|L_{t} - L_{0}\|_F$ / $\|L_{0}\|_F$,2.7809750126920543,reddit,spectral,Random rewiring,99,631,553,100,0,7.811515808105469,0.07890420008187342
67,Fiedler $\lambda_2$,-9.653103145299138,reddit,spectral,Random rewiring,99,631,553,100,0,7.811515808105469,0.07890420008187342
67,Surrogate,-0.45217764235008395,reddit,spectral,Random rewiring,99,631,553,100,0,7.811515808105469,0.07890420008187342
67,Disparity,0.001616312871812288,reddit,spectral,Random rewiring,99,631,553,100,0,7.811515808105469,0.07890420008187342
67,Polarization,1.3222309961352137,reddit,spectral,Random rewiring,99,631,553,100,0,7.811515808105469,0.07890420008187342
67,$\|L_{t} - L_{0}\|_F$ / $\|L_{0}\|_F$,2.786008455747639,reddit,spectral,Random rewiring,99,631,553,100,0,7.811515808105469,0.07890420008187342
68,Fiedler $\lambda_2$,-9.653282962539295,reddit,spectral,Random rewiring,99,631,553,100,0,7.811515808105469,0.07890420008187342
68,Surrogate,-0.45041301804407624,reddit,spectral,Random rewiring,99,631,553,100,0,7.811515808105469,0.07890420008187342
68,Disparity,0.011422110534942806,reddit,spectral,Random rewiring,99,631,553,100,0,7.811515808105469,0.07890420008187342
68,Polarization,1.347434605626762,reddit,spectral,Random rewiring,99,631,553,100,0,7.811515808105469,0.07890420008187342
68,$\|L_{t} - L_{0}\|_F$ / $\|L_{0}\|_F$,2.8110404811913,reddit,spectral,Random rewiring,99,631,553,100,0,7.811515808105469,0.07890420008187342
69,Fiedler $\lambda_2$,-9.653281642679024,reddit,spectral,Random rewiring,99,631,553,100,0,7.811515808105469,0.07890420008187342
69,Surrogate,-0.4396739592843521,reddit,spectral,Random rewiring,99,631,553,100,0,7.811515808105469,0.07890420008187342
69,Disparity,0.012202381180481755,reddit,spectral,Random rewiring,99,631,553,100,0,7.811515808105469,0.07890420008187342
69,Polarization,1.345173116057393,reddit,spectral,Random rewiring,99,631,553,100,0,7.811515808105469,0.07890420008187342
69,$\|L_{t} - L_{0}\|_F$ / $\|L_{0}\|_F$,2.8309067388409868,reddit,spectral,Random rewiring,99,631,553,100,0,7.811515808105469,0.07890420008187342
70,Fiedler $\lambda_2$,-9.653255620054853,reddit,spectral,Random rewiring,99,631,553,100,0,7.811515808105469,0.07890420008187342
70,Surrogate,-0.43703129621119996,reddit,spectral,Random rewiring,99,631,553,100,0,7.811515808105469,0.07890420008187342
70,Disparity,0.01368592576221424,reddit,spectral,Random rewiring,99,631,553,100,0,7.811515808105469,0.07890420008187342
70,Polarization,1.336845219019211,reddit,spectral,Random rewiring,99,631,553,100,0,7.811515808105469,0.07890420008187342
70,$\|L_{t} - L_{0}\|_F$ / $\|L_{0}\|_F$,2.8457154191616967,reddit,spectral,Random rewiring,99,631,553,100,0,7.811515808105469,0.07890420008187342
71,Fiedler $\lambda_2$,-9.65388398328988,reddit,spectral,Random rewiring,99,631,553,100,0,7.811515808105469,0.07890420008187342
71,Surrogate,-0.46664999015074027,reddit,spectral,Random rewiring,99,631,553,100,0,7.811515808105469,0.07890420008187342
71,Disparity,-0.0072207913521071965,reddit,spectral,Random rewiring,99,631,553,100,0,7.811515808105469,0.07890420008187342
71,Polarization,1.3409119222687358,reddit,spectral,Random rewiring,99,631,553,100,0,7.811515808105469,0.07890420008187342
71,$\|L_{t} - L_{0}\|_F$ / $\|L_{0}\|_F$,2.8506345506105135,reddit,spectral,Random rewiring,99,631,553,100,0,7.811515808105469,0.07890420008187342
72,Fiedler $\lambda_2$,-9.653624101991635,reddit,spectral,Random rewiring,99,631,553,100,0,7.811515808105469,0.07890420008187342
72,Surrogate,-0.45559805359449623,reddit,spectral,Random rewiring,99,631,553,100,0,7.811515808105469,0.07890420008187342
72,Disparity,0.005549195743523666,reddit,spectral,Random rewiring,99,631,553,100,0,7.811515808105469,0.07890420008187342
72,Polarization,1.350832215180434,reddit,spectral,Random rewiring,99,631,553,100,0,7.811515808105469,0.07890420008187342
72,$\|L_{t} - L_{0}\|_F$ / $\|L_{0}\|_F$,2.8751039655172947,reddit,spectral,Random rewiring,99,631,553,100,0,7.811515808105469,0.07890420008187342
73,Fiedler $\lambda_2$,-9.653623378521942,reddit,spectral,Random rewiring,99,631,553,100,0,7.811515808105469,0.07890420008187342
73,Surrogate,-0.5025165370294575,reddit,spectral,Random rewiring,99,631,553,100,0,7.811515808105469,0.07890420008187342
73,Disparity,-0.023950870372729836,reddit,spectral,Random rewiring,99,631,553,100,0,7.811515808105469,0.07890420008187342
73,Polarization,1.3507659563148184,reddit,spectral,Random rewiring,99,631,553,100,0,7.811515808105469,0.07890420008187342
73,$\|L_{t} - L_{0}\|_F$ / $\|L_{0}\|_F$,2.894530564642973,reddit,spectral,Random rewiring,99,631,553,100,0,7.811515808105469,0.07890420008187342
74,Fiedler $\lambda_2$,-9.653624917402514,reddit,spectral,Random rewiring,99,631,553,100,0,7.811515808105469,0.07890420008187342
74,Surrogate,-0.5088927871341391,reddit,spectral,Random rewiring,99,631,553,100,0,7.811515808105469,0.07890420008187342
74,Disparity,-0.024674705682086694,reddit,spectral,Random rewiring,99,631,553,100,0,7.811515808105469,0.07890420008187342
74,Polarization,1.3540713337147934,reddit,spectral,Random rewiring,99,631,553,100,0,7.811515808105469,0.07890420008187342
74,$\|L_{t} - L_{0}\|_F$ / $\|L_{0}\|_F$,2.9041951343206804,reddit,spectral,Random rewiring,99,631,553,100,0,7.811515808105469,0.07890420008187342
75,Fiedler $\lambda_2$,-9.653623363042948,reddit,spectral,Random rewiring,99,631,553,100,0,7.811515808105469,0.07890420008187342
75,Surrogate,-0.512906383598798,reddit,spectral,Random rewiring,99,631,553,100,0,7.811515808105469,0.07890420008187342
75,Disparity,-0.030526414114888694,reddit,spectral,Random rewiring,99,631,553,100,0,7.811515808105469,0.07890420008187342
75,Polarization,1.3458146348751612,reddit,spectral,Random rewiring,99,631,553,100,0,7.811515808105469,0.07890420008187342
75,$\|L_{t} - L_{0}\|_F$ / $\|L_{0}\|_F$,2.9282170086267145,reddit,spectral,Random rewiring,99,631,553,100,0,7.811515808105469,0.07890420008187342
76,Fiedler $\lambda_2$,-9.653625471162364,reddit,spectral,Random rewiring,99,631,553,100,0,7.811515808105469,0.07890420008187342
76,Surrogate,-0.39140967764962975,reddit,spectral,Random rewiring,99,631,553,100,0,7.811515808105469,0.07890420008187342
76,Disparity,0.052007563119365004,reddit,spectral,Random rewiring,99,631,553,100,0,7.811515808105469,0.07890420008187342
76,Polarization,1.3583708783949138,reddit,spectral,Random rewiring,99,631,553,100,0,7.811515808105469,0.07890420008187342
76,$\|L_{t} - L_{0}\|_F$ / $\|L_{0}\|_F$,2.9425360035945367,reddit,spectral,Random rewiring,99,631,553,100,0,7.811515808105469,0.07890420008187342
77,Fiedler $\lambda_2$,-9.653678906764252,reddit,spectral,Random rewiring,99,631,553,100,0,7.811515808105469,0.07890420008187342
77,Surrogate,-0.45073857918786037,reddit,spectral,Random rewiring,99,631,553,100,0,7.811515808105469,0.07890420008187342
77,Disparity,0.025462704456967078,reddit,spectral,Random rewiring,99,631,553,100,0,7.811515808105469,0.07890420008187342
77,Polarization,1.382185422205355,reddit,spectral,Random rewiring,99,631,553,100,0,7.811515808105469,0.07890420008187342
77,$\|L_{t} - L_{0}\|_F$ / $\|L_{0}\|_F$,2.9520434144859142,reddit,spectral,Random rewiring,99,631,553,100,0,7.811515808105469,0.07890420008187342
78,Fiedler $\lambda_2$,-9.715478558447586,reddit,spectral,Random rewiring,99,631,553,100,0,7.811515808105469,0.07890420008187342
78,Surrogate,-0.47345945916245463,reddit,spectral,Random rewiring,99,631,553,100,0,7.811515808105469,0.07890420008187342
78,Disparity,0.013638665243579618,reddit,spectral,Random rewiring,99,631,553,100,0,7.811515808105469,0.07890420008187342
78,Polarization,1.3343884316017678,reddit,spectral,Random rewiring,99,631,553,100,0,7.811515808105469,0.07890420008187342
78,$\|L_{t} - L_{0}\|_F$ / $\|L_{0}\|_F$,2.985080900238396,reddit,spectral,Random rewiring,99,631,553,100,0,7.811515808105469,0.07890420008187342
79,Fiedler $\lambda_2$,-9.715479644928127,reddit,spectral,Random rewiring,99,631,553,100,0,7.811515808105469,0.07890420008187342
79,Surrogate,-0.4809809196679603,reddit,spectral,Random rewiring,99,631,553,100,0,7.811515808105469,0.07890420008187342
79,Disparity,0.01421568370759943,reddit,spectral,Random rewiring,99,631,553,100,0,7.811515808105469,0.07890420008187342
79,Polarization,1.3253398467956277,reddit,spectral,Random rewiring,99,631,553,100,0,7.811515808105469,0.07890420008187342
79,$\|L_{t} - L_{0}\|_F$ / $\|L_{0}\|_F$,3.003796324334785,reddit,spectral,Random rewiring,99,631,553,100,0,7.811515808105469,0.07890420008187342
80,Fiedler $\lambda_2$,-9.715474969502527,reddit,spectral,Random rewiring,99,631,553,100,0,7.811515808105469,0.07890420008187342
80,Surrogate,-0.47140357091236273,reddit,spectral,Random rewiring,99,631,553,100,0,7.811515808105469,0.07890420008187342
80,Disparity,0.021382941978761637,reddit,spectral,Random rewiring,99,631,553,100,0,7.811515808105469,0.07890420008187342
80,Polarization,1.32701551220591,reddit,spectral,Random rewiring,99,631,553,100,0,7.811515808105469,0.07890420008187342
80,$\|L_{t} - L_{0}\|_F$ / $\|L_{0}\|_F$,3.0362707418880786,reddit,spectral,Random rewiring,99,631,553,100,0,7.811515808105469,0.07890420008187342
81,Fiedler $\lambda_2$,-9.715483305629277,reddit,spectral,Random rewiring,99,631,553,100,0,7.811515808105469,0.07890420008187342
81,Surrogate,-0.5034156721311899,reddit,spectral,Random rewiring,99,631,553,100,0,7.811515808105469,0.07890420008187342
81,Disparity,0.003721183203396729,reddit,spectral,Random rewiring,99,631,553,100,0,7.811515808105469,0.07890420008187342
81,Polarization,1.2950526282977797,reddit,spectral,Random rewiring,99,631,553,100,0,7.811515808105469,0.07890420008187342
81,$\|L_{t} - L_{0}\|_F$ / $\|L_{0}\|_F$,3.0500825072258135,reddit,spectral,Random rewiring,99,631,553,100,0,7.811515808105469,0.07890420008187342
82,Fiedler $\lambda_2$,-9.715498296175792,reddit,spectral,Random rewiring,99,631,553,100,0,7.811515808105469,0.07890420008187342
82,Surrogate,-0.5168273184248738,reddit,spectral,Random rewiring,99,631,553,100,0,7.811515808105469,0.07890420008187342
82,Disparity,-0.11889331565690985,reddit,spectral,Random rewiring,99,631,553,100,0,7.811515808105469,0.07890420008187342
82,Polarization,1.294974319047808,reddit,spectral,Random rewiring,99,631,553,100,0,7.811515808105469,0.07890420008187342
82,$\|L_{t} - L_{0}\|_F$ / $\|L_{0}\|_F$,3.068401485790932,reddit,spectral,Random rewiring,99,631,553,100,0,7.811515808105469,0.07890420008187342
83,Fiedler $\lambda_2$,-9.715497564158975,reddit,spectral,Random rewiring,99,631,553,100,0,7.811515808105469,0.07890420008187342
83,Surrogate,-0.5287491546202666,reddit,spectral,Random rewiring,99,631,553,100,0,7.811515808105469,0.07890420008187342
83,Disparity,-0.12108420581624676,reddit,spectral,Random rewiring,99,631,553,100,0,7.811515808105469,0.07890420008187342
83,Polarization,1.2953156955322,reddit,spectral,Random rewiring,99,631,553,100,0,7.811515808105469,0.07890420008187342
83,$\|L_{t} - L_{0}\|_F$ / $\|L_{0}\|_F$,3.1001992416556745,reddit,spectral,Random rewiring,99,631,553,100,0,7.811515808105469,0.07890420008187342
84,Fiedler $\lambda_2$,-9.715585439295173,reddit,spectral,Random rewiring,99,631,553,100,0,7.811515808105469,0.07890420008187342
84,Surrogate,-0.527147377781748,reddit,spectral,Random rewiring,99,631,553,100,0,7.811515808105469,0.07890420008187342
84,Disparity,-0.11421245427866009,reddit,spectral,Random rewiring,99,631,553,100,0,7.811515808105469,0.07890420008187342
84,Polarization,1.285775228753327,reddit,spectral,Random rewiring,99,631,553,100,0,7.811515808105469,0.07890420008187342
84,$\|L_{t} - L_{0}\|_F$ / $\|L_{0}\|_F$,3.118223807727969,reddit,spectral,Random rewiring,99,631,553,100,0,7.811515808105469,0.07890420008187342
85,Fiedler $\lambda_2$,-9.715586142655756,reddit,spectral,Random rewiring,99,631,553,100,0,7.811515808105469,0.07890420008187342
85,Surrogate,-0.5384435450704333,reddit,spectral,Random rewiring,99,631,553,100,0,7.811515808105469,0.07890420008187342
85,Disparity,-0.11278181117525601,reddit,spectral,Random rewiring,99,631,553,100,0,7.811515808105469,0.07890420008187342
85,Polarization,1.2769993457257642,reddit,spectral,Random rewiring,99,631,553,100,0,7.811515808105469,0.07890420008187342
85,$\|L_{t} - L_{0}\|_F$ / $\|L_{0}\|_F$,3.149518594172755,reddit,spectral,Random rewiring,99,631,553,100,0,7.811515808105469,0.07890420008187342
86,Fiedler $\lambda_2$,-9.657803126358356,reddit,spectral,Random rewiring,99,631,553,100,0,7.811515808105469,0.07890420008187342
86,Surrogate,-0.5662273218957734,reddit,spectral,Random rewiring,99,631,553,100,0,7.811515808105469,0.07890420008187342
86,Disparity,-0.1370135267086834,reddit,spectral,Random rewiring,99,631,553,100,0,7.811515808105469,0.07890420008187342
86,Polarization,1.2519785188599315,reddit,spectral,Random rewiring,99,631,553,100,0,7.811515808105469,0.07890420008187342
86,$\|L_{t} - L_{0}\|_F$ / $\|L_{0}\|_F$,3.1584030084204704,reddit,spectral,Random rewiring,99,631,553,100,0,7.811515808105469,0.07890420008187342
87,Fiedler $\lambda_2$,-9.65780322664922,reddit,spectral,Random rewiring,99,631,553,100,0,7.811515808105469,0.07890420008187342
87,Surrogate,-0.6216512657354691,reddit,spectral,Random rewiring,99,631,553,100,0,7.811515808105469,0.07890420008187342
87,Disparity,-0.2445892582568359,reddit,spectral,Random rewiring,99,631,553,100,0,7.811515808105469,0.07890420008187342
87,Polarization,1.229020438973238,reddit,spectral,Random rewiring,99,631,553,100,0,7.811515808105469,0.07890420008187342
87,$\|L_{t} - L_{0}\|_F$ / $\|L_{0}\|_F$,3.1849075542750245,reddit,spectral,Random rewiring,99,631,553,100,0,7.811515808105469,0.07890420008187342
88,Fiedler $\lambda_2$,-9.657738724673106,reddit,spectral,Random rewiring,99,631,553,100,0,7.811515808105469,0.07890420008187342
88,Surrogate,-0.6529601332380597,reddit,spectral,Random rewiring,99,631,553,100,0,7.811515808105469,0.07890420008187342
88,Disparity,-0.2502421140270654,reddit,spectral,Random rewiring,99,631,553,100,0,7.811515808105469,0.07890420008187342
88,Polarization,1.2170507188400728,reddit,spectral,Random rewiring,99,631,553,100,0,7.811515808105469,0.07890420008187342
88,$\|L_{t} - L_{0}\|_F$ / $\|L_{0}\|_F$,3.211193344374761,reddit,spectral,Random rewiring,99,631,553,100,0,7.811515808105469,0.07890420008187342
89,Fiedler $\lambda_2$,-9.657915729850618,reddit,spectral,Random rewiring,99,631,553,100,0,7.811515808105469,0.07890420008187342
89,Surrogate,-0.6411049946297006,reddit,spectral,Random rewiring,99,631,553,100,0,7.811515808105469,0.07890420008187342
89,Disparity,-0.2391575166883121,reddit,spectral,Random rewiring,99,631,553,100,0,7.811515808105469,0.07890420008187342
89,Polarization,1.2265326733838473,reddit,spectral,Random rewiring,99,631,553,100,0,7.811515808105469,0.07890420008187342
89,$\|L_{t} - L_{0}\|_F$ / $\|L_{0}\|_F$,3.2285983138315393,reddit,spectral,Random rewiring,99,631,553,100,0,7.811515808105469,0.07890420008187342
90,Fiedler $\lambda_2$,-9.657921980476242,reddit,spectral,Random rewiring,99,631,553,100,0,7.811515808105469,0.07890420008187342
90,Surrogate,-0.6655089599881632,reddit,spectral,Random rewiring,99,631,553,100,0,7.811515808105469,0.07890420008187342
90,Disparity,-0.2511699115933287,reddit,spectral,Random rewiring,99,631,553,100,0,7.811515808105469,0.07890420008187342
90,Polarization,1.3061155027968991,reddit,spectral,Random rewiring,99,631,553,100,0,7.811515808105469,0.07890420008187342
90,$\|L_{t} - L_{0}\|_F$ / $\|L_{0}\|_F$,3.241590713664386,reddit,spectral,Random rewiring,99,631,553,100,0,7.811515808105469,0.07890420008187342
91,Fiedler $\lambda_2$,-9.65791731234183,reddit,spectral,Random rewiring,99,631,553,100,0,7.811515808105469,0.07890420008187342
91,Surrogate,-0.6146336155820089,reddit,spectral,Random rewiring,99,631,553,100,0,7.811515808105469,0.07890420008187342
91,Disparity,-0.18233783877242649,reddit,spectral,Random rewiring,99,631,553,100,0,7.811515808105469,0.07890420008187342
91,Polarization,1.336602286495877,reddit,spectral,Random rewiring,99,631,553,100,0,7.811515808105469,0.07890420008187342
91,$\|L_{t} - L_{0}\|_F$ / $\|L_{0}\|_F$,3.2588333391007085,reddit,spectral,Random rewiring,99,631,553,100,0,7.811515808105469,0.07890420008187342
92,Fiedler $\lambda_2$,-9.657929944649341,reddit,spectral,Random rewiring,99,631,553,100,0,7.811515808105469,0.07890420008187342
92,Surrogate,-0.5723311984744662,reddit,spectral,Random rewiring,99,631,553,100,0,7.811515808105469,0.07890420008187342
92,Disparity,-0.1596577655270717,reddit,spectral,Random rewiring,99,631,553,100,0,7.811515808105469,0.07890420008187342
92,Polarization,1.3587003058878584,reddit,spectral,Random rewiring,99,631,553,100,0,7.811515808105469,0.07890420008187342
92,$\|L_{t} - L_{0}\|_F$ / $\|L_{0}\|_F$,3.2588333391007085,reddit,spectral,Random rewiring,99,631,553,100,0,7.811515808105469,0.07890420008187342
93,Fiedler $\lambda_2$,-9.657928413470858,reddit,spectral,Random rewiring,99,631,553,100,0,7.811515808105469,0.07890420008187342
93,Surrogate,10.25044190685702,reddit,spectral,Random rewiring,99,631,553,100,0,7.811515808105469,0.07890420008187342
93,Disparity,38.96113204297549,reddit,spectral,Random rewiring,99,631,553,100,0,7.811515808105469,0.07890420008187342
93,Polarization,40.14016330381045,reddit,spectral,Random rewiring,99,631,553,100,0,7.811515808105469,0.07890420008187342
93,$\|L_{t} - L_{0}\|_F$ / $\|L_{0}\|_F$,3.2845275608088476,reddit,spectral,Random rewiring,99,631,553,100,0,7.811515808105469,0.07890420008187342
94,Fiedler $\lambda_2$,-9.65792827367095,reddit,spectral,Random rewiring,99,631,553,100,0,7.811515808105469,0.07890420008187342
94,Surrogate,10.203568954663812,reddit,spectral,Random rewiring,99,631,553,100,0,7.811515808105469,0.07890420008187342
94,Disparity,38.916112626647866,reddit,spectral,Random rewiring,99,631,553,100,0,7.811515808105469,0.07890420008187342
94,Polarization,40.10907804985578,reddit,spectral,Random rewiring,99,631,553,100,0,7.811515808105469,0.07890420008187342
94,$\|L_{t} - L_{0}\|_F$ / $\|L_{0}\|_F$,3.3057868608111725,reddit,spectral,Random rewiring,99,631,553,100,0,7.811515808105469,0.07890420008187342
95,Fiedler $\lambda_2$,-9.657927497213525,reddit,spectral,Random rewiring,99,631,553,100,0,7.811515808105469,0.07890420008187342
95,Surrogate,10.200550352491767,reddit,spectral,Random rewiring,99,631,553,100,0,7.811515808105469,0.07890420008187342
95,Disparity,38.89525410780376,reddit,spectral,Random rewiring,99,631,553,100,0,7.811515808105469,0.07890420008187342
95,Polarization,40.08864481783721,reddit,spectral,Random rewiring,99,631,553,100,0,7.811515808105469,0.07890420008187342
95,$\|L_{t} - L_{0}\|_F$ / $\|L_{0}\|_F$,3.31847706816713,reddit,spectral,Random rewiring,99,631,553,100,0,7.811515808105469,0.07890420008187342
96,Fiedler $\lambda_2$,-9.657918748278277,reddit,spectral,Random rewiring,99,631,553,100,0,7.811515808105469,0.07890420008187342
96,Surrogate,10.19414803430101,reddit,spectral,Random rewiring,99,631,553,100,0,7.811515808105469,0.07890420008187342
96,Disparity,38.88742140376664,reddit,spectral,Random rewiring,99,631,553,100,0,7.811515808105469,0.07890420008187342
96,Polarization,40.111572109198484,reddit,spectral,Random rewiring,99,631,553,100,0,7.811515808105469,0.07890420008187342
96,$\|L_{t} - L_{0}\|_F$ / $\|L_{0}\|_F$,3.3311189313488088,reddit,spectral,Random rewiring,99,631,553,100,0,7.811515808105469,0.07890420008187342
97,Fiedler $\lambda_2$,-9.657918048958207,reddit,spectral,Random rewiring,99,631,553,100,0,7.811515808105469,0.07890420008187342
97,Surrogate,10.183976602090434,reddit,spectral,Random rewiring,99,631,553,100,0,7.811515808105469,0.07890420008187342
97,Disparity,38.87749945044888,reddit,spectral,Random rewiring,99,631,553,100,0,7.811515808105469,0.07890420008187342
97,Polarization,40.07452502576163,reddit,spectral,Random rewiring,99,631,553,100,0,7.811515808105469,0.07890420008187342
97,$\|L_{t} - L_{0}\|_F$ / $\|L_{0}\|_F$,3.3395202534720427,reddit,spectral,Random rewiring,99,631,553,100,0,7.811515808105469,0.07890420008187342
98,Fiedler $\lambda_2$,-9.657996082857165,reddit,spectral,Random rewiring,99,631,553,100,0,7.811515808105469,0.07890420008187342
98,Surrogate,10.212593458735345,reddit,spectral,Random rewiring,99,631,553,100,0,7.811515808105469,0.07890420008187342
98,Disparity,38.88505068046253,reddit,spectral,Random rewiring,99,631,553,100,0,7.811515808105469,0.07890420008187342
98,Polarization,40.0863448209623,reddit,spectral,Random rewiring,99,631,553,100,0,7.811515808105469,0.07890420008187342
98,$\|L_{t} - L_{0}\|_F$ / $\|L_{0}\|_F$,3.3604316679184008,reddit,spectral,Random rewiring,99,631,553,100,0,7.811515808105469,0.07890420008187342
0,Fiedler $\lambda_2$,-4.4136974889829464e-08,reddit,spectral,Max-degree heuristic,99,631,553,100,0,8.402642965316772,0.08487518146784619
0,Surrogate,-0.0015969213019098173,reddit,spectral,Max-degree heuristic,99,631,553,100,0,8.402642965316772,0.08487518146784619
0,Disparity,0.0025235745338484795,reddit,spectral,Max-degree heuristic,99,631,553,100,0,8.402642965316772,0.08487518146784619
0,Polarization,0.11355474027394304,reddit,spectral,Max-degree heuristic,99,631,553,100,0,8.402642965316772,0.08487518146784619
0,$\|L_{t} - L_{0}\|_F$ / $\|L_{0}\|_F$,0.3347900493131408,reddit,spectral,Max-degree heuristic,99,631,553,100,0,8.402642965316772,0.08487518146784619
1,Fiedler $\lambda_2$,-5.5847074078346765e-05,reddit,spectral,Max-degree heuristic,99,631,553,100,0,8.402642965316772,0.08487518146784619
1,Surrogate,0.011199829208878152,reddit,spectral,Max-degree heuristic,99,631,553,100,0,8.402642965316772,0.08487518146784619
1,Disparity,0.08140852744172099,reddit,spectral,Max-degree heuristic,99,631,553,100,0,8.402642965316772,0.08487518146784619
1,Polarization,0.10719618483254481,reddit,spectral,Max-degree heuristic,99,631,553,100,0,8.402642965316772,0.08487518146784619
1,$\|L_{t} - L_{0}\|_F$ / $\|L_{0}\|_F$,0.473464628286201,reddit,spectral,Max-degree heuristic,99,631,553,100,0,8.402642965316772,0.08487518146784619
2,Fiedler $\lambda_2$,-5.558419413278812e-05,reddit,spectral,Max-degree heuristic,99,631,553,100,0,8.402642965316772,0.08487518146784619
2,Surrogate,0.021404862643086834,reddit,spectral,Max-degree heuristic,99,631,553,100,0,8.402642965316772,0.08487518146784619
2,Disparity,0.07895410868213656,reddit,spectral,Max-degree heuristic,99,631,553,100,0,8.402642965316772,0.08487518146784619
2,Polarization,0.10240190105029487,reddit,spectral,Max-degree heuristic,99,631,553,100,0,8.402642965316772,0.08487518146784619
2,$\|L_{t} - L_{0}\|_F$ / $\|L_{0}\|_F$,0.5798733752788496,reddit,spectral,Max-degree heuristic,99,631,553,100,0,8.402642965316772,0.08487518146784619
3,Fiedler $\lambda_2$,-5.5875730024050064e-05,reddit,spectral,Max-degree heuristic,99,631,553,100,0,8.402642965316772,0.08487518146784619
3,Surrogate,0.03076863788330191,reddit,spectral,Max-degree heuristic,99,631,553,100,0,8.402642965316772,0.08487518146784619
3,Disparity,0.11597518282058328,reddit,spectral,Max-degree heuristic,99,631,553,100,0,8.402642965316772,0.08487518146784619
3,Polarization,0.17717594536958173,reddit,spectral,Max-degree heuristic,99,631,553,100,0,8.402642965316772,0.08487518146784619
3,$\|L_{t} - L_{0}\|_F$ / $\|L_{0}\|_F$,0.7486133084546897,reddit,spectral,Max-degree heuristic,99,631,553,100,0,8.402642965316772,0.08487518146784619
4,Fiedler $\lambda_2$,9.098240882587553e-05,reddit,spectral,Max-degree heuristic,99,631,553,100,0,8.402642965316772,0.08487518146784619
4,Surrogate,0.014148363839445122,reddit,spectral,Max-degree heuristic,99,631,553,100,0,8.402642965316772,0.08487518146784619
4,Disparity,0.1739971403909807,reddit,spectral,Max-degree heuristic,99,631,553,100,0,8.402642965316772,0.08487518146784619
4,Polarization,0.17208978465479668,reddit,spectral,Max-degree heuristic,99,631,553,100,0,8.402642965316772,0.08487518146784619
4,$\|L_{t} - L_{0}\|_F$ / $\|L_{0}\|_F$,0.8200647917784126,reddit,spectral,Max-degree heuristic,99,631,553,100,0,8.402642965316772,0.08487518146784619
5,Fiedler $\lambda_2$,-9.188827536838475e-05,reddit,spectral,Max-degree heuristic,99,631,553,100,0,8.402642965316772,0.08487518146784619
5,Surrogate,10.143656651805788,reddit,spectral,Max-degree heuristic,99,631,553,100,0,8.402642965316772,0.08487518146784619
5,Disparity,38.4584867053827,reddit,spectral,Max-degree heuristic,99,631,553,100,0,8.402642965316772,0.08487518146784619
5,Polarization,36.619511230693305,reddit,spectral,Max-degree heuristic,99,631,553,100,0,8.402642965316772,0.08487518146784619
5,$\|L_{t} - L_{0}\|_F$ / $\|L_{0}\|_F$,0.9014497956699755,reddit,spectral,Max-degree heuristic,99,631,553,100,0,8.402642965316772,0.08487518146784619
6,Fiedler $\lambda_2$,-0.00017565328358763366,reddit,spectral,Max-degree heuristic,99,631,553,100,0,8.402642965316772,0.08487518146784619
6,Surrogate,10.309251563880476,reddit,spectral,Max-degree heuristic,99,631,553,100,0,8.402642965316772,0.08487518146784619
6,Disparity,39.02985908458662,reddit,spectral,Max-degree heuristic,99,631,553,100,0,8.402642965316772,0.08487518146784619
6,Polarization,37.08086072534417,reddit,spectral,Max-degree heuristic,99,631,553,100,0,8.402642965316772,0.08487518146784619
6,$\|L_{t} - L_{0}\|_F$ / $\|L_{0}\|_F$,0.9616112058584467,reddit,spectral,Max-degree heuristic,99,631,553,100,0,8.402642965316772,0.08487518146784619
7,Fiedler $\lambda_2$,-0.00017579206570418358,reddit,spectral,Max-degree heuristic,99,631,553,100,0,8.402642965316772,0.08487518146784619
7,Surrogate,10.367724183130385,reddit,spectral,Max-degree heuristic,99,631,553,100,0,8.402642965316772,0.08487518146784619
7,Disparity,39.07763633654749,reddit,spectral,Max-degree heuristic,99,631,553,100,0,8.402642965316772,0.08487518146784619
7,Polarization,37.143704610446335,reddit,spectral,Max-degree heuristic,99,631,553,100,0,8.402642965316772,0.08487518146784619
7,$\|L_{t} - L_{0}\|_F$ / $\|L_{0}\|_F$,1.018224183739333,reddit,spectral,Max-degree heuristic,99,631,553,100,0,8.402642965316772,0.08487518146784619
8,Fiedler $\lambda_2$,-0.00017693759498594414,reddit,spectral,Max-degree heuristic,99,631,553,100,0,8.402642965316772,0.08487518146784619
8,Surrogate,10.382850382887266,reddit,spectral,Max-degree heuristic,99,631,553,100,0,8.402642965316772,0.08487518146784619
8,Disparity,39.1346388333814,reddit,spectral,Max-degree heuristic,99,631,553,100,0,8.402642965316772,0.08487518146784619
8,Polarization,37.21026763905779,reddit,spectral,Max-degree heuristic,99,631,553,100,0,8.402642965316772,0.08487518146784619
8,$\|L_{t} - L_{0}\|_F$ / $\|L_{0}\|_F$,1.0718511396041555,reddit,spectral,Max-degree heuristic,99,631,553,100,0,8.402642965316772,0.08487518146784619
9,Fiedler $\lambda_2$,-0.00017715346283695305,reddit,spectral,Max-degree heuristic,99,631,553,100,0,8.402642965316772,0.08487518146784619
9,Surrogate,10.391129521887372,reddit,spectral,Max-degree heuristic,99,631,553,100,0,8.402642965316772,0.08487518146784619
9,Disparity,39.20976348984134,reddit,spectral,Max-degree heuristic,99,631,553,100,0,8.402642965316772,0.08487518146784619
9,Polarization,37.284216807336776,reddit,spectral,Max-degree heuristic,99,631,553,100,0,8.402642965316772,0.08487518146784619
9,$\|L_{t} - L_{0}\|_F$ / $\|L_{0}\|_F$,1.135328294754251,reddit,spectral,Max-degree heuristic,99,631,553,100,0,8.402642965316772,0.08487518146784619
10,Fiedler $\lambda_2$,-1.615972720071944e-05,reddit,spectral,Max-degree heuristic,99,631,553,100,0,8.402642965316772,0.08487518146784619
10,Surrogate,10.352974263326082,reddit,spectral,Max-degree heuristic,99,631,553,100,0,8.402642965316772,0.08487518146784619
10,Disparity,39.50378489095671,reddit,spectral,Max-degree heuristic,99,631,553,100,0,8.402642965316772,0.08487518146784619
10,Polarization,37.45179748655909,reddit,spectral,Max-degree heuristic,99,631,553,100,0,8.402642965316772,0.08487518146784619
10,$\|L_{t} - L_{0}\|_F$ / $\|L_{0}\|_F$,1.2186541744186545,reddit,spectral,Max-degree heuristic,99,631,553,100,0,8.402642965316772,0.08487518146784619
11,Fiedler $\lambda_2$,-1.6353255772984702e-05,reddit,spectral,Max-degree heuristic,99,631,553,100,0,8.402642965316772,0.08487518146784619
11,Surrogate,10.645434091592247,reddit,spectral,Max-degree heuristic,99,631,553,100,0,8.402642965316772,0.08487518146784619
11,Disparity,39.9628346786715,reddit,spectral,Max-degree heuristic,99,631,553,100,0,8.402642965316772,0.08487518146784619
11,Polarization,37.68731183192637,reddit,spectral,Max-degree heuristic,99,631,553,100,0,8.402642965316772,0.08487518146784619
11,$\|L_{t} - L_{0}\|_F$ / $\|L_{0}\|_F$,1.2748425268349346,reddit,spectral,Max-degree heuristic,99,631,553,100,0,8.402642965316772,0.08487518146784619
12,Fiedler $\lambda_2$,-1.680271857467305e-05,reddit,spectral,Max-degree heuristic,99,631,553,100,0,8.402642965316772,0.08487518146784619
12,Surrogate,10.615421514085268,reddit,spectral,Max-degree heuristic,99,631,553,100,0,8.402642965316772,0.08487518146784619
12,Disparity,39.95249319289749,reddit,spectral,Max-degree heuristic,99,631,553,100,0,8.402642965316772,0.08487518146784619
12,Polarization,37.65167395685836,reddit,spectral,Max-degree heuristic,99,631,553,100,0,8.402642965316772,0.08487518146784619
12,$\|L_{t} - L_{0}\|_F$ / $\|L_{0}\|_F$,1.3180697422162364,reddit,spectral,Max-degree heuristic,99,631,553,100,0,8.402642965316772,0.08487518146784619
13,Fiedler $\lambda_2$,-1.714641073344949e-05,reddit,spectral,Max-degree heuristic,99,631,553,100,0,8.402642965316772,0.08487518146784619
13,Surrogate,10.664073413929117,reddit,spectral,Max-degree heuristic,99,631,553,100,0,8.402642965316772,0.08487518146784619
13,Disparity,40.05593557617372,reddit,spectral,Max-degree heuristic,99,631,553,100,0,8.402642965316772,0.08487518146784619
13,Polarization,37.684448463062324,reddit,spectral,Max-degree heuristic,99,631,553,100,0,8.402642965316772,0.08487518146784619
13,$\|L_{t} - L_{0}\|_F$ / $\|L_{0}\|_F$,1.3599236090549613,reddit,spectral,Max-degree heuristic,99,631,553,100,0,8.402642965316772,0.08487518146784619
14,Fiedler $\lambda_2$,-1.3843726597366891e-05,reddit,spectral,Max-degree heuristic,99,631,553,100,0,8.402642965316772,0.08487518146784619
14,Surrogate,10.613614253351624,reddit,spectral,Max-degree heuristic,99,631,553,100,0,8.402642965316772,0.08487518146784619
14,Disparity,40.137152288758614,reddit,spectral,Max-degree heuristic,99,631,553,100,0,8.402642965316772,0.08487518146784619
14,Polarization,37.694160349109055,reddit,spectral,Max-degree heuristic,99,631,553,100,0,8.402642965316772,0.08487518146784619
14,$\|L_{t} - L_{0}\|_F$ / $\|L_{0}\|_F$,1.4005272577083843,reddit,spectral,Max-degree heuristic,99,631,553,100,0,8.402642965316772,0.08487518146784619
15,Fiedler $\lambda_2$,-4.4059113152626835e-05,reddit,spectral,Max-degree heuristic,99,631,553,100,0,8.402642965316772,0.08487518146784619
15,Surrogate,11.10379670558314,reddit,spectral,Max-degree heuristic,99,631,553,100,0,8.402642965316772,0.08487518146784619
15,Disparity,42.08490968380322,reddit,spectral,Max-degree heuristic,99,631,553,100,0,8.402642965316772,0.08487518146784619
15,Polarization,39.872221553431096,reddit,spectral,Max-degree heuristic,99,631,553,100,0,8.402642965316772,0.08487518146784619
15,$\|L_{t} - L_{0}\|_F$ / $\|L_{0}\|_F$,1.439986450180439,reddit,spectral,Max-degree heuristic,99,631,553,100,0,8.402642965316772,0.08487518146784619
16,Fiedler $\lambda_2$,8.94596303154952e-05,reddit,spectral,Max-degree heuristic,99,631,553,100,0,8.402642965316772,0.08487518146784619
16,Surrogate,11.14825932311138,reddit,spectral,Max-degree heuristic,99,631,553,100,0,8.402642965316772,0.08487518146784619
16,Disparity,42.18108937881889,reddit,spectral,Max-degree heuristic,99,631,553,100,0,8.402642965316772,0.08487518146784619
16,Polarization,39.93897342085439,reddit,spectral,Max-degree heuristic,99,631,553,100,0,8.402642965316772,0.08487518146784619
16,$\|L_{t} - L_{0}\|_F$ / $\|L_{0}\|_F$,1.4972266169093793,reddit,spectral,Max-degree heuristic,99,631,553,100,0,8.402642965316772,0.08487518146784619
17,Fiedler $\lambda_2$,-0.00010055507712797294,reddit,spectral,Max-degree heuristic,99,631,553,100,0,8.402642965316772,0.08487518146784619
17,Surrogate,11.180642106187276,reddit,spectral,Max-degree heuristic,99,631,553,100,0,8.402642965316772,0.08487518146784619
17,Disparity,42.24397467263703,reddit,spectral,Max-degree heuristic,99,631,553,100,0,8.402642965316772,0.08487518146784619
17,Polarization,40.08061387334878,reddit,spectral,Max-degree heuristic,99,631,553,100,0,8.402642965316772,0.08487518146784619
17,$\|L_{t} - L_{0}\|_F$ / $\|L_{0}\|_F$,1.5613568465729806,reddit,spectral,Max-degree heuristic,99,631,553,100,0,8.402642965316772,0.08487518146784619
18,Fiedler $\lambda_2$,-9.687612939895092e-05,reddit,spectral,Max-degree heuristic,99,631,553,100,0,8.402642965316772,0.08487518146784619
18,Surrogate,11.189657488148244,reddit,spectral,Max-degree heuristic,99,631,553,100,0,8.402642965316772,0.08487518146784619
18,Disparity,42.30454253963376,reddit,spectral,Max-degree heuristic,99,631,553,100,0,8.402642965316772,0.08487518146784619
18,Polarization,40.112466073121496,reddit,spectral,Max-degree heuristic,99,631,553,100,0,8.402642965316772,0.08487518146784619
18,$\|L_{t} - L_{0}\|_F$ / $\|L_{0}\|_F$,1.6055966721873804,reddit,spectral,Max-degree heuristic,99,631,553,100,0,8.402642965316772,0.08487518146784619
19,Fiedler $\lambda_2$,-0.18602004076801731,reddit,spectral,Max-degree heuristic,99,631,553,100,0,8.402642965316772,0.08487518146784619
19,Surrogate,11.35798957085509,reddit,spectral,Max-degree heuristic,99,631,553,100,0,8.402642965316772,0.08487518146784619
19,Disparity,42.580074142811505,reddit,spectral,Max-degree heuristic,99,631,553,100,0,8.402642965316772,0.08487518146784619
19,Polarization,40.26280365098931,reddit,spectral,Max-degree heuristic,99,631,553,100,0,8.402642965316772,0.08487518146784619
19,$\|L_{t} - L_{0}\|_F$ / $\|L_{0}\|_F$,1.6571261990017034,reddit,spectral,Max-degree heuristic,99,631,553,100,0,8.402642965316772,0.08487518146784619
20,Fiedler $\lambda_2$,-100.00000000000088,reddit,spectral,Max-degree heuristic,99,631,553,100,0,8.402642965316772,0.08487518146784619
20,Surrogate,11.387567495434595,reddit,spectral,Max-degree heuristic,99,631,553,100,0,8.402642965316772,0.08487518146784619
20,Disparity,42.84464879630292,reddit,spectral,Max-degree heuristic,99,631,553,100,0,8.402642965316772,0.08487518146784619
20,Polarization,40.31857046071379,reddit,spectral,Max-degree heuristic,99,631,553,100,0,8.402642965316772,0.08487518146784619
20,$\|L_{t} - L_{0}\|_F$ / $\|L_{0}\|_F$,1.7152885761224697,reddit,spectral,Max-degree heuristic,99,631,553,100,0,8.402642965316772,0.08487518146784619
21,Fiedler $\lambda_2$,-99.99999999999997,reddit,spectral,Max-degree heuristic,99,631,553,100,0,8.402642965316772,0.08487518146784619
21,Surrogate,11.404672605542476,reddit,spectral,Max-degree heuristic,99,631,553,100,0,8.402642965316772,0.08487518146784619
21,Disparity,42.98372755048888,reddit,spectral,Max-degree heuristic,99,631,553,100,0,8.402642965316772,0.08487518146784619
21,Polarization,40.33143130081836,reddit,spectral,Max-degree heuristic,99,631,553,100,0,8.402642965316772,0.08487518146784619
21,$\|L_{t} - L_{0}\|_F$ / $\|L_{0}\|_F$,1.7715424238032424,reddit,spectral,Max-degree heuristic,99,631,553,100,0,8.402642965316772,0.08487518146784619
22,Fiedler $\lambda_2$,-99.99999999999841,reddit,spectral,Max-degree heuristic,99,631,553,100,0,8.402642965316772,0.08487518146784619
22,Surrogate,11.593312927713937,reddit,spectral,Max-degree heuristic,99,631,553,100,0,8.402642965316772,0.08487518146784619
22,Disparity,43.43609270787016,reddit,spectral,Max-degree heuristic,99,631,553,100,0,8.402642965316772,0.08487518146784619
22,Polarization,40.88773317625927,reddit,spectral,Max-degree heuristic,99,631,553,100,0,8.402642965316772,0.08487518146784619
22,$\|L_{t} - L_{0}\|_F$ / $\|L_{0}\|_F$,1.818375408163372,reddit,spectral,Max-degree heuristic,99,631,553,100,0,8.402642965316772,0.08487518146784619
23,Fiedler $\lambda_2$,-100.00000000000033,reddit,spectral,Max-degree heuristic,99,631,553,100,0,8.402642965316772,0.08487518146784619
23,Surrogate,12.800136912972823,reddit,spectral,Max-degree heuristic,99,631,553,100,0,8.402642965316772,0.08487518146784619
23,Disparity,44.35832034802796,reddit,spectral,Max-degree heuristic,99,631,553,100,0,8.402642965316772,0.08487518146784619
23,Polarization,42.034785061136375,reddit,spectral,Max-degree heuristic,99,631,553,100,0,8.402642965316772,0.08487518146784619
23,$\|L_{t} - L_{0}\|_F$ / $\|L_{0}\|_F$,1.893858513144804,reddit,spectral,Max-degree heuristic,99,631,553,100,0,8.402642965316772,0.08487518146784619
24,Fiedler $\lambda_2$,-99.99999999999872,reddit,spectral,Max-degree heuristic,99,631,553,100,0,8.402642965316772,0.08487518146784619
24,Surrogate,12.818953687585836,reddit,spectral,Max-degree heuristic,99,631,553,100,0,8.402642965316772,0.08487518146784619
24,Disparity,44.56538764364447,reddit,spectral,Max-degree heuristic,99,631,553,100,0,8.402642965316772,0.08487518146784619
24,Polarization,42.04512658467954,reddit,spectral,Max-degree heuristic,99,631,553,100,0,8.402642965316772,0.08487518146784619
24,$\|L_{t} - L_{0}\|_F$ / $\|L_{0}\|_F$,1.9377375037630076,reddit,spectral,Max-degree heuristic,99,631,553,100,0,8.402642965316772,0.08487518146784619
25,Fiedler $\lambda_2$,-100.00000000000067,reddit,spectral,Max-degree heuristic,99,631,553,100,0,8.402642965316772,0.08487518146784619
25,Surrogate,17.104523717319527,reddit,spectral,Max-degree heuristic,99,631,553,100,0,8.402642965316772,0.08487518146784619
25,Disparity,82.78024539845602,reddit,spectral,Max-degree heuristic,99,631,553,100,0,8.402642965316772,0.08487518146784619
25,Polarization,58.39792717561229,reddit,spectral,Max-degree heuristic,99,631,553,100,0,8.402642965316772,0.08487518146784619
25,$\|L_{t} - L_{0}\|_F$ / $\|L_{0}\|_F$,1.9735582344812022,reddit,spectral,Max-degree heuristic,99,631,553,100,0,8.402642965316772,0.08487518146784619
26,Fiedler $\lambda_2$,-100.00000000000098,reddit,spectral,Max-degree heuristic,99,631,553,100,0,8.402642965316772,0.08487518146784619
26,Surrogate,17.434500434135256,reddit,spectral,Max-degree heuristic,99,631,553,100,0,8.402642965316772,0.08487518146784619
26,Disparity,83.54419305382254,reddit,spectral,Max-degree heuristic,99,631,553,100,0,8.402642965316772,0.08487518146784619
26,Polarization,58.86339704670712,reddit,spectral,Max-degree heuristic,99,631,553,100,0,8.402642965316772,0.08487518146784619
26,$\|L_{t} - L_{0}\|_F$ / $\|L_{0}\|_F$,2.029556813475974,reddit,spectral,Max-degree heuristic,99,631,553,100,0,8.402642965316772,0.08487518146784619
27,Fiedler $\lambda_2$,-99.99999999999896,reddit,spectral,Max-degree heuristic,99,631,553,100,0,8.402642965316772,0.08487518146784619
27,Surrogate,17.626321996500703,reddit,spectral,Max-degree heuristic,99,631,553,100,0,8.402642965316772,0.08487518146784619
27,Disparity,84.02807459226247,reddit,spectral,Max-degree heuristic,99,631,553,100,0,8.402642965316772,0.08487518146784619
27,Polarization,59.434728450691054,reddit,spectral,Max-degree heuristic,99,631,553,100,0,8.402642965316772,0.08487518146784619
27,$\|L_{t} - L_{0}\|_F$ / $\|L_{0}\|_F$,2.0974536471456258,reddit,spectral,Max-degree heuristic,99,631,553,100,0,8.402642965316772,0.08487518146784619
28,Fiedler $\lambda_2$,-99.99999999999929,reddit,spectral,Max-degree heuristic,99,631,553,100,0,8.402642965316772,0.08487518146784619
28,Surrogate,17.700274352334073,reddit,spectral,Max-degree heuristic,99,631,553,100,0,8.402642965316772,0.08487518146784619
28,Disparity,84.07930252390454,reddit,spectral,Max-degree heuristic,99,631,553,100,0,8.402642965316772,0.08487518146784619
28,Polarization,59.55408115906891,reddit,spectral,Max-degree heuristic,99,631,553,100,0,8.402642965316772,0.08487518146784619
28,$\|L_{t} - L_{0}\|_F$ / $\|L_{0}\|_F$,2.143702279208311,reddit,spectral,Max-degree heuristic,99,631,553,100,0,8.402642965316772,0.08487518146784619
29,Fiedler $\lambda_2$,-100.00000000000023,reddit,spectral,Max-degree heuristic,99,631,553,100,0,8.402642965316772,0.08487518146784619
29,Surrogate,17.711724732135316,reddit,spectral,Max-degree heuristic,99,631,553,100,0,8.402642965316772,0.08487518146784619
29,Disparity,84.31434859691439,reddit,spectral,Max-degree heuristic,99,631,553,100,0,8.402642965316772,0.08487518146784619
29,Polarization,59.56462681281766,reddit,spectral,Max-degree heuristic,99,631,553,100,0,8.402642965316772,0.08487518146784619
29,$\|L_{t} - L_{0}\|_F$ / $\|L_{0}\|_F$,2.2270459554126774,reddit,spectral,Max-degree heuristic,99,631,553,100,0,8.402642965316772,0.08487518146784619
30,Fiedler $\lambda_2$,-100.00000000000007,reddit,spectral,Max-degree heuristic,99,631,553,100,0,8.402642965316772,0.08487518146784619
30,Surrogate,17.81122057568064,reddit,spectral,Max-degree heuristic,99,631,553,100,0,8.402642965316772,0.08487518146784619
30,Disparity,84.7603561329538,reddit,spectral,Max-degree heuristic,99,631,553,100,0,8.402642965316772,0.08487518146784619
30,Polarization,59.70232457049933,reddit,spectral,Max-degree heuristic,99,631,553,100,0,8.402642965316772,0.08487518146784619
30,$\|L_{t} - L_{0}\|_F$ / $\|L_{0}\|_F$,2.3073811807235107,reddit,spectral,Max-degree heuristic,99,631,553,100,0,8.402642965316772,0.08487518146784619
31,Fiedler $\lambda_2$,-100.00000000000036,reddit,spectral,Max-degree heuristic,99,631,553,100,0,8.402642965316772,0.08487518146784619
31,Surrogate,17.841826508126502,reddit,spectral,Max-degree heuristic,99,631,553,100,0,8.402642965316772,0.08487518146784619
31,Disparity,85.16017337831894,reddit,spectral,Max-degree heuristic,99,631,553,100,0,8.402642965316772,0.08487518146784619
31,Polarization,59.56178136799909,reddit,spectral,Max-degree heuristic,99,631,553,100,0,8.402642965316772,0.08487518146784619
31,$\|L_{t} - L_{0}\|_F$ / $\|L_{0}\|_F$,2.3613974171398997,reddit,spectral,Max-degree heuristic,99,631,553,100,0,8.402642965316772,0.08487518146784619
32,Fiedler $\lambda_2$,-99.99999999999967,reddit,spectral,Max-degree heuristic,99,631,553,100,0,8.402642965316772,0.08487518146784619
32,Surrogate,17.841530030586792,reddit,spectral,Max-degree heuristic,99,631,553,100,0,8.402642965316772,0.08487518146784619
32,Disparity,85.1139033971053,reddit,spectral,Max-degree heuristic,99,631,553,100,0,8.402642965316772,0.08487518146784619
32,Polarization,59.568544369731754,reddit,spectral,Max-degree heuristic,99,631,553,100,0,8.402642965316772,0.08487518146784619
32,$\|L_{t} - L_{0}\|_F$ / $\|L_{0}\|_F$,2.396732009915508,reddit,spectral,Max-degree heuristic,99,631,553,100,0,8.402642965316772,0.08487518146784619
33,Fiedler $\lambda_2$,-100.00000000000102,reddit,spectral,Max-degree heuristic,99,631,553,100,0,8.402642965316772,0.08487518146784619
33,Surrogate,17.835623118119727,reddit,spectral,Max-degree heuristic,99,631,553,100,0,8.402642965316772,0.08487518146784619
33,Disparity,85.1905872184905,reddit,spectral,Max-degree heuristic,99,631,553,100,0,8.402642965316772,0.08487518146784619
33,Polarization,59.62341652628274,reddit,spectral,Max-degree heuristic,99,631,553,100,0,8.402642965316772,0.08487518146784619
33,$\|L_{t} - L_{0}\|_F$ / $\|L_{0}\|_F$,2.4315531853184447,reddit,spectral,Max-degree heuristic,99,631,553,100,0,8.402642965316772,0.08487518146784619
34,Fiedler $\lambda_2$,-99.99999999999983,reddit,spectral,Max-degree heuristic,99,631,553,100,0,8.402642965316772,0.08487518146784619
34,Surrogate,17.845319975902793,reddit,spectral,Max-degree heuristic,99,631,553,100,0,8.402642965316772,0.08487518146784619
34,Disparity,85.20728000420247,reddit,spectral,Max-degree heuristic,99,631,553,100,0,8.402642965316772,0.08487518146784619
34,Polarization,59.65831667059804,reddit,spectral,Max-degree heuristic,99,631,553,100,0,8.402642965316772,0.08487518146784619
34,$\|L_{t} - L_{0}\|_F$ / $\|L_{0}\|_F$,2.454492874332979,reddit,spectral,Max-degree heuristic,99,631,553,100,0,8.402642965316772,0.08487518146784619
35,Fiedler $\lambda_2$,-99.99999999999905,reddit,spectral,Max-degree heuristic,99,631,553,100,0,8.402642965316772,0.08487518146784619
35,Surrogate,18.026153061423198,reddit,spectral,Max-degree heuristic,99,631,553,100,0,8.402642965316772,0.08487518146784619
35,Disparity,86.41085500545321,reddit,spectral,Max-degree heuristic,99,631,553,100,0,8.402642965316772,0.08487518146784619
35,Polarization,60.108745374134976,reddit,spectral,Max-degree heuristic,99,631,553,100,0,8.402642965316772,0.08487518146784619
35,$\|L_{t} - L_{0}\|_F$ / $\|L_{0}\|_F$,2.482869457210797,reddit,spectral,Max-degree heuristic,99,631,553,100,0,8.402642965316772,0.08487518146784619
36,Fiedler $\lambda_2$,-99.99999999999976,reddit,spectral,Max-degree heuristic,99,631,553,100,0,8.402642965316772,0.08487518146784619
36,Surrogate,18.009957313845813,reddit,spectral,Max-degree heuristic,99,631,553,100,0,8.402642965316772,0.08487518146784619
36,Disparity,86.35822937400528,reddit,spectral,Max-degree heuristic,99,631,553,100,0,8.402642965316772,0.08487518146784619
36,Polarization,59.95735187501471,reddit,spectral,Max-degree heuristic,99,631,553,100,0,8.402642965316772,0.08487518146784619
36,$\|L_{t} - L_{0}\|_F$ / $\|L_{0}\|_F$,2.510925369848556,reddit,spectral,Max-degree heuristic,99,631,553,100,0,8.402642965316772,0.08487518146784619
37,Fiedler $\lambda_2$,-99.99999999999862,reddit,spectral,Max-degree heuristic,99,631,553,100,0,8.402642965316772,0.08487518146784619
37,Surrogate,17.974839338293496,reddit,spectral,Max-degree heuristic,99,631,553,100,0,8.402642965316772,0.08487518146784619
37,Disparity,86.2974279446189,reddit,spectral,Max-degree heuristic,99,631,553,100,0,8.402642965316772,0.08487518146784619
37,Polarization,59.96719141101266,reddit,spectral,Max-degree heuristic,99,631,553,100,0,8.402642965316772,0.08487518146784619
37,$\|L_{t} - L_{0}\|_F$ / $\|L_{0}\|_F$,2.5606514916065937,reddit,spectral,Max-degree heuristic,99,631,553,100,0,8.402642965316772,0.08487518146784619
38,Fiedler $\lambda_2$,-100.00000000000023,reddit,spectral,Max-degree heuristic,99,631,553,100,0,8.402642965316772,0.08487518146784619
38,Surrogate,20.534701445959925,reddit,spectral,Max-degree heuristic,99,631,553,100,0,8.402642965316772,0.08487518146784619
38,Disparity,105.58924172588684,reddit,spectral,Max-degree heuristic,99,631,553,100,0,8.402642965316772,0.08487518146784619
38,Polarization,94.3163561552825,reddit,spectral,Max-degree heuristic,99,631,553,100,0,8.402642965316772,0.08487518146784619
38,$\|L_{t} - L_{0}\|_F$ / $\|L_{0}\|_F$,2.5878642802252867,reddit,spectral,Max-degree heuristic,99,631,553,100,0,8.402642965316772,0.08487518146784619
39,Fiedler $\lambda_2$,-100.00000000000016,reddit,spectral,Max-degree heuristic,99,631,553,100,0,8.402642965316772,0.08487518146784619
39,Surrogate,21.05209908839808,reddit,spectral,Max-degree heuristic,99,631,553,100,0,8.402642965316772,0.08487518146784619
39,Disparity,108.11309387142126,reddit,spectral,Max-degree heuristic,99,631,553,100,0,8.402642965316772,0.08487518146784619
39,Polarization,94.4432224747894,reddit,spectral,Max-degree heuristic,99,631,553,100,0,8.402642965316772,0.08487518146784619
39,$\|L_{t} - L_{0}\|_F$ / $\|L_{0}\|_F$,2.6730841814919186,reddit,spectral,Max-degree heuristic,99,631,553,100,0,8.402642965316772,0.08487518146784619
40,Fiedler $\lambda_2$,-100.00000000000095,reddit,spectral,Max-degree heuristic,99,631,553,100,0,8.402642965316772,0.08487518146784619
40,Surrogate,21.056788065544392,reddit,spectral,Max-degree heuristic,99,631,553,100,0,8.402642965316772,0.08487518146784619
40,Disparity,108.16440397904444,reddit,spectral,Max-degree heuristic,99,631,553,100,0,8.402642965316772,0.08487518146784619
40,Polarization,94.48493137362995,reddit,spectral,Max-degree heuristic,99,631,553,100,0,8.402642965316772,0.08487518146784619
40,$\|L_{t} - L_{0}\|_F$ / $\|L_{0}\|_F$,2.709525180045526,reddit,spectral,Max-degree heuristic,99,631,553,100,0,8.402642965316772,0.08487518146784619
41,Fiedler $\lambda_2$,-99.99999999999906,reddit,spectral,Max-degree heuristic,99,631,553,100,0,8.402642965316772,0.08487518146784619
41,Surrogate,21.060287596831916,reddit,spectral,Max-degree heuristic,99,631,553,100,0,8.402642965316772,0.08487518146784619
41,Disparity,108.14879605457534,reddit,spectral,Max-degree heuristic,99,631,553,100,0,8.402642965316772,0.08487518146784619
41,Polarization,94.8890076931321,reddit,spectral,Max-degree heuristic,99,631,553,100,0,8.402642965316772,0.08487518146784619
41,$\|L_{t} - L_{0}\|_F$ / $\|L_{0}\|_F$,2.740374658140631,reddit,spectral,Max-degree heuristic,99,631,553,100,0,8.402642965316772,0.08487518146784619
42,Fiedler $\lambda_2$,-99.99999999999915,reddit,spectral,Max-degree heuristic,99,631,553,100,0,8.402642965316772,0.08487518146784619
42,Surrogate,21.06415992023484,reddit,spectral,Max-degree heuristic,99,631,553,100,0,8.402642965316772,0.08487518146784619
42,Disparity,108.14469059032052,reddit,spectral,Max-degree heuristic,99,631,553,100,0,8.402642965316772,0.08487518146784619
42,Polarization,94.92568522106457,reddit,spectral,Max-degree heuristic,99,631,553,100,0,8.402642965316772,0.08487518146784619
42,$\|L_{t} - L_{0}\|_F$ / $\|L_{0}\|_F$,2.806051940470176,reddit,spectral,Max-degree heuristic,99,631,553,100,0,8.402642965316772,0.08487518146784619
43,Fiedler $\lambda_2$,-100.00000000000078,reddit,spectral,Max-degree heuristic,99,631,553,100,0,8.402642965316772,0.08487518146784619
43,Surrogate,21.412029674216477,reddit,spectral,Max-degree heuristic,99,631,553,100,0,8.402642965316772,0.08487518146784619
43,Disparity,109.06588404173962,reddit,spectral,Max-degree heuristic,99,631,553,100,0,8.402642965316772,0.08487518146784619
43,Polarization,95.30629878287259,reddit,spectral,Max-degree heuristic,99,631,553,100,0,8.402642965316772,0.08487518146784619
43,$\|L_{t} - L_{0}\|_F$ / $\|L_{0}\|_F$,2.8457154191616967,reddit,spectral,Max-degree heuristic,99,631,553,100,0,8.402642965316772,0.08487518146784619
44,Fiedler $\lambda_2$,-100.00000000000107,reddit,spectral,Max-degree heuristic,99,631,553,100,0,8.402642965316772,0.08487518146784619
44,Surrogate,21.49024981047701,reddit,spectral,Max-degree heuristic,99,631,553,100,0,8.402642965316772,0.08487518146784619
44,Disparity,109.366817944084,reddit,spectral,Max-degree heuristic,99,631,553,100,0,8.402642965316772,0.08487518146784619
44,Polarization,95.42416205294172,reddit,spectral,Max-degree heuristic,99,631,553,100,0,8.402642965316772,0.08487518146784619
44,$\|L_{t} - L_{0}\|_F$ / $\|L_{0}\|_F$,2.879972900360878,reddit,spectral,Max-degree heuristic,99,631,553,100,0,8.402642965316772,0.08487518146784619
45,Fiedler $\lambda_2$,-100.00000000000036,reddit,spectral,Max-degree heuristic,99,631,553,100,0,8.402642965316772,0.08487518146784619
45,Surrogate,21.761248278219064,reddit,spectral,Max-degree heuristic,99,631,553,100,0,8.402642965316772,0.08487518146784619
45,Disparity,110.13087909289365,reddit,spectral,Max-degree heuristic,99,631,553,100,0,8.402642965316772,0.08487518146784619
45,Polarization,96.91220387249389,reddit,spectral,Max-degree heuristic,99,631,553,100,0,8.402642965316772,0.08487518146784619
45,$\|L_{t} - L_{0}\|_F$ / $\|L_{0}\|_F$,2.956785655959767,reddit,spectral,Max-degree heuristic,99,631,553,100,0,8.402642965316772,0.08487518146784619
46,Fiedler $\lambda_2$,-99.99999999999936,reddit,spectral,Max-degree heuristic,99,631,553,100,0,8.402642965316772,0.08487518146784619
46,Surrogate,22.486331892051933,reddit,spectral,Max-degree heuristic,99,631,553,100,0,8.402642965316772,0.08487518146784619
46,Disparity,112.5103384422003,reddit,spectral,Max-degree heuristic,99,631,553,100,0,8.402642965316772,0.08487518146784619
46,Polarization,97.86414997047491,reddit,spectral,Max-degree heuristic,99,631,553,100,0,8.402642965316772,0.08487518146784619
46,$\|L_{t} - L_{0}\|_F$ / $\|L_{0}\|_F$,2.9944532338187586,reddit,spectral,Max-degree heuristic,99,631,553,100,0,8.402642965316772,0.08487518146784619
47,Fiedler $\lambda_2$,-100.00000000000146,reddit,spectral,Max-degree heuristic,99,631,553,100,0,8.402642965316772,0.08487518146784619
47,Surrogate,22.52170501532346,reddit,spectral,Max-degree heuristic,99,631,553,100,0,8.402642965316772,0.08487518146784619
47,Disparity,112.42485521179194,reddit,spectral,Max-degree heuristic,99,631,553,100,0,8.402642965316772,0.08487518146784619
47,Polarization,98.07301676654915,reddit,spectral,Max-degree heuristic,99,631,553,100,0,8.402642965316772,0.08487518146784619
47,$\|L_{t} - L_{0}\|_F$ / $\|L_{0}\|_F$,3.059255708410863,reddit,spectral,Max-degree heuristic,99,631,553,100,0,8.402642965316772,0.08487518146784619
48,Fiedler $\lambda_2$,-99.99999999999973,reddit,spectral,Max-degree heuristic,99,631,553,100,0,8.402642965316772,0.08487518146784619
48,Surrogate,22.52068091159711,reddit,spectral,Max-degree heuristic,99,631,553,100,0,8.402642965316772,0.08487518146784619
48,Disparity,112.42464990546132,reddit,spectral,Max-degree heuristic,99,631,553,100,0,8.402642965316772,0.08487518146784619
48,Polarization,98.14959935271322,reddit,spectral,Max-degree heuristic,99,631,553,100,0,8.402642965316772,0.08487518146784619
48,$\|L_{t} - L_{0}\|_F$ / $\|L_{0}\|_F$,3.1450669755603227,reddit,spectral,Max-degree heuristic,99,631,553,100,0,8.402642965316772,0.08487518146784619
49,Fiedler $\lambda_2$,-100.00000000000084,reddit,spectral,Max-degree heuristic,99,631,553,100,0,8.402642965316772,0.08487518146784619
49,Surrogate,22.498422934632487,reddit,spectral,Max-degree heuristic,99,631,553,100,0,8.402642965316772,0.08487518146784619
49,Disparity,112.81076926193927,reddit,spectral,Max-degree heuristic,99,631,553,100,0,8.402642965316772,0.08487518146784619
49,Polarization,98.1270080756667,reddit,spectral,Max-degree heuristic,99,631,553,100,0,8.402642965316772,0.08487518146784619
49,$\|L_{t} - L_{0}\|_F$ / $\|L_{0}\|_F$,3.1893035640336733,reddit,spectral,Max-degree heuristic,99,631,553,100,0,8.402642965316772,0.08487518146784619
50,Fiedler $\lambda_2$,-99.9999999999995,reddit,spectral,Max-degree heuristic,99,631,553,100,0,8.402642965316772,0.08487518146784619
50,Surrogate,22.50138356693171,reddit,spectral,Max-degree heuristic,99,631,553,100,0,8.402642965316772,0.08487518146784619
50,Disparity,112.80193503243075,reddit,spectral,Max-degree heuristic,99,631,553,100,0,8.402642965316772,0.08487518146784619
50,Polarization,98.18434157919921,reddit,spectral,Max-degree heuristic,99,631,553,100,0,8.402642965316772,0.08487518146784619
50,$\|L_{t} - L_{0}\|_F$ / $\|L_{0}\|_F$,3.2242558797024907,reddit,spectral,Max-degree heuristic,99,631,553,100,0,8.402642965316772,0.08487518146784619
51,Fiedler $\lambda_2$,-100.00000000000028,reddit,spectral,Max-degree heuristic,99,631,553,100,0,8.402642965316772,0.08487518146784619
51,Surrogate,22.541352895030805,reddit,spectral,Max-degree heuristic,99,631,553,100,0,8.402642965316772,0.08487518146784619
51,Disparity,112.77643236575659,reddit,spectral,Max-degree heuristic,99,631,553,100,0,8.402642965316772,0.08487518146784619
51,Polarization,98.17489946094037,reddit,spectral,Max-degree heuristic,99,631,553,100,0,8.402642965316772,0.08487518146784619
51,$\|L_{t} - L_{0}\|_F$ / $\|L_{0}\|_F$,3.2588333391007085,reddit,spectral,Max-degree heuristic,99,631,553,100,0,8.402642965316772,0.08487518146784619
52,Fiedler $\lambda_2$,-100.0000000000013,reddit,spectral,Max-degree heuristic,99,631,553,100,0,8.402642965316772,0.08487518146784619
52,Surrogate,22.642183256953683,reddit,spectral,Max-degree heuristic,99,631,553,100,0,8.402642965316772,0.08487518146784619
52,Disparity,113.06113386340309,reddit,spectral,Max-degree heuristic,99,631,553,100,0,8.402642965316772,0.08487518146784619
52,Polarization,98.20560347743825,reddit,spectral,Max-degree heuristic,99,631,553,100,0,8.402642965316772,0.08487518146784619
52,$\|L_{t} - L_{0}\|_F$ / $\|L_{0}\|_F$,3.356259808249217,reddit,spectral,Max-degree heuristic,99,631,553,100,0,8.402642965316772,0.08487518146784619
53,Fiedler $\lambda_2$,-100.00000000000033,reddit,spectral,Max-degree heuristic,99,631,553,100,0,8.402642965316772,0.08487518146784619
53,Surrogate,22.617620187483357,reddit,spectral,Max-degree heuristic,99,631,553,100,0,8.402642965316772,0.08487518146784619
53,Disparity,113.08006557503371,reddit,spectral,Max-degree heuristic,99,631,553,100,0,8.402642965316772,0.08487518146784619
53,Polarization,98.5852973884326,reddit,spectral,Max-degree heuristic,99,631,553,100,0,8.402642965316772,0.08487518146784619
53,$\|L_{t} - L_{0}\|_F$ / $\|L_{0}\|_F$,3.414201988808791,reddit,spectral,Max-degree heuristic,99,631,553,100,0,8.402642965316772,0.08487518146784619
54,Fiedler $\lambda_2$,-100.00000000000003,reddit,spectral,Max-degree heuristic,99,631,553,100,0,8.402642965316772,0.08487518146784619
54,Surrogate,23.09234031562325,reddit,spectral,Max-degree heuristic,99,631,553,100,0,8.402642965316772,0.08487518146784619
54,Disparity,115.29643779241592,reddit,spectral,Max-degree heuristic,99,631,553,100,0,8.402642965316772,0.08487518146784619
54,Polarization,100.47785972163797,reddit,spectral,Max-degree heuristic,99,631,553,100,0,8.402642965316772,0.08487518146784619
54,$\|L_{t} - L_{0}\|_F$ / $\|L_{0}\|_F$,3.4711771116298196,reddit,spectral,Max-degree heuristic,99,631,553,100,0,8.402642965316772,0.08487518146784619
55,Fiedler $\lambda_2$,-100.00000000000202,reddit,spectral,Max-degree heuristic,99,631,553,100,0,8.402642965316772,0.08487518146784619
55,Surrogate,22.94308415179017,reddit,spectral,Max-degree heuristic,99,631,553,100,0,8.402642965316772,0.08487518146784619
55,Disparity,115.41660508509236,reddit,spectral,Max-degree heuristic,99,631,553,100,0,8.402642965316772,0.08487518146784619
55,Polarization,101.67692633778822,reddit,spectral,Max-degree heuristic,99,631,553,100,0,8.402642965316772,0.08487518146784619
55,$\|L_{t} - L_{0}\|_F$ / $\|L_{0}\|_F$,3.5033183261788996,reddit,spectral,Max-degree heuristic,99,631,553,100,0,8.402642965316772,0.08487518146784619
56,Fiedler $\lambda_2$,-100.0000000000012,reddit,spectral,Max-degree heuristic,99,631,553,100,0,8.402642965316772,0.08487518146784619
56,Surrogate,22.948288433861293,reddit,spectral,Max-degree heuristic,99,631,553,100,0,8.402642965316772,0.08487518146784619
56,Disparity,115.44952876161956,reddit,spectral,Max-degree heuristic,99,631,553,100,0,8.402642965316772,0.08487518146784619
56,Polarization,101.68514044765938,reddit,spectral,Max-degree heuristic,99,631,553,100,0,8.402642965316772,0.08487518146784619
56,$\|L_{t} - L_{0}\|_F$ / $\|L_{0}\|_F$,3.527232039463745,reddit,spectral,Max-degree heuristic,99,631,553,100,0,8.402642965316772,0.08487518146784619
57,Fiedler $\lambda_2$,-100.00000000000088,reddit,spectral,Max-degree heuristic,99,631,553,100,0,8.402642965316772,0.08487518146784619
57,Surrogate,22.932221084322087,reddit,spectral,Max-degree heuristic,99,631,553,100,0,8.402642965316772,0.08487518146784619
57,Disparity,115.39629999607224,reddit,spectral,Max-degree heuristic,99,631,553,100,0,8.402642965316772,0.08487518146784619
57,Polarization,101.87465282357992,reddit,spectral,Max-degree heuristic,99,631,553,100,0,8.402642965316772,0.08487518146784619
57,$\|L_{t} - L_{0}\|_F$ / $\|L_{0}\|_F$,3.5628016656470693,reddit,spectral,Max-degree heuristic,99,631,553,100,0,8.402642965316772,0.08487518146784619
58,Fiedler $\lambda_2$,-100.00000000000054,reddit,spectral,Max-degree heuristic,99,631,553,100,0,8.402642965316772,0.08487518146784619
58,Surrogate,22.924278368748144,reddit,spectral,Max-degree heuristic,99,631,553,100,0,8.402642965316772,0.08487518146784619
58,Disparity,115.54545206034615,reddit,spectral,Max-degree heuristic,99,631,553,100,0,8.402642965316772,0.08487518146784619
58,Polarization,101.9859906192862,reddit,spectral,Max-degree heuristic,99,631,553,100,0,8.402642965316772,0.08487518146784619
58,$\|L_{t} - L_{0}\|_F$ / $\|L_{0}\|_F$,3.655962523255963,reddit,spectral,Max-degree heuristic,99,631,553,100,0,8.402642965316772,0.08487518146784619
59,Fiedler $\lambda_2$,-99.99999999999946,reddit,spectral,Max-degree heuristic,99,631,553,100,0,8.402642965316772,0.08487518146784619
59,Surrogate,23.0241380178561,reddit,spectral,Max-degree heuristic,99,631,553,100,0,8.402642965316772,0.08487518146784619
59,Disparity,115.82927235883582,reddit,spectral,Max-degree heuristic,99,631,553,100,0,8.402642965316772,0.08487518146784619
59,Polarization,102.11665040879501,reddit,spectral,Max-degree heuristic,99,631,553,100,0,8.402642965316772,0.08487518146784619
59,$\|L_{t} - L_{0}\|_F$ / $\|L_{0}\|_F$,3.769176939312523,reddit,spectral,Max-degree heuristic,99,631,553,100,0,8.402642965316772,0.08487518146784619
60,Fiedler $\lambda_2$,-100.00000000000074,reddit,spectral,Max-degree heuristic,99,631,553,100,0,8.402642965316772,0.08487518146784619
60,Surrogate,23.60023861246427,reddit,spectral,Max-degree heuristic,99,631,553,100,0,8.402642965316772,0.08487518146784619
60,Disparity,118.31528100194465,reddit,spectral,Max-degree heuristic,99,631,553,100,0,8.402642965316772,0.08487518146784619
60,Polarization,103.8725075625234,reddit,spectral,Max-degree heuristic,99,631,553,100,0,8.402642965316772,0.08487518146784619
60,$\|L_{t} - L_{0}\|_F$ / $\|L_{0}\|_F$,3.8428006304570106,reddit,spectral,Max-degree heuristic,99,631,553,100,0,8.402642965316772,0.08487518146784619
61,Fiedler $\lambda_2$,-104.94479255440127,reddit,spectral,Max-degree heuristic,99,631,553,100,0,8.402642965316772,0.08487518146784619
61,Surrogate,23.643555028090883,reddit,spectral,Max-degree heuristic,99,631,553,100,0,8.402642965316772,0.08487518146784619
61,Disparity,118.34651883445046,reddit,spectral,Max-degree heuristic,99,631,553,100,0,8.402642965316772,0.08487518146784619
61,Polarization,104.1426726942277,reddit,spectral,Max-degree heuristic,99,631,553,100,0,8.402642965316772,0.08487518146784619
61,$\|L_{t} - L_{0}\|_F$ / $\|L_{0}\|_F$,3.875475007526015,reddit,spectral,Max-degree heuristic,99,631,553,100,0,8.402642965316772,0.08487518146784619
62,Fiedler $\lambda_2$,-104.94484257565186,reddit,spectral,Max-degree heuristic,99,631,553,100,0,8.402642965316772,0.08487518146784619
62,Surrogate,23.564822744518246,reddit,spectral,Max-degree heuristic,99,631,553,100,0,8.402642965316772,0.08487518146784619
62,Disparity,118.37948326911464,reddit,spectral,Max-degree heuristic,99,631,553,100,0,8.402642965316772,0.08487518146784619
62,Polarization,104.13300873022638,reddit,spectral,Max-degree heuristic,99,631,553,100,0,8.402642965316772,0.08487518146784619
62,$\|L_{t} - L_{0}\|_F$ / $\|L_{0}\|_F$,3.900699192954665,reddit,spectral,Max-degree heuristic,99,631,553,100,0,8.402642965316772,0.08487518146784619
63,Fiedler $\lambda_2$,-104.94484315823168,reddit,spectral,Max-degree heuristic,99,631,553,100,0,8.402642965316772,0.08487518146784619
63,Surrogate,23.758677622307008,reddit,spectral,Max-degree heuristic,99,631,553,100,0,8.402642965316772,0.08487518146784619
63,Disparity,118.5855650278587,reddit,spectral,Max-degree heuristic,99,631,553,100,0,8.402642965316772,0.08487518146784619
63,Polarization,104.10974555329082,reddit,spectral,Max-degree heuristic,99,631,553,100,0,8.402642965316772,0.08487518146784619
63,$\|L_{t} - L_{0}\|_F$ / $\|L_{0}\|_F$,3.9648245725319433,reddit,spectral,Max-degree heuristic,99,631,553,100,0,8.402642965316772,0.08487518146784619
64,Fiedler $\lambda_2$,-104.94476807045419,reddit,spectral,Max-degree heuristic,99,631,553,100,0,8.402642965316772,0.08487518146784619
64,Surrogate,24.018363737154818,reddit,spectral,Max-degree heuristic,99,631,553,100,0,8.402642965316772,0.08487518146784619
64,Disparity,119.33346554047984,reddit,spectral,Max-degree heuristic,99,631,553,100,0,8.402642965316772,0.08487518146784619
64,Polarization,104.41953321315351,reddit,spectral,Max-degree heuristic,99,631,553,100,0,8.402642965316772,0.08487518146784619
64,$\|L_{t} - L_{0}\|_F$ / $\|L_{0}\|_F$,4.052204492365539,reddit,spectral,Max-degree heuristic,99,631,553,100,0,8.402642965316772,0.08487518146784619
65,Fiedler $\lambda_2$,-104.9447691472591,reddit,spectral,Max-degree heuristic,99,631,553,100,0,8.402642965316772,0.08487518146784619
65,Surrogate,24.00575466124137,reddit,spectral,Max-degree heuristic,99,631,553,100,0,8.402642965316772,0.08487518146784619
65,Disparity,119.27558583865887,reddit,spectral,Max-degree heuristic,99,631,553,100,0,8.402642965316772,0.08487518146784619
65,Polarization,104.566178542354,reddit,spectral,Max-degree heuristic,99,631,553,100,0,8.402642965316772,0.08487518146784619
65,$\|L_{t} - L_{0}\|_F$ / $\|L_{0}\|_F$,4.086633356535082,reddit,spectral,Max-degree heuristic,99,631,553,100,0,8.402642965316772,0.08487518146784619
66,Fiedler $\lambda_2$,-104.94476916963498,reddit,spectral,Max-degree heuristic,99,631,553,100,0,8.402642965316772,0.08487518146784619
66,Surrogate,24.003839494096454,reddit,spectral,Max-degree heuristic,99,631,553,100,0,8.402642965316772,0.08487518146784619
66,Disparity,119.26269374271116,reddit,spectral,Max-degree heuristic,99,631,553,100,0,8.402642965316772,0.08487518146784619
66,Polarization,104.71123518353036,reddit,spectral,Max-degree heuristic,99,631,553,100,0,8.402642965316772,0.08487518146784619
66,$\|L_{t} - L_{0}\|_F$ / $\|L_{0}\|_F$,4.130961923860137,reddit,spectral,Max-degree heuristic,99,631,553,100,0,8.402642965316772,0.08487518146784619
67,Fiedler $\lambda_2$,-104.9448099863276,reddit,spectral,Max-degree heuristic,99,631,553,100,0,8.402642965316772,0.08487518146784619
67,Surrogate,24.01238458634592,reddit,spectral,Max-degree heuristic,99,631,553,100,0,8.402642965316772,0.08487518146784619
67,Disparity,119.23894075293578,reddit,spectral,Max-degree heuristic,99,631,553,100,0,8.402642965316772,0.08487518146784619
67,Polarization,104.67008180753585,reddit,spectral,Max-degree heuristic,99,631,553,100,0,8.402642965316772,0.08487518146784619
67,$\|L_{t} - L_{0}\|_F$ / $\|L_{0}\|_F$,4.181526375688531,reddit,spectral,Max-degree heuristic,99,631,553,100,0,8.402642965316772,0.08487518146784619
68,Fiedler $\lambda_2$,-104.94480576620784,reddit,spectral,Max-degree heuristic,99,631,553,100,0,8.402642965316772,0.08487518146784619
68,Surrogate,24.123334086997108,reddit,spectral,Max-degree heuristic,99,631,553,100,0,8.402642965316772,0.08487518146784619
68,Disparity,119.39309840871202,reddit,spectral,Max-degree heuristic,99,631,553,100,0,8.402642965316772,0.08487518146784619
68,Polarization,104.63375847390859,reddit,spectral,Max-degree heuristic,99,631,553,100,0,8.402642965316772,0.08487518146784619
68,$\|L_{t} - L_{0}\|_F$ / $\|L_{0}\|_F$,4.280863891666269,reddit,spectral,Max-degree heuristic,99,631,553,100,0,8.402642965316772,0.08487518146784619
69,Fiedler $\lambda_2$,-104.94480813580334,reddit,spectral,Max-degree heuristic,99,631,553,100,0,8.402642965316772,0.08487518146784619
69,Surrogate,23.967946334399628,reddit,spectral,Max-degree heuristic,99,631,553,100,0,8.402642965316772,0.08487518146784619
69,Disparity,118.91053828734506,reddit,spectral,Max-degree heuristic,99,631,553,100,0,8.402642965316772,0.08487518146784619
69,Polarization,104.80347545998787,reddit,spectral,Max-degree heuristic,99,631,553,100,0,8.402642965316772,0.08487518146784619
69,$\|L_{t} - L_{0}\|_F$ / $\|L_{0}\|_F$,4.31346804807568,reddit,spectral,Max-degree heuristic,99,631,553,100,0,8.402642965316772,0.08487518146784619
70,Fiedler $\lambda_2$,-104.9448077950565,reddit,spectral,Max-degree heuristic,99,631,553,100,0,8.402642965316772,0.08487518146784619
70,Surrogate,24.558567847256395,reddit,spectral,Max-degree heuristic,99,631,553,100,0,8.402642965316772,0.08487518146784619
70,Disparity,121.62729566378484,reddit,spectral,Max-degree heuristic,99,631,553,100,0,8.402642965316772,0.08487518146784619
70,Polarization,107.30068287183698,reddit,spectral,Max-degree heuristic,99,631,553,100,0,8.402642965316772,0.08487518146784619
70,$\|L_{t} - L_{0}\|_F$ / $\|L_{0}\|_F$,4.332912780964839,reddit,spectral,Max-degree heuristic,99,631,553,100,0,8.402642965316772,0.08487518146784619
71,Fiedler $\lambda_2$,-104.944741847254,reddit,spectral,Max-degree heuristic,99,631,553,100,0,8.402642965316772,0.08487518146784619
71,Surrogate,24.555437629743913,reddit,spectral,Max-degree heuristic,99,631,553,100,0,8.402642965316772,0.08487518146784619
71,Disparity,121.70576771981514,reddit,spectral,Max-degree heuristic,99,631,553,100,0,8.402642965316772,0.08487518146784619
71,Polarization,107.31497712981057,reddit,spectral,Max-degree heuristic,99,631,553,100,0,8.402642965316772,0.08487518146784619
71,$\|L_{t} - L_{0}\|_F$ / $\|L_{0}\|_F$,4.42252459657175,reddit,spectral,Max-degree heuristic,99,631,553,100,0,8.402642965316772,0.08487518146784619
72,Fiedler $\lambda_2$,-104.94470107559411,reddit,spectral,Max-degree heuristic,99,631,553,100,0,8.402642965316772,0.08487518146784619
72,Surrogate,24.562454284744444,reddit,spectral,Max-degree heuristic,99,631,553,100,0,8.402642965316772,0.08487518146784619
72,Disparity,121.72118481229009,reddit,spectral,Max-degree heuristic,99,631,553,100,0,8.402642965316772,0.08487518146784619
72,Polarization,107.27501113286706,reddit,spectral,Max-degree heuristic,99,631,553,100,0,8.402642965316772,0.08487518146784619
72,$\|L_{t} - L_{0}\|_F$ / $\|L_{0}\|_F$,4.472925364429694,reddit,spectral,Max-degree heuristic,99,631,553,100,0,8.402642965316772,0.08487518146784619
73,Fiedler $\lambda_2$,-105.00267089834698,reddit,spectral,Max-degree heuristic,99,631,553,100,0,8.402642965316772,0.08487518146784619
73,Surrogate,24.535666111646044,reddit,spectral,Max-degree heuristic,99,631,553,100,0,8.402642965316772,0.08487518146784619
73,Disparity,121.78909517629062,reddit,spectral,Max-degree heuristic,99,631,553,100,0,8.402642965316772,0.08487518146784619
73,Polarization,107.26746942627135,reddit,spectral,Max-degree heuristic,99,631,553,100,0,8.402642965316772,0.08487518146784619
73,$\|L_{t} - L_{0}\|_F$ / $\|L_{0}\|_F$,4.5258612350043,reddit,spectral,Max-degree heuristic,99,631,553,100,0,8.402642965316772,0.08487518146784619
74,Fiedler $\lambda_2$,-107.74930109859623,reddit,spectral,Max-degree heuristic,99,631,553,100,0,8.402642965316772,0.08487518146784619
74,Surrogate,24.59514137887581,reddit,spectral,Max-degree heuristic,99,631,553,100,0,8.402642965316772,0.08487518146784619
74,Disparity,121.90468192021389,reddit,spectral,Max-degree heuristic,99,631,553,100,0,8.402642965316772,0.08487518146784619
74,Polarization,107.34872011849347,reddit,spectral,Max-degree heuristic,99,631,553,100,0,8.402642965316772,0.08487518146784619
74,$\|L_{t} - L_{0}\|_F$ / $\|L_{0}\|_F$,4.5965100986454335,reddit,spectral,Max-degree heuristic,99,631,553,100,0,8.402642965316772,0.08487518146784619
75,Fiedler $\lambda_2$,-107.74930084236145,reddit,spectral,Max-degree heuristic,99,631,553,100,0,8.402642965316772,0.08487518146784619
75,Surrogate,24.593524269755907,reddit,spectral,Max-degree heuristic,99,631,553,100,0,8.402642965316772,0.08487518146784619
75,Disparity,121.91250443697564,reddit,spectral,Max-degree heuristic,99,631,553,100,0,8.402642965316772,0.08487518146784619
75,Polarization,107.30871282066792,reddit,spectral,Max-degree heuristic,99,631,553,100,0,8.402642965316772,0.08487518146784619
75,$\|L_{t} - L_{0}\|_F$ / $\|L_{0}\|_F$,4.6147623614470215,reddit,spectral,Max-degree heuristic,99,631,553,100,0,8.402642965316772,0.08487518146784619
76,Fiedler $\lambda_2$,-107.74975363392791,reddit,spectral,Max-degree heuristic,99,631,553,100,0,8.402642965316772,0.08487518146784619
76,Surrogate,25.651271164888623,reddit,spectral,Max-degree heuristic,99,631,553,100,0,8.402642965316772,0.08487518146784619
76,Disparity,128.65551348129017,reddit,spectral,Max-degree heuristic,99,631,553,100,0,8.402642965316772,0.08487518146784619
76,Polarization,113.78175008850664,reddit,spectral,Max-degree heuristic,99,631,553,100,0,8.402642965316772,0.08487518146784619
76,$\|L_{t} - L_{0}\|_F$ / $\|L_{0}\|_F$,4.678084504634707,reddit,spectral,Max-degree heuristic,99,631,553,100,0,8.402642965316772,0.08487518146784619
77,Fiedler $\lambda_2$,-107.74975425224949,reddit,spectral,Max-degree heuristic,99,631,553,100,0,8.402642965316772,0.08487518146784619
77,Surrogate,25.680108671088387,reddit,spectral,Max-degree heuristic,99,631,553,100,0,8.402642965316772,0.08487518146784619
77,Disparity,129.0597424010568,reddit,spectral,Max-degree heuristic,99,631,553,100,0,8.402642965316772,0.08487518146784619
77,Polarization,113.59154324372507,reddit,spectral,Max-degree heuristic,99,631,553,100,0,8.402642965316772,0.08487518146784619
77,$\|L_{t} - L_{0}\|_F$ / $\|L_{0}\|_F$,4.704961687518965,reddit,spectral,Max-degree heuristic,99,631,553,100,0,8.402642965316772,0.08487518146784619
78,Fiedler $\lambda_2$,-107.74975518596945,reddit,spectral,Max-degree heuristic,99,631,553,100,0,8.402642965316772,0.08487518146784619
78,Surrogate,25.7093485251142,reddit,spectral,Max-degree heuristic,99,631,553,100,0,8.402642965316772,0.08487518146784619
78,Disparity,129.13677906887162,reddit,spectral,Max-degree heuristic,99,631,553,100,0,8.402642965316772,0.08487518146784619
78,Polarization,113.70433866329554,reddit,spectral,Max-degree heuristic,99,631,553,100,0,8.402642965316772,0.08487518146784619
78,$\|L_{t} - L_{0}\|_F$ / $\|L_{0}\|_F$,4.77002395750549,reddit,spectral,Max-degree heuristic,99,631,553,100,0,8.402642965316772,0.08487518146784619
79,Fiedler $\lambda_2$,-107.7497678017415,reddit,spectral,Max-degree heuristic,99,631,553,100,0,8.402642965316772,0.08487518146784619
79,Surrogate,25.708460524118486,reddit,spectral,Max-degree heuristic,99,631,553,100,0,8.402642965316772,0.08487518146784619
79,Disparity,129.13661182142528,reddit,spectral,Max-degree heuristic,99,631,553,100,0,8.402642965316772,0.08487518146784619
79,Polarization,113.72745183548858,reddit,spectral,Max-degree heuristic,99,631,553,100,0,8.402642965316772,0.08487518146784619
79,$\|L_{t} - L_{0}\|_F$ / $\|L_{0}\|_F$,4.819697828488057,reddit,spectral,Max-degree heuristic,99,631,553,100,0,8.402642965316772,0.08487518146784619
80,Fiedler $\lambda_2$,-107.74897173814941,reddit,spectral,Max-degree heuristic,99,631,553,100,0,8.402642965316772,0.08487518146784619
80,Surrogate,25.708510385562462,reddit,spectral,Max-degree heuristic,99,631,553,100,0,8.402642965316772,0.08487518146784619
80,Disparity,129.14983290764584,reddit,spectral,Max-degree heuristic,99,631,553,100,0,8.402642965316772,0.08487518146784619
80,Polarization,113.73399993149225,reddit,spectral,Max-degree heuristic,99,631,553,100,0,8.402642965316772,0.08487518146784619
80,$\|L_{t} - L_{0}\|_F$ / $\|L_{0}\|_F$,4.891831407042442,reddit,spectral,Max-degree heuristic,99,631,553,100,0,8.402642965316772,0.08487518146784619
81,Fiedler $\lambda_2$,-107.74897078795829,reddit,spectral,Max-degree heuristic,99,631,553,100,0,8.402642965316772,0.08487518146784619
81,Surrogate,25.742688124050446,reddit,spectral,Max-degree heuristic,99,631,553,100,0,8.402642965316772,0.08487518146784619
81,Disparity,129.70521761911323,reddit,spectral,Max-degree heuristic,99,631,553,100,0,8.402642965316772,0.08487518146784619
81,Polarization,113.85528751454781,reddit,spectral,Max-degree heuristic,99,631,553,100,0,8.402642965316772,0.08487518146784619
81,$\|L_{t} - L_{0}\|_F$ / $\|L_{0}\|_F$,4.982638812103441,reddit,spectral,Max-degree heuristic,99,631,553,100,0,8.402642965316772,0.08487518146784619
82,Fiedler $\lambda_2$,-107.74897616817158,reddit,spectral,Max-degree heuristic,99,631,553,100,0,8.402642965316772,0.08487518146784619
82,Surrogate,25.775495746114284,reddit,spectral,Max-degree heuristic,99,631,553,100,0,8.402642965316772,0.08487518146784619
82,Disparity,129.59066256406388,reddit,spectral,Max-degree heuristic,99,631,553,100,0,8.402642965316772,0.08487518146784619
82,Polarization,114.48177248942173,reddit,spectral,Max-degree heuristic,99,631,553,100,0,8.402642965316772,0.08487518146784619
82,$\|L_{t} - L_{0}\|_F$ / $\|L_{0}\|_F$,5.032998035854527,reddit,spectral,Max-degree heuristic,99,631,553,100,0,8.402642965316772,0.08487518146784619
83,Fiedler $\lambda_2$,-107.74911046287694,reddit,spectral,Max-degree heuristic,99,631,553,100,0,8.402642965316772,0.08487518146784619
83,Surrogate,25.899821077832048,reddit,spectral,Max-degree heuristic,99,631,553,100,0,8.402642965316772,0.08487518146784619
83,Disparity,130.01989834500867,reddit,spectral,Max-degree heuristic,99,631,553,100,0,8.402642965316772,0.08487518146784619
83,Polarization,114.97343627637859,reddit,spectral,Max-degree heuristic,99,631,553,100,0,8.402642965316772,0.08487518146784619
83,$\|L_{t} - L_{0}\|_F$ / $\|L_{0}\|_F$,5.069057452283667,reddit,spectral,Max-degree heuristic,99,631,553,100,0,8.402642965316772,0.08487518146784619
84,Fiedler $\lambda_2$,-107.74842366164728,reddit,spectral,Max-degree heuristic,99,631,553,100,0,8.402642965316772,0.08487518146784619
84,Surrogate,25.900598608759402,reddit,spectral,Max-degree heuristic,99,631,553,100,0,8.402642965316772,0.08487518146784619
84,Disparity,129.97485860176175,reddit,spectral,Max-degree heuristic,99,631,553,100,0,8.402642965316772,0.08487518146784619
84,Polarization,115.06279031301658,reddit,spectral,Max-degree heuristic,99,631,553,100,0,8.402642965316772,0.08487518146784619
84,$\|L_{t} - L_{0}\|_F$ / $\|L_{0}\|_F$,5.151308210828177,reddit,spectral,Max-degree heuristic,99,631,553,100,0,8.402642965316772,0.08487518146784619
85,Fiedler $\lambda_2$,-107.74841759111278,reddit,spectral,Max-degree heuristic,99,631,553,100,0,8.402642965316772,0.08487518146784619
85,Surrogate,25.916650995563568,reddit,spectral,Max-degree heuristic,99,631,553,100,0,8.402642965316772,0.08487518146784619
85,Disparity,129.98885488738088,reddit,spectral,Max-degree heuristic,99,631,553,100,0,8.402642965316772,0.08487518146784619
85,Polarization,115.01827901304867,reddit,spectral,Max-degree heuristic,99,631,553,100,0,8.402642965316772,0.08487518146784619
85,$\|L_{t} - L_{0}\|_F$ / $\|L_{0}\|_F$,5.232266154482111,reddit,spectral,Max-degree heuristic,99,631,553,100,0,8.402642965316772,0.08487518146784619
86,Fiedler $\lambda_2$,-107.74841932834195,reddit,spectral,Max-degree heuristic,99,631,553,100,0,8.402642965316772,0.08487518146784619
86,Surrogate,26.69115232595849,reddit,spectral,Max-degree heuristic,99,631,553,100,0,8.402642965316772,0.08487518146784619
86,Disparity,136.9289531522957,reddit,spectral,Max-degree heuristic,99,631,553,100,0,8.402642965316772,0.08487518146784619
86,Polarization,120.17034982421112,reddit,spectral,Max-degree heuristic,99,631,553,100,0,8.402642965316772,0.08487518146784619
86,$\|L_{t} - L_{0}\|_F$ / $\|L_{0}\|_F$,5.250976744501677,reddit,spectral,Max-degree heuristic,99,631,553,100,0,8.402642965316772,0.08487518146784619
87,Fiedler $\lambda_2$,-107.74842002189378,reddit,spectral,Max-degree heuristic,99,631,553,100,0,8.402642965316772,0.08487518146784619
87,Surrogate,27.046890945451956,reddit,spectral,Max-degree heuristic,99,631,553,100,0,8.402642965316772,0.08487518146784619
87,Disparity,140.73619232430087,reddit,spectral,Max-degree heuristic,99,631,553,100,0,8.402642965316772,0.08487518146784619
87,Polarization,123.3003118943671,reddit,spectral,Max-degree heuristic,99,631,553,100,0,8.402642965316772,0.08487518146784619
87,$\|L_{t} - L_{0}\|_F$ / $\|L_{0}\|_F$,5.272278968864946,reddit,spectral,Max-degree heuristic,99,631,553,100,0,8.402642965316772,0.08487518146784619
88,Fiedler $\lambda_2$,-107.74841886546412,reddit,spectral,Max-degree heuristic,99,631,553,100,0,8.402642965316772,0.08487518146784619
88,Surrogate,27.841686893492245,reddit,spectral,Max-degree heuristic,99,631,553,100,0,8.402642965316772,0.08487518146784619
88,Disparity,142.26503780217092,reddit,spectral,Max-degree heuristic,99,631,553,100,0,8.402642965316772,0.08487518146784619
88,Polarization,125.26162205951039,reddit,spectral,Max-degree heuristic,99,631,553,100,0,8.402642965316772,0.08487518146784619
88,$\|L_{t} - L_{0}\|_F$ / $\|L_{0}\|_F$,5.317262841753431,reddit,spectral,Max-degree heuristic,99,631,553,100,0,8.402642965316772,0.08487518146784619
89,Fiedler $\lambda_2$,-107.74843918227972,reddit,spectral,Max-degree heuristic,99,631,553,100,0,8.402642965316772,0.08487518146784619
89,Surrogate,27.848212182380987,reddit,spectral,Max-degree heuristic,99,631,553,100,0,8.402642965316772,0.08487518146784619
89,Disparity,142.21702625375661,reddit,spectral,Max-degree heuristic,99,631,553,100,0,8.402642965316772,0.08487518146784619
89,Polarization,125.27451769663315,reddit,spectral,Max-degree heuristic,99,631,553,100,0,8.402642965316772,0.08487518146784619
89,$\|L_{t} - L_{0}\|_F$ / $\|L_{0}\|_F$,5.351407137746934,reddit,spectral,Max-degree heuristic,99,631,553,100,0,8.402642965316772,0.08487518146784619
90,Fiedler $\lambda_2$,-107.7484399041248,reddit,spectral,Max-degree heuristic,99,631,553,100,0,8.402642965316772,0.08487518146784619
90,Surrogate,27.855537227223664,reddit,spectral,Max-degree heuristic,99,631,553,100,0,8.402642965316772,0.08487518146784619
90,Disparity,142.19948340494082,reddit,spectral,Max-degree heuristic,99,631,553,100,0,8.402642965316772,0.08487518146784619
90,Polarization,125.341076825878,reddit,spectral,Max-degree heuristic,99,631,553,100,0,8.402642965316772,0.08487518146784619
90,$\|L_{t} - L_{0}\|_F$ / $\|L_{0}\|_F$,5.393134140961562,reddit,spectral,Max-degree heuristic,99,631,553,100,0,8.402642965316772,0.08487518146784619
91,Fiedler $\lambda_2$,-107.74843898564852,reddit,spectral,Max-degree heuristic,99,631,553,100,0,8.402642965316772,0.08487518146784619
91,Surrogate,27.729495365084283,reddit,spectral,Max-degree heuristic,99,631,553,100,0,8.402642965316772,0.08487518146784619
91,Disparity,142.04689410434906,reddit,spectral,Max-degree heuristic,99,631,553,100,0,8.402642965316772,0.08487518146784619
91,Polarization,125.35079311813142,reddit,spectral,Max-degree heuristic,99,631,553,100,0,8.402642965316772,0.08487518146784619
91,$\|L_{t} - L_{0}\|_F$ / $\|L_{0}\|_F$,5.496065832356465,reddit,spectral,Max-degree heuristic,99,631,553,100,0,8.402642965316772,0.08487518146784619
92,Fiedler $\lambda_2$,-107.74844240787395,reddit,spectral,Max-degree heuristic,99,631,553,100,0,8.402642965316772,0.08487518146784619
92,Surrogate,27.715733753477316,reddit,spectral,Max-degree heuristic,99,631,553,100,0,8.402642965316772,0.08487518146784619
92,Disparity,142.0269875142607,reddit,spectral,Max-degree heuristic,99,631,553,100,0,8.402642965316772,0.08487518146784619
92,Polarization,125.24884247069268,reddit,spectral,Max-degree heuristic,99,631,553,100,0,8.402642965316772,0.08487518146784619
92,$\|L_{t} - L_{0}\|_F$ / $\|L_{0}\|_F$,5.51133978260049,reddit,spectral,Max-degree heuristic,99,631,553,100,0,8.402642965316772,0.08487518146784619
93,Fiedler $\lambda_2$,-107.7484552996069,reddit,spectral,Max-degree heuristic,99,631,553,100,0,8.402642965316772,0.08487518146784619
93,Surrogate,6.9780509583443315,reddit,spectral,Max-degree heuristic,99,631,553,100,0,8.402642965316772,0.08487518146784619
93,Disparity,48.684113843450646,reddit,spectral,Max-degree heuristic,99,631,553,100,0,8.402642965316772,0.08487518146784619
93,Polarization,45.07981126885855,reddit,spectral,Max-degree heuristic,99,631,553,100,0,8.402642965316772,0.08487518146784619
93,$\|L_{t} - L_{0}\|_F$ / $\|L_{0}\|_F$,5.5619500253841085,reddit,spectral,Max-degree heuristic,99,631,553,100,0,8.402642965316772,0.08487518146784619
94,Fiedler $\lambda_2$,-107.74870918493198,reddit,spectral,Max-degree heuristic,99,631,553,100,0,8.402642965316772,0.08487518146784619
94,Surrogate,7.135523078283046,reddit,spectral,Max-degree heuristic,99,631,553,100,0,8.402642965316772,0.08487518146784619
94,Disparity,48.8617753729813,reddit,spectral,Max-degree heuristic,99,631,553,100,0,8.402642965316772,0.08487518146784619
94,Polarization,45.32041042027677,reddit,spectral,Max-degree heuristic,99,631,553,100,0,8.402642965316772,0.08487518146784619
94,$\|L_{t} - L_{0}\|_F$ / $\|L_{0}\|_F$,5.602109030833537,reddit,spectral,Max-degree heuristic,99,631,553,100,0,8.402642965316772,0.08487518146784619
95,Fiedler $\lambda_2$,-107.74871015710164,reddit,spectral,Max-degree heuristic,99,631,553,100,0,8.402642965316772,0.08487518146784619
95,Surrogate,7.222780179608915,reddit,spectral,Max-degree heuristic,99,631,553,100,0,8.402642965316772,0.08487518146784619
95,Disparity,48.89672266712127,reddit,spectral,Max-degree heuristic,99,631,553,100,0,8.402642965316772,0.08487518146784619
95,Polarization,45.48002425306002,reddit,spectral,Max-degree heuristic,99,631,553,100,0,8.402642965316772,0.08487518146784619
95,$\|L_{t} - L_{0}\|_F$ / $\|L_{0}\|_F$,5.679109042448442,reddit,spectral,Max-degree heuristic,99,631,553,100,0,8.402642965316772,0.08487518146784619
96,Fiedler $\lambda_2$,-107.74880330869965,reddit,spectral,Max-degree heuristic,99,631,553,100,0,8.402642965316772,0.08487518146784619
96,Surrogate,7.27836489967586,reddit,spectral,Max-degree heuristic,99,631,553,100,0,8.402642965316772,0.08487518146784619
96,Disparity,49.00917943692832,reddit,spectral,Max-degree heuristic,99,631,553,100,0,8.402642965316772,0.08487518146784619
96,Polarization,45.60851452881309,reddit,spectral,Max-degree heuristic,99,631,553,100,0,8.402642965316772,0.08487518146784619
96,$\|L_{t} - L_{0}\|_F$ / $\|L_{0}\|_F$,5.701269101221027,reddit,spectral,Max-degree heuristic,99,631,553,100,0,8.402642965316772,0.08487518146784619
97,Fiedler $\lambda_2$,-107.74879121824432,reddit,spectral,Max-degree heuristic,99,631,553,100,0,8.402642965316772,0.08487518146784619
97,Surrogate,7.297761161149152,reddit,spectral,Max-degree heuristic,99,631,553,100,0,8.402642965316772,0.08487518146784619
97,Disparity,49.03375688310194,reddit,spectral,Max-degree heuristic,99,631,553,100,0,8.402642965316772,0.08487518146784619
97,Polarization,45.642030202635134,reddit,spectral,Max-degree heuristic,99,631,553,100,0,8.402642965316772,0.08487518146784619
97,$\|L_{t} - L_{0}\|_F$ / $\|L_{0}\|_F$,5.757512877360537,reddit,spectral,Max-degree heuristic,99,631,553,100,0,8.402642965316772,0.08487518146784619
98,Fiedler $\lambda_2$,-107.74879277447367,reddit,spectral,Max-degree heuristic,99,631,553,100,0,8.402642965316772,0.08487518146784619
98,Surrogate,14.632367018706177,reddit,spectral,Max-degree heuristic,99,631,553,100,0,8.402642965316772,0.08487518146784619
98,Disparity,70.31130558337149,reddit,spectral,Max-degree heuristic,99,631,553,100,0,8.402642965316772,0.08487518146784619
98,Polarization,68.59737938433754,reddit,spectral,Max-degree heuristic,99,631,553,100,0,8.402642965316772,0.08487518146784619
98,$\|L_{t} - L_{0}\|_F$ / $\|L_{0}\|_F$,5.79389945953233,reddit,spectral,Max-degree heuristic,99,631,553,100,0,8.402642965316772,0.08487518146784619
0,Fiedler $\lambda_2$,-0.548325333565779,twitter,spectral,Random rewiring,99,630,548,100,0,6.910407304763794,0.06980209398751307
0,Surrogate,0.028317956247463718,twitter,spectral,Random rewiring,99,630,548,100,0,6.910407304763794,0.06980209398751307
0,Disparity,0.014947098536996443,twitter,spectral,Random rewiring,99,630,548,100,0,6.910407304763794,0.06980209398751307
0,Polarization,-0.06471417944138157,twitter,spectral,Random rewiring,99,630,548,100,0,6.910407304763794,0.06980209398751307
0,$\|L_{t} - L_{0}\|_F$ / $\|L_{0}\|_F$,0.6150004510645588,twitter,spectral,Random rewiring,99,630,548,100,0,6.910407304763794,0.06980209398751307
1,Fiedler $\lambda_2$,-0.5472412462092927,twitter,spectral,Random rewiring,99,630,548,100,0,6.910407304763794,0.06980209398751307
1,Surrogate,0.01971975645828032,twitter,spectral,Random rewiring,99,630,548,100,0,6.910407304763794,0.06980209398751307
1,Disparity,0.01991043027298198,twitter,spectral,Random rewiring,99,630,548,100,0,6.910407304763794,0.06980209398751307
1,Polarization,-0.09230098959215292,twitter,spectral,Random rewiring,99,630,548,100,0,6.910407304763794,0.06980209398751307
1,$\|L_{t} - L_{0}\|_F$ / $\|L_{0}\|_F$,0.8697419787610701,twitter,spectral,Random rewiring,99,630,548,100,0,6.910407304763794,0.06980209398751307
2,Fiedler $\lambda_2$,-0.15748917167964743,twitter,spectral,Random rewiring,99,630,548,100,0,6.910407304763794,0.06980209398751307
2,Surrogate,0.04601107238987932,twitter,spectral,Random rewiring,99,630,548,100,0,6.910407304763794,0.06980209398751307
2,Disparity,0.02838728268808166,twitter,spectral,Random rewiring,99,630,548,100,0,6.910407304763794,0.06980209398751307
2,Polarization,-0.15015780465583461,twitter,spectral,Random rewiring,99,630,548,100,0,6.910407304763794,0.06980209398751307
2,$\|L_{t} - L_{0}\|_F$ / $\|L_{0}\|_F$,1.0652120279215926,twitter,spectral,Random rewiring,99,630,548,100,0,6.910407304763794,0.06980209398751307
3,Fiedler $\lambda_2$,1.4280233458220044,twitter,spectral,Random rewiring,99,630,548,100,0,6.910407304763794,0.06980209398751307
3,Surrogate,0.1405722339579317,twitter,spectral,Random rewiring,99,630,548,100,0,6.910407304763794,0.06980209398751307
3,Disparity,0.16956026370189864,twitter,spectral,Random rewiring,99,630,548,100,0,6.910407304763794,0.06980209398751307
3,Polarization,-0.25629260504654366,twitter,spectral,Random rewiring,99,630,548,100,0,6.910407304763794,0.06980209398751307
3,$\|L_{t} - L_{0}\|_F$ / $\|L_{0}\|_F$,1.2300009021291176,twitter,spectral,Random rewiring,99,630,548,100,0,6.910407304763794,0.06980209398751307
4,Fiedler $\lambda_2$,1.4280388396564272,twitter,spectral,Random rewiring,99,630,548,100,0,6.910407304763794,0.06980209398751307
4,Surrogate,0.13144268785698665,twitter,spectral,Random rewiring,99,630,548,100,0,6.910407304763794,0.06980209398751307
4,Disparity,0.201343546132479,twitter,spectral,Random rewiring,99,630,548,100,0,6.910407304763794,0.06980209398751307
4,Polarization,-0.2841761073264792,twitter,spectral,Random rewiring,99,630,548,100,0,6.910407304763794,0.06980209398751307
4,$\|L_{t} - L_{0}\|_F$ / $\|L_{0}\|_F$,1.3751828147733864,twitter,spectral,Random rewiring,99,630,548,100,0,6.910407304763794,0.06980209398751307
5,Fiedler $\lambda_2$,-0.4305059237085501,twitter,spectral,Random rewiring,99,630,548,100,0,6.910407304763794,0.06980209398751307
5,Surrogate,0.19026430473843525,twitter,spectral,Random rewiring,99,630,548,100,0,6.910407304763794,0.06980209398751307
5,Disparity,0.2718984900164646,twitter,spectral,Random rewiring,99,630,548,100,0,6.910407304763794,0.06980209398751307
5,Polarization,-0.28535894536266054,twitter,spectral,Random rewiring,99,630,548,100,0,6.910407304763794,0.06980209398751307
5,$\|L_{t} - L_{0}\|_F$ / $\|L_{0}\|_F$,1.4747192750334763,twitter,spectral,Random rewiring,99,630,548,100,0,6.910407304763794,0.06980209398751307
6,Fiedler $\lambda_2$,-6.379934380705257,twitter,spectral,Random rewiring,99,630,548,100,0,6.910407304763794,0.06980209398751307
6,Surrogate,0.1496488302213773,twitter,spectral,Random rewiring,99,630,548,100,0,6.910407304763794,0.06980209398751307
6,Disparity,0.24856912816103774,twitter,spectral,Random rewiring,99,630,548,100,0,6.910407304763794,0.06980209398751307
6,Polarization,-0.298395053450948,twitter,spectral,Random rewiring,99,630,548,100,0,6.910407304763794,0.06980209398751307
6,$\|L_{t} - L_{0}\|_F$ / $\|L_{0}\|_F$,1.6271382497093712,twitter,spectral,Random rewiring,99,630,548,100,0,6.910407304763794,0.06980209398751307
7,Fiedler $\lambda_2$,-5.133980959743284,twitter,spectral,Random rewiring,99,630,548,100,0,6.910407304763794,0.06980209398751307
7,Surrogate,0.17358863366437013,twitter,spectral,Random rewiring,99,630,548,100,0,6.910407304763794,0.06980209398751307
7,Disparity,0.24871524731856542,twitter,spectral,Random rewiring,99,630,548,100,0,6.910407304763794,0.06980209398751307
7,Polarization,-0.30937035050904343,twitter,spectral,Random rewiring,99,630,548,100,0,6.910407304763794,0.06980209398751307
7,$\|L_{t} - L_{0}\|_F$ / $\|L_{0}\|_F$,1.7394839575221401,twitter,spectral,Random rewiring,99,630,548,100,0,6.910407304763794,0.06980209398751307
8,Fiedler $\lambda_2$,-5.099928328302479,twitter,spectral,Random rewiring,99,630,548,100,0,6.910407304763794,0.06980209398751307
8,Surrogate,0.2668911734839697,twitter,spectral,Random rewiring,99,630,548,100,0,6.910407304763794,0.06980209398751307
8,Disparity,0.3442538514480842,twitter,spectral,Random rewiring,99,630,548,100,0,6.910407304763794,0.06980209398751307
8,Polarization,-0.22142309705855956,twitter,spectral,Random rewiring,99,630,548,100,0,6.910407304763794,0.06980209398751307
8,$\|L_{t} - L_{0}\|_F$ / $\|L_{0}\|_F$,1.845001353193676,twitter,spectral,Random rewiring,99,630,548,100,0,6.910407304763794,0.06980209398751307
9,Fiedler $\lambda_2$,-5.693491934288871,twitter,spectral,Random rewiring,99,630,548,100,0,6.910407304763794,0.06980209398751307
9,Surrogate,0.2757079479173793,twitter,spectral,Random rewiring,99,630,548,100,0,6.910407304763794,0.06980209398751307
9,Disparity,0.40962037006275914,twitter,spectral,Random rewiring,99,630,548,100,0,6.910407304763794,0.06980209398751307
9,Polarization,-0.2117020443907664,twitter,spectral,Random rewiring,99,630,548,100,0,6.910407304763794,0.06980209398751307
9,$\|L_{t} - L_{0}\|_F$ / $\|L_{0}\|_F$,1.9448021873949308,twitter,spectral,Random rewiring,99,630,548,100,0,6.910407304763794,0.06980209398751307
10,Fiedler $\lambda_2$,-4.46690058414228,twitter,spectral,Random rewiring,99,630,548,100,0,6.910407304763794,0.06980209398751307
10,Surrogate,0.348794839110983,twitter,spectral,Random rewiring,99,630,548,100,0,6.910407304763794,0.06980209398751307
10,Disparity,0.49330637036797875,twitter,spectral,Random rewiring,99,630,548,100,0,6.910407304763794,0.06980209398751307
10,Polarization,-0.014223719291290812,twitter,spectral,Random rewiring,99,630,548,100,0,6.910407304763794,0.06980209398751307
10,$\|L_{t} - L_{0}\|_F$ / $\|L_{0}\|_F$,2.039725742080469,twitter,spectral,Random rewiring,99,630,548,100,0,6.910407304763794,0.06980209398751307
11,Fiedler $\lambda_2$,-3.397647516698405,twitter,spectral,Random rewiring,99,630,548,100,0,6.910407304763794,0.06980209398751307
11,Surrogate,0.3684723273673109,twitter,spectral,Random rewiring,99,630,548,100,0,6.910407304763794,0.06980209398751307
11,Disparity,0.49125277648150295,twitter,spectral,Random rewiring,99,630,548,100,0,6.910407304763794,0.06980209398751307
11,Polarization,-0.01881753457790114,twitter,spectral,Random rewiring,99,630,548,100,0,6.910407304763794,0.06980209398751307
11,$\|L_{t} - L_{0}\|_F$ / $\|L_{0}\|_F$,2.10811533579473,twitter,spectral,Random rewiring,99,630,548,100,0,6.910407304763794,0.06980209398751307
12,Fiedler $\lambda_2$,-4.054070710621599,twitter,spectral,Random rewiring,99,630,548,100,0,6.910407304763794,0.06980209398751307
12,Surrogate,0.33988827728806803,twitter,spectral,Random rewiring,99,630,548,100,0,6.910407304763794,0.06980209398751307
12,Disparity,0.4909623118681773,twitter,spectral,Random rewiring,99,630,548,100,0,6.910407304763794,0.06980209398751307
12,Polarization,0.009438152174040591,twitter,spectral,Random rewiring,99,630,548,100,0,6.910407304763794,0.06980209398751307
12,$\|L_{t} - L_{0}\|_F$ / $\|L_{0}\|_F$,2.2174156607467483,twitter,spectral,Random rewiring,99,630,548,100,0,6.910407304763794,0.06980209398751307
13,Fiedler $\lambda_2$,-4.186181176261924,twitter,spectral,Random rewiring,99,630,548,100,0,6.910407304763794,0.06980209398751307
13,Surrogate,0.3313907574878395,twitter,spectral,Random rewiring,99,630,548,100,0,6.910407304763794,0.06980209398751307
13,Disparity,0.47085381266103027,twitter,spectral,Random rewiring,99,630,548,100,0,6.910407304763794,0.06980209398751307
13,Polarization,0.141708009916425,twitter,spectral,Random rewiring,99,630,548,100,0,6.910407304763794,0.06980209398751307
13,$\|L_{t} - L_{0}\|_F$ / $\|L_{0}\|_F$,2.3011209805950124,twitter,spectral,Random rewiring,99,630,548,100,0,6.910407304763794,0.06980209398751307
14,Fiedler $\lambda_2$,-90.45476015610284,twitter,spectral,Random rewiring,99,630,548,100,0,6.910407304763794,0.06980209398751307
14,Surrogate,0.3749074694426796,twitter,spectral,Random rewiring,99,630,548,100,0,6.910407304763794,0.06980209398751307
14,Disparity,0.6012979307985561,twitter,spectral,Random rewiring,99,630,548,100,0,6.910407304763794,0.06980209398751307
14,Polarization,0.28901282147452717,twitter,spectral,Random rewiring,99,630,548,100,0,6.910407304763794,0.06980209398751307
14,$\|L_{t} - L_{0}\|_F$ / $\|L_{0}\|_F$,2.4016535368047083,twitter,spectral,Random rewiring,99,630,548,100,0,6.910407304763794,0.06980209398751307
15,Fiedler $\lambda_2$,-90.45508337575002,twitter,spectral,Random rewiring,99,630,548,100,0,6.910407304763794,0.06980209398751307
15,Surrogate,0.38000088078765243,twitter,spectral,Random rewiring,99,630,548,100,0,6.910407304763794,0.06980209398751307
15,Disparity,0.5673422929449087,twitter,spectral,Random rewiring,99,630,548,100,0,6.910407304763794,0.06980209398751307
15,Polarization,0.67444945985845,twitter,spectral,Random rewiring,99,630,548,100,0,6.910407304763794,0.06980209398751307
15,$\|L_{t} - L_{0}\|_F$ / $\|L_{0}\|_F$,2.4600018042582352,twitter,spectral,Random rewiring,99,630,548,100,0,6.910407304763794,0.06980209398751307
16,Fiedler $\lambda_2$,-90.53607971874693,twitter,spectral,Random rewiring,99,630,548,100,0,6.910407304763794,0.06980209398751307
16,Surrogate,0.2365367735344577,twitter,spectral,Random rewiring,99,630,548,100,0,6.910407304763794,0.06980209398751307
16,Disparity,0.44804889608482484,twitter,spectral,Random rewiring,99,630,548,100,0,6.910407304763794,0.06980209398751307
16,Polarization,0.8033747975053084,twitter,spectral,Random rewiring,99,630,548,100,0,6.910407304763794,0.06980209398751307
16,$\|L_{t} - L_{0}\|_F$ / $\|L_{0}\|_F$,2.5169978234120465,twitter,spectral,Random rewiring,99,630,548,100,0,6.910407304763794,0.06980209398751307
17,Fiedler $\lambda_2$,-90.55564254916952,twitter,spectral,Random rewiring,99,630,548,100,0,6.910407304763794,0.06980209398751307
17,Surrogate,0.2906409108734398,twitter,spectral,Random rewiring,99,630,548,100,0,6.910407304763794,0.06980209398751307
17,Disparity,0.4820435798436996,twitter,spectral,Random rewiring,99,630,548,100,0,6.910407304763794,0.06980209398751307
17,Polarization,0.8091636951407413,twitter,spectral,Random rewiring,99,630,548,100,0,6.910407304763794,0.06980209398751307
17,$\|L_{t} - L_{0}\|_F$ / $\|L_{0}\|_F$,2.60922593628321,twitter,spectral,Random rewiring,99,630,548,100,0,6.910407304763794,0.06980209398751307
18,Fiedler $\lambda_2$,-90.5508937437625,twitter,spectral,Random rewiring,99,630,548,100,0,6.910407304763794,0.06980209398751307
18,Surrogate,0.6332335385107327,twitter,spectral,Random rewiring,99,630,548,100,0,6.910407304763794,0.06980209398751307
18,Disparity,0.9894817851926243,twitter,spectral,Random rewiring,99,630,548,100,0,6.910407304763794,0.06980209398751307
18,Polarization,0.40965487020152136,twitter,spectral,Random rewiring,99,630,548,100,0,6.910407304763794,0.06980209398751307
18,$\|L_{t} - L_{0}\|_F$ / $\|L_{0}\|_F$,2.663030069803982,twitter,spectral,Random rewiring,99,630,548,100,0,6.910407304763794,0.06980209398751307
19,Fiedler $\lambda_2$,-90.21321586006069,twitter,spectral,Random rewiring,99,630,548,100,0,6.910407304763794,0.06980209398751307
19,Surrogate,0.5308112744411353,twitter,spectral,Random rewiring,99,630,548,100,0,6.910407304763794,0.06980209398751307
19,Disparity,0.9003100167258344,twitter,spectral,Random rewiring,99,630,548,100,0,6.910407304763794,0.06980209398751307
19,Polarization,0.5069978246800517,twitter,spectral,Random rewiring,99,630,548,100,0,6.910407304763794,0.06980209398751307
19,$\|L_{t} - L_{0}\|_F$ / $\|L_{0}\|_F$,2.73312178789929,twitter,spectral,Random rewiring,99,630,548,100,0,6.910407304763794,0.06980209398751307
20,Fiedler $\lambda_2$,-90.20544441782846,twitter,spectral,Random rewiring,99,630,548,100,0,6.910407304763794,0.06980209398751307
20,Surrogate,0.6091527039215485,twitter,spectral,Random rewiring,99,630,548,100,0,6.910407304763794,0.06980209398751307
20,Disparity,0.903426320411156,twitter,spectral,Random rewiring,99,630,548,100,0,6.910407304763794,0.06980209398751307
20,Polarization,0.6296175836137975,twitter,spectral,Random rewiring,99,630,548,100,0,6.910407304763794,0.06980209398751307
20,$\|L_{t} - L_{0}\|_F$ / $\|L_{0}\|_F$,2.8014603802837232,twitter,spectral,Random rewiring,99,630,548,100,0,6.910407304763794,0.06980209398751307
21,Fiedler $\lambda_2$,-90.2150359835819,twitter,spectral,Random rewiring,99,630,548,100,0,6.910407304763794,0.06980209398751307
21,Surrogate,0.5879702902450742,twitter,spectral,Random rewiring,99,630,548,100,0,6.910407304763794,0.06980209398751307
21,Disparity,0.9602545032053923,twitter,spectral,Random rewiring,99,630,548,100,0,6.910407304763794,0.06980209398751307
21,Polarization,0.5896986334193224,twitter,spectral,Random rewiring,99,630,548,100,0,6.910407304763794,0.06980209398751307
21,$\|L_{t} - L_{0}\|_F$ / $\|L_{0}\|_F$,2.868171162449869,twitter,spectral,Random rewiring,99,630,548,100,0,6.910407304763794,0.06980209398751307
22,Fiedler $\lambda_2$,-99.99999999999169,twitter,spectral,Random rewiring,99,630,548,100,0,6.910407304763794,0.06980209398751307
22,Surrogate,0.5667644743138431,twitter,spectral,Random rewiring,99,630,548,100,0,6.910407304763794,0.06980209398751307
22,Disparity,0.9422083495929028,twitter,spectral,Random rewiring,99,630,548,100,0,6.910407304763794,0.06980209398751307
22,Polarization,0.5600310058964889,twitter,spectral,Random rewiring,99,630,548,100,0,6.910407304763794,0.06980209398751307
22,$\|L_{t} - L_{0}\|_F$ / $\|L_{0}\|_F$,2.9494385500669527,twitter,spectral,Random rewiring,99,630,548,100,0,6.910407304763794,0.06980209398751307
23,Fiedler $\lambda_2$,-100.00000000000477,twitter,spectral,Random rewiring,99,630,548,100,0,6.910407304763794,0.06980209398751307
23,Surrogate,0.555788934866664,twitter,spectral,Random rewiring,99,630,548,100,0,6.910407304763794,0.06980209398751307
23,Disparity,0.9490982698014488,twitter,spectral,Random rewiring,99,630,548,100,0,6.910407304763794,0.06980209398751307
23,Polarization,0.5843493203266853,twitter,spectral,Random rewiring,99,630,548,100,0,6.910407304763794,0.06980209398751307
23,$\|L_{t} - L_{0}\|_F$ / $\|L_{0}\|_F$,3.0128745933793293,twitter,spectral,Random rewiring,99,630,548,100,0,6.910407304763794,0.06980209398751307
24,Fiedler $\lambda_2$,-99.99999999999724,twitter,spectral,Random rewiring,99,630,548,100,0,6.910407304763794,0.06980209398751307
24,Surrogate,0.5771539150135601,twitter,spectral,Random rewiring,99,630,548,100,0,6.910407304763794,0.06980209398751307
24,Disparity,0.9370303674036592,twitter,spectral,Random rewiring,99,630,548,100,0,6.910407304763794,0.06980209398751307
24,Polarization,0.5297523621871744,twitter,spectral,Random rewiring,99,630,548,100,0,6.910407304763794,0.06980209398751307
24,$\|L_{t} - L_{0}\|_F$ / $\|L_{0}\|_F$,3.044096925663745,twitter,spectral,Random rewiring,99,630,548,100,0,6.910407304763794,0.06980209398751307
25,Fiedler $\lambda_2$,-99.99999999999041,twitter,spectral,Random rewiring,99,630,548,100,0,6.910407304763794,0.06980209398751307
25,Surrogate,1.3623098745737496,twitter,spectral,Random rewiring,99,630,548,100,0,6.910407304763794,0.06980209398751307
25,Disparity,1.330440649688087,twitter,spectral,Random rewiring,99,630,548,100,0,6.910407304763794,0.06980209398751307
25,Polarization,1.7060620624940157,twitter,spectral,Random rewiring,99,630,548,100,0,6.910407304763794,0.06980209398751307
25,$\|L_{t} - L_{0}\|_F$ / $\|L_{0}\|_F$,3.1056000463107085,twitter,spectral,Random rewiring,99,630,548,100,0,6.910407304763794,0.06980209398751307
26,Fiedler $\lambda_2$,-99.99999999999508,twitter,spectral,Random rewiring,99,630,548,100,0,6.910407304763794,0.06980209398751307
26,Surrogate,1.3319788764459086,twitter,spectral,Random rewiring,99,630,548,100,0,6.910407304763794,0.06980209398751307
26,Disparity,1.457340225873103,twitter,spectral,Random rewiring,99,630,548,100,0,6.910407304763794,0.06980209398751307
26,Polarization,2.4570375222324174,twitter,spectral,Random rewiring,99,630,548,100,0,6.910407304763794,0.06980209398751307
26,$\|L_{t} - L_{0}\|_F$ / $\|L_{0}\|_F$,3.165908590350436,twitter,spectral,Random rewiring,99,630,548,100,0,6.910407304763794,0.06980209398751307
27,Fiedler $\lambda_2$,-99.99999999999089,twitter,spectral,Random rewiring,99,630,548,100,0,6.910407304763794,0.06980209398751307
27,Surrogate,1.3370816644893206,twitter,spectral,Random rewiring,99,630,548,100,0,6.910407304763794,0.06980209398751307
27,Disparity,1.4542084056350717,twitter,spectral,Random rewiring,99,630,548,100,0,6.910407304763794,0.06980209398751307
27,Polarization,2.4311523294401893,twitter,spectral,Random rewiring,99,630,548,100,0,6.910407304763794,0.06980209398751307
27,$\|L_{t} - L_{0}\|_F$ / $\|L_{0}\|_F$,3.2397159051322224,twitter,spectral,Random rewiring,99,630,548,100,0,6.910407304763794,0.06980209398751307
28,Fiedler $\lambda_2$,-100.00000000001339,twitter,spectral,Random rewiring,99,630,548,100,0,6.910407304763794,0.06980209398751307
28,Surrogate,1.3583380017935747,twitter,spectral,Random rewiring,99,630,548,100,0,6.910407304763794,0.06980209398751307
28,Disparity,1.4653706704351657,twitter,spectral,Random rewiring,99,630,548,100,0,6.910407304763794,0.06980209398751307
28,Polarization,2.4271346026023197,twitter,spectral,Random rewiring,99,630,548,100,0,6.910407304763794,0.06980209398751307
28,$\|L_{t} - L_{0}\|_F$ / $\|L_{0}\|_F$,3.2975725467040613,twitter,spectral,Random rewiring,99,630,548,100,0,6.910407304763794,0.06980209398751307
29,Fiedler $\lambda_2$,-100.00000000000063,twitter,spectral,Random rewiring,99,630,548,100,0,6.910407304763794,0.06980209398751307
29,Surrogate,1.3733618441352053,twitter,spectral,Random rewiring,99,630,548,100,0,6.910407304763794,0.06980209398751307
29,Disparity,1.500498268760324,twitter,spectral,Random rewiring,99,630,548,100,0,6.910407304763794,0.06980209398751307
29,Polarization,2.3333196008312003,twitter,spectral,Random rewiring,99,630,548,100,0,6.910407304763794,0.06980209398751307
29,$\|L_{t} - L_{0}\|_F$ / $\|L_{0}\|_F$,3.326123491120123,twitter,spectral,Random rewiring,99,630,548,100,0,6.910407304763794,0.06980209398751307
30,Fiedler $\lambda_2$,-99.99999999999757,twitter,spectral,Random rewiring,99,630,548,100,0,6.910407304763794,0.06980209398751307
30,Surrogate,1.2797420297985185,twitter,spectral,Random rewiring,99,630,548,100,0,6.910407304763794,0.06980209398751307
30,Disparity,1.3700166655424626,twitter,spectral,Random rewiring,99,630,548,100,0,6.910407304763794,0.06980209398751307
30,Polarization,3.850082146707902,twitter,spectral,Random rewiring,99,630,548,100,0,6.910407304763794,0.06980209398751307
30,$\|L_{t} - L_{0}\|_F$ / $\|L_{0}\|_F$,3.396451003870529,twitter,spectral,Random rewiring,99,630,548,100,0,6.910407304763794,0.06980209398751307
31,Fiedler $\lambda_2$,-100.00000000000084,twitter,spectral,Random rewiring,99,630,548,100,0,6.910407304763794,0.06980209398751307
31,Surrogate,1.3030565660486073,twitter,spectral,Random rewiring,99,630,548,100,0,6.910407304763794,0.06980209398751307
31,Disparity,1.246497991081251,twitter,spectral,Random rewiring,99,630,548,100,0,6.910407304763794,0.06980209398751307
31,Polarization,3.876981200083539,twitter,spectral,Random rewiring,99,630,548,100,0,6.910407304763794,0.06980209398751307
31,$\|L_{t} - L_{0}\|_F$ / $\|L_{0}\|_F$,3.465351550016988,twitter,spectral,Random rewiring,99,630,548,100,0,6.910407304763794,0.06980209398751307
32,Fiedler $\lambda_2$,-99.99999999999764,twitter,spectral,Random rewiring,99,630,548,100,0,6.910407304763794,0.06980209398751307
32,Surrogate,1.2048546046252102,twitter,spectral,Random rewiring,99,630,548,100,0,6.910407304763794,0.06980209398751307
32,Disparity,1.240680850106777,twitter,spectral,Random rewiring,99,630,548,100,0,6.910407304763794,0.06980209398751307
32,Polarization,3.849086410948059,twitter,spectral,Random rewiring,99,630,548,100,0,6.910407304763794,0.06980209398751307
32,$\|L_{t} - L_{0}\|_F$ / $\|L_{0}\|_F$,3.5595724583328767,twitter,spectral,Random rewiring,99,630,548,100,0,6.910407304763794,0.06980209398751307
33,Fiedler $\lambda_2$,-100.00000000000193,twitter,spectral,Random rewiring,99,630,548,100,0,6.910407304763794,0.06980209398751307
33,Surrogate,1.2131425137172236,twitter,spectral,Random rewiring,99,630,548,100,0,6.910407304763794,0.06980209398751307
33,Disparity,1.253457199707562,twitter,spectral,Random rewiring,99,630,548,100,0,6.910407304763794,0.06980209398751307
33,Polarization,4.186668752892065,twitter,spectral,Random rewiring,99,630,548,100,0,6.910407304763794,0.06980209398751307
33,$\|L_{t} - L_{0}\|_F$ / $\|L_{0}\|_F$,3.6123097376791447,twitter,spectral,Random rewiring,99,630,548,100,0,6.910407304763794,0.06980209398751307
34,Fiedler $\lambda_2$,-100.00000000001224,twitter,spectral,Random rewiring,99,630,548,100,0,6.910407304763794,0.06980209398751307
34,Surrogate,1.2041410479313996,twitter,spectral,Random rewiring,99,630,548,100,0,6.910407304763794,0.06980209398751307
34,Disparity,1.2428942432795445,twitter,spectral,Random rewiring,99,630,548,100,0,6.910407304763794,0.06980209398751307
34,Polarization,4.177262551962705,twitter,spectral,Random rewiring,99,630,548,100,0,6.910407304763794,0.06980209398751307
34,$\|L_{t} - L_{0}\|_F$ / $\|L_{0}\|_F$,3.677167875477483,twitter,spectral,Random rewiring,99,630,548,100,0,6.910407304763794,0.06980209398751307
35,Fiedler $\lambda_2$,-100.00000000000142,twitter,spectral,Random rewiring,99,630,548,100,0,6.910407304763794,0.06980209398751307
35,Surrogate,1.1782135425661506,twitter,spectral,Random rewiring,99,630,548,100,0,6.910407304763794,0.06980209398751307
35,Disparity,1.219625864330985,twitter,spectral,Random rewiring,99,630,548,100,0,6.910407304763794,0.06980209398751307
35,Polarization,4.157291651186525,twitter,spectral,Random rewiring,99,630,548,100,0,6.910407304763794,0.06980209398751307
35,$\|L_{t} - L_{0}\|_F$ / $\|L_{0}\|_F$,3.728242097725575,twitter,spectral,Random rewiring,99,630,548,100,0,6.910407304763794,0.06980209398751307
36,Fiedler $\lambda_2$,-99.99999999999169,twitter,spectral,Random rewiring,99,630,548,100,0,6.910407304763794,0.06980209398751307
36,Surrogate,1.1687378830522408,twitter,spectral,Random rewiring,99,630,548,100,0,6.910407304763794,0.06980209398751307
36,Disparity,1.1988493647182235,twitter,spectral,Random rewiring,99,630,548,100,0,6.910407304763794,0.06980209398751307
36,Polarization,4.328198232461545,twitter,spectral,Random rewiring,99,630,548,100,0,6.910407304763794,0.06980209398751307
36,$\|L_{t} - L_{0}\|_F$ / $\|L_{0}\|_F$,3.791117392374603,twitter,spectral,Random rewiring,99,630,548,100,0,6.910407304763794,0.06980209398751307
37,Fiedler $\lambda_2$,-156.17807945285372,twitter,spectral,Random rewiring,99,630,548,100,0,6.910407304763794,0.06980209398751307
37,Surrogate,1.1743172659043903,twitter,spectral,Random rewiring,99,630,548,100,0,6.910407304763794,0.06980209398751307
37,Disparity,1.191335131449289,twitter,spectral,Random rewiring,99,630,548,100,0,6.910407304763794,0.06980209398751307
37,Polarization,4.495149039985423,twitter,spectral,Random rewiring,99,630,548,100,0,6.910407304763794,0.06980209398751307
37,$\|L_{t} - L_{0}\|_F$ / $\|L_{0}\|_F$,3.865217900064578,twitter,spectral,Random rewiring,99,630,548,100,0,6.910407304763794,0.06980209398751307
38,Fiedler $\lambda_2$,-156.1789977561776,twitter,spectral,Random rewiring,99,630,548,100,0,6.910407304763794,0.06980209398751307
38,Surrogate,1.2114791186751666,twitter,spectral,Random rewiring,99,630,548,100,0,6.910407304763794,0.06980209398751307
38,Disparity,1.375307081798696,twitter,spectral,Random rewiring,99,630,548,100,0,6.910407304763794,0.06980209398751307
38,Polarization,4.480553650934372,twitter,spectral,Random rewiring,99,630,548,100,0,6.910407304763794,0.06980209398751307
38,$\|L_{t} - L_{0}\|_F$ / $\|L_{0}\|_F$,3.9618632642481297,twitter,spectral,Random rewiring,99,630,548,100,0,6.910407304763794,0.06980209398751307
39,Fiedler $\lambda_2$,-156.2834468175571,twitter,spectral,Random rewiring,99,630,548,100,0,6.910407304763794,0.06980209398751307
39,Surrogate,1.351939511265277,twitter,spectral,Random rewiring,99,630,548,100,0,6.910407304763794,0.06980209398751307
39,Disparity,1.5598195188622925,twitter,spectral,Random rewiring,99,630,548,100,0,6.910407304763794,0.06980209398751307
39,Polarization,4.446191359439973,twitter,spectral,Random rewiring,99,630,548,100,0,6.910407304763794,0.06980209398751307
39,$\|L_{t} - L_{0}\|_F$ / $\|L_{0}\|_F$,4.032827650273845,twitter,spectral,Random rewiring,99,630,548,100,0,6.910407304763794,0.06980209398751307
40,Fiedler $\lambda_2$,-156.28419081040656,twitter,spectral,Random rewiring,99,630,548,100,0,6.910407304763794,0.06980209398751307
40,Surrogate,1.2587407447008954,twitter,spectral,Random rewiring,99,630,548,100,0,6.910407304763794,0.06980209398751307
40,Disparity,1.434880903937061,twitter,spectral,Random rewiring,99,630,548,100,0,6.910407304763794,0.06980209398751307
40,Polarization,4.431851459521495,twitter,spectral,Random rewiring,99,630,548,100,0,6.910407304763794,0.06980209398751307
40,$\|L_{t} - L_{0}\|_F$ / $\|L_{0}\|_F$,4.079451484160938,twitter,spectral,Random rewiring,99,630,548,100,0,6.910407304763794,0.06980209398751307
41,Fiedler $\lambda_2$,-156.2846600000217,twitter,spectral,Random rewiring,99,630,548,100,0,6.910407304763794,0.06980209398751307
41,Surrogate,1.1794832725071953,twitter,spectral,Random rewiring,99,630,548,100,0,6.910407304763794,0.06980209398751307
41,Disparity,1.4616860884664673,twitter,spectral,Random rewiring,99,630,548,100,0,6.910407304763794,0.06980209398751307
41,Polarization,4.46821757002523,twitter,spectral,Random rewiring,99,630,548,100,0,6.910407304763794,0.06980209398751307
41,$\|L_{t} - L_{0}\|_F$ / $\|L_{0}\|_F$,4.1140726266960925,twitter,spectral,Random rewiring,99,630,548,100,0,6.910407304763794,0.06980209398751307
42,Fiedler $\lambda_2$,-156.28496750384636,twitter,spectral,Random rewiring,99,630,548,100,0,6.910407304763794,0.06980209398751307
42,Surrogate,1.1808243147790014,twitter,spectral,Random rewiring,99,630,548,100,0,6.910407304763794,0.06980209398751307
42,Disparity,1.4654946376777869,twitter,spectral,Random rewiring,99,630,548,100,0,6.910407304763794,0.06980209398751307
42,Polarization,4.5061435344696035,twitter,spectral,Random rewiring,99,630,548,100,0,6.910407304763794,0.06980209398751307
42,$\|L_{t} - L_{0}\|_F$ / $\|L_{0}\|_F$,4.171135998890721,twitter,spectral,Random rewiring,99,630,548,100,0,6.910407304763794,0.06980209398751307
43,Fiedler $\lambda_2$,-156.28639572129305,twitter,spectral,Random rewiring,99,630,548,100,0,6.910407304763794,0.06980209398751307
43,Surrogate,1.1335665523348701,twitter,spectral,Random rewiring,99,630,548,100,0,6.910407304763794,0.06980209398751307
43,Disparity,1.4281315532119723,twitter,spectral,Random rewiring,99,630,548,100,0,6.910407304763794,0.06980209398751307
43,Polarization,4.454574421115518,twitter,spectral,Random rewiring,99,630,548,100,0,6.910407304763794,0.06980209398751307
43,$\|L_{t} - L_{0}\|_F$ / $\|L_{0}\|_F$,4.21623067158946,twitter,spectral,Random rewiring,99,630,548,100,0,6.910407304763794,0.06980209398751307
44,Fiedler $\lambda_2$,-156.28581448303,twitter,spectral,Random rewiring,99,630,548,100,0,6.910407304763794,0.06980209398751307
44,Surrogate,1.15613211118339,twitter,spectral,Random rewiring,99,630,548,100,0,6.910407304763794,0.06980209398751307
44,Disparity,1.4635240010559736,twitter,spectral,Random rewiring,99,630,548,100,0,6.910407304763794,0.06980209398751307
44,Polarization,4.437358131596428,twitter,spectral,Random rewiring,99,630,548,100,0,6.910407304763794,0.06980209398751307
44,$\|L_{t} - L_{0}\|_F$ / $\|L_{0}\|_F$,4.2497376674518295,twitter,spectral,Random rewiring,99,630,548,100,0,6.910407304763794,0.06980209398751307
45,Fiedler $\lambda_2$,-156.30063587087676,twitter,spectral,Random rewiring,99,630,548,100,0,6.910407304763794,0.06980209398751307
45,Surrogate,1.3245310333305556,twitter,spectral,Random rewiring,99,630,548,100,0,6.910407304763794,0.06980209398751307
45,Disparity,1.640511300618131,twitter,spectral,Random rewiring,99,630,548,100,0,6.910407304763794,0.06980209398751307
45,Polarization,4.484957011389152,twitter,spectral,Random rewiring,99,630,548,100,0,6.910407304763794,0.06980209398751307
45,$\|L_{t} - L_{0}\|_F$ / $\|L_{0}\|_F$,4.2940069628458355,twitter,spectral,Random rewiring,99,630,548,100,0,6.910407304763794,0.06980209398751307
46,Fiedler $\lambda_2$,-156.30059622669523,twitter,spectral,Random rewiring,99,630,548,100,0,6.910407304763794,0.06980209398751307
46,Surrogate,1.3216142519523044,twitter,spectral,Random rewiring,99,630,548,100,0,6.910407304763794,0.06980209398751307
46,Disparity,1.6764523443296142,twitter,spectral,Random rewiring,99,630,548,100,0,6.910407304763794,0.06980209398751307
46,Polarization,4.535145256645864,twitter,spectral,Random rewiring,99,630,548,100,0,6.910407304763794,0.06980209398751307
46,$\|L_{t} - L_{0}\|_F$ / $\|L_{0}\|_F$,4.359568112689942,twitter,spectral,Random rewiring,99,630,548,100,0,6.910407304763794,0.06980209398751307
47,Fiedler $\lambda_2$,-156.3064023857562,twitter,spectral,Random rewiring,99,630,548,100,0,6.910407304763794,0.06980209398751307
47,Surrogate,1.2524885460061457,twitter,spectral,Random rewiring,99,630,548,100,0,6.910407304763794,0.06980209398751307
47,Disparity,1.684166848203123,twitter,spectral,Random rewiring,99,630,548,100,0,6.910407304763794,0.06980209398751307
47,Polarization,4.603376685960643,twitter,spectral,Random rewiring,99,630,548,100,0,6.910407304763794,0.06980209398751307
47,$\|L_{t} - L_{0}\|_F$ / $\|L_{0}\|_F$,4.402733206088299,twitter,spectral,Random rewiring,99,630,548,100,0,6.910407304763794,0.06980209398751307
48,Fiedler $\lambda_2$,-156.30740270018256,twitter,spectral,Random rewiring,99,630,548,100,0,6.910407304763794,0.06980209398751307
48,Surrogate,1.2472661494231578,twitter,spectral,Random rewiring,99,630,548,100,0,6.910407304763794,0.06980209398751307
48,Disparity,1.7316435821773322,twitter,spectral,Random rewiring,99,630,548,100,0,6.910407304763794,0.06980209398751307
48,Polarization,4.599081868918172,twitter,spectral,Random rewiring,99,630,548,100,0,6.910407304763794,0.06980209398751307
48,$\|L_{t} - L_{0}\|_F$ / $\|L_{0}\|_F$,4.445479191133636,twitter,spectral,Random rewiring,99,630,548,100,0,6.910407304763794,0.06980209398751307
49,Fiedler $\lambda_2$,-156.30750067968816,twitter,spectral,Random rewiring,99,630,548,100,0,6.910407304763794,0.06980209398751307
49,Surrogate,1.0046530822572015,twitter,spectral,Random rewiring,99,630,548,100,0,6.910407304763794,0.06980209398751307
49,Disparity,1.5680758105842667,twitter,spectral,Random rewiring,99,630,548,100,0,6.910407304763794,0.06980209398751307
49,Polarization,4.514815079256724,twitter,spectral,Random rewiring,99,630,548,100,0,6.910407304763794,0.06980209398751307
49,$\|L_{t} - L_{0}\|_F$ / $\|L_{0}\|_F$,4.456101617726481,twitter,spectral,Random rewiring,99,630,548,100,0,6.910407304763794,0.06980209398751307
50,Fiedler $\lambda_2$,-156.30647589240482,twitter,spectral,Random rewiring,99,630,548,100,0,6.910407304763794,0.06980209398751307
50,Surrogate,0.9901096902862674,twitter,spectral,Random rewiring,99,630,548,100,0,6.910407304763794,0.06980209398751307
50,Disparity,1.5670357669806532,twitter,spectral,Random rewiring,99,630,548,100,0,6.910407304763794,0.06980209398751307
50,Polarization,4.542347846444328,twitter,spectral,Random rewiring,99,630,548,100,0,6.910407304763794,0.06980209398751307
50,$\|L_{t} - L_{0}\|_F$ / $\|L_{0}\|_F$,4.498340492038612,twitter,spectral,Random rewiring,99,630,548,100,0,6.910407304763794,0.06980209398751307
51,Fiedler $\lambda_2$,-156.30625429799184,twitter,spectral,Random rewiring,99,630,548,100,0,6.910407304763794,0.06980209398751307
51,Surrogate,0.9382519182974853,twitter,spectral,Random rewiring,99,630,548,100,0,6.910407304763794,0.06980209398751307
51,Disparity,1.5330378367575122,twitter,spectral,Random rewiring,99,630,548,100,0,6.910407304763794,0.06980209398751307
51,Polarization,4.88237881565222,twitter,spectral,Random rewiring,99,630,548,100,0,6.910407304763794,0.06980209398751307
51,$\|L_{t} - L_{0}\|_F$ / $\|L_{0}\|_F$,4.529761180064726,twitter,spectral,Random rewiring,99,630,548,100,0,6.910407304763794,0.06980209398751307
52,Fiedler $\lambda_2$,-156.30230026559698,twitter,spectral,Random rewiring,99,630,548,100,0,6.910407304763794,0.06980209398751307
52,Surrogate,0.894643825600742,twitter,spectral,Random rewiring,99,630,548,100,0,6.910407304763794,0.06980209398751307
52,Disparity,1.572193452208348,twitter,spectral,Random rewiring,99,630,548,100,0,6.910407304763794,0.06980209398751307
52,Polarization,4.8409032138577714,twitter,spectral,Random rewiring,99,630,548,100,0,6.910407304763794,0.06980209398751307
52,$\|L_{t} - L_{0}\|_F$ / $\|L_{0}\|_F$,4.5713194925788105,twitter,spectral,Random rewiring,99,630,548,100,0,6.910407304763794,0.06980209398751307
53,Fiedler $\lambda_2$,-156.3018605403836,twitter,spectral,Random rewiring,99,630,548,100,0,6.910407304763794,0.06980209398751307
53,Surrogate,0.9003497666280438,twitter,spectral,Random rewiring,99,630,548,100,0,6.910407304763794,0.06980209398751307
53,Disparity,1.6381730135824668,twitter,spectral,Random rewiring,99,630,548,100,0,6.910407304763794,0.06980209398751307
53,Polarization,7.281001722093544,twitter,spectral,Random rewiring,99,630,548,100,0,6.910407304763794,0.06980209398751307
53,$\|L_{t} - L_{0}\|_F$ / $\|L_{0}\|_F$,4.622742026843269,twitter,spectral,Random rewiring,99,630,548,100,0,6.910407304763794,0.06980209398751307
54,Fiedler $\lambda_2$,-156.29753282214546,twitter,spectral,Random rewiring,99,630,548,100,0,6.910407304763794,0.06980209398751307
54,Surrogate,0.9434315878181687,twitter,spectral,Random rewiring,99,630,548,100,0,6.910407304763794,0.06980209398751307
54,Disparity,1.6606932265282506,twitter,spectral,Random rewiring,99,630,548,100,0,6.910407304763794,0.06980209398751307
54,Polarization,7.340468405372539,twitter,spectral,Random rewiring,99,630,548,100,0,6.910407304763794,0.06980209398751307
54,$\|L_{t} - L_{0}\|_F$ / $\|L_{0}\|_F$,4.653322792677315,twitter,spectral,Random rewiring,99,630,548,100,0,6.910407304763794,0.06980209398751307
55,Fiedler $\lambda_2$,-171.68852962133093,twitter,spectral,Random rewiring,99,630,548,100,0,6.910407304763794,0.06980209398751307
55,Surrogate,0.9451403421896428,twitter,spectral,Random rewiring,99,630,548,100,0,6.910407304763794,0.06980209398751307
55,Disparity,1.7543237932123135,twitter,spectral,Random rewiring,99,630,548,100,0,6.910407304763794,0.06980209398751307
55,Polarization,7.32597061347924,twitter,spectral,Random rewiring,99,630,548,100,0,6.910407304763794,0.06980209398751307
55,$\|L_{t} - L_{0}\|_F$ / $\|L_{0}\|_F$,4.7339057999150596,twitter,spectral,Random rewiring,99,630,548,100,0,6.910407304763794,0.06980209398751307
56,Fiedler $\lambda_2$,-171.68912186676536,twitter,spectral,Random rewiring,99,630,548,100,0,6.910407304763794,0.06980209398751307
56,Surrogate,0.9243107548050966,twitter,spectral,Random rewiring,99,630,548,100,0,6.910407304763794,0.06980209398751307
56,Disparity,1.8436579880276083,twitter,spectral,Random rewiring,99,630,548,100,0,6.910407304763794,0.06980209398751307
56,Polarization,7.39470874856099,twitter,spectral,Random rewiring,99,630,548,100,0,6.910407304763794,0.06980209398751307
56,$\|L_{t} - L_{0}\|_F$ / $\|L_{0}\|_F$,4.783580883185885,twitter,spectral,Random rewiring,99,630,548,100,0,6.910407304763794,0.06980209398751307
57,Fiedler $\lambda_2$,-171.6891864109872,twitter,spectral,Random rewiring,99,630,548,100,0,6.910407304763794,0.06980209398751307
57,Surrogate,0.9328245224226563,twitter,spectral,Random rewiring,99,630,548,100,0,6.910407304763794,0.06980209398751307
57,Disparity,1.8383353643751692,twitter,spectral,Random rewiring,99,630,548,100,0,6.910407304763794,0.06980209398751307
57,Polarization,7.346160169273337,twitter,spectral,Random rewiring,99,630,548,100,0,6.910407304763794,0.06980209398751307
57,$\|L_{t} - L_{0}\|_F$ / $\|L_{0}\|_F$,4.822952583303206,twitter,spectral,Random rewiring,99,630,548,100,0,6.910407304763794,0.06980209398751307
58,Fiedler $\lambda_2$,-171.68761219895194,twitter,spectral,Random rewiring,99,630,548,100,0,6.910407304763794,0.06980209398751307
58,Surrogate,0.9219021402456398,twitter,spectral,Random rewiring,99,630,548,100,0,6.910407304763794,0.06980209398751307
58,Disparity,1.8671041388911735,twitter,spectral,Random rewiring,99,630,548,100,0,6.910407304763794,0.06980209398751307
58,Polarization,7.358964050027391,twitter,spectral,Random rewiring,99,630,548,100,0,6.910407304763794,0.06980209398751307
58,$\|L_{t} - L_{0}\|_F$ / $\|L_{0}\|_F$,4.891090506390971,twitter,spectral,Random rewiring,99,630,548,100,0,6.910407304763794,0.06980209398751307
59,Fiedler $\lambda_2$,-171.68633588858776,twitter,spectral,Random rewiring,99,630,548,100,0,6.910407304763794,0.06980209398751307
59,Surrogate,-1.1092036497429392,twitter,spectral,Random rewiring,99,630,548,100,0,6.910407304763794,0.06980209398751307
59,Disparity,-0.19375039477879277,twitter,spectral,Random rewiring,99,630,548,100,0,6.910407304763794,0.06980209398751307
59,Polarization,11.425881812355563,twitter,spectral,Random rewiring,99,630,548,100,0,6.910407304763794,0.06980209398751307
59,$\|L_{t} - L_{0}\|_F$ / $\|L_{0}\|_F$,4.9200036085164705,twitter,spectral,Random rewiring,99,630,548,100,0,6.910407304763794,0.06980209398751307
60,Fiedler $\lambda_2$,-215.0633129483933,twitter,spectral,Random rewiring,99,630,548,100,0,6.910407304763794,0.06980209398751307
60,Surrogate,-0.9628444063871672,twitter,spectral,Random rewiring,99,630,548,100,0,6.910407304763794,0.06980209398751307
60,Disparity,0.17260140863700327,twitter,spectral,Random rewiring,99,630,548,100,0,6.910407304763794,0.06980209398751307
60,Polarization,11.038723972918403,twitter,spectral,Random rewiring,99,630,548,100,0,6.910407304763794,0.06980209398751307
60,$\|L_{t} - L_{0}\|_F$ / $\|L_{0}\|_F$,4.948747788473595,twitter,spectral,Random rewiring,99,630,548,100,0,6.910407304763794,0.06980209398751307
61,Fiedler $\lambda_2$,-216.26958231960623,twitter,spectral,Random rewiring,99,630,548,100,0,6.910407304763794,0.06980209398751307
61,Surrogate,-0.9495525258252406,twitter,spectral,Random rewiring,99,630,548,100,0,6.910407304763794,0.06980209398751307
61,Disparity,0.2015901877785409,twitter,spectral,Random rewiring,99,630,548,100,0,6.910407304763794,0.06980209398751307
61,Polarization,11.098989106932482,twitter,spectral,Random rewiring,99,630,548,100,0,6.910407304763794,0.06980209398751307
61,$\|L_{t} - L_{0}\|_F$ / $\|L_{0}\|_F$,5.015176905637439,twitter,spectral,Random rewiring,99,630,548,100,0,6.910407304763794,0.06980209398751307
62,Fiedler $\lambda_2$,-216.2684078114578,twitter,spectral,Random rewiring,99,630,548,100,0,6.910407304763794,0.06980209398751307
62,Surrogate,-0.9450762764136181,twitter,spectral,Random rewiring,99,630,548,100,0,6.910407304763794,0.06980209398751307
62,Disparity,0.21236178869843766,twitter,spectral,Random rewiring,99,630,548,100,0,6.910407304763794,0.06980209398751307
62,Polarization,10.943321667143687,twitter,spectral,Random rewiring,99,630,548,100,0,6.910407304763794,0.06980209398751307
62,$\|L_{t} - L_{0}\|_F$ / $\|L_{0}\|_F$,5.005741004700174,twitter,spectral,Random rewiring,99,630,548,100,0,6.910407304763794,0.06980209398751307
63,Fiedler $\lambda_2$,-218.06882676705746,twitter,spectral,Random rewiring,99,630,548,100,0,6.910407304763794,0.06980209398751307
63,Surrogate,-0.949849486109195,twitter,spectral,Random rewiring,99,630,548,100,0,6.910407304763794,0.06980209398751307
63,Disparity,0.21260976221958405,twitter,spectral,Random rewiring,99,630,548,100,0,6.910407304763794,0.06980209398751307
63,Polarization,11.00258677400508,twitter,spectral,Random rewiring,99,630,548,100,0,6.910407304763794,0.06980209398751307
63,$\|L_{t} - L_{0}\|_F$ / $\|L_{0}\|_F$,5.043378685062854,twitter,spectral,Random rewiring,99,630,548,100,0,6.910407304763794,0.06980209398751307
64,Fiedler $\lambda_2$,-303.0413563668349,twitter,spectral,Random rewiring,99,630,548,100,0,6.910407304763794,0.06980209398751307
64,Surrogate,-1.0843568359212452,twitter,spectral,Random rewiring,99,630,548,100,0,6.910407304763794,0.06980209398751307
64,Disparity,0.08045101656367847,twitter,spectral,Random rewiring,99,630,548,100,0,6.910407304763794,0.06980209398751307
64,Polarization,11.28514555984004,twitter,spectral,Random rewiring,99,630,548,100,0,6.910407304763794,0.06980209398751307
64,$\|L_{t} - L_{0}\|_F$ / $\|L_{0}\|_F$,5.127053350538489,twitter,spectral,Random rewiring,99,630,548,100,0,6.910407304763794,0.06980209398751307
65,Fiedler $\lambda_2$,-303.0533650158212,twitter,spectral,Random rewiring,99,630,548,100,0,6.910407304763794,0.06980209398751307
65,Surrogate,-1.097319262722765,twitter,spectral,Random rewiring,99,630,548,100,0,6.910407304763794,0.06980209398751307
65,Disparity,0.04629425130922069,twitter,spectral,Random rewiring,99,630,548,100,0,6.910407304763794,0.06980209398751307
65,Polarization,11.48634408572902,twitter,spectral,Random rewiring,99,630,548,100,0,6.910407304763794,0.06980209398751307
65,$\|L_{t} - L_{0}\|_F$ / $\|L_{0}\|_F$,5.154643074488781,twitter,spectral,Random rewiring,99,630,548,100,0,6.910407304763794,0.06980209398751307
66,Fiedler $\lambda_2$,-303.0587311129896,twitter,spectral,Random rewiring,99,630,548,100,0,6.910407304763794,0.06980209398751307
66,Surrogate,-1.1111290154763214,twitter,spectral,Random rewiring,99,630,548,100,0,6.910407304763794,0.06980209398751307
66,Disparity,0.043490978359768756,twitter,spectral,Random rewiring,99,630,548,100,0,6.910407304763794,0.06980209398751307
66,Polarization,11.666803978916086,twitter,spectral,Random rewiring,99,630,548,100,0,6.910407304763794,0.06980209398751307
66,$\|L_{t} - L_{0}\|_F$ / $\|L_{0}\|_F$,5.191201284884335,twitter,spectral,Random rewiring,99,630,548,100,0,6.910407304763794,0.06980209398751307
67,Fiedler $\lambda_2$,-303.05031650481743,twitter,spectral,Random rewiring,99,630,548,100,0,6.910407304763794,0.06980209398751307
67,Surrogate,-1.2013086615401771,twitter,spectral,Random rewiring,99,630,548,100,0,6.910407304763794,0.06980209398751307
67,Disparity,0.001343753483847854,twitter,spectral,Random rewiring,99,630,548,100,0,6.910407304763794,0.06980209398751307
67,Polarization,11.66273548648857,twitter,spectral,Random rewiring,99,630,548,100,0,6.910407304763794,0.06980209398751307
67,$\|L_{t} - L_{0}\|_F$ / $\|L_{0}\|_F$,5.263556011842563,twitter,spectral,Random rewiring,99,630,548,100,0,6.910407304763794,0.06980209398751307
68,Fiedler $\lambda_2$,-302.94594797048717,twitter,spectral,Random rewiring,99,630,548,100,0,6.910407304763794,0.06980209398751307
68,Surrogate,-1.5095437341594444,twitter,spectral,Random rewiring,99,630,548,100,0,6.910407304763794,0.06980209398751307
68,Disparity,-0.22300432372096118,twitter,spectral,Random rewiring,99,630,548,100,0,6.910407304763794,0.06980209398751307
68,Polarization,11.19204793327847,twitter,spectral,Random rewiring,99,630,548,100,0,6.910407304763794,0.06980209398751307
68,$\|L_{t} - L_{0}\|_F$ / $\|L_{0}\|_F$,5.272530538413825,twitter,spectral,Random rewiring,99,630,548,100,0,6.910407304763794,0.06980209398751307
69,Fiedler $\lambda_2$,-302.95239444745124,twitter,spectral,Random rewiring,99,630,548,100,0,6.910407304763794,0.06980209398751307
69,Surrogate,-1.4156533131581976,twitter,spectral,Random rewiring,99,630,548,100,0,6.910407304763794,0.06980209398751307
69,Disparity,-0.1334199093490283,twitter,spectral,Random rewiring,99,630,548,100,0,6.910407304763794,0.06980209398751307
69,Polarization,11.189779115703343,twitter,spectral,Random rewiring,99,630,548,100,0,6.910407304763794,0.06980209398751307
69,$\|L_{t} - L_{0}\|_F$ / $\|L_{0}\|_F$,5.290433919435266,twitter,spectral,Random rewiring,99,630,548,100,0,6.910407304763794,0.06980209398751307
70,Fiedler $\lambda_2$,-302.4280776622204,twitter,spectral,Random rewiring,99,630,548,100,0,6.910407304763794,0.06980209398751307
70,Surrogate,-1.3909166544248868,twitter,spectral,Random rewiring,99,630,548,100,0,6.910407304763794,0.06980209398751307
70,Disparity,-0.131204726376764,twitter,spectral,Random rewiring,99,630,548,100,0,6.910407304763794,0.06980209398751307
70,Polarization,11.308745634982335,twitter,spectral,Random rewiring,99,630,548,100,0,6.910407304763794,0.06980209398751307
70,$\|L_{t} - L_{0}\|_F$ / $\|L_{0}\|_F$,5.34378418240535,twitter,spectral,Random rewiring,99,630,548,100,0,6.910407304763794,0.06980209398751307
71,Fiedler $\lambda_2$,-302.4262517340513,twitter,spectral,Random rewiring,99,630,548,100,0,6.910407304763794,0.06980209398751307
71,Surrogate,-1.241241823737833,twitter,spectral,Random rewiring,99,630,548,100,0,6.910407304763794,0.06980209398751307
71,Disparity,0.1416153753686535,twitter,spectral,Random rewiring,99,630,548,100,0,6.910407304763794,0.06980209398751307
71,Polarization,11.273847040735506,twitter,spectral,Random rewiring,99,630,548,100,0,6.910407304763794,0.06980209398751307
71,$\|L_{t} - L_{0}\|_F$ / $\|L_{0}\|_F$,5.379057068198405,twitter,spectral,Random rewiring,99,630,548,100,0,6.910407304763794,0.06980209398751307
72,Fiedler $\lambda_2$,-302.4387910532587,twitter,spectral,Random rewiring,99,630,548,100,0,6.910407304763794,0.06980209398751307
72,Surrogate,-1.3596359024707245,twitter,spectral,Random rewiring,99,630,548,100,0,6.910407304763794,0.06980209398751307
72,Disparity,0.053683035126721415,twitter,spectral,Random rewiring,99,630,548,100,0,6.910407304763794,0.06980209398751307
72,Polarization,10.955085723910528,twitter,spectral,Random rewiring,99,630,548,100,0,6.910407304763794,0.06980209398751307
72,$\|L_{t} - L_{0}\|_F$ / $\|L_{0}\|_F$,5.396607056321595,twitter,spectral,Random rewiring,99,630,548,100,0,6.910407304763794,0.06980209398751307
73,Fiedler $\lambda_2$,-302.45037887185117,twitter,spectral,Random rewiring,99,630,548,100,0,6.910407304763794,0.06980209398751307
73,Surrogate,-1.358925019262407,twitter,spectral,Random rewiring,99,630,548,100,0,6.910407304763794,0.06980209398751307
73,Disparity,0.052575912189279005,twitter,spectral,Random rewiring,99,630,548,100,0,6.910407304763794,0.06980209398751307
73,Polarization,10.90070512599831,twitter,spectral,Random rewiring,99,630,548,100,0,6.910407304763794,0.06980209398751307
73,$\|L_{t} - L_{0}\|_F$ / $\|L_{0}\|_F$,5.379057068198405,twitter,spectral,Random rewiring,99,630,548,100,0,6.910407304763794,0.06980209398751307
74,Fiedler $\lambda_2$,-302.41815807992845,twitter,spectral,Random rewiring,99,630,548,100,0,6.910407304763794,0.06980209398751307
74,Surrogate,-1.3987372240744314,twitter,spectral,Random rewiring,99,630,548,100,0,6.910407304763794,0.06980209398751307
74,Disparity,0.27659081111325645,twitter,spectral,Random rewiring,99,630,548,100,0,6.910407304763794,0.06980209398751307
74,Polarization,11.1611425002872,twitter,spectral,Random rewiring,99,630,548,100,0,6.910407304763794,0.06980209398751307
74,$\|L_{t} - L_{0}\|_F$ / $\|L_{0}\|_F$,5.414100155865685,twitter,spectral,Random rewiring,99,630,548,100,0,6.910407304763794,0.06980209398751307
75,Fiedler $\lambda_2$,-302.4465383825408,twitter,spectral,Random rewiring,99,630,548,100,0,6.910407304763794,0.06980209398751307
75,Surrogate,-1.3988646305548005,twitter,spectral,Random rewiring,99,630,548,100,0,6.910407304763794,0.06980209398751307
75,Disparity,0.27547692491779174,twitter,spectral,Random rewiring,99,630,548,100,0,6.910407304763794,0.06980209398751307
75,Polarization,11.148148506101016,twitter,spectral,Random rewiring,99,630,548,100,0,6.910407304763794,0.06980209398751307
75,$\|L_{t} - L_{0}\|_F$ / $\|L_{0}\|_F$,5.422825544533701,twitter,spectral,Random rewiring,99,630,548,100,0,6.910407304763794,0.06980209398751307
76,Fiedler $\lambda_2$,-302.44762361702595,twitter,spectral,Random rewiring,99,630,548,100,0,6.910407304763794,0.06980209398751307
76,Surrogate,-1.1255368684667229,twitter,spectral,Random rewiring,99,630,548,100,0,6.910407304763794,0.06980209398751307
76,Disparity,0.5683842156034218,twitter,spectral,Random rewiring,99,630,548,100,0,6.910407304763794,0.06980209398751307
76,Polarization,10.77245509888318,twitter,spectral,Random rewiring,99,630,548,100,0,6.910407304763794,0.06980209398751307
76,$\|L_{t} - L_{0}\|_F$ / $\|L_{0}\|_F$,5.448917879042998,twitter,spectral,Random rewiring,99,630,548,100,0,6.910407304763794,0.06980209398751307
77,Fiedler $\lambda_2$,-302.4186168175618,twitter,spectral,Random rewiring,99,630,548,100,0,6.910407304763794,0.06980209398751307
77,Surrogate,-1.117523970512008,twitter,spectral,Random rewiring,99,630,548,100,0,6.910407304763794,0.06980209398751307
77,Disparity,0.6235592913929553,twitter,spectral,Random rewiring,99,630,548,100,0,6.910407304763794,0.06980209398751307
77,Polarization,10.76001623088664,twitter,spectral,Random rewiring,99,630,548,100,0,6.910407304763794,0.06980209398751307
77,$\|L_{t} - L_{0}\|_F$ / $\|L_{0}\|_F$,5.492129641229025,twitter,spectral,Random rewiring,99,630,548,100,0,6.910407304763794,0.06980209398751307
78,Fiedler $\lambda_2$,-302.4564951807246,twitter,spectral,Random rewiring,99,630,548,100,0,6.910407304763794,0.06980209398751307
78,Surrogate,-1.1549733878033006,twitter,spectral,Random rewiring,99,630,548,100,0,6.910407304763794,0.06980209398751307
78,Disparity,0.5966602223602283,twitter,spectral,Random rewiring,99,630,548,100,0,6.910407304763794,0.06980209398751307
78,Polarization,10.823953990300586,twitter,spectral,Random rewiring,99,630,548,100,0,6.910407304763794,0.06980209398751307
78,$\|L_{t} - L_{0}\|_F$ / $\|L_{0}\|_F$,5.535004059581029,twitter,spectral,Random rewiring,99,630,548,100,0,6.910407304763794,0.06980209398751307
79,Fiedler $\lambda_2$,-302.44209673248014,twitter,spectral,Random rewiring,99,630,548,100,0,6.910407304763794,0.06980209398751307
79,Surrogate,-1.149155207521377,twitter,spectral,Random rewiring,99,630,548,100,0,6.910407304763794,0.06980209398751307
79,Disparity,0.7442621853356124,twitter,spectral,Random rewiring,99,630,548,100,0,6.910407304763794,0.06980209398751307
79,Polarization,10.88757342890984,twitter,spectral,Random rewiring,99,630,548,100,0,6.910407304763794,0.06980209398751307
79,$\|L_{t} - L_{0}\|_F$ / $\|L_{0}\|_F$,5.586019000307186,twitter,spectral,Random rewiring,99,630,548,100,0,6.910407304763794,0.06980209398751307
80,Fiedler $\lambda_2$,-302.4273455085536,twitter,spectral,Random rewiring,99,630,548,100,0,6.910407304763794,0.06980209398751307
80,Surrogate,-1.1696946922763594,twitter,spectral,Random rewiring,99,630,548,100,0,6.910407304763794,0.06980209398751307
80,Disparity,0.8487083525192481,twitter,spectral,Random rewiring,99,630,548,100,0,6.910407304763794,0.06980209398751307
80,Polarization,10.887604478976739,twitter,spectral,Random rewiring,99,630,548,100,0,6.910407304763794,0.06980209398751307
80,$\|L_{t} - L_{0}\|_F$ / $\|L_{0}\|_F$,5.644953763558185,twitter,spectral,Random rewiring,99,630,548,100,0,6.910407304763794,0.06980209398751307
81,Fiedler $\lambda_2$,-302.8383330799796,twitter,spectral,Random rewiring,99,630,548,100,0,6.910407304763794,0.06980209398751307
81,Surrogate,-1.1524610706829899,twitter,spectral,Random rewiring,99,630,548,100,0,6.910407304763794,0.06980209398751307
81,Disparity,0.8541046717029543,twitter,spectral,Random rewiring,99,630,548,100,0,6.910407304763794,0.06980209398751307
81,Polarization,10.881831584878219,twitter,spectral,Random rewiring,99,630,548,100,0,6.910407304763794,0.06980209398751307
81,$\|L_{t} - L_{0}\|_F$ / $\|L_{0}\|_F$,5.678356148351328,twitter,spectral,Random rewiring,99,630,548,100,0,6.910407304763794,0.06980209398751307
82,Fiedler $\lambda_2$,-302.877356015182,twitter,spectral,Random rewiring,99,630,548,100,0,6.910407304763794,0.06980209398751307
82,Surrogate,-1.2612525486878194,twitter,spectral,Random rewiring,99,630,548,100,0,6.910407304763794,0.06980209398751307
82,Disparity,0.5566229474088129,twitter,spectral,Random rewiring,99,630,548,100,0,6.910407304763794,0.06980209398751307
82,Polarization,11.071719982751253,twitter,spectral,Random rewiring,99,630,548,100,0,6.910407304763794,0.06980209398751307
82,$\|L_{t} - L_{0}\|_F$ / $\|L_{0}\|_F$,5.694983873982799,twitter,spectral,Random rewiring,99,630,548,100,0,6.910407304763794,0.06980209398751307
83,Fiedler $\lambda_2$,-302.9171949992716,twitter,spectral,Random rewiring,99,630,548,100,0,6.910407304763794,0.06980209398751307
83,Surrogate,-0.8474159769870185,twitter,spectral,Random rewiring,99,630,548,100,0,6.910407304763794,0.06980209398751307
83,Disparity,0.9831693508873964,twitter,spectral,Random rewiring,99,630,548,100,0,6.910407304763794,0.06980209398751307
83,Polarization,11.206515759515005,twitter,spectral,Random rewiring,99,630,548,100,0,6.910407304763794,0.06980209398751307
83,$\|L_{t} - L_{0}\|_F$ / $\|L_{0}\|_F$,5.761014878868422,twitter,spectral,Random rewiring,99,630,548,100,0,6.910407304763794,0.06980209398751307
84,Fiedler $\lambda_2$,-302.8974105315922,twitter,spectral,Random rewiring,99,630,548,100,0,6.910407304763794,0.06980209398751307
84,Surrogate,-0.9235137193289755,twitter,spectral,Random rewiring,99,630,548,100,0,6.910407304763794,0.06980209398751307
84,Disparity,0.9499370530042504,twitter,spectral,Random rewiring,99,630,548,100,0,6.910407304763794,0.06980209398751307
84,Polarization,11.287221412784518,twitter,spectral,Random rewiring,99,630,548,100,0,6.910407304763794,0.06980209398751307
84,$\|L_{t} - L_{0}\|_F$ / $\|L_{0}\|_F$,5.7855822179492495,twitter,spectral,Random rewiring,99,630,548,100,0,6.910407304763794,0.06980209398751307
85,Fiedler $\lambda_2$,-302.90393077892304,twitter,spectral,Random rewiring,99,630,548,100,0,6.910407304763794,0.06980209398751307
85,Surrogate,-0.829270842638016,twitter,spectral,Random rewiring,99,630,548,100,0,6.910407304763794,0.06980209398751307
85,Disparity,1.3501277939583702,twitter,spectral,Random rewiring,99,630,548,100,0,6.910407304763794,0.06980209398751307
85,Polarization,13.35278987261602,twitter,spectral,Random rewiring,99,630,548,100,0,6.910407304763794,0.06980209398751307
85,$\|L_{t} - L_{0}\|_F$ / $\|L_{0}\|_F$,5.810045676821978,twitter,spectral,Random rewiring,99,630,548,100,0,6.910407304763794,0.06980209398751307
86,Fiedler $\lambda_2$,-338.80338893127305,twitter,spectral,Random rewiring,99,630,548,100,0,6.910407304763794,0.06980209398751307
86,Surrogate,-0.8374426758034648,twitter,spectral,Random rewiring,99,630,548,100,0,6.910407304763794,0.06980209398751307
86,Disparity,1.3700201974780015,twitter,spectral,Random rewiring,99,630,548,100,0,6.910407304763794,0.06980209398751307
86,Polarization,13.487839939081553,twitter,spectral,Random rewiring,99,630,548,100,0,6.910407304763794,0.06980209398751307
86,$\|L_{t} - L_{0}\|_F$ / $\|L_{0}\|_F$,5.801902651549348,twitter,spectral,Random rewiring,99,630,548,100,0,6.910407304763794,0.06980209398751307
87,Fiedler $\lambda_2$,-338.80320289059074,twitter,spectral,Random rewiring,99,630,548,100,0,6.910407304763794,0.06980209398751307
87,Surrogate,-0.7941224093660907,twitter,spectral,Random rewiring,99,630,548,100,0,6.910407304763794,0.06980209398751307
87,Disparity,1.3584167397823077,twitter,spectral,Random rewiring,99,630,548,100,0,6.910407304763794,0.06980209398751307
87,Polarization,13.432796737621006,twitter,spectral,Random rewiring,99,630,548,100,0,6.910407304763794,0.06980209398751307
87,$\|L_{t} - L_{0}\|_F$ / $\|L_{0}\|_F$,5.842504285113308,twitter,spectral,Random rewiring,99,630,548,100,0,6.910407304763794,0.06980209398751307
88,Fiedler $\lambda_2$,-363.53036955879355,twitter,spectral,Random rewiring,99,630,548,100,0,6.910407304763794,0.06980209398751307
88,Surrogate,-0.7877361610232284,twitter,spectral,Random rewiring,99,630,548,100,0,6.910407304763794,0.06980209398751307
88,Disparity,1.358074320724394,twitter,spectral,Random rewiring,99,630,548,100,0,6.910407304763794,0.06980209398751307
88,Polarization,13.361547412664859,twitter,spectral,Random rewiring,99,630,548,100,0,6.910407304763794,0.06980209398751307
88,$\|L_{t} - L_{0}\|_F$ / $\|L_{0}\|_F$,5.890856869232334,twitter,spectral,Random rewiring,99,630,548,100,0,6.910407304763794,0.06980209398751307
89,Fiedler $\lambda_2$,-363.53062002792046,twitter,spectral,Random rewiring,99,630,548,100,0,6.910407304763794,0.06980209398751307
89,Surrogate,-0.919493804515898,twitter,spectral,Random rewiring,99,630,548,100,0,6.910407304763794,0.06980209398751307
89,Disparity,1.1583113213904963,twitter,spectral,Random rewiring,99,630,548,100,0,6.910407304763794,0.06980209398751307
89,Polarization,13.118819392808195,twitter,spectral,Random rewiring,99,630,548,100,0,6.910407304763794,0.06980209398751307
89,$\|L_{t} - L_{0}\|_F$ / $\|L_{0}\|_F$,5.938815789868903,twitter,spectral,Random rewiring,99,630,548,100,0,6.910407304763794,0.06980209398751307
90,Fiedler $\lambda_2$,-363.5309963413464,twitter,spectral,Random rewiring,99,630,548,100,0,6.910407304763794,0.06980209398751307
90,Surrogate,-0.7759558642176451,twitter,spectral,Random rewiring,99,630,548,100,0,6.910407304763794,0.06980209398751307
90,Disparity,1.422460041588766,twitter,spectral,Random rewiring,99,630,548,100,0,6.910407304763794,0.06980209398751307
90,Polarization,13.189421545171115,twitter,spectral,Random rewiring,99,630,548,100,0,6.910407304763794,0.06980209398751307
90,$\|L_{t} - L_{0}\|_F$ / $\|L_{0}\|_F$,5.986390508328923,twitter,spectral,Random rewiring,99,630,548,100,0,6.910407304763794,0.06980209398751307
91,Fiedler $\lambda_2$,-363.53104084605945,twitter,spectral,Random rewiring,99,630,548,100,0,6.910407304763794,0.06980209398751307
91,Surrogate,-0.7990618447005253,twitter,spectral,Random rewiring,99,630,548,100,0,6.910407304763794,0.06980209398751307
91,Disparity,1.3601442968756414,twitter,spectral,Random rewiring,99,630,548,100,0,6.910407304763794,0.06980209398751307
91,Polarization,13.243504883084716,twitter,spectral,Random rewiring,99,630,548,100,0,6.910407304763794,0.06980209398751307
91,$\|L_{t} - L_{0}\|_F$ / $\|L_{0}\|_F$,6.002164950716985,twitter,spectral,Random rewiring,99,630,548,100,0,6.910407304763794,0.06980209398751307
92,Fiedler $\lambda_2$,-363.5331717207735,twitter,spectral,Random rewiring,99,630,548,100,0,6.910407304763794,0.06980209398751307
92,Surrogate,-0.8235079700258645,twitter,spectral,Random rewiring,99,630,548,100,0,6.910407304763794,0.06980209398751307
92,Disparity,1.3691930829453416,twitter,spectral,Random rewiring,99,630,548,100,0,6.910407304763794,0.06980209398751307
92,Polarization,13.243879554439019,twitter,spectral,Random rewiring,99,630,548,100,0,6.910407304763794,0.06980209398751307
92,$\|L_{t} - L_{0}\|_F$ / $\|L_{0}\|_F$,6.041420862605703,twitter,spectral,Random rewiring,99,630,548,100,0,6.910407304763794,0.06980209398751307
93,Fiedler $\lambda_2$,-363.53317014778224,twitter,spectral,Random rewiring,99,630,548,100,0,6.910407304763794,0.06980209398751307
93,Surrogate,-0.8167927745183353,twitter,spectral,Random rewiring,99,630,548,100,0,6.910407304763794,0.06980209398751307
93,Disparity,1.369887614277479,twitter,spectral,Random rewiring,99,630,548,100,0,6.910407304763794,0.06980209398751307
93,Polarization,13.238910604520212,twitter,spectral,Random rewiring,99,630,548,100,0,6.910407304763794,0.06980209398751307
93,$\|L_{t} - L_{0}\|_F$ / $\|L_{0}\|_F$,6.080423339097324,twitter,spectral,Random rewiring,99,630,548,100,0,6.910407304763794,0.06980209398751307
94,Fiedler $\lambda_2$,-363.53265913499376,twitter,spectral,Random rewiring,99,630,548,100,0,6.910407304763794,0.06980209398751307
94,Surrogate,-0.802594110679835,twitter,spectral,Random rewiring,99,630,548,100,0,6.910407304763794,0.06980209398751307
94,Disparity,1.37479503328555,twitter,spectral,Random rewiring,99,630,548,100,0,6.910407304763794,0.06980209398751307
94,Polarization,13.542972048914203,twitter,spectral,Random rewiring,99,630,548,100,0,6.910407304763794,0.06980209398751307
94,$\|L_{t} - L_{0}\|_F$ / $\|L_{0}\|_F$,6.119177226241406,twitter,spectral,Random rewiring,99,630,548,100,0,6.910407304763794,0.06980209398751307
95,Fiedler $\lambda_2$,-387.6556173779483,twitter,spectral,Random rewiring,99,630,548,100,0,6.910407304763794,0.06980209398751307
95,Surrogate,-0.7661860962494483,twitter,spectral,Random rewiring,99,630,548,100,0,6.910407304763794,0.06980209398751307
95,Disparity,1.3483980455226154,twitter,spectral,Random rewiring,99,630,548,100,0,6.910407304763794,0.06980209398751307
95,Polarization,13.513551777813182,twitter,spectral,Random rewiring,99,630,548,100,0,6.910407304763794,0.06980209398751307
95,$\|L_{t} - L_{0}\|_F$ / $\|L_{0}\|_F$,6.188322666480238,twitter,spectral,Random rewiring,99,630,548,100,0,6.910407304763794,0.06980209398751307
96,Fiedler $\lambda_2$,-387.6430209049232,twitter,spectral,Random rewiring,99,630,548,100,0,6.910407304763794,0.06980209398751307
96,Surrogate,-0.7823826303695377,twitter,spectral,Random rewiring,99,630,548,100,0,6.910407304763794,0.06980209398751307
96,Disparity,1.3256640572776384,twitter,spectral,Random rewiring,99,630,548,100,0,6.910407304763794,0.06980209398751307
96,Polarization,13.501123447496804,twitter,spectral,Random rewiring,99,630,548,100,0,6.910407304763794,0.06980209398751307
96,$\|L_{t} - L_{0}\|_F$ / $\|L_{0}\|_F$,6.195957860829549,twitter,spectral,Random rewiring,99,630,548,100,0,6.910407304763794,0.06980209398751307
97,Fiedler $\lambda_2$,-387.59541573937287,twitter,spectral,Random rewiring,99,630,548,100,0,6.910407304763794,0.06980209398751307
97,Surrogate,-0.8253405330740942,twitter,spectral,Random rewiring,99,630,548,100,0,6.910407304763794,0.06980209398751307
97,Disparity,1.2593324129976218,twitter,spectral,Random rewiring,99,630,548,100,0,6.910407304763794,0.06980209398751307
97,Polarization,13.820487896863485,twitter,spectral,Random rewiring,99,630,548,100,0,6.910407304763794,0.06980209398751307
97,$\|L_{t} - L_{0}\|_F$ / $\|L_{0}\|_F$,6.249143023974752,twitter,spectral,Random rewiring,99,630,548,100,0,6.910407304763794,0.06980209398751307
98,Fiedler $\lambda_2$,-387.60003348353746,twitter,spectral,Random rewiring,99,630,548,100,0,6.910407304763794,0.06980209398751307
98,Surrogate,-0.7950473515653617,twitter,spectral,Random rewiring,99,630,548,100,0,6.910407304763794,0.06980209398751307
98,Disparity,1.2388193716152212,twitter,spectral,Random rewiring,99,630,548,100,0,6.910407304763794,0.06980209398751307
98,Polarization,13.823319879618703,twitter,spectral,Random rewiring,99,630,548,100,0,6.910407304763794,0.06980209398751307
98,$\|L_{t} - L_{0}\|_F$ / $\|L_{0}\|_F$,6.264255846586816,twitter,spectral,Random rewiring,99,630,548,100,0,6.910407304763794,0.06980209398751307
0,Fiedler $\lambda_2$,1.1670201860577492,twitter,spectral,Max-degree heuristic,99,630,548,100,0,6.8519628047943115,0.06921174550297285
0,Surrogate,-0.01686059113614578,twitter,spectral,Max-degree heuristic,99,630,548,100,0,6.8519628047943115,0.06921174550297285
0,Disparity,0.11179994601031695,twitter,spectral,Max-degree heuristic,99,630,548,100,0,6.8519628047943115,0.06921174550297285
0,Polarization,0.5027443462688219,twitter,spectral,Max-degree heuristic,99,630,548,100,0,6.8519628047943115,0.06921174550297285
0,$\|L_{t} - L_{0}\|_F$ / $\|L_{0}\|_F$,0.6150004510645588,twitter,spectral,Max-degree heuristic,99,630,548,100,0,6.8519628047943115,0.06921174550297285
1,Fiedler $\lambda_2$,1.7268835037885664,twitter,spectral,Max-degree heuristic,99,630,548,100,0,6.8519628047943115,0.06921174550297285
1,Surrogate,-0.0050553201892655966,twitter,spectral,Max-degree heuristic,99,630,548,100,0,6.8519628047943115,0.06921174550297285
1,Disparity,0.12173679302833779,twitter,spectral,Max-degree heuristic,99,630,548,100,0,6.8519628047943115,0.06921174550297285
1,Polarization,0.6510361233998087,twitter,spectral,Max-degree heuristic,99,630,548,100,0,6.8519628047943115,0.06921174550297285
1,$\|L_{t} - L_{0}\|_F$ / $\|L_{0}\|_F$,0.922500676596838,twitter,spectral,Max-degree heuristic,99,630,548,100,0,6.8519628047943115,0.06921174550297285
2,Fiedler $\lambda_2$,-1.8714616764750072,twitter,spectral,Max-degree heuristic,99,630,548,100,0,6.8519628047943115,0.06921174550297285
2,Surrogate,-0.03954814966781985,twitter,spectral,Max-degree heuristic,99,630,548,100,0,6.8519628047943115,0.06921174550297285
2,Disparity,0.12985733718171755,twitter,spectral,Max-degree heuristic,99,630,548,100,0,6.8519628047943115,0.06921174550297285
2,Polarization,1.0843887644524703,twitter,spectral,Max-degree heuristic,99,630,548,100,0,6.8519628047943115,0.06921174550297285
2,$\|L_{t} - L_{0}\|_F$ / $\|L_{0}\|_F$,1.1505604902975062,twitter,spectral,Max-degree heuristic,99,630,548,100,0,6.8519628047943115,0.06921174550297285
3,Fiedler $\lambda_2$,-33.20105895372448,twitter,spectral,Max-degree heuristic,99,630,548,100,0,6.8519628047943115,0.06921174550297285
3,Surrogate,-0.008185897760246913,twitter,spectral,Max-degree heuristic,99,630,548,100,0,6.8519628047943115,0.06921174550297285
3,Disparity,0.14402301949978777,twitter,spectral,Max-degree heuristic,99,630,548,100,0,6.8519628047943115,0.06921174550297285
3,Polarization,1.2740029173496195,twitter,spectral,Max-degree heuristic,99,630,548,100,0,6.8519628047943115,0.06921174550297285
3,$\|L_{t} - L_{0}\|_F$ / $\|L_{0}\|_F$,1.3403624082111714,twitter,spectral,Max-degree heuristic,99,630,548,100,0,6.8519628047943115,0.06921174550297285
4,Fiedler $\lambda_2$,-33.20679325132272,twitter,spectral,Max-degree heuristic,99,630,548,100,0,6.8519628047943115,0.06921174550297285
4,Surrogate,0.2188933739880676,twitter,spectral,Max-degree heuristic,99,630,548,100,0,6.8519628047943115,0.06921174550297285
4,Disparity,0.3380286369988386,twitter,spectral,Max-degree heuristic,99,630,548,100,0,6.8519628047943115,0.06921174550297285
4,Polarization,1.3101208881087456,twitter,spectral,Max-degree heuristic,99,630,548,100,0,6.8519628047943115,0.06921174550297285
4,$\|L_{t} - L_{0}\|_F$ / $\|L_{0}\|_F$,1.5679496504232746,twitter,spectral,Max-degree heuristic,99,630,548,100,0,6.8519628047943115,0.06921174550297285
5,Fiedler $\lambda_2$,-33.22054123531833,twitter,spectral,Max-degree heuristic,99,630,548,100,0,6.8519628047943115,0.06921174550297285
5,Surrogate,0.241663890969528,twitter,spectral,Max-degree heuristic,99,630,548,100,0,6.8519628047943115,0.06921174550297285
5,Disparity,0.3393724368397331,twitter,spectral,Max-degree heuristic,99,630,548,100,0,6.8519628047943115,0.06921174550297285
5,Polarization,1.7500589396761277,twitter,spectral,Max-degree heuristic,99,630,548,100,0,6.8519628047943115,0.06921174550297285
5,$\|L_{t} - L_{0}\|_F$ / $\|L_{0}\|_F$,1.7664543093947518,twitter,spectral,Max-degree heuristic,99,630,548,100,0,6.8519628047943115,0.06921174550297285
6,Fiedler $\lambda_2$,-33.22212354221824,twitter,spectral,Max-degree heuristic,99,630,548,100,0,6.8519628047943115,0.06921174550297285
6,Surrogate,0.20953400860221497,twitter,spectral,Max-degree heuristic,99,630,548,100,0,6.8519628047943115,0.06921174550297285
6,Disparity,0.40064792794473303,twitter,spectral,Max-degree heuristic,99,630,548,100,0,6.8519628047943115,0.06921174550297285
6,Polarization,1.7660962738019055,twitter,spectral,Max-degree heuristic,99,630,548,100,0,6.8519628047943115,0.06921174550297285
6,$\|L_{t} - L_{0}\|_F$ / $\|L_{0}\|_F$,1.9689621471218055,twitter,spectral,Max-degree heuristic,99,630,548,100,0,6.8519628047943115,0.06921174550297285
7,Fiedler $\lambda_2$,-33.23775698907033,twitter,spectral,Max-degree heuristic,99,630,548,100,0,6.8519628047943115,0.06921174550297285
7,Surrogate,0.5139059149769764,twitter,spectral,Max-degree heuristic,99,630,548,100,0,6.8519628047943115,0.06921174550297285
7,Disparity,0.9438965209252824,twitter,spectral,Max-degree heuristic,99,630,548,100,0,6.8519628047943115,0.06921174550297285
7,Polarization,1.837412742997048,twitter,spectral,Max-degree heuristic,99,630,548,100,0,6.8519628047943115,0.06921174550297285
7,$\|L_{t} - L_{0}\|_F$ / $\|L_{0}\|_F$,2.174354946902675,twitter,spectral,Max-degree heuristic,99,630,548,100,0,6.8519628047943115,0.06921174550297285
8,Fiedler $\lambda_2$,-33.23784223752997,twitter,spectral,Max-degree heuristic,99,630,548,100,0,6.8519628047943115,0.06921174550297285
8,Surrogate,1.1472998099247111,twitter,spectral,Max-degree heuristic,99,630,548,100,0,6.8519628047943115,0.06921174550297285
8,Disparity,1.68799905510864,twitter,spectral,Max-degree heuristic,99,630,548,100,0,6.8519628047943115,0.06921174550297285
8,Polarization,2.8890516279907867,twitter,spectral,Max-degree heuristic,99,630,548,100,0,6.8519628047943115,0.06921174550297285
8,$\|L_{t} - L_{0}\|_F$ / $\|L_{0}\|_F$,2.3818865048830857,twitter,spectral,Max-degree heuristic,99,630,548,100,0,6.8519628047943115,0.06921174550297285
9,Fiedler $\lambda_2$,-33.24897764105857,twitter,spectral,Max-degree heuristic,99,630,548,100,0,6.8519628047943115,0.06921174550297285
9,Surrogate,1.0098545537824428,twitter,spectral,Max-degree heuristic,99,630,548,100,0,6.8519628047943115,0.06921174550297285
9,Disparity,1.5899575965663566,twitter,spectral,Max-degree heuristic,99,630,548,100,0,6.8519628047943115,0.06921174550297285
9,Polarization,3.656753434891967,twitter,spectral,Max-degree heuristic,99,630,548,100,0,6.8519628047943115,0.06921174550297285
9,$\|L_{t} - L_{0}\|_F$ / $\|L_{0}\|_F$,2.4981436416584573,twitter,spectral,Max-degree heuristic,99,630,548,100,0,6.8519628047943115,0.06921174550297285
10,Fiedler $\lambda_2$,-33.24765690709111,twitter,spectral,Max-degree heuristic,99,630,548,100,0,6.8519628047943115,0.06921174550297285
10,Surrogate,1.0373687737139528,twitter,spectral,Max-degree heuristic,99,630,548,100,0,6.8519628047943115,0.06921174550297285
10,Disparity,1.5765358374285072,twitter,spectral,Max-degree heuristic,99,630,548,100,0,6.8519628047943115,0.06921174550297285
10,Polarization,3.959540111577564,twitter,spectral,Max-degree heuristic,99,630,548,100,0,6.8519628047943115,0.06921174550297285
10,$\|L_{t} - L_{0}\|_F$ / $\|L_{0}\|_F$,2.6807248164223427,twitter,spectral,Max-degree heuristic,99,630,548,100,0,6.8519628047943115,0.06921174550297285
11,Fiedler $\lambda_2$,-33.265974494423475,twitter,spectral,Max-degree heuristic,99,630,548,100,0,6.8519628047943115,0.06921174550297285
11,Surrogate,1.0353635522019238,twitter,spectral,Max-degree heuristic,99,630,548,100,0,6.8519628047943115,0.06921174550297285
11,Disparity,2.110349898656833,twitter,spectral,Max-degree heuristic,99,630,548,100,0,6.8519628047943115,0.06921174550297285
11,Polarization,4.409507458024345,twitter,spectral,Max-degree heuristic,99,630,548,100,0,6.8519628047943115,0.06921174550297285
11,$\|L_{t} - L_{0}\|_F$ / $\|L_{0}\|_F$,2.8182861194353257,twitter,spectral,Max-degree heuristic,99,630,548,100,0,6.8519628047943115,0.06921174550297285
12,Fiedler $\lambda_2$,-33.28061879518351,twitter,spectral,Max-degree heuristic,99,630,548,100,0,6.8519628047943115,0.06921174550297285
12,Surrogate,1.0826459562991133,twitter,spectral,Max-degree heuristic,99,630,548,100,0,6.8519628047943115,0.06921174550297285
12,Disparity,2.204259445482073,twitter,spectral,Max-degree heuristic,99,630,548,100,0,6.8519628047943115,0.06921174550297285
12,Polarization,4.418742191061574,twitter,spectral,Max-degree heuristic,99,630,548,100,0,6.8519628047943115,0.06921174550297285
12,$\|L_{t} - L_{0}\|_F$ / $\|L_{0}\|_F$,2.9971414592455017,twitter,spectral,Max-degree heuristic,99,630,548,100,0,6.8519628047943115,0.06921174550297285
13,Fiedler $\lambda_2$,-33.28083605972384,twitter,spectral,Max-degree heuristic,99,630,548,100,0,6.8519628047943115,0.06921174550297285
13,Surrogate,0.9697269095020113,twitter,spectral,Max-degree heuristic,99,630,548,100,0,6.8519628047943115,0.06921174550297285
13,Disparity,2.3705666179454554,twitter,spectral,Max-degree heuristic,99,630,548,100,0,6.8519628047943115,0.06921174550297285
13,Polarization,4.469088099097551,twitter,spectral,Max-degree heuristic,99,630,548,100,0,6.8519628047943115,0.06921174550297285
13,$\|L_{t} - L_{0}\|_F$ / $\|L_{0}\|_F$,3.1956360837647786,twitter,spectral,Max-degree heuristic,99,630,548,100,0,6.8519628047943115,0.06921174550297285
14,Fiedler $\lambda_2$,-33.28255282831235,twitter,spectral,Max-degree heuristic,99,630,548,100,0,6.8519628047943115,0.06921174550297285
14,Surrogate,0.997240698654935,twitter,spectral,Max-degree heuristic,99,630,548,100,0,6.8519628047943115,0.06921174550297285
14,Disparity,2.650981634300443,twitter,spectral,Max-degree heuristic,99,630,548,100,0,6.8519628047943115,0.06921174550297285
14,Polarization,4.6417866636431135,twitter,spectral,Max-degree heuristic,99,630,548,100,0,6.8519628047943115,0.06921174550297285
14,$\|L_{t} - L_{0}\|_F$ / $\|L_{0}\|_F$,3.2975725467040613,twitter,spectral,Max-degree heuristic,99,630,548,100,0,6.8519628047943115,0.06921174550297285
15,Fiedler $\lambda_2$,-33.27620677176014,twitter,spectral,Max-degree heuristic,99,630,548,100,0,6.8519628047943115,0.06921174550297285
15,Surrogate,1.090969909048998,twitter,spectral,Max-degree heuristic,99,630,548,100,0,6.8519628047943115,0.06921174550297285
15,Disparity,3.414539946824602,twitter,spectral,Max-degree heuristic,99,630,548,100,0,6.8519628047943115,0.06921174550297285
15,Polarization,5.915963231424002,twitter,spectral,Max-degree heuristic,99,630,548,100,0,6.8519628047943115,0.06921174550297285
15,$\|L_{t} - L_{0}\|_F$ / $\|L_{0}\|_F$,3.396451003870529,twitter,spectral,Max-degree heuristic,99,630,548,100,0,6.8519628047943115,0.06921174550297285
16,Fiedler $\lambda_2$,-99.99999999999964,twitter,spectral,Max-degree heuristic,99,630,548,100,0,6.8519628047943115,0.06921174550297285
16,Surrogate,2.4455603940767583,twitter,spectral,Max-degree heuristic,99,630,548,100,0,6.8519628047943115,0.06921174550297285
16,Disparity,8.373929300190623,twitter,spectral,Max-degree heuristic,99,630,548,100,0,6.8519628047943115,0.06921174550297285
16,Polarization,34.509687181075016,twitter,spectral,Max-degree heuristic,99,630,548,100,0,6.8519628047943115,0.06921174550297285
16,$\|L_{t} - L_{0}\|_F$ / $\|L_{0}\|_F$,3.492531194221456,twitter,spectral,Max-degree heuristic,99,630,548,100,0,6.8519628047943115,0.06921174550297285
17,Fiedler $\lambda_2$,-99.99999999999662,twitter,spectral,Max-degree heuristic,99,630,548,100,0,6.8519628047943115,0.06921174550297285
17,Surrogate,2.767588123438951,twitter,spectral,Max-degree heuristic,99,630,548,100,0,6.8519628047943115,0.06921174550297285
17,Disparity,8.698154056466214,twitter,spectral,Max-degree heuristic,99,630,548,100,0,6.8519628047943115,0.06921174550297285
17,Polarization,34.8283226469685,twitter,spectral,Max-degree heuristic,99,630,548,100,0,6.8519628047943115,0.06921174550297285
17,$\|L_{t} - L_{0}\|_F$ / $\|L_{0}\|_F$,3.599197862333935,twitter,spectral,Max-degree heuristic,99,630,548,100,0,6.8519628047943115,0.06921174550297285
18,Fiedler $\lambda_2$,-100.00000000000453,twitter,spectral,Max-degree heuristic,99,630,548,100,0,6.8519628047943115,0.06921174550297285
18,Surrogate,3.427498099027746,twitter,spectral,Max-degree heuristic,99,630,548,100,0,6.8519628047943115,0.06921174550297285
18,Disparity,10.007611385269099,twitter,spectral,Max-degree heuristic,99,630,548,100,0,6.8519628047943115,0.06921174550297285
18,Polarization,35.97787844675092,twitter,spectral,Max-degree heuristic,99,630,548,100,0,6.8519628047943115,0.06921174550297285
18,$\|L_{t} - L_{0}\|_F$ / $\|L_{0}\|_F$,3.7660932417241617,twitter,spectral,Max-degree heuristic,99,630,548,100,0,6.8519628047943115,0.06921174550297285
19,Fiedler $\lambda_2$,-100.00000000000679,twitter,spectral,Max-degree heuristic,99,630,548,100,0,6.8519628047943115,0.06921174550297285
19,Surrogate,4.836788986379604,twitter,spectral,Max-degree heuristic,99,630,548,100,0,6.8519628047943115,0.06921174550297285
19,Disparity,13.807292843834507,twitter,spectral,Max-degree heuristic,99,630,548,100,0,6.8519628047943115,0.06921174550297285
19,Polarization,40.43579505706515,twitter,spectral,Max-degree heuristic,99,630,548,100,0,6.8519628047943115,0.06921174550297285
19,$\|L_{t} - L_{0}\|_F$ / $\|L_{0}\|_F$,3.937924294243611,twitter,spectral,Max-degree heuristic,99,630,548,100,0,6.8519628047943115,0.06921174550297285
20,Fiedler $\lambda_2$,-100.00000000000611,twitter,spectral,Max-degree heuristic,99,630,548,100,0,6.8519628047943115,0.06921174550297285
20,Surrogate,4.823291893246781,twitter,spectral,Max-degree heuristic,99,630,548,100,0,6.8519628047943115,0.06921174550297285
20,Disparity,13.841639940126393,twitter,spectral,Max-degree heuristic,99,630,548,100,0,6.8519628047943115,0.06921174550297285
20,Polarization,40.52879984937098,twitter,spectral,Max-degree heuristic,99,630,548,100,0,6.8519628047943115,0.06921174550297285
20,$\|L_{t} - L_{0}\|_F$ / $\|L_{0}\|_F$,4.1140726266960925,twitter,spectral,Max-degree heuristic,99,630,548,100,0,6.8519628047943115,0.06921174550297285
21,Fiedler $\lambda_2$,-100.00000000000075,twitter,spectral,Max-degree heuristic,99,630,548,100,0,6.8519628047943115,0.06921174550297285
21,Surrogate,4.907272235626224,twitter,spectral,Max-degree heuristic,99,630,548,100,0,6.8519628047943115,0.06921174550297285
21,Disparity,14.0132390302112,twitter,spectral,Max-degree heuristic,99,630,548,100,0,6.8519628047943115,0.06921174550297285
21,Polarization,41.386960864371694,twitter,spectral,Max-degree heuristic,99,630,548,100,0,6.8519628047943115,0.06921174550297285
21,$\|L_{t} - L_{0}\|_F$ / $\|L_{0}\|_F$,4.305003157451911,twitter,spectral,Max-degree heuristic,99,630,548,100,0,6.8519628047943115,0.06921174550297285
22,Fiedler $\lambda_2$,-100.00000000000435,twitter,spectral,Max-degree heuristic,99,630,548,100,0,6.8519628047943115,0.06921174550297285
22,Surrogate,5.101023758998468,twitter,spectral,Max-degree heuristic,99,630,548,100,0,6.8519628047943115,0.06921174550297285
22,Disparity,14.045254870456326,twitter,spectral,Max-degree heuristic,99,630,548,100,0,6.8519628047943115,0.06921174550297285
22,Polarization,41.5163661117293,twitter,spectral,Max-degree heuristic,99,630,548,100,0,6.8519628047943115,0.06921174550297285
22,$\|L_{t} - L_{0}\|_F$ / $\|L_{0}\|_F$,4.498340492038612,twitter,spectral,Max-degree heuristic,99,630,548,100,0,6.8519628047943115,0.06921174550297285
23,Fiedler $\lambda_2$,-100.00000000001216,twitter,spectral,Max-degree heuristic,99,630,548,100,0,6.8519628047943115,0.06921174550297285
23,Surrogate,5.120346961519863,twitter,spectral,Max-degree heuristic,99,630,548,100,0,6.8519628047943115,0.06921174550297285
23,Disparity,14.077539961011615,twitter,spectral,Max-degree heuristic,99,630,548,100,0,6.8519628047943115,0.06921174550297285
23,Polarization,42.60714844136834,twitter,spectral,Max-degree heuristic,99,630,548,100,0,6.8519628047943115,0.06921174550297285
23,$\|L_{t} - L_{0}\|_F$ / $\|L_{0}\|_F$,4.693787230761512,twitter,spectral,Max-degree heuristic,99,630,548,100,0,6.8519628047943115,0.06921174550297285
24,Fiedler $\lambda_2$,-132.02288146993382,twitter,spectral,Max-degree heuristic,99,630,548,100,0,6.8519628047943115,0.06921174550297285
24,Surrogate,6.126714946301701,twitter,spectral,Max-degree heuristic,99,630,548,100,0,6.8519628047943115,0.06921174550297285
24,Disparity,14.813941075948303,twitter,spectral,Max-degree heuristic,99,630,548,100,0,6.8519628047943115,0.06921174550297285
24,Polarization,43.29888712604962,twitter,spectral,Max-degree heuristic,99,630,548,100,0,6.8519628047943115,0.06921174550297285
24,$\|L_{t} - L_{0}\|_F$ / $\|L_{0}\|_F$,4.900747160424651,twitter,spectral,Max-degree heuristic,99,630,548,100,0,6.8519628047943115,0.06921174550297285
25,Fiedler $\lambda_2$,-132.0227917472884,twitter,spectral,Max-degree heuristic,99,630,548,100,0,6.8519628047943115,0.06921174550297285
25,Surrogate,6.997256888126135,twitter,spectral,Max-degree heuristic,99,630,548,100,0,6.8519628047943115,0.06921174550297285
25,Disparity,18.065238849747153,twitter,spectral,Max-degree heuristic,99,630,548,100,0,6.8519628047943115,0.06921174550297285
25,Polarization,51.45885244331959,twitter,spectral,Max-degree heuristic,99,630,548,100,0,6.8519628047943115,0.06921174550297285
25,$\|L_{t} - L_{0}\|_F$ / $\|L_{0}\|_F$,5.136266391842458,twitter,spectral,Max-degree heuristic,99,630,548,100,0,6.8519628047943115,0.06921174550297285
26,Fiedler $\lambda_2$,-132.02279134356007,twitter,spectral,Max-degree heuristic,99,630,548,100,0,6.8519628047943115,0.06921174550297285
26,Surrogate,7.342180592319229,twitter,spectral,Max-degree heuristic,99,630,548,100,0,6.8519628047943115,0.06921174550297285
26,Disparity,18.979592356001103,twitter,spectral,Max-degree heuristic,99,630,548,100,0,6.8519628047943115,0.06921174550297285
26,Polarization,51.86365634911386,twitter,spectral,Max-degree heuristic,99,630,548,100,0,6.8519628047943115,0.06921174550297285
26,$\|L_{t} - L_{0}\|_F$ / $\|L_{0}\|_F$,5.34378418240535,twitter,spectral,Max-degree heuristic,99,630,548,100,0,6.8519628047943115,0.06921174550297285
27,Fiedler $\lambda_2$,-138.01266000729348,twitter,spectral,Max-degree heuristic,99,630,548,100,0,6.8519628047943115,0.06921174550297285
27,Surrogate,7.462958253283049,twitter,spectral,Max-degree heuristic,99,630,548,100,0,6.8519628047943115,0.06921174550297285
27,Disparity,19.58677167631397,twitter,spectral,Max-degree heuristic,99,630,548,100,0,6.8519628047943115,0.06921174550297285
27,Polarization,51.85110721523875,twitter,spectral,Max-degree heuristic,99,630,548,100,0,6.8519628047943115,0.06921174550297285
27,$\|L_{t} - L_{0}\|_F$ / $\|L_{0}\|_F$,5.535004059581029,twitter,spectral,Max-degree heuristic,99,630,548,100,0,6.8519628047943115,0.06921174550297285
28,Fiedler $\lambda_2$,-138.01254054438596,twitter,spectral,Max-degree heuristic,99,630,548,100,0,6.8519628047943115,0.06921174550297285
28,Surrogate,7.77162520913568,twitter,spectral,Max-degree heuristic,99,630,548,100,0,6.8519628047943115,0.06921174550297285
28,Disparity,20.172360422309808,twitter,spectral,Max-degree heuristic,99,630,548,100,0,6.8519628047943115,0.06921174550297285
28,Polarization,52.433760325904146,twitter,spectral,Max-degree heuristic,99,630,548,100,0,6.8519628047943115,0.06921174550297285
28,$\|L_{t} - L_{0}\|_F$ / $\|L_{0}\|_F$,5.728094524336495,twitter,spectral,Max-degree heuristic,99,630,548,100,0,6.8519628047943115,0.06921174550297285
29,Fiedler $\lambda_2$,-138.0152838053583,twitter,spectral,Max-degree heuristic,99,630,548,100,0,6.8519628047943115,0.06921174550297285
29,Surrogate,10.39279847112594,twitter,spectral,Max-degree heuristic,99,630,548,100,0,6.8519628047943115,0.06921174550297285
29,Disparity,39.15125982926823,twitter,spectral,Max-degree heuristic,99,630,548,100,0,6.8519628047943115,0.06921174550297285
29,Polarization,55.27723043106945,twitter,spectral,Max-degree heuristic,99,630,548,100,0,6.8519628047943115,0.06921174550297285
29,$\|L_{t} - L_{0}\|_F$ / $\|L_{0}\|_F$,5.922872631467892,twitter,spectral,Max-degree heuristic,99,630,548,100,0,6.8519628047943115,0.06921174550297285
30,Fiedler $\lambda_2$,-138.0882513112341,twitter,spectral,Max-degree heuristic,99,630,548,100,0,6.8519628047943115,0.06921174550297285
30,Surrogate,10.382994736510543,twitter,spectral,Max-degree heuristic,99,630,548,100,0,6.8519628047943115,0.06921174550297285
30,Disparity,39.18782321562065,twitter,spectral,Max-degree heuristic,99,630,548,100,0,6.8519628047943115,0.06921174550297285
30,Polarization,57.90724762575551,twitter,spectral,Max-degree heuristic,99,630,548,100,0,6.8519628047943115,0.06921174550297285
30,$\|L_{t} - L_{0}\|_F$ / $\|L_{0}\|_F$,6.057051990575303,twitter,spectral,Max-degree heuristic,99,630,548,100,0,6.8519628047943115,0.06921174550297285
31,Fiedler $\lambda_2$,-138.0897686634693,twitter,spectral,Max-degree heuristic,99,630,548,100,0,6.8519628047943115,0.06921174550297285
31,Surrogate,10.43125170752504,twitter,spectral,Max-degree heuristic,99,630,548,100,0,6.8519628047943115,0.06921174550297285
31,Disparity,39.189088119822095,twitter,spectral,Max-degree heuristic,99,630,548,100,0,6.8519628047943115,0.06921174550297285
31,Polarization,58.964653005546175,twitter,spectral,Max-degree heuristic,99,630,548,100,0,6.8519628047943115,0.06921174550297285
31,$\|L_{t} - L_{0}\|_F$ / $\|L_{0}\|_F$,6.271798601693098,twitter,spectral,Max-degree heuristic,99,630,548,100,0,6.8519628047943115,0.06921174550297285
32,Fiedler $\lambda_2$,-138.11948204928078,twitter,spectral,Max-degree heuristic,99,630,548,100,0,6.8519628047943115,0.06921174550297285
32,Surrogate,10.46502898280795,twitter,spectral,Max-degree heuristic,99,630,548,100,0,6.8519628047943115,0.06921174550297285
32,Disparity,39.30775701640544,twitter,spectral,Max-degree heuristic,99,630,548,100,0,6.8519628047943115,0.06921174550297285
32,Polarization,60.961036404652816,twitter,spectral,Max-degree heuristic,99,630,548,100,0,6.8519628047943115,0.06921174550297285
32,$\|L_{t} - L_{0}\|_F$ / $\|L_{0}\|_F$,6.486724363850309,twitter,spectral,Max-degree heuristic,99,630,548,100,0,6.8519628047943115,0.06921174550297285
33,Fiedler $\lambda_2$,-138.11567926326705,twitter,spectral,Max-degree heuristic,99,630,548,100,0,6.8519628047943115,0.06921174550297285
33,Surrogate,10.464088285063895,twitter,spectral,Max-degree heuristic,99,630,548,100,0,6.8519628047943115,0.06921174550297285
33,Disparity,39.2725702620753,twitter,spectral,Max-degree heuristic,99,630,548,100,0,6.8519628047943115,0.06921174550297285
33,Polarization,61.09060207607677,twitter,spectral,Max-degree heuristic,99,630,548,100,0,6.8519628047943115,0.06921174550297285
33,$\|L_{t} - L_{0}\|_F$ / $\|L_{0}\|_F$,6.6806149019034216,twitter,spectral,Max-degree heuristic,99,630,548,100,0,6.8519628047943115,0.06921174550297285
34,Fiedler $\lambda_2$,-138.12082774339095,twitter,spectral,Max-degree heuristic,99,630,548,100,0,6.8519628047943115,0.06921174550297285
34,Surrogate,10.415331416426511,twitter,spectral,Max-degree heuristic,99,630,548,100,0,6.8519628047943115,0.06921174550297285
34,Disparity,44.21597456427078,twitter,spectral,Max-degree heuristic,99,630,548,100,0,6.8519628047943115,0.06921174550297285
34,Polarization,61.935129018123504,twitter,spectral,Max-degree heuristic,99,630,548,100,0,6.8519628047943115,0.06921174550297285
34,$\|L_{t} - L_{0}\|_F$ / $\|L_{0}\|_F$,6.78593849795812,twitter,spectral,Max-degree heuristic,99,630,548,100,0,6.8519628047943115,0.06921174550297285
35,Fiedler $\lambda_2$,-150.10251641921027,twitter,spectral,Max-degree heuristic,99,630,548,100,0,6.8519628047943115,0.06921174550297285
35,Surrogate,10.42957640504918,twitter,spectral,Max-degree heuristic,99,630,548,100,0,6.8519628047943115,0.06921174550297285
35,Disparity,43.743148788851705,twitter,spectral,Max-degree heuristic,99,630,548,100,0,6.8519628047943115,0.06921174550297285
35,Polarization,63.357205460576736,twitter,spectral,Max-degree heuristic,99,630,548,100,0,6.8519628047943115,0.06921174550297285
35,$\|L_{t} - L_{0}\|_F$ / $\|L_{0}\|_F$,6.985062388442912,twitter,spectral,Max-degree heuristic,99,630,548,100,0,6.8519628047943115,0.06921174550297285
36,Fiedler $\lambda_2$,-150.16658986603045,twitter,spectral,Max-degree heuristic,99,630,548,100,0,6.8519628047943115,0.06921174550297285
36,Surrogate,10.631130389246712,twitter,spectral,Max-degree heuristic,99,630,548,100,0,6.8519628047943115,0.06921174550297285
36,Disparity,45.72067643590761,twitter,spectral,Max-degree heuristic,99,630,548,100,0,6.8519628047943115,0.06921174550297285
36,Polarization,71.60651480104362,twitter,spectral,Max-degree heuristic,99,630,548,100,0,6.8519628047943115,0.06921174550297285
36,$\|L_{t} - L_{0}\|_F$ / $\|L_{0}\|_F$,7.052422311338412,twitter,spectral,Max-degree heuristic,99,630,548,100,0,6.8519628047943115,0.06921174550297285
37,Fiedler $\lambda_2$,-150.16676931877012,twitter,spectral,Max-degree heuristic,99,630,548,100,0,6.8519628047943115,0.06921174550297285
37,Surrogate,11.459126229373833,twitter,spectral,Max-degree heuristic,99,630,548,100,0,6.8519628047943115,0.06921174550297285
37,Disparity,51.887218735619676,twitter,spectral,Max-degree heuristic,99,630,548,100,0,6.8519628047943115,0.06921174550297285
37,Polarization,76.64336121481281,twitter,spectral,Max-degree heuristic,99,630,548,100,0,6.8519628047943115,0.06921174550297285
37,$\|L_{t} - L_{0}\|_F$ / $\|L_{0}\|_F$,7.15227280575901,twitter,spectral,Max-degree heuristic,99,630,548,100,0,6.8519628047943115,0.06921174550297285
38,Fiedler $\lambda_2$,-150.24107178038858,twitter,spectral,Max-degree heuristic,99,630,548,100,0,6.8519628047943115,0.06921174550297285
38,Surrogate,11.890493170447698,twitter,spectral,Max-degree heuristic,99,630,548,100,0,6.8519628047943115,0.06921174550297285
38,Disparity,53.5374128790302,twitter,spectral,Max-degree heuristic,99,630,548,100,0,6.8519628047943115,0.06921174550297285
38,Polarization,77.61862037404175,twitter,spectral,Max-degree heuristic,99,630,548,100,0,6.8519628047943115,0.06921174550297285
38,$\|L_{t} - L_{0}\|_F$ / $\|L_{0}\|_F$,7.263777591304728,twitter,spectral,Max-degree heuristic,99,630,548,100,0,6.8519628047943115,0.06921174550297285
39,Fiedler $\lambda_2$,-150.29559425569624,twitter,spectral,Max-degree heuristic,99,630,548,100,0,6.8519628047943115,0.06921174550297285
39,Surrogate,11.835608201850002,twitter,spectral,Max-degree heuristic,99,630,548,100,0,6.8519628047943115,0.06921174550297285
39,Disparity,53.798397264429184,twitter,spectral,Max-degree heuristic,99,630,548,100,0,6.8519628047943115,0.06921174550297285
39,Polarization,77.8116529764292,twitter,spectral,Max-degree heuristic,99,630,548,100,0,6.8519628047943115,0.06921174550297285
39,$\|L_{t} - L_{0}\|_F$ / $\|L_{0}\|_F$,7.450140949559973,twitter,spectral,Max-degree heuristic,99,630,548,100,0,6.8519628047943115,0.06921174550297285
40,Fiedler $\lambda_2$,-150.24176897223248,twitter,spectral,Max-degree heuristic,99,630,548,100,0,6.8519628047943115,0.06921174550297285
40,Surrogate,11.655211216688313,twitter,spectral,Max-degree heuristic,99,630,548,100,0,6.8519628047943115,0.06921174550297285
40,Disparity,54.166993935884946,twitter,spectral,Max-degree heuristic,99,630,548,100,0,6.8519628047943115,0.06921174550297285
40,Polarization,84.31363584318643,twitter,spectral,Max-degree heuristic,99,630,548,100,0,6.8519628047943115,0.06921174550297285
40,$\|L_{t} - L_{0}\|_F$ / $\|L_{0}\|_F$,7.638147146355749,twitter,spectral,Max-degree heuristic,99,630,548,100,0,6.8519628047943115,0.06921174550297285
41,Fiedler $\lambda_2$,-312.2186295473385,twitter,spectral,Max-degree heuristic,99,630,548,100,0,6.8519628047943115,0.06921174550297285
41,Surrogate,11.429958321824788,twitter,spectral,Max-degree heuristic,99,630,548,100,0,6.8519628047943115,0.06921174550297285
41,Disparity,55.35181263611315,twitter,spectral,Max-degree heuristic,99,630,548,100,0,6.8519628047943115,0.06921174550297285
41,Polarization,85.94880161032376,twitter,spectral,Max-degree heuristic,99,630,548,100,0,6.8519628047943115,0.06921174550297285
41,$\|L_{t} - L_{0}\|_F$ / $\|L_{0}\|_F$,7.839748252116374,twitter,spectral,Max-degree heuristic,99,630,548,100,0,6.8519628047943115,0.06921174550297285
42,Fiedler $\lambda_2$,-312.24690329579164,twitter,spectral,Max-degree heuristic,99,630,548,100,0,6.8519628047943115,0.06921174550297285
42,Surrogate,11.785896948077013,twitter,spectral,Max-degree heuristic,99,630,548,100,0,6.8519628047943115,0.06921174550297285
42,Disparity,58.274034991721045,twitter,spectral,Max-degree heuristic,99,630,548,100,0,6.8519628047943115,0.06921174550297285
42,Polarization,93.29838167326918,twitter,spectral,Max-degree heuristic,99,630,548,100,0,6.8519628047943115,0.06921174550297285
42,$\|L_{t} - L_{0}\|_F$ / $\|L_{0}\|_F$,8.059791500935408,twitter,spectral,Max-degree heuristic,99,630,548,100,0,6.8519628047943115,0.06921174550297285
43,Fiedler $\lambda_2$,-312.2477348508588,twitter,spectral,Max-degree heuristic,99,630,548,100,0,6.8519628047943115,0.06921174550297285
43,Surrogate,11.75785861783659,twitter,spectral,Max-degree heuristic,99,630,548,100,0,6.8519628047943115,0.06921174550297285
43,Disparity,58.121730115216074,twitter,spectral,Max-degree heuristic,99,630,548,100,0,6.8519628047943115,0.06921174550297285
43,Polarization,94.47064120782905,twitter,spectral,Max-degree heuristic,99,630,548,100,0,6.8519628047943115,0.06921174550297285
43,$\|L_{t} - L_{0}\|_F$ / $\|L_{0}\|_F$,8.268268805006109,twitter,spectral,Max-degree heuristic,99,630,548,100,0,6.8519628047943115,0.06921174550297285
44,Fiedler $\lambda_2$,-312.2586699966607,twitter,spectral,Max-degree heuristic,99,630,548,100,0,6.8519628047943115,0.06921174550297285
44,Surrogate,11.782277033398374,twitter,spectral,Max-degree heuristic,99,630,548,100,0,6.8519628047943115,0.06921174550297285
44,Disparity,58.132831055145516,twitter,spectral,Max-degree heuristic,99,630,548,100,0,6.8519628047943115,0.06921174550297285
44,Polarization,96.81397346918048,twitter,spectral,Max-degree heuristic,99,630,548,100,0,6.8519628047943115,0.06921174550297285
44,$\|L_{t} - L_{0}\|_F$ / $\|L_{0}\|_F$,8.47161726148695,twitter,spectral,Max-degree heuristic,99,630,548,100,0,6.8519628047943115,0.06921174550297285
45,Fiedler $\lambda_2$,-313.6197994559682,twitter,spectral,Max-degree heuristic,99,630,548,100,0,6.8519628047943115,0.06921174550297285
45,Surrogate,11.915593689892683,twitter,spectral,Max-degree heuristic,99,630,548,100,0,6.8519628047943115,0.06921174550297285
45,Disparity,57.76559418153452,twitter,spectral,Max-degree heuristic,99,630,548,100,0,6.8519628047943115,0.06921174550297285
45,Polarization,99.50864972995703,twitter,spectral,Max-degree heuristic,99,630,548,100,0,6.8519628047943115,0.06921174550297285
45,$\|L_{t} - L_{0}\|_F$ / $\|L_{0}\|_F$,8.67019774967158,twitter,spectral,Max-degree heuristic,99,630,548,100,0,6.8519628047943115,0.06921174550297285
46,Fiedler $\lambda_2$,-313.6203358244611,twitter,spectral,Max-degree heuristic,99,630,548,100,0,6.8519628047943115,0.06921174550297285
46,Surrogate,12.739905566839155,twitter,spectral,Max-degree heuristic,99,630,548,100,0,6.8519628047943115,0.06921174550297285
46,Disparity,60.5852909724702,twitter,spectral,Max-degree heuristic,99,630,548,100,0,6.8519628047943115,0.06921174550297285
46,Polarization,100.44761022689856,twitter,spectral,Max-degree heuristic,99,630,548,100,0,6.8519628047943115,0.06921174550297285
46,$\|L_{t} - L_{0}\|_F$ / $\|L_{0}\|_F$,8.885639232295347,twitter,spectral,Max-degree heuristic,99,630,548,100,0,6.8519628047943115,0.06921174550297285
47,Fiedler $\lambda_2$,-313.6282463765792,twitter,spectral,Max-degree heuristic,99,630,548,100,0,6.8519628047943115,0.06921174550297285
47,Surrogate,13.41850069486127,twitter,spectral,Max-degree heuristic,99,630,548,100,0,6.8519628047943115,0.06921174550297285
47,Disparity,61.972135237628144,twitter,spectral,Max-degree heuristic,99,630,548,100,0,6.8519628047943115,0.06921174550297285
47,Polarization,130.4609142403937,twitter,spectral,Max-degree heuristic,99,630,548,100,0,6.8519628047943115,0.06921174550297285
47,$\|L_{t} - L_{0}\|_F$ / $\|L_{0}\|_F$,8.996680984077225,twitter,spectral,Max-degree heuristic,99,630,548,100,0,6.8519628047943115,0.06921174550297285
48,Fiedler $\lambda_2$,-313.62521762718745,twitter,spectral,Max-degree heuristic,99,630,548,100,0,6.8519628047943115,0.06921174550297285
48,Surrogate,13.548018615077604,twitter,spectral,Max-degree heuristic,99,630,548,100,0,6.8519628047943115,0.06921174550297285
48,Disparity,61.858181145253134,twitter,spectral,Max-degree heuristic,99,630,548,100,0,6.8519628047943115,0.06921174550297285
48,Polarization,132.3504625727054,twitter,spectral,Max-degree heuristic,99,630,548,100,0,6.8519628047943115,0.06921174550297285
48,$\|L_{t} - L_{0}\|_F$ / $\|L_{0}\|_F$,9.064739476807258,twitter,spectral,Max-degree heuristic,99,630,548,100,0,6.8519628047943115,0.06921174550297285
49,Fiedler $\lambda_2$,-313.63118631856065,twitter,spectral,Max-degree heuristic,99,630,548,100,0,6.8519628047943115,0.06921174550297285
49,Surrogate,13.531659565674556,twitter,spectral,Max-degree heuristic,99,630,548,100,0,6.8519628047943115,0.06921174550297285
49,Disparity,61.6864145460547,twitter,spectral,Max-degree heuristic,99,630,548,100,0,6.8519628047943115,0.06921174550297285
49,Polarization,132.2848245324159,twitter,spectral,Max-degree heuristic,99,630,548,100,0,6.8519628047943115,0.06921174550297285
49,$\|L_{t} - L_{0}\|_F$ / $\|L_{0}\|_F$,9.255705708608978,twitter,spectral,Max-degree heuristic,99,630,548,100,0,6.8519628047943115,0.06921174550297285
50,Fiedler $\lambda_2$,-313.63666296548473,twitter,spectral,Max-degree heuristic,99,630,548,100,0,6.8519628047943115,0.06921174550297285
50,Surrogate,13.646584146952993,twitter,spectral,Max-degree heuristic,99,630,548,100,0,6.8519628047943115,0.06921174550297285
50,Disparity,62.1113043368297,twitter,spectral,Max-degree heuristic,99,630,548,100,0,6.8519628047943115,0.06921174550297285
50,Polarization,135.63891538800874,twitter,spectral,Max-degree heuristic,99,630,548,100,0,6.8519628047943115,0.06921174550297285
50,$\|L_{t} - L_{0}\|_F$ / $\|L_{0}\|_F$,9.362359335505516,twitter,spectral,Max-degree heuristic,99,630,548,100,0,6.8519628047943115,0.06921174550297285
51,Fiedler $\lambda_2$,-313.63656876279606,twitter,spectral,Max-degree heuristic,99,630,548,100,0,6.8519628047943115,0.06921174550297285
51,Surrogate,13.686609236159274,twitter,spectral,Max-degree heuristic,99,630,548,100,0,6.8519628047943115,0.06921174550297285
51,Disparity,62.35394542578477,twitter,spectral,Max-degree heuristic,99,630,548,100,0,6.8519628047943115,0.06921174550297285
51,Polarization,135.70667429710252,twitter,spectral,Max-degree heuristic,99,630,548,100,0,6.8519628047943115,0.06921174550297285
51,$\|L_{t} - L_{0}\|_F$ / $\|L_{0}\|_F$,9.552325114746598,twitter,spectral,Max-degree heuristic,99,630,548,100,0,6.8519628047943115,0.06921174550297285
52,Fiedler $\lambda_2$,-313.6356989056447,twitter,spectral,Max-degree heuristic,99,630,548,100,0,6.8519628047943115,0.06921174550297285
52,Surrogate,13.821477179199626,twitter,spectral,Max-degree heuristic,99,630,548,100,0,6.8519628047943115,0.06921174550297285
52,Disparity,62.41392381367269,twitter,spectral,Max-degree heuristic,99,630,548,100,0,6.8519628047943115,0.06921174550297285
52,Polarization,137.7770574445502,twitter,spectral,Max-degree heuristic,99,630,548,100,0,6.8519628047943115,0.06921174550297285
52,$\|L_{t} - L_{0}\|_F$ / $\|L_{0}\|_F$,9.787012912811239,twitter,spectral,Max-degree heuristic,99,630,548,100,0,6.8519628047943115,0.06921174550297285
53,Fiedler $\lambda_2$,-313.8865423191115,twitter,spectral,Max-degree heuristic,99,630,548,100,0,6.8519628047943115,0.06921174550297285
53,Surrogate,17.661320675493037,twitter,spectral,Max-degree heuristic,99,630,548,100,0,6.8519628047943115,0.06921174550297285
53,Disparity,81.53673943107796,twitter,spectral,Max-degree heuristic,99,630,548,100,0,6.8519628047943115,0.06921174550297285
53,Polarization,146.78388420466624,twitter,spectral,Max-degree heuristic,99,630,548,100,0,6.8519628047943115,0.06921174550297285
53,$\|L_{t} - L_{0}\|_F$ / $\|L_{0}\|_F$,9.997304779711362,twitter,spectral,Max-degree heuristic,99,630,548,100,0,6.8519628047943115,0.06921174550297285
54,Fiedler $\lambda_2$,-313.91852136338633,twitter,spectral,Max-degree heuristic,99,630,548,100,0,6.8519628047943115,0.06921174550297285
54,Surrogate,18.015657663389813,twitter,spectral,Max-degree heuristic,99,630,548,100,0,6.8519628047943115,0.06921174550297285
54,Disparity,81.69252616709451,twitter,spectral,Max-degree heuristic,99,630,548,100,0,6.8519628047943115,0.06921174550297285
54,Polarization,151.88059491095714,twitter,spectral,Max-degree heuristic,99,630,548,100,0,6.8519628047943115,0.06921174550297285
54,$\|L_{t} - L_{0}\|_F$ / $\|L_{0}\|_F$,10.110165982183345,twitter,spectral,Max-degree heuristic,99,630,548,100,0,6.8519628047943115,0.06921174550297285
55,Fiedler $\lambda_2$,-313.91880061221144,twitter,spectral,Max-degree heuristic,99,630,548,100,0,6.8519628047943115,0.06921174550297285
55,Surrogate,18.612040011715962,twitter,spectral,Max-degree heuristic,99,630,548,100,0,6.8519628047943115,0.06921174550297285
55,Disparity,85.29371661526882,twitter,spectral,Max-degree heuristic,99,630,548,100,0,6.8519628047943115,0.06921174550297285
55,Polarization,151.98832650231228,twitter,spectral,Max-degree heuristic,99,630,548,100,0,6.8519628047943115,0.06921174550297285
55,$\|L_{t} - L_{0}\|_F$ / $\|L_{0}\|_F$,10.323034925234333,twitter,spectral,Max-degree heuristic,99,630,548,100,0,6.8519628047943115,0.06921174550297285
56,Fiedler $\lambda_2$,-313.92115357311445,twitter,spectral,Max-degree heuristic,99,630,548,100,0,6.8519628047943115,0.06921174550297285
56,Surrogate,24.998376378643744,twitter,spectral,Max-degree heuristic,99,630,548,100,0,6.8519628047943115,0.06921174550297285
56,Disparity,120.91129763544744,twitter,spectral,Max-degree heuristic,99,630,548,100,0,6.8519628047943115,0.06921174550297285
56,Polarization,176.27498451015322,twitter,spectral,Max-degree heuristic,99,630,548,100,0,6.8519628047943115,0.06921174550297285
56,$\|L_{t} - L_{0}\|_F$ / $\|L_{0}\|_F$,10.432372855514007,twitter,spectral,Max-degree heuristic,99,630,548,100,0,6.8519628047943115,0.06921174550297285
57,Fiedler $\lambda_2$,-313.9254419782116,twitter,spectral,Max-degree heuristic,99,630,548,100,0,6.8519628047943115,0.06921174550297285
57,Surrogate,24.823264921211347,twitter,spectral,Max-degree heuristic,99,630,548,100,0,6.8519628047943115,0.06921174550297285
57,Disparity,120.67532362961427,twitter,spectral,Max-degree heuristic,99,630,548,100,0,6.8519628047943115,0.06921174550297285
57,Polarization,175.67476981934473,twitter,spectral,Max-degree heuristic,99,630,548,100,0,6.8519628047943115,0.06921174550297285
57,$\|L_{t} - L_{0}\|_F$ / $\|L_{0}\|_F$,10.64768097071756,twitter,spectral,Max-degree heuristic,99,630,548,100,0,6.8519628047943115,0.06921174550297285
58,Fiedler $\lambda_2$,-313.9262462483886,twitter,spectral,Max-degree heuristic,99,630,548,100,0,6.8519628047943115,0.06921174550297285
58,Surrogate,24.79347485560241,twitter,spectral,Max-degree heuristic,99,630,548,100,0,6.8519628047943115,0.06921174550297285
58,Disparity,120.65198418376615,twitter,spectral,Max-degree heuristic,99,630,548,100,0,6.8519628047943115,0.06921174550297285
58,Polarization,176.00309449993284,twitter,spectral,Max-degree heuristic,99,630,548,100,0,6.8519628047943115,0.06921174550297285
58,$\|L_{t} - L_{0}\|_F$ / $\|L_{0}\|_F$,10.880468678113466,twitter,spectral,Max-degree heuristic,99,630,548,100,0,6.8519628047943115,0.06921174550297285
59,Fiedler $\lambda_2$,-313.9253867178897,twitter,spectral,Max-degree heuristic,99,630,548,100,0,6.8519628047943115,0.06921174550297285
59,Surrogate,6.293830243313105,twitter,spectral,Max-degree heuristic,99,630,548,100,0,6.8519628047943115,0.06921174550297285
59,Disparity,1116.0828253722784,twitter,spectral,Max-degree heuristic,99,630,548,100,0,6.8519628047943115,0.06921174550297285
59,Polarization,1465.130050264403,twitter,spectral,Max-degree heuristic,99,630,548,100,0,6.8519628047943115,0.06921174550297285
59,$\|L_{t} - L_{0}\|_F$ / $\|L_{0}\|_F$,11.074278132095847,twitter,spectral,Max-degree heuristic,99,630,548,100,0,6.8519628047943115,0.06921174550297285
60,Fiedler $\lambda_2$,-313.9249780153399,twitter,spectral,Max-degree heuristic,99,630,548,100,0,6.8519628047943115,0.06921174550297285
60,Surrogate,8.572226096911201,twitter,spectral,Max-degree heuristic,99,630,548,100,0,6.8519628047943115,0.06921174550297285
60,Disparity,1135.9082650428957,twitter,spectral,Max-degree heuristic,99,630,548,100,0,6.8519628047943115,0.06921174550297285
60,Polarization,1489.5107353839287,twitter,spectral,Max-degree heuristic,99,630,548,100,0,6.8519628047943115,0.06921174550297285
60,$\|L_{t} - L_{0}\|_F$ / $\|L_{0}\|_F$,11.184726293176725,twitter,spectral,Max-degree heuristic,99,630,548,100,0,6.8519628047943115,0.06921174550297285
61,Fiedler $\lambda_2$,-313.9257428435228,twitter,spectral,Max-degree heuristic,99,630,548,100,0,6.8519628047943115,0.06921174550297285
61,Surrogate,10.37887244937385,twitter,spectral,Max-degree heuristic,99,630,548,100,0,6.8519628047943115,0.06921174550297285
61,Disparity,1132.3730550267624,twitter,spectral,Max-degree heuristic,99,630,548,100,0,6.8519628047943115,0.06921174550297285
61,Polarization,1481.68854770143,twitter,spectral,Max-degree heuristic,99,630,548,100,0,6.8519628047943115,0.06921174550297285
61,$\|L_{t} - L_{0}\|_F$ / $\|L_{0}\|_F$,11.381662994584389,twitter,spectral,Max-degree heuristic,99,630,548,100,0,6.8519628047943115,0.06921174550297285
62,Fiedler $\lambda_2$,-314.2869246329953,twitter,spectral,Max-degree heuristic,99,630,548,100,0,6.8519628047943115,0.06921174550297285
62,Surrogate,11.323831046815066,twitter,spectral,Max-degree heuristic,99,630,548,100,0,6.8519628047943115,0.06921174550297285
62,Disparity,1131.6089814586142,twitter,spectral,Max-degree heuristic,99,630,548,100,0,6.8519628047943115,0.06921174550297285
62,Polarization,1480.6459171270712,twitter,spectral,Max-degree heuristic,99,630,548,100,0,6.8519628047943115,0.06921174550297285
62,$\|L_{t} - L_{0}\|_F$ / $\|L_{0}\|_F$,11.452061435839076,twitter,spectral,Max-degree heuristic,99,630,548,100,0,6.8519628047943115,0.06921174550297285
63,Fiedler $\lambda_2$,-376.29465872133994,twitter,spectral,Max-degree heuristic,99,630,548,100,0,6.8519628047943115,0.06921174550297285
63,Surrogate,-49.79148825809472,twitter,spectral,Max-degree heuristic,99,630,548,100,0,6.8519628047943115,0.06921174550297285
63,Disparity,5248.998119729412,twitter,spectral,Max-degree heuristic,99,630,548,100,0,6.8519628047943115,0.06921174550297285
63,Polarization,9273.979022283158,twitter,spectral,Max-degree heuristic,99,630,548,100,0,6.8519628047943115,0.06921174550297285
63,$\|L_{t} - L_{0}\|_F$ / $\|L_{0}\|_F$,11.701181600209402,twitter,spectral,Max-degree heuristic,99,630,548,100,0,6.8519628047943115,0.06921174550297285
64,Fiedler $\lambda_2$,-376.2947067351638,twitter,spectral,Max-degree heuristic,99,630,548,100,0,6.8519628047943115,0.06921174550297285
64,Surrogate,-46.968863767654426,twitter,spectral,Max-degree heuristic,99,630,548,100,0,6.8519628047943115,0.06921174550297285
64,Disparity,5185.893658855009,twitter,spectral,Max-degree heuristic,99,630,548,100,0,6.8519628047943115,0.06921174550297285
64,Polarization,9180.154706377361,twitter,spectral,Max-degree heuristic,99,630,548,100,0,6.8519628047943115,0.06921174550297285
64,$\|L_{t} - L_{0}\|_F$ / $\|L_{0}\|_F$,11.949064688946498,twitter,spectral,Max-degree heuristic,99,630,548,100,0,6.8519628047943115,0.06921174550297285
65,Fiedler $\lambda_2$,-376.5520735350844,twitter,spectral,Max-degree heuristic,99,630,548,100,0,6.8519628047943115,0.06921174550297285
65,Surrogate,-10.95583413419024,twitter,spectral,Max-degree heuristic,99,630,548,100,0,6.8519628047943115,0.06921174550297285
65,Disparity,102.24401022510882,twitter,spectral,Max-degree heuristic,99,630,548,100,0,6.8519628047943115,0.06921174550297285
65,Polarization,213.0848561727871,twitter,spectral,Max-degree heuristic,99,630,548,100,0,6.8519628047943115,0.06921174550297285
65,$\|L_{t} - L_{0}\|_F$ / $\|L_{0}\|_F$,12.075013514655168,twitter,spectral,Max-degree heuristic,99,630,548,100,0,6.8519628047943115,0.06921174550297285
66,Fiedler $\lambda_2$,-376.5504921804938,twitter,spectral,Max-degree heuristic,99,630,548,100,0,6.8519628047943115,0.06921174550297285
66,Surrogate,-10.962524291250533,twitter,spectral,Max-degree heuristic,99,630,548,100,0,6.8519628047943115,0.06921174550297285
66,Disparity,102.21186412380818,twitter,spectral,Max-degree heuristic,99,630,548,100,0,6.8519628047943115,0.06921174550297285
66,Polarization,212.96120405915886,twitter,spectral,Max-degree heuristic,99,630,548,100,0,6.8519628047943115,0.06921174550297285
66,$\|L_{t} - L_{0}\|_F$ / $\|L_{0}\|_F$,12.141392423731547,twitter,spectral,Max-degree heuristic,99,630,548,100,0,6.8519628047943115,0.06921174550297285
67,Fiedler $\lambda_2$,-376.54796428489254,twitter,spectral,Max-degree heuristic,99,630,548,100,0,6.8519628047943115,0.06921174550297285
67,Surrogate,-11.079917233796555,twitter,spectral,Max-degree heuristic,99,630,548,100,0,6.8519628047943115,0.06921174550297285
67,Disparity,102.70254506992138,twitter,spectral,Max-degree heuristic,99,630,548,100,0,6.8519628047943115,0.06921174550297285
67,Polarization,215.73971073903823,twitter,spectral,Max-degree heuristic,99,630,548,100,0,6.8519628047943115,0.06921174550297285
67,$\|L_{t} - L_{0}\|_F$ / $\|L_{0}\|_F$,12.330720702110787,twitter,spectral,Max-degree heuristic,99,630,548,100,0,6.8519628047943115,0.06921174550297285
68,Fiedler $\lambda_2$,-376.5501303983198,twitter,spectral,Max-degree heuristic,99,630,548,100,0,6.8519628047943115,0.06921174550297285
68,Surrogate,-11.013368236760147,twitter,spectral,Max-degree heuristic,99,630,548,100,0,6.8519628047943115,0.06921174550297285
68,Disparity,102.39127815225953,twitter,spectral,Max-degree heuristic,99,630,548,100,0,6.8519628047943115,0.06921174550297285
68,Polarization,216.71960745753728,twitter,spectral,Max-degree heuristic,99,630,548,100,0,6.8519628047943115,0.06921174550297285
68,$\|L_{t} - L_{0}\|_F$ / $\|L_{0}\|_F$,12.399543863792198,twitter,spectral,Max-degree heuristic,99,630,548,100,0,6.8519628047943115,0.06921174550297285
69,Fiedler $\lambda_2$,-376.5505918707478,twitter,spectral,Max-degree heuristic,99,630,548,100,0,6.8519628047943115,0.06921174550297285
69,Surrogate,-11.509031064509026,twitter,spectral,Max-degree heuristic,99,630,548,100,0,6.8519628047943115,0.06921174550297285
69,Disparity,103.06210379465493,twitter,spectral,Max-degree heuristic,99,630,548,100,0,6.8519628047943115,0.06921174550297285
69,Polarization,218.9780390823175,twitter,spectral,Max-degree heuristic,99,630,548,100,0,6.8519628047943115,0.06921174550297285
69,$\|L_{t} - L_{0}\|_F$ / $\|L_{0}\|_F$,12.509629223221463,twitter,spectral,Max-degree heuristic,99,630,548,100,0,6.8519628047943115,0.06921174550297285
70,Fiedler $\lambda_2$,-376.55066873920214,twitter,spectral,Max-degree heuristic,99,630,548,100,0,6.8519628047943115,0.06921174550297285
70,Surrogate,-11.566182811730297,twitter,spectral,Max-degree heuristic,99,630,548,100,0,6.8519628047943115,0.06921174550297285
70,Disparity,101.71069861761208,twitter,spectral,Max-degree heuristic,99,630,548,100,0,6.8519628047943115,0.06921174550297285
70,Polarization,216.93863561002757,twitter,spectral,Max-degree heuristic,99,630,548,100,0,6.8519628047943115,0.06921174550297285
70,$\|L_{t} - L_{0}\|_F$ / $\|L_{0}\|_F$,12.648692014768379,twitter,spectral,Max-degree heuristic,99,630,548,100,0,6.8519628047943115,0.06921174550297285
71,Fiedler $\lambda_2$,-376.58549547447205,twitter,spectral,Max-degree heuristic,99,630,548,100,0,6.8519628047943115,0.06921174550297285
71,Surrogate,-11.566944828425333,twitter,spectral,Max-degree heuristic,99,630,548,100,0,6.8519628047943115,0.06921174550297285
71,Disparity,101.68883166563853,twitter,spectral,Max-degree heuristic,99,630,548,100,0,6.8519628047943115,0.06921174550297285
71,Polarization,219.5728426737483,twitter,spectral,Max-degree heuristic,99,630,548,100,0,6.8519628047943115,0.06921174550297285
71,$\|L_{t} - L_{0}\|_F$ / $\|L_{0}\|_F$,12.76033312047681,twitter,spectral,Max-degree heuristic,99,630,548,100,0,6.8519628047943115,0.06921174550297285
72,Fiedler $\lambda_2$,-394.9686070081143,twitter,spectral,Max-degree heuristic,99,630,548,100,0,6.8519628047943115,0.06921174550297285
72,Surrogate,-11.541526402055803,twitter,spectral,Max-degree heuristic,99,630,548,100,0,6.8519628047943115,0.06921174550297285
72,Disparity,106.38717346288749,twitter,spectral,Max-degree heuristic,99,630,548,100,0,6.8519628047943115,0.06921174550297285
72,Polarization,239.55644178374763,twitter,spectral,Max-degree heuristic,99,630,548,100,0,6.8519628047943115,0.06921174550297285
72,$\|L_{t} - L_{0}\|_F$ / $\|L_{0}\|_F$,12.962511435835633,twitter,spectral,Max-degree heuristic,99,630,548,100,0,6.8519628047943115,0.06921174550297285
73,Fiedler $\lambda_2$,-394.96898634817256,twitter,spectral,Max-degree heuristic,99,630,548,100,0,6.8519628047943115,0.06921174550297285
73,Surrogate,-11.50551065867827,twitter,spectral,Max-degree heuristic,99,630,548,100,0,6.8519628047943115,0.06921174550297285
73,Disparity,106.37981657312714,twitter,spectral,Max-degree heuristic,99,630,548,100,0,6.8519628047943115,0.06921174550297285
73,Polarization,239.33735105059148,twitter,spectral,Max-degree heuristic,99,630,548,100,0,6.8519628047943115,0.06921174550297285
73,$\|L_{t} - L_{0}\|_F$ / $\|L_{0}\|_F$,13.165176052431054,twitter,spectral,Max-degree heuristic,99,630,548,100,0,6.8519628047943115,0.06921174550297285
74,Fiedler $\lambda_2$,-394.96968377204865,twitter,spectral,Max-degree heuristic,99,630,548,100,0,6.8519628047943115,0.06921174550297285
74,Surrogate,-10.749035325776433,twitter,spectral,Max-degree heuristic,99,630,548,100,0,6.8519628047943115,0.06921174550297285
74,Disparity,113.16436623568984,twitter,spectral,Max-degree heuristic,99,630,548,100,0,6.8519628047943115,0.06921174550297285
74,Polarization,248.8436086985076,twitter,spectral,Max-degree heuristic,99,630,548,100,0,6.8519628047943115,0.06921174550297285
74,$\|L_{t} - L_{0}\|_F$ / $\|L_{0}\|_F$,13.364767796667426,twitter,spectral,Max-degree heuristic,99,630,548,100,0,6.8519628047943115,0.06921174550297285
75,Fiedler $\lambda_2$,-394.9696905869848,twitter,spectral,Max-degree heuristic,99,630,548,100,0,6.8519628047943115,0.06921174550297285
75,Surrogate,-10.7340001219716,twitter,spectral,Max-degree heuristic,99,630,548,100,0,6.8519628047943115,0.06921174550297285
75,Disparity,113.10595270789034,twitter,spectral,Max-degree heuristic,99,630,548,100,0,6.8519628047943115,0.06921174550297285
75,Polarization,250.2404511835516,twitter,spectral,Max-degree heuristic,99,630,548,100,0,6.8519628047943115,0.06921174550297285
75,$\|L_{t} - L_{0}\|_F$ / $\|L_{0}\|_F$,13.57884229121486,twitter,spectral,Max-degree heuristic,99,630,548,100,0,6.8519628047943115,0.06921174550297285
76,Fiedler $\lambda_2$,-394.97267394737673,twitter,spectral,Max-degree heuristic,99,630,548,100,0,6.8519628047943115,0.06921174550297285
76,Surrogate,-10.779893304892532,twitter,spectral,Max-degree heuristic,99,630,548,100,0,6.8519628047943115,0.06921174550297285
76,Disparity,112.97022187592435,twitter,spectral,Max-degree heuristic,99,630,548,100,0,6.8519628047943115,0.06921174550297285
76,Polarization,253.00977257834182,twitter,spectral,Max-degree heuristic,99,630,548,100,0,6.8519628047943115,0.06921174550297285
76,$\|L_{t} - L_{0}\|_F$ / $\|L_{0}\|_F$,13.775872826275734,twitter,spectral,Max-degree heuristic,99,630,548,100,0,6.8519628047943115,0.06921174550297285
77,Fiedler $\lambda_2$,-401.7171120101261,twitter,spectral,Max-degree heuristic,99,630,548,100,0,6.8519628047943115,0.06921174550297285
77,Surrogate,-10.7811568774912,twitter,spectral,Max-degree heuristic,99,630,548,100,0,6.8519628047943115,0.06921174550297285
77,Disparity,112.94744215749762,twitter,spectral,Max-degree heuristic,99,630,548,100,0,6.8519628047943115,0.06921174550297285
77,Polarization,253.80341443515437,twitter,spectral,Max-degree heuristic,99,630,548,100,0,6.8519628047943115,0.06921174550297285
77,$\|L_{t} - L_{0}\|_F$ / $\|L_{0}\|_F$,13.837510148952573,twitter,spectral,Max-degree heuristic,99,630,548,100,0,6.8519628047943115,0.06921174550297285
78,Fiedler $\lambda_2$,-401.72003274442244,twitter,spectral,Max-degree heuristic,99,630,548,100,0,6.8519628047943115,0.06921174550297285
78,Surrogate,-10.776945951764562,twitter,spectral,Max-degree heuristic,99,630,548,100,0,6.8519628047943115,0.06921174550297285
78,Disparity,112.99943943571678,twitter,spectral,Max-degree heuristic,99,630,548,100,0,6.8519628047943115,0.06921174550297285
78,Polarization,254.69378608677488,twitter,spectral,Max-degree heuristic,99,630,548,100,0,6.8519628047943115,0.06921174550297285
78,$\|L_{t} - L_{0}\|_F$ / $\|L_{0}\|_F$,14.041013868111863,twitter,spectral,Max-degree heuristic,99,630,548,100,0,6.8519628047943115,0.06921174550297285
79,Fiedler $\lambda_2$,-401.72873441977924,twitter,spectral,Max-degree heuristic,99,630,548,100,0,6.8519628047943115,0.06921174550297285
79,Surrogate,-10.638290850469376,twitter,spectral,Max-degree heuristic,99,630,548,100,0,6.8519628047943115,0.06921174550297285
79,Disparity,114.7083613122738,twitter,spectral,Max-degree heuristic,99,630,548,100,0,6.8519628047943115,0.06921174550297285
79,Polarization,257.386526601127,twitter,spectral,Max-degree heuristic,99,630,548,100,0,6.8519628047943115,0.06921174550297285
79,$\|L_{t} - L_{0}\|_F$ / $\|L_{0}\|_F$,14.234968949360196,twitter,spectral,Max-degree heuristic,99,630,548,100,0,6.8519628047943115,0.06921174550297285
80,Fiedler $\lambda_2$,-401.72873433388145,twitter,spectral,Max-degree heuristic,99,630,548,100,0,6.8519628047943115,0.06921174550297285
80,Surrogate,-10.857719646932402,twitter,spectral,Max-degree heuristic,99,630,548,100,0,6.8519628047943115,0.06921174550297285
80,Disparity,114.39730322919847,twitter,spectral,Max-degree heuristic,99,630,548,100,0,6.8519628047943115,0.06921174550297285
80,Polarization,256.7106862108085,twitter,spectral,Max-degree heuristic,99,630,548,100,0,6.8519628047943115,0.06921174550297285
80,$\|L_{t} - L_{0}\|_F$ / $\|L_{0}\|_F$,14.423039039858624,twitter,spectral,Max-degree heuristic,99,630,548,100,0,6.8519628047943115,0.06921174550297285
81,Fiedler $\lambda_2$,-401.72824195370805,twitter,spectral,Max-degree heuristic,99,630,548,100,0,6.8519628047943115,0.06921174550297285
81,Surrogate,-10.826661121654897,twitter,spectral,Max-degree heuristic,99,630,548,100,0,6.8519628047943115,0.06921174550297285
81,Disparity,115.07833216922323,twitter,spectral,Max-degree heuristic,99,630,548,100,0,6.8519628047943115,0.06921174550297285
81,Polarization,275.92953639043435,twitter,spectral,Max-degree heuristic,99,630,548,100,0,6.8519628047943115,0.06921174550297285
81,$\|L_{t} - L_{0}\|_F$ / $\|L_{0}\|_F$,14.618393840207961,twitter,spectral,Max-degree heuristic,99,630,548,100,0,6.8519628047943115,0.06921174550297285
82,Fiedler $\lambda_2$,-401.7282549959603,twitter,spectral,Max-degree heuristic,99,630,548,100,0,6.8519628047943115,0.06921174550297285
82,Surrogate,-10.07783101171255,twitter,spectral,Max-degree heuristic,99,630,548,100,0,6.8519628047943115,0.06921174550297285
82,Disparity,117.01742230528612,twitter,spectral,Max-degree heuristic,99,630,548,100,0,6.8519628047943115,0.06921174550297285
82,Polarization,276.5936752685381,twitter,spectral,Max-degree heuristic,99,630,548,100,0,6.8519628047943115,0.06921174550297285
82,$\|L_{t} - L_{0}\|_F$ / $\|L_{0}\|_F$,14.80478669255891,twitter,spectral,Max-degree heuristic,99,630,548,100,0,6.8519628047943115,0.06921174550297285
83,Fiedler $\lambda_2$,-401.72788452877944,twitter,spectral,Max-degree heuristic,99,630,548,100,0,6.8519628047943115,0.06921174550297285
83,Surrogate,-10.22241322784629,twitter,spectral,Max-degree heuristic,99,630,548,100,0,6.8519628047943115,0.06921174550297285
83,Disparity,118.12072300269121,twitter,spectral,Max-degree heuristic,99,630,548,100,0,6.8519628047943115,0.06921174550297285
83,Polarization,280.19156127606107,twitter,spectral,Max-degree heuristic,99,630,548,100,0,6.8519628047943115,0.06921174550297285
83,$\|L_{t} - L_{0}\|_F$ / $\|L_{0}\|_F$,15.0140744192417,twitter,spectral,Max-degree heuristic,99,630,548,100,0,6.8519628047943115,0.06921174550297285
84,Fiedler $\lambda_2$,-401.72763640252606,twitter,spectral,Max-degree heuristic,99,630,548,100,0,6.8519628047943115,0.06921174550297285
84,Surrogate,-10.176813023249242,twitter,spectral,Max-degree heuristic,99,630,548,100,0,6.8519628047943115,0.06921174550297285
84,Disparity,118.13823255449394,twitter,spectral,Max-degree heuristic,99,630,548,100,0,6.8519628047943115,0.06921174550297285
84,Polarization,280.45564247000556,twitter,spectral,Max-degree heuristic,99,630,548,100,0,6.8519628047943115,0.06921174550297285
84,$\|L_{t} - L_{0}\|_F$ / $\|L_{0}\|_F$,15.236007819123703,twitter,spectral,Max-degree heuristic,99,630,548,100,0,6.8519628047943115,0.06921174550297285
85,Fiedler $\lambda_2$,-401.72747572982087,twitter,spectral,Max-degree heuristic,99,630,548,100,0,6.8519628047943115,0.06921174550297285
85,Surrogate,-10.094671508637736,twitter,spectral,Max-degree heuristic,99,630,548,100,0,6.8519628047943115,0.06921174550297285
85,Disparity,118.10104005275564,twitter,spectral,Max-degree heuristic,99,630,548,100,0,6.8519628047943115,0.06921174550297285
85,Polarization,280.41696928870675,twitter,spectral,Max-degree heuristic,99,630,548,100,0,6.8519628047943115,0.06921174550297285
85,$\|L_{t} - L_{0}\|_F$ / $\|L_{0}\|_F$,15.427197748260946,twitter,spectral,Max-degree heuristic,99,630,548,100,0,6.8519628047943115,0.06921174550297285
86,Fiedler $\lambda_2$,-534.8613620963127,twitter,spectral,Max-degree heuristic,99,630,548,100,0,6.8519628047943115,0.06921174550297285
86,Surrogate,-10.141869615438932,twitter,spectral,Max-degree heuristic,99,630,548,100,0,6.8519628047943115,0.06921174550297285
86,Disparity,118.68990375300903,twitter,spectral,Max-degree heuristic,99,630,548,100,0,6.8519628047943115,0.06921174550297285
86,Polarization,278.95222281483683,twitter,spectral,Max-degree heuristic,99,630,548,100,0,6.8519628047943115,0.06921174550297285
86,$\|L_{t} - L_{0}\|_F$ / $\|L_{0}\|_F$,15.63420176394404,twitter,spectral,Max-degree heuristic,99,630,548,100,0,6.8519628047943115,0.06921174550297285
87,Fiedler $\lambda_2$,-534.8614742574822,twitter,spectral,Max-degree heuristic,99,630,548,100,0,6.8519628047943115,0.06921174550297285
87,Surrogate,-10.159370215885648,twitter,spectral,Max-degree heuristic,99,630,548,100,0,6.8519628047943115,0.06921174550297285
87,Disparity,118.96342047193961,twitter,spectral,Max-degree heuristic,99,630,548,100,0,6.8519628047943115,0.06921174550297285
87,Polarization,279.17548839918516,twitter,spectral,Max-degree heuristic,99,630,548,100,0,6.8519628047943115,0.06921174550297285
87,$\|L_{t} - L_{0}\|_F$ / $\|L_{0}\|_F$,15.739686731326486,twitter,spectral,Max-degree heuristic,99,630,548,100,0,6.8519628047943115,0.06921174550297285
88,Fiedler $\lambda_2$,-534.8633865611656,twitter,spectral,Max-degree heuristic,99,630,548,100,0,6.8519628047943115,0.06921174550297285
88,Surrogate,-10.180293966022811,twitter,spectral,Max-degree heuristic,99,630,548,100,0,6.8519628047943115,0.06921174550297285
88,Disparity,123.29938952023669,twitter,spectral,Max-degree heuristic,99,630,548,100,0,6.8519628047943115,0.06921174550297285
88,Polarization,283.2754668447942,twitter,spectral,Max-degree heuristic,99,630,548,100,0,6.8519628047943115,0.06921174550297285
88,$\|L_{t} - L_{0}\|_F$ / $\|L_{0}\|_F$,15.93670166799434,twitter,spectral,Max-degree heuristic,99,630,548,100,0,6.8519628047943115,0.06921174550297285
89,Fiedler $\lambda_2$,-534.8702235472222,twitter,spectral,Max-degree heuristic,99,630,548,100,0,6.8519628047943115,0.06921174550297285
89,Surrogate,-10.180900444161288,twitter,spectral,Max-degree heuristic,99,630,548,100,0,6.8519628047943115,0.06921174550297285
89,Disparity,122.94595314287804,twitter,spectral,Max-degree heuristic,99,630,548,100,0,6.8519628047943115,0.06921174550297285
89,Polarization,296.1909150391514,twitter,spectral,Max-degree heuristic,99,630,548,100,0,6.8519628047943115,0.06921174550297285
89,$\|L_{t} - L_{0}\|_F$ / $\|L_{0}\|_F$,16.037249679123143,twitter,spectral,Max-degree heuristic,99,630,548,100,0,6.8519628047943115,0.06921174550297285
90,Fiedler $\lambda_2$,-534.877156612946,twitter,spectral,Max-degree heuristic,99,630,548,100,0,6.8519628047943115,0.06921174550297285
90,Surrogate,-10.105514181953078,twitter,spectral,Max-degree heuristic,99,630,548,100,0,6.8519628047943115,0.06921174550297285
90,Disparity,124.64536161841944,twitter,spectral,Max-degree heuristic,99,630,548,100,0,6.8519628047943115,0.06921174550297285
90,Polarization,296.9369610569918,twitter,spectral,Max-degree heuristic,99,630,548,100,0,6.8519628047943115,0.06921174550297285
90,$\|L_{t} - L_{0}\|_F$ / $\|L_{0}\|_F$,16.10491149341376,twitter,spectral,Max-degree heuristic,99,630,548,100,0,6.8519628047943115,0.06921174550297285
91,Fiedler $\lambda_2$,-534.8770952766462,twitter,spectral,Max-degree heuristic,99,630,548,100,0,6.8519628047943115,0.06921174550297285
91,Surrogate,-9.915516051091076,twitter,spectral,Max-degree heuristic,99,630,548,100,0,6.8519628047943115,0.06921174550297285
91,Disparity,125.48376664004503,twitter,spectral,Max-degree heuristic,99,630,548,100,0,6.8519628047943115,0.06921174550297285
91,Polarization,298.511157653469,twitter,spectral,Max-degree heuristic,99,630,548,100,0,6.8519628047943115,0.06921174550297285
91,$\|L_{t} - L_{0}\|_F$ / $\|L_{0}\|_F$,16.335180712749413,twitter,spectral,Max-degree heuristic,99,630,548,100,0,6.8519628047943115,0.06921174550297285
92,Fiedler $\lambda_2$,-534.8824213451887,twitter,spectral,Max-degree heuristic,99,630,548,100,0,6.8519628047943115,0.06921174550297285
92,Surrogate,-9.15973553886099,twitter,spectral,Max-degree heuristic,99,630,548,100,0,6.8519628047943115,0.06921174550297285
92,Disparity,130.0366391598628,twitter,spectral,Max-degree heuristic,99,630,548,100,0,6.8519628047943115,0.06921174550297285
92,Polarization,302.56883034590794,twitter,spectral,Max-degree heuristic,99,630,548,100,0,6.8519628047943115,0.06921174550297285
92,$\|L_{t} - L_{0}\|_F$ / $\|L_{0}\|_F$,16.53367834871134,twitter,spectral,Max-degree heuristic,99,630,548,100,0,6.8519628047943115,0.06921174550297285
93,Fiedler $\lambda_2$,-534.9301383336649,twitter,spectral,Max-degree heuristic,99,630,548,100,0,6.8519628047943115,0.06921174550297285
93,Surrogate,-9.124492802832993,twitter,spectral,Max-degree heuristic,99,630,548,100,0,6.8519628047943115,0.06921174550297285
93,Disparity,129.07990314178465,twitter,spectral,Max-degree heuristic,99,630,548,100,0,6.8519628047943115,0.06921174550297285
93,Polarization,302.77590616678856,twitter,spectral,Max-degree heuristic,99,630,548,100,0,6.8519628047943115,0.06921174550297285
93,$\|L_{t} - L_{0}\|_F$ / $\|L_{0}\|_F$,16.732646740662826,twitter,spectral,Max-degree heuristic,99,630,548,100,0,6.8519628047943115,0.06921174550297285
94,Fiedler $\lambda_2$,-534.9316330939106,twitter,spectral,Max-degree heuristic,99,630,548,100,0,6.8519628047943115,0.06921174550297285
94,Surrogate,-9.16120367065633,twitter,spectral,Max-degree heuristic,99,630,548,100,0,6.8519628047943115,0.06921174550297285
94,Disparity,126.50351318907937,twitter,spectral,Max-degree heuristic,99,630,548,100,0,6.8519628047943115,0.06921174550297285
94,Polarization,296.2900780816463,twitter,spectral,Max-degree heuristic,99,630,548,100,0,6.8519628047943115,0.06921174550297285
94,$\|L_{t} - L_{0}\|_F$ / $\|L_{0}\|_F$,16.803135917601047,twitter,spectral,Max-degree heuristic,99,630,548,100,0,6.8519628047943115,0.06921174550297285
95,Fiedler $\lambda_2$,-534.930015292646,twitter,spectral,Max-degree heuristic,99,630,548,100,0,6.8519628047943115,0.06921174550297285
95,Surrogate,-9.093442799983617,twitter,spectral,Max-degree heuristic,99,630,548,100,0,6.8519628047943115,0.06921174550297285
95,Disparity,126.29033087284549,twitter,spectral,Max-degree heuristic,99,630,548,100,0,6.8519628047943115,0.06921174550297285
95,Polarization,294.07310140307374,twitter,spectral,Max-degree heuristic,99,630,548,100,0,6.8519628047943115,0.06921174550297285
95,$\|L_{t} - L_{0}\|_F$ / $\|L_{0}\|_F$,16.99616920031806,twitter,spectral,Max-degree heuristic,99,630,548,100,0,6.8519628047943115,0.06921174550297285
96,Fiedler $\lambda_2$,-534.9306262366503,twitter,spectral,Max-degree heuristic,99,630,548,100,0,6.8519628047943115,0.06921174550297285
96,Surrogate,-9.160247862241363,twitter,spectral,Max-degree heuristic,99,630,548,100,0,6.8519628047943115,0.06921174550297285
96,Disparity,125.35489518316297,twitter,spectral,Max-degree heuristic,99,630,548,100,0,6.8519628047943115,0.06921174550297285
96,Polarization,293.6708919375509,twitter,spectral,Max-degree heuristic,99,630,548,100,0,6.8519628047943115,0.06921174550297285
96,$\|L_{t} - L_{0}\|_F$ / $\|L_{0}\|_F$,17.206279464986697,twitter,spectral,Max-degree heuristic,99,630,548,100,0,6.8519628047943115,0.06921174550297285
97,Fiedler $\lambda_2$,-534.9836972356434,twitter,spectral,Max-degree heuristic,99,630,548,100,0,6.8519628047943115,0.06921174550297285
97,Surrogate,-8.943959172672459,twitter,spectral,Max-degree heuristic,99,630,548,100,0,6.8519628047943115,0.06921174550297285
97,Disparity,122.93397372503586,twitter,spectral,Max-degree heuristic,99,630,548,100,0,6.8519628047943115,0.06921174550297285
97,Polarization,297.7062715302374,twitter,spectral,Max-degree heuristic,99,630,548,100,0,6.8519628047943115,0.06921174550297285
97,$\|L_{t} - L_{0}\|_F$ / $\|L_{0}\|_F$,17.285779944786768,twitter,spectral,Max-degree heuristic,99,630,548,100,0,6.8519628047943115,0.06921174550297285
98,Fiedler $\lambda_2$,-534.9839184181519,twitter,spectral,Max-degree heuristic,99,630,548,100,0,6.8519628047943115,0.06921174550297285
98,Surrogate,-8.959052244991398,twitter,spectral,Max-degree heuristic,99,630,548,100,0,6.8519628047943115,0.06921174550297285
98,Disparity,122.99140299321259,twitter,spectral,Max-degree heuristic,99,630,548,100,0,6.8519628047943115,0.06921174550297285
98,Polarization,299.28583499174255,twitter,spectral,Max-degree heuristic,99,630,548,100,0,6.8519628047943115,0.06921174550297285
98,$\|L_{t} - L_{0}\|_F$ / $\|L_{0}\|_F$,17.487005491609196,twitter,spectral,Max-degree heuristic,99,630,548,100,0,6.8519628047943115,0.06921174550297285
0,Fiedler $\lambda_2$,-100.00000000002005,polblogs,spectral,Random rewiring,99,710,1222,100,0,41.439454793930054,0.41858035145383893
0,Surrogate,-0.020107929734375952,polblogs,spectral,Random rewiring,99,710,1222,100,0,41.439454793930054,0.41858035145383893
0,Disparity,-0.04264519005194275,polblogs,spectral,Random rewiring,99,710,1222,100,0,41.439454793930054,0.41858035145383893
0,Polarization,-0.04777780186338633,polblogs,spectral,Random rewiring,99,710,1222,100,0,41.439454793930054,0.41858035145383893
0,$\|L_{t} - L_{0}\|_F$ / $\|L_{0}\|_F$,0.17056348819447048,polblogs,spectral,Random rewiring,99,710,1222,100,0,41.439454793930054,0.41858035145383893
1,Fiedler $\lambda_2$,-99.99999999991043,polblogs,spectral,Random rewiring,99,710,1222,100,0,41.439454793930054,0.41858035145383893
1,Surrogate,0.0011504160169657236,polblogs,spectral,Random rewiring,99,710,1222,100,0,41.439454793930054,0.41858035145383893
1,Disparity,-0.020728529022963443,polblogs,spectral,Random rewiring,99,710,1222,100,0,41.439454793930054,0.41858035145383893
1,Polarization,-0.02615451431519117,polblogs,spectral,Random rewiring,99,710,1222,100,0,41.439454793930054,0.41858035145383893
1,$\|L_{t} - L_{0}\|_F$ / $\|L_{0}\|_F$,0.2412131982502834,polblogs,spectral,Random rewiring,99,710,1222,100,0,41.439454793930054,0.41858035145383893
2,Fiedler $\lambda_2$,-99.99999999990283,polblogs,spectral,Random rewiring,99,710,1222,100,0,41.439454793930054,0.41858035145383893
2,Surrogate,0.0011367949129232721,polblogs,spectral,Random rewiring,99,710,1222,100,0,41.439454793930054,0.41858035145383893
2,Disparity,-0.015799004523301876,polblogs,spectral,Random rewiring,99,710,1222,100,0,41.439454793930054,0.41858035145383893
2,Polarization,-0.023437961027315077,polblogs,spectral,Random rewiring,99,710,1222,100,0,41.439454793930054,0.41858035145383893
2,$\|L_{t} - L_{0}\|_F$ / $\|L_{0}\|_F$,0.29542462746899717,polblogs,spectral,Random rewiring,99,710,1222,100,0,41.439454793930054,0.41858035145383893
3,Fiedler $\lambda_2$,-178.15789379321225,polblogs,spectral,Random rewiring,99,710,1222,100,0,41.439454793930054,0.41858035145383893
3,Surrogate,0.0008959244550505874,polblogs,spectral,Random rewiring,99,710,1222,100,0,41.439454793930054,0.41858035145383893
3,Disparity,-0.023734356991913463,polblogs,spectral,Random rewiring,99,710,1222,100,0,41.439454793930054,0.41858035145383893
3,Polarization,-0.037384212800643885,polblogs,spectral,Random rewiring,99,710,1222,100,0,41.439454793930054,0.41858035145383893
3,$\|L_{t} - L_{0}\|_F$ / $\|L_{0}\|_F$,0.34112697638894096,polblogs,spectral,Random rewiring,99,710,1222,100,0,41.439454793930054,0.41858035145383893
4,Fiedler $\lambda_2$,-178.1582282080849,polblogs,spectral,Random rewiring,99,710,1222,100,0,41.439454793930054,0.41858035145383893
4,Surrogate,0.1861060505469238,polblogs,spectral,Random rewiring,99,710,1222,100,0,41.439454793930054,0.41858035145383893
4,Disparity,0.35324684655785593,polblogs,spectral,Random rewiring,99,710,1222,100,0,41.439454793930054,0.41858035145383893
4,Polarization,0.3320368254336875,polblogs,spectral,Random rewiring,99,710,1222,100,0,41.439454793930054,0.41858035145383893
4,$\|L_{t} - L_{0}\|_F$ / $\|L_{0}\|_F$,0.3813915540823188,polblogs,spectral,Random rewiring,99,710,1222,100,0,41.439454793930054,0.41858035145383893
5,Fiedler $\lambda_2$,-178.1581292346498,polblogs,spectral,Random rewiring,99,710,1222,100,0,41.439454793930054,0.41858035145383893
5,Surrogate,0.19136863192604806,polblogs,spectral,Random rewiring,99,710,1222,100,0,41.439454793930054,0.41858035145383893
5,Disparity,0.3747061153505167,polblogs,spectral,Random rewiring,99,710,1222,100,0,41.439454793930054,0.41858035145383893
5,Polarization,0.35719351328194043,polblogs,spectral,Random rewiring,99,710,1222,100,0,41.439454793930054,0.41858035145383893
5,$\|L_{t} - L_{0}\|_F$ / $\|L_{0}\|_F$,0.41779351482567506,polblogs,spectral,Random rewiring,99,710,1222,100,0,41.439454793930054,0.41858035145383893
6,Fiedler $\lambda_2$,-178.15796785091825,polblogs,spectral,Random rewiring,99,710,1222,100,0,41.439454793930054,0.41858035145383893
6,Surrogate,0.2091724842602039,polblogs,spectral,Random rewiring,99,710,1222,100,0,41.439454793930054,0.41858035145383893
6,Disparity,0.40903601564618,polblogs,spectral,Random rewiring,99,710,1222,100,0,41.439454793930054,0.41858035145383893
6,Polarization,0.39684476135501245,polblogs,spectral,Random rewiring,99,710,1222,100,0,41.439454793930054,0.41858035145383893
6,$\|L_{t} - L_{0}\|_F$ / $\|L_{0}\|_F$,0.45126857251026997,polblogs,spectral,Random rewiring,99,710,1222,100,0,41.439454793930054,0.41858035145383893
7,Fiedler $\lambda_2$,-178.1587842126364,polblogs,spectral,Random rewiring,99,710,1222,100,0,41.439454793930054,0.41858035145383893
7,Surrogate,0.20334247825811352,polblogs,spectral,Random rewiring,99,710,1222,100,0,41.439454793930054,0.41858035145383893
7,Disparity,0.476612256926603,polblogs,spectral,Random rewiring,99,710,1222,100,0,41.439454793930054,0.41858035145383893
7,Polarization,0.4536538224323822,polblogs,spectral,Random rewiring,99,710,1222,100,0,41.439454793930054,0.41858035145383893
7,$\|L_{t} - L_{0}\|_F$ / $\|L_{0}\|_F$,0.4824263965005668,polblogs,spectral,Random rewiring,99,710,1222,100,0,41.439454793930054,0.41858035145383893
8,Fiedler $\lambda_2$,-178.16263792753213,polblogs,spectral,Random rewiring,99,710,1222,100,0,41.439454793930054,0.41858035145383893
8,Surrogate,0.2074152658447394,polblogs,spectral,Random rewiring,99,710,1222,100,0,41.439454793930054,0.41858035145383893
8,Disparity,0.4787675636139234,polblogs,spectral,Random rewiring,99,710,1222,100,0,41.439454793930054,0.41858035145383893
8,Polarization,0.45760981615616075,polblogs,spectral,Random rewiring,99,710,1222,100,0,41.439454793930054,0.41858035145383893
8,$\|L_{t} - L_{0}\|_F$ / $\|L_{0}\|_F$,0.5116904645834113,polblogs,spectral,Random rewiring,99,710,1222,100,0,41.439454793930054,0.41858035145383893
9,Fiedler $\lambda_2$,-178.1625539673369,polblogs,spectral,Random rewiring,99,710,1222,100,0,41.439454793930054,0.41858035145383893
9,Surrogate,0.20149328844000894,polblogs,spectral,Random rewiring,99,710,1222,100,0,41.439454793930054,0.41858035145383893
9,Disparity,0.4719291456473822,polblogs,spectral,Random rewiring,99,710,1222,100,0,41.439454793930054,0.41858035145383893
9,Polarization,0.4741727263665777,polblogs,spectral,Random rewiring,99,710,1222,100,0,41.439454793930054,0.41858035145383893
9,$\|L_{t} - L_{0}\|_F$ / $\|L_{0}\|_F$,0.5393691083577671,polblogs,spectral,Random rewiring,99,710,1222,100,0,41.439454793930054,0.41858035145383893
10,Fiedler $\lambda_2$,-178.16243692357,polblogs,spectral,Random rewiring,99,710,1222,100,0,41.439454793930054,0.41858035145383893
10,Surrogate,0.2204877368707543,polblogs,spectral,Random rewiring,99,710,1222,100,0,41.439454793930054,0.41858035145383893
10,Disparity,0.5011939381805233,polblogs,spectral,Random rewiring,99,710,1222,100,0,41.439454793930054,0.41858035145383893
10,Polarization,0.5044156105857033,polblogs,spectral,Random rewiring,99,710,1222,100,0,41.439454793930054,0.41858035145383893
10,$\|L_{t} - L_{0}\|_F$ / $\|L_{0}\|_F$,0.5656950932752712,polblogs,spectral,Random rewiring,99,710,1222,100,0,41.439454793930054,0.41858035145383893
11,Fiedler $\lambda_2$,-178.16230157198413,polblogs,spectral,Random rewiring,99,710,1222,100,0,41.439454793930054,0.41858035145383893
11,Surrogate,0.27434717312052315,polblogs,spectral,Random rewiring,99,710,1222,100,0,41.439454793930054,0.41858035145383893
11,Disparity,0.5844340011896926,polblogs,spectral,Random rewiring,99,710,1222,100,0,41.439454793930054,0.41858035145383893
11,Polarization,0.5891035252863606,polblogs,spectral,Random rewiring,99,710,1222,100,0,41.439454793930054,0.41858035145383893
11,$\|L_{t} - L_{0}\|_F$ / $\|L_{0}\|_F$,0.5784089300038948,polblogs,spectral,Random rewiring,99,710,1222,100,0,41.439454793930054,0.41858035145383893
12,Fiedler $\lambda_2$,-191.6046473510765,polblogs,spectral,Random rewiring,99,710,1222,100,0,41.439454793930054,0.41858035145383893
12,Surrogate,0.23679536867023437,polblogs,spectral,Random rewiring,99,710,1222,100,0,41.439454793930054,0.41858035145383893
12,Disparity,0.5250179191198773,polblogs,spectral,Random rewiring,99,710,1222,100,0,41.439454793930054,0.41858035145383893
12,Polarization,0.5321329960848399,polblogs,spectral,Random rewiring,99,710,1222,100,0,41.439454793930054,0.41858035145383893
12,$\|L_{t} - L_{0}\|_F$ / $\|L_{0}\|_F$,0.6030329956257084,polblogs,spectral,Random rewiring,99,710,1222,100,0,41.439454793930054,0.41858035145383893
13,Fiedler $\lambda_2$,-191.60435186072934,polblogs,spectral,Random rewiring,99,710,1222,100,0,41.439454793930054,0.41858035145383893
13,Surrogate,0.22904600023522065,polblogs,spectral,Random rewiring,99,710,1222,100,0,41.439454793930054,0.41858035145383893
13,Disparity,0.5012299204470052,polblogs,spectral,Random rewiring,99,710,1222,100,0,41.439454793930054,0.41858035145383893
13,Polarization,0.5091317740456861,polblogs,spectral,Random rewiring,99,710,1222,100,0,41.439454793930054,0.41858035145383893
13,$\|L_{t} - L_{0}\|_F$ / $\|L_{0}\|_F$,0.6266902722385126,polblogs,spectral,Random rewiring,99,710,1222,100,0,41.439454793930054,0.41858035145383893
14,Fiedler $\lambda_2$,-191.60440007220637,polblogs,spectral,Random rewiring,99,710,1222,100,0,41.439454793930054,0.41858035145383893
14,Surrogate,0.23597248426694417,polblogs,spectral,Random rewiring,99,710,1222,100,0,41.439454793930054,0.41858035145383893
14,Disparity,0.5139428928342077,polblogs,spectral,Random rewiring,99,710,1222,100,0,41.439454793930054,0.41858035145383893
14,Polarization,0.5234153273304243,polblogs,spectral,Random rewiring,99,710,1222,100,0,41.439454793930054,0.41858035145383893
14,$\|L_{t} - L_{0}\|_F$ / $\|L_{0}\|_F$,0.6494864131168921,polblogs,spectral,Random rewiring,99,710,1222,100,0,41.439454793930054,0.41858035145383893
15,Fiedler $\lambda_2$,-191.6043999598711,polblogs,spectral,Random rewiring,99,710,1222,100,0,41.439454793930054,0.41858035145383893
15,Surrogate,0.23988000002615403,polblogs,spectral,Random rewiring,99,710,1222,100,0,41.439454793930054,0.41858035145383893
15,Disparity,0.5369178120442729,polblogs,spectral,Random rewiring,99,710,1222,100,0,41.439454793930054,0.41858035145383893
15,Polarization,0.5499638331376286,polblogs,spectral,Random rewiring,99,710,1222,100,0,41.439454793930054,0.41858035145383893
15,$\|L_{t} - L_{0}\|_F$ / $\|L_{0}\|_F$,0.6715091245310904,polblogs,spectral,Random rewiring,99,710,1222,100,0,41.439454793930054,0.41858035145383893
16,Fiedler $\lambda_2$,-191.6081818710948,polblogs,spectral,Random rewiring,99,710,1222,100,0,41.439454793930054,0.41858035145383893
16,Surrogate,0.21939123159408977,polblogs,spectral,Random rewiring,99,710,1222,100,0,41.439454793930054,0.41858035145383893
16,Disparity,0.4829660195393311,polblogs,spectral,Random rewiring,99,710,1222,100,0,41.439454793930054,0.41858035145383893
16,Polarization,0.49505899051150526,polblogs,spectral,Random rewiring,99,710,1222,100,0,41.439454793930054,0.41858035145383893
16,$\|L_{t} - L_{0}\|_F$ / $\|L_{0}\|_F$,0.6980611604364213,polblogs,spectral,Random rewiring,99,710,1222,100,0,41.439454793930054,0.41858035145383893
17,Fiedler $\lambda_2$,-191.65278825311276,polblogs,spectral,Random rewiring,99,710,1222,100,0,41.439454793930054,0.41858035145383893
17,Surrogate,0.21865500716056474,polblogs,spectral,Random rewiring,99,710,1222,100,0,41.439454793930054,0.41858035145383893
17,Disparity,0.480502926983656,polblogs,spectral,Random rewiring,99,710,1222,100,0,41.439454793930054,0.41858035145383893
17,Polarization,0.4958132087827343,polblogs,spectral,Random rewiring,99,710,1222,100,0,41.439454793930054,0.41858035145383893
17,$\|L_{t} - L_{0}\|_F$ / $\|L_{0}\|_F$,0.7236395947508502,polblogs,spectral,Random rewiring,99,710,1222,100,0,41.439454793930054,0.41858035145383893
18,Fiedler $\lambda_2$,-191.6509473347095,polblogs,spectral,Random rewiring,99,710,1222,100,0,41.439454793930054,0.41858035145383893
18,Surrogate,0.24477505586619958,polblogs,spectral,Random rewiring,99,710,1222,100,0,41.439454793930054,0.41858035145383893
18,Disparity,0.5082597060295345,polblogs,spectral,Random rewiring,99,710,1222,100,0,41.439454793930054,0.41858035145383893
18,Polarization,0.5248910574292168,polblogs,spectral,Random rewiring,99,710,1222,100,0,41.439454793930054,0.41858035145383893
18,$\|L_{t} - L_{0}\|_F$ / $\|L_{0}\|_F$,0.7531879701301479,polblogs,spectral,Random rewiring,99,710,1222,100,0,41.439454793930054,0.41858035145383893
19,Fiedler $\lambda_2$,-191.65005172916267,polblogs,spectral,Random rewiring,99,710,1222,100,0,41.439454793930054,0.41858035145383893
19,Surrogate,0.23332460974979705,polblogs,spectral,Random rewiring,99,710,1222,100,0,41.439454793930054,0.41858035145383893
19,Disparity,0.4697280347308874,polblogs,spectral,Random rewiring,99,710,1222,100,0,41.439454793930054,0.41858035145383893
19,Polarization,0.4742289238334949,polblogs,spectral,Random rewiring,99,710,1222,100,0,41.439454793930054,0.41858035145383893
19,$\|L_{t} - L_{0}\|_F$ / $\|L_{0}\|_F$,0.7769536651114429,polblogs,spectral,Random rewiring,99,710,1222,100,0,41.439454793930054,0.41858035145383893
20,Fiedler $\lambda_2$,-191.6500450086717,polblogs,spectral,Random rewiring,99,710,1222,100,0,41.439454793930054,0.41858035145383893
20,Surrogate,0.2438852793933625,polblogs,spectral,Random rewiring,99,710,1222,100,0,41.439454793930054,0.41858035145383893
20,Disparity,0.48690112071820063,polblogs,spectral,Random rewiring,99,710,1222,100,0,41.439454793930054,0.41858035145383893
20,Polarization,0.4918043407215092,polblogs,spectral,Random rewiring,99,710,1222,100,0,41.439454793930054,0.41858035145383893
20,$\|L_{t} - L_{0}\|_F$ / $\|L_{0}\|_F$,0.7908703593882521,polblogs,spectral,Random rewiring,99,710,1222,100,0,41.439454793930054,0.41858035145383893
21,Fiedler $\lambda_2$,-191.6497810455181,polblogs,spectral,Random rewiring,99,710,1222,100,0,41.439454793930054,0.41858035145383893
21,Surrogate,0.25377849408941594,polblogs,spectral,Random rewiring,99,710,1222,100,0,41.439454793930054,0.41858035145383893
21,Disparity,0.5044200084586511,polblogs,spectral,Random rewiring,99,710,1222,100,0,41.439454793930054,0.41858035145383893
21,Polarization,0.5033865638020568,polblogs,spectral,Random rewiring,99,710,1222,100,0,41.439454793930054,0.41858035145383893
21,$\|L_{t} - L_{0}\|_F$ / $\|L_{0}\|_F$,0.8090536625366506,polblogs,spectral,Random rewiring,99,710,1222,100,0,41.439454793930054,0.41858035145383893
22,Fiedler $\lambda_2$,-191.6497810245229,polblogs,spectral,Random rewiring,99,710,1222,100,0,41.439454793930054,0.41858035145383893
22,Surrogate,0.2533357531967231,polblogs,spectral,Random rewiring,99,710,1222,100,0,41.439454793930054,0.41858035145383893
22,Disparity,0.49893007174587445,polblogs,spectral,Random rewiring,99,710,1222,100,0,41.439454793930054,0.41858035145383893
22,Polarization,0.5002704329260078,polblogs,spectral,Random rewiring,99,710,1222,100,0,41.439454793930054,0.41858035145383893
22,$\|L_{t} - L_{0}\|_F$ / $\|L_{0}\|_F$,0.8268371861310022,polblogs,spectral,Random rewiring,99,710,1222,100,0,41.439454793930054,0.41858035145383893
23,Fiedler $\lambda_2$,-191.65545430540192,polblogs,spectral,Random rewiring,99,710,1222,100,0,41.439454793930054,0.41858035145383893
23,Surrogate,0.2516941304968983,polblogs,spectral,Random rewiring,99,710,1222,100,0,41.439454793930054,0.41858035145383893
23,Disparity,0.5165983803193487,polblogs,spectral,Random rewiring,99,710,1222,100,0,41.439454793930054,0.41858035145383893
23,Polarization,0.5282668338555131,polblogs,spectral,Random rewiring,99,710,1222,100,0,41.439454793930054,0.41858035145383893
23,$\|L_{t} - L_{0}\|_F$ / $\|L_{0}\|_F$,0.8485426399129069,polblogs,spectral,Random rewiring,99,710,1222,100,0,41.439454793930054,0.41858035145383893
24,Fiedler $\lambda_2$,-191.65544019289322,polblogs,spectral,Random rewiring,99,710,1222,100,0,41.439454793930054,0.41858035145383893
24,Surrogate,0.2315363679539488,polblogs,spectral,Random rewiring,99,710,1222,100,0,41.439454793930054,0.41858035145383893
24,Disparity,0.5085121342841576,polblogs,spectral,Random rewiring,99,710,1222,100,0,41.439454793930054,0.41858035145383893
24,Polarization,0.5192791801009529,polblogs,spectral,Random rewiring,99,710,1222,100,0,41.439454793930054,0.41858035145383893
24,$\|L_{t} - L_{0}\|_F$ / $\|L_{0}\|_F$,0.8697065546100573,polblogs,spectral,Random rewiring,99,710,1222,100,0,41.439454793930054,0.41858035145383893
25,Fiedler $\lambda_2$,-191.65546049688965,polblogs,spectral,Random rewiring,99,710,1222,100,0,41.439454793930054,0.41858035145383893
25,Surrogate,0.2150747205192037,polblogs,spectral,Random rewiring,99,710,1222,100,0,41.439454793930054,0.41858035145383893
25,Disparity,0.4980429542786853,polblogs,spectral,Random rewiring,99,710,1222,100,0,41.439454793930054,0.41858035145383893
25,Polarization,0.5113306377256095,polblogs,spectral,Random rewiring,99,710,1222,100,0,41.439454793930054,0.41858035145383893
25,$\|L_{t} - L_{0}\|_F$ / $\|L_{0}\|_F$,0.8862738824069917,polblogs,spectral,Random rewiring,99,710,1222,100,0,41.439454793930054,0.41858035145383893
26,Fiedler $\lambda_2$,-191.6553801974751,polblogs,spectral,Random rewiring,99,710,1222,100,0,41.439454793930054,0.41858035145383893
26,Surrogate,0.2423996174305431,polblogs,spectral,Random rewiring,99,710,1222,100,0,41.439454793930054,0.41858035145383893
26,Disparity,0.5321827027409783,polblogs,spectral,Random rewiring,99,710,1222,100,0,41.439454793930054,0.41858035145383893
26,Polarization,0.5417171327759848,polblogs,spectral,Random rewiring,99,710,1222,100,0,41.439454793930054,0.41858035145383893
26,$\|L_{t} - L_{0}\|_F$ / $\|L_{0}\|_F$,0.906557374917933,polblogs,spectral,Random rewiring,99,710,1222,100,0,41.439454793930054,0.41858035145383893
27,Fiedler $\lambda_2$,-191.65513722340734,polblogs,spectral,Random rewiring,99,710,1222,100,0,41.439454793930054,0.41858035145383893
27,Surrogate,0.23333991396301254,polblogs,spectral,Random rewiring,99,710,1222,100,0,41.439454793930054,0.41858035145383893
27,Disparity,0.5187561964326158,polblogs,spectral,Random rewiring,99,710,1222,100,0,41.439454793930054,0.41858035145383893
27,Polarization,0.5262337943633116,polblogs,spectral,Random rewiring,99,710,1222,100,0,41.439454793930054,0.41858035145383893
27,$\|L_{t} - L_{0}\|_F$ / $\|L_{0}\|_F$,0.92246310361074,polblogs,spectral,Random rewiring,99,710,1222,100,0,41.439454793930054,0.41858035145383893
28,Fiedler $\lambda_2$,-191.65511452233432,polblogs,spectral,Random rewiring,99,710,1222,100,0,41.439454793930054,0.41858035145383893
28,Surrogate,0.4096443340845919,polblogs,spectral,Random rewiring,99,710,1222,100,0,41.439454793930054,0.41858035145383893
28,Disparity,0.8403512112462935,polblogs,spectral,Random rewiring,99,710,1222,100,0,41.439454793930054,0.41858035145383893
28,Polarization,0.7134805795043178,polblogs,spectral,Random rewiring,99,710,1222,100,0,41.439454793930054,0.41858035145383893
28,$\|L_{t} - L_{0}\|_F$ / $\|L_{0}\|_F$,0.9380991850695874,polblogs,spectral,Random rewiring,99,710,1222,100,0,41.439454793930054,0.41858035145383893
29,Fiedler $\lambda_2$,-191.6555605602624,polblogs,spectral,Random rewiring,99,710,1222,100,0,41.439454793930054,0.41858035145383893
29,Surrogate,0.41107394764364974,polblogs,spectral,Random rewiring,99,710,1222,100,0,41.439454793930054,0.41858035145383893
29,Disparity,0.8375855074933914,polblogs,spectral,Random rewiring,99,710,1222,100,0,41.439454793930054,0.41858035145383893
29,Polarization,0.7161650688920274,polblogs,spectral,Random rewiring,99,710,1222,100,0,41.439454793930054,0.41858035145383893
29,$\|L_{t} - L_{0}\|_F$ / $\|L_{0}\|_F$,0.9572852032751554,polblogs,spectral,Random rewiring,99,710,1222,100,0,41.439454793930054,0.41858035145383893
30,Fiedler $\lambda_2$,-191.65571801939905,polblogs,spectral,Random rewiring,99,710,1222,100,0,41.439454793930054,0.41858035145383893
30,Surrogate,0.5532353073872219,polblogs,spectral,Random rewiring,99,710,1222,100,0,41.439454793930054,0.41858035145383893
30,Disparity,1.0363313834057009,polblogs,spectral,Random rewiring,99,710,1222,100,0,41.439454793930054,0.41858035145383893
30,Polarization,0.885123517467887,polblogs,spectral,Random rewiring,99,710,1222,100,0,41.439454793930054,0.41858035145383893
30,$\|L_{t} - L_{0}\|_F$ / $\|L_{0}\|_F$,0.9723614882926107,polblogs,spectral,Random rewiring,99,710,1222,100,0,41.439454793930054,0.41858035145383893
31,Fiedler $\lambda_2$,-191.65565321270955,polblogs,spectral,Random rewiring,99,710,1222,100,0,41.439454793930054,0.41858035145383893
31,Surrogate,0.6387057418445508,polblogs,spectral,Random rewiring,99,710,1222,100,0,41.439454793930054,0.41858035145383893
31,Disparity,1.2208908481084666,polblogs,spectral,Random rewiring,99,710,1222,100,0,41.439454793930054,0.41858035145383893
31,Polarization,1.0672998996095542,polblogs,spectral,Random rewiring,99,710,1222,100,0,41.439454793930054,0.41858035145383893
31,$\|L_{t} - L_{0}\|_F$ / $\|L_{0}\|_F$,0.9723614882926107,polblogs,spectral,Random rewiring,99,710,1222,100,0,41.439454793930054,0.41858035145383893
32,Fiedler $\lambda_2$,-191.65548029385937,polblogs,spectral,Random rewiring,99,710,1222,100,0,41.439454793930054,0.41858035145383893
32,Surrogate,0.6599458076021594,polblogs,spectral,Random rewiring,99,710,1222,100,0,41.439454793930054,0.41858035145383893
32,Disparity,1.2368348872658543,polblogs,spectral,Random rewiring,99,710,1222,100,0,41.439454793930054,0.41858035145383893
32,Polarization,1.0789809214210249,polblogs,spectral,Random rewiring,99,710,1222,100,0,41.439454793930054,0.41858035145383893
32,$\|L_{t} - L_{0}\|_F$ / $\|L_{0}\|_F$,0.9835170519840619,polblogs,spectral,Random rewiring,99,710,1222,100,0,41.439454793930054,0.41858035145383893
33,Fiedler $\lambda_2$,-191.65547284422212,polblogs,spectral,Random rewiring,99,710,1222,100,0,41.439454793930054,0.41858035145383893
33,Surrogate,0.6605070065186394,polblogs,spectral,Random rewiring,99,710,1222,100,0,41.439454793930054,0.41858035145383893
33,Disparity,1.2397845363186863,polblogs,spectral,Random rewiring,99,710,1222,100,0,41.439454793930054,0.41858035145383893
33,Polarization,1.0888936285002042,polblogs,spectral,Random rewiring,99,710,1222,100,0,41.439454793930054,0.41858035145383893
33,$\|L_{t} - L_{0}\|_F$ / $\|L_{0}\|_F$,0.998197222520923,polblogs,spectral,Random rewiring,99,710,1222,100,0,41.439454793930054,0.41858035145383893
34,Fiedler $\lambda_2$,-191.65473259823486,polblogs,spectral,Random rewiring,99,710,1222,100,0,41.439454793930054,0.41858035145383893
34,Surrogate,0.6609502166694206,polblogs,spectral,Random rewiring,99,710,1222,100,0,41.439454793930054,0.41858035145383893
34,Disparity,1.2777244233313383,polblogs,spectral,Random rewiring,99,710,1222,100,0,41.439454793930054,0.41858035145383893
34,Polarization,1.1339488377189928,polblogs,spectral,Random rewiring,99,710,1222,100,0,41.439454793930054,0.41858035145383893
34,$\|L_{t} - L_{0}\|_F$ / $\|L_{0}\|_F$,1.0090672042422568,polblogs,spectral,Random rewiring,99,710,1222,100,0,41.439454793930054,0.41858035145383893
35,Fiedler $\lambda_2$,-191.65421726724873,polblogs,spectral,Random rewiring,99,710,1222,100,0,41.439454793930054,0.41858035145383893
35,Surrogate,0.6759102045641712,polblogs,spectral,Random rewiring,99,710,1222,100,0,41.439454793930054,0.41858035145383893
35,Disparity,1.3023199353925679,polblogs,spectral,Random rewiring,99,710,1222,100,0,41.439454793930054,0.41858035145383893
35,Polarization,1.1688876917480822,polblogs,spectral,Random rewiring,99,710,1222,100,0,41.439454793930054,0.41858035145383893
35,$\|L_{t} - L_{0}\|_F$ / $\|L_{0}\|_F$,1.0198213325411873,polblogs,spectral,Random rewiring,99,710,1222,100,0,41.439454793930054,0.41858035145383893
36,Fiedler $\lambda_2$,-191.6541639878533,polblogs,spectral,Random rewiring,99,710,1222,100,0,41.439454793930054,0.41858035145383893
36,Surrogate,0.664431714524902,polblogs,spectral,Random rewiring,99,710,1222,100,0,41.439454793930054,0.41858035145383893
36,Disparity,1.2892603890568481,polblogs,spectral,Random rewiring,99,710,1222,100,0,41.439454793930054,0.41858035145383893
36,Polarization,1.1584236120803912,polblogs,spectral,Random rewiring,99,710,1222,100,0,41.439454793930054,0.41858035145383893
36,$\|L_{t} - L_{0}\|_F$ / $\|L_{0}\|_F$,1.0374971950262875,polblogs,spectral,Random rewiring,99,710,1222,100,0,41.439454793930054,0.41858035145383893
37,Fiedler $\lambda_2$,-191.65528130830347,polblogs,spectral,Random rewiring,99,710,1222,100,0,41.439454793930054,0.41858035145383893
37,Surrogate,0.46971148483188724,polblogs,spectral,Random rewiring,99,710,1222,100,0,41.439454793930054,0.41858035145383893
37,Disparity,1.0946454938783334,polblogs,spectral,Random rewiring,99,710,1222,100,0,41.439454793930054,0.41858035145383893
37,Polarization,0.9389540614930633,polblogs,spectral,Random rewiring,99,710,1222,100,0,41.439454793930054,0.41858035145383893
37,$\|L_{t} - L_{0}\|_F$ / $\|L_{0}\|_F$,1.0548769165493888,polblogs,spectral,Random rewiring,99,710,1222,100,0,41.439454793930054,0.41858035145383893
38,Fiedler $\lambda_2$,-191.65547923860782,polblogs,spectral,Random rewiring,99,710,1222,100,0,41.439454793930054,0.41858035145383893
38,Surrogate,0.4371534269718016,polblogs,spectral,Random rewiring,99,710,1222,100,0,41.439454793930054,0.41858035145383893
38,Disparity,1.0454791017913367,polblogs,spectral,Random rewiring,99,710,1222,100,0,41.439454793930054,0.41858035145383893
38,Polarization,0.8839812869902323,polblogs,spectral,Random rewiring,99,710,1222,100,0,41.439454793930054,0.41858035145383893
38,$\|L_{t} - L_{0}\|_F$ / $\|L_{0}\|_F$,1.0719749010355037,polblogs,spectral,Random rewiring,99,710,1222,100,0,41.439454793930054,0.41858035145383893
39,Fiedler $\lambda_2$,-200.05222514718156,polblogs,spectral,Random rewiring,99,710,1222,100,0,41.439454793930054,0.41858035145383893
39,Surrogate,0.4645537468060409,polblogs,spectral,Random rewiring,99,710,1222,100,0,41.439454793930054,0.41858035145383893
39,Disparity,1.060611067285607,polblogs,spectral,Random rewiring,99,710,1222,100,0,41.439454793930054,0.41858035145383893
39,Polarization,0.8982505327936288,polblogs,spectral,Random rewiring,99,710,1222,100,0,41.439454793930054,0.41858035145383893
39,$\|L_{t} - L_{0}\|_F$ / $\|L_{0}\|_F$,1.0854593921262752,polblogs,spectral,Random rewiring,99,710,1222,100,0,41.439454793930054,0.41858035145383893
40,Fiedler $\lambda_2$,-200.05215895609183,polblogs,spectral,Random rewiring,99,710,1222,100,0,41.439454793930054,0.41858035145383893
40,Surrogate,0.4631171660615578,polblogs,spectral,Random rewiring,99,710,1222,100,0,41.439454793930054,0.41858035145383893
40,Disparity,1.0587243832530542,polblogs,spectral,Random rewiring,99,710,1222,100,0,41.439454793930054,0.41858035145383893
40,Polarization,0.8980689241455688,polblogs,spectral,Random rewiring,99,710,1222,100,0,41.439454793930054,0.41858035145383893
40,$\|L_{t} - L_{0}\|_F$ / $\|L_{0}\|_F$,1.102083014720976,polblogs,spectral,Random rewiring,99,710,1222,100,0,41.439454793930054,0.41858035145383893
41,Fiedler $\lambda_2$,-200.05216077040427,polblogs,spectral,Random rewiring,99,710,1222,100,0,41.439454793930054,0.41858035145383893
41,Surrogate,0.47532997367488067,polblogs,spectral,Random rewiring,99,710,1222,100,0,41.439454793930054,0.41858035145383893
41,Disparity,1.0626568342849074,polblogs,spectral,Random rewiring,99,710,1222,100,0,41.439454793930054,0.41858035145383893
41,Polarization,0.9081103137562354,polblogs,spectral,Random rewiring,99,710,1222,100,0,41.439454793930054,0.41858035145383893
41,$\|L_{t} - L_{0}\|_F$ / $\|L_{0}\|_F$,1.1119379024771452,polblogs,spectral,Random rewiring,99,710,1222,100,0,41.439454793930054,0.41858035145383893
42,Fiedler $\lambda_2$,-200.05216199362735,polblogs,spectral,Random rewiring,99,710,1222,100,0,41.439454793930054,0.41858035145383893
42,Surrogate,0.5239320858452184,polblogs,spectral,Random rewiring,99,710,1222,100,0,41.439454793930054,0.41858035145383893
42,Disparity,1.1416850299144807,polblogs,spectral,Random rewiring,99,710,1222,100,0,41.439454793930054,0.41858035145383893
42,Polarization,1.0005224951234877,polblogs,spectral,Random rewiring,99,710,1222,100,0,41.439454793930054,0.41858035145383893
42,$\|L_{t} - L_{0}\|_F$ / $\|L_{0}\|_F$,1.12170621224725,polblogs,spectral,Random rewiring,99,710,1222,100,0,41.439454793930054,0.41858035145383893
43,Fiedler $\lambda_2$,-200.05215986527975,polblogs,spectral,Random rewiring,99,710,1222,100,0,41.439454793930054,0.41858035145383893
43,Surrogate,0.5446283447033221,polblogs,spectral,Random rewiring,99,710,1222,100,0,41.439454793930054,0.41858035145383893
43,Disparity,1.1715948721371745,polblogs,spectral,Random rewiring,99,710,1222,100,0,41.439454793930054,0.41858035145383893
43,Polarization,1.019570944915713,polblogs,spectral,Random rewiring,99,710,1222,100,0,41.439454793930054,0.41858035145383893
43,$\|L_{t} - L_{0}\|_F$ / $\|L_{0}\|_F$,1.1345998105495778,polblogs,spectral,Random rewiring,99,710,1222,100,0,41.439454793930054,0.41858035145383893
44,Fiedler $\lambda_2$,-200.0520388582921,polblogs,spectral,Random rewiring,99,710,1222,100,0,41.439454793930054,0.41858035145383893
44,Surrogate,0.5427371295882099,polblogs,spectral,Random rewiring,99,710,1222,100,0,41.439454793930054,0.41858035145383893
44,Disparity,1.1707386530240036,polblogs,spectral,Random rewiring,99,710,1222,100,0,41.439454793930054,0.41858035145383893
44,Polarization,1.0247662932968258,polblogs,spectral,Random rewiring,99,710,1222,100,0,41.439454793930054,0.41858035145383893
44,$\|L_{t} - L_{0}\|_F$ / $\|L_{0}\|_F$,1.1473485231629503,polblogs,spectral,Random rewiring,99,710,1222,100,0,41.439454793930054,0.41858035145383893
45,Fiedler $\lambda_2$,-200.05203891207995,polblogs,spectral,Random rewiring,99,710,1222,100,0,41.439454793930054,0.41858035145383893
45,Surrogate,0.5804148072915734,polblogs,spectral,Random rewiring,99,710,1222,100,0,41.439454793930054,0.41858035145383893
45,Disparity,1.3164269858230815,polblogs,spectral,Random rewiring,99,710,1222,100,0,41.439454793930054,0.41858035145383893
45,Polarization,1.1576472026240245,polblogs,spectral,Random rewiring,99,710,1222,100,0,41.439454793930054,0.41858035145383893
45,$\|L_{t} - L_{0}\|_F$ / $\|L_{0}\|_F$,1.1473485231629503,polblogs,spectral,Random rewiring,99,710,1222,100,0,41.439454793930054,0.41858035145383893
46,Fiedler $\lambda_2$,-200.04976084777027,polblogs,spectral,Random rewiring,99,710,1222,100,0,41.439454793930054,0.41858035145383893
46,Surrogate,0.550475737668547,polblogs,spectral,Random rewiring,99,710,1222,100,0,41.439454793930054,0.41858035145383893
46,Disparity,1.2706909775838309,polblogs,spectral,Random rewiring,99,710,1222,100,0,41.439454793930054,0.41858035145383893
46,Polarization,1.1085145458008194,polblogs,spectral,Random rewiring,99,710,1222,100,0,41.439454793930054,0.41858035145383893
46,$\|L_{t} - L_{0}\|_F$ / $\|L_{0}\|_F$,1.1630879214339451,polblogs,spectral,Random rewiring,99,710,1222,100,0,41.439454793930054,0.41858035145383893
47,Fiedler $\lambda_2$,-200.0497547692912,polblogs,spectral,Random rewiring,99,710,1222,100,0,41.439454793930054,0.41858035145383893
47,Surrogate,0.5501086260679793,polblogs,spectral,Random rewiring,99,710,1222,100,0,41.439454793930054,0.41858035145383893
47,Disparity,1.2702983794064369,polblogs,spectral,Random rewiring,99,710,1222,100,0,41.439454793930054,0.41858035145383893
47,Polarization,1.1085095574770314,polblogs,spectral,Random rewiring,99,710,1222,100,0,41.439454793930054,0.41858035145383893
47,$\|L_{t} - L_{0}\|_F$ / $\|L_{0}\|_F$,1.1786171525847,polblogs,spectral,Random rewiring,99,710,1222,100,0,41.439454793930054,0.41858035145383893
48,Fiedler $\lambda_2$,-200.0497829587561,polblogs,spectral,Random rewiring,99,710,1222,100,0,41.439454793930054,0.41858035145383893
48,Surrogate,0.5592613455884119,polblogs,spectral,Random rewiring,99,710,1222,100,0,41.439454793930054,0.41858035145383893
48,Disparity,1.3404820561865216,polblogs,spectral,Random rewiring,99,710,1222,100,0,41.439454793930054,0.41858035145383893
48,Polarization,1.1717608796134054,polblogs,spectral,Random rewiring,99,710,1222,100,0,41.439454793930054,0.41858035145383893
48,$\|L_{t} - L_{0}\|_F$ / $\|L_{0}\|_F$,1.1908947459250676,polblogs,spectral,Random rewiring,99,710,1222,100,0,41.439454793930054,0.41858035145383893
49,Fiedler $\lambda_2$,-200.04978143371736,polblogs,spectral,Random rewiring,99,710,1222,100,0,41.439454793930054,0.41858035145383893
49,Surrogate,0.5584024246596698,polblogs,spectral,Random rewiring,99,710,1222,100,0,41.439454793930054,0.41858035145383893
49,Disparity,1.3392229916719336,polblogs,spectral,Random rewiring,99,710,1222,100,0,41.439454793930054,0.41858035145383893
49,Polarization,1.1683138525902217,polblogs,spectral,Random rewiring,99,710,1222,100,0,41.439454793930054,0.41858035145383893
49,$\|L_{t} - L_{0}\|_F$ / $\|L_{0}\|_F$,1.2000205096167025,polblogs,spectral,Random rewiring,99,710,1222,100,0,41.439454793930054,0.41858035145383893
50,Fiedler $\lambda_2$,-200.04978996577188,polblogs,spectral,Random rewiring,99,710,1222,100,0,41.439454793930054,0.41858035145383893
50,Surrogate,0.5277065452905767,polblogs,spectral,Random rewiring,99,710,1222,100,0,41.439454793930054,0.41858035145383893
50,Disparity,1.2857479806932213,polblogs,spectral,Random rewiring,99,710,1222,100,0,41.439454793930054,0.41858035145383893
50,Polarization,1.1183094236450641,polblogs,spectral,Random rewiring,99,710,1222,100,0,41.439454793930054,0.41858035145383893
50,$\|L_{t} - L_{0}\|_F$ / $\|L_{0}\|_F$,1.218066943463424,polblogs,spectral,Random rewiring,99,710,1222,100,0,41.439454793930054,0.41858035145383893
51,Fiedler $\lambda_2$,-200.04981461911493,polblogs,spectral,Random rewiring,99,710,1222,100,0,41.439454793930054,0.41858035145383893
51,Surrogate,0.5235582113084798,polblogs,spectral,Random rewiring,99,710,1222,100,0,41.439454793930054,0.41858035145383893
51,Disparity,1.2566999410341946,polblogs,spectral,Random rewiring,99,710,1222,100,0,41.439454793930054,0.41858035145383893
51,Polarization,1.0914213438523255,polblogs,spectral,Random rewiring,99,710,1222,100,0,41.439454793930054,0.41858035145383893
51,$\|L_{t} - L_{0}\|_F$ / $\|L_{0}\|_F$,1.2269906301138274,polblogs,spectral,Random rewiring,99,710,1222,100,0,41.439454793930054,0.41858035145383893
52,Fiedler $\lambda_2$,-200.04993355212156,polblogs,spectral,Random rewiring,99,710,1222,100,0,41.439454793930054,0.41858035145383893
52,Surrogate,0.5361548476895154,polblogs,spectral,Random rewiring,99,710,1222,100,0,41.439454793930054,0.41858035145383893
52,Disparity,1.2666929109918486,polblogs,spectral,Random rewiring,99,710,1222,100,0,41.439454793930054,0.41858035145383893
52,Polarization,1.1229333336723828,polblogs,spectral,Random rewiring,99,710,1222,100,0,41.439454793930054,0.41858035145383893
52,$\|L_{t} - L_{0}\|_F$ / $\|L_{0}\|_F$,1.2329038722218613,polblogs,spectral,Random rewiring,99,710,1222,100,0,41.439454793930054,0.41858035145383893
53,Fiedler $\lambda_2$,-200.0499340947534,polblogs,spectral,Random rewiring,99,710,1222,100,0,41.439454793930054,0.41858035145383893
53,Surrogate,0.5338899443661596,polblogs,spectral,Random rewiring,99,710,1222,100,0,41.439454793930054,0.41858035145383893
53,Disparity,1.2614049332796433,polblogs,spectral,Random rewiring,99,710,1222,100,0,41.439454793930054,0.41858035145383893
53,Polarization,1.1148439727026032,polblogs,spectral,Random rewiring,99,710,1222,100,0,41.439454793930054,0.41858035145383893
53,$\|L_{t} - L_{0}\|_F$ / $\|L_{0}\|_F$,1.2446460788693006,polblogs,spectral,Random rewiring,99,710,1222,100,0,41.439454793930054,0.41858035145383893
54,Fiedler $\lambda_2$,-200.04994620400868,polblogs,spectral,Random rewiring,99,710,1222,100,0,41.439454793930054,0.41858035145383893
54,Surrogate,0.569573944054215,polblogs,spectral,Random rewiring,99,710,1222,100,0,41.439454793930054,0.41858035145383893
54,Disparity,1.3212874635368759,polblogs,spectral,Random rewiring,99,710,1222,100,0,41.439454793930054,0.41858035145383893
54,Polarization,1.177595885260115,polblogs,spectral,Random rewiring,99,710,1222,100,0,41.439454793930054,0.41858035145383893
54,$\|L_{t} - L_{0}\|_F$ / $\|L_{0}\|_F$,1.2533805444770252,polblogs,spectral,Random rewiring,99,710,1222,100,0,41.439454793930054,0.41858035145383893
55,Fiedler $\lambda_2$,-269.15958794039466,polblogs,spectral,Random rewiring,99,710,1222,100,0,41.439454793930054,0.41858035145383893
55,Surrogate,0.5512450793730755,polblogs,spectral,Random rewiring,99,710,1222,100,0,41.439454793930054,0.41858035145383893
55,Disparity,1.293074414619343,polblogs,spectral,Random rewiring,99,710,1222,100,0,41.439454793930054,0.41858035145383893
55,Polarization,1.1483332170978282,polblogs,spectral,Random rewiring,99,710,1222,100,0,41.439454793930054,0.41858035145383893
55,$\|L_{t} - L_{0}\|_F$ / $\|L_{0}\|_F$,1.270669368691605,polblogs,spectral,Random rewiring,99,710,1222,100,0,41.439454793930054,0.41858035145383893
56,Fiedler $\lambda_2$,-269.1596192488897,polblogs,spectral,Random rewiring,99,710,1222,100,0,41.439454793930054,0.41858035145383893
56,Surrogate,0.5087992175439943,polblogs,spectral,Random rewiring,99,710,1222,100,0,41.439454793930054,0.41858035145383893
56,Disparity,1.2554422880503178,polblogs,spectral,Random rewiring,99,710,1222,100,0,41.439454793930054,0.41858035145383893
56,Polarization,1.1057268909621778,polblogs,spectral,Random rewiring,99,710,1222,100,0,41.439454793930054,0.41858035145383893
56,$\|L_{t} - L_{0}\|_F$ / $\|L_{0}\|_F$,1.28489903257511,polblogs,spectral,Random rewiring,99,710,1222,100,0,41.439454793930054,0.41858035145383893
57,Fiedler $\lambda_2$,-269.15965155491205,polblogs,spectral,Random rewiring,99,710,1222,100,0,41.439454793930054,0.41858035145383893
57,Surrogate,0.5085765663316066,polblogs,spectral,Random rewiring,99,710,1222,100,0,41.439454793930054,0.41858035145383893
57,Disparity,1.2636791058305386,polblogs,spectral,Random rewiring,99,710,1222,100,0,41.439454793930054,0.41858035145383893
57,Polarization,1.1213696884525781,polblogs,spectral,Random rewiring,99,710,1222,100,0,41.439454793930054,0.41858035145383893
57,$\|L_{t} - L_{0}\|_F$ / $\|L_{0}\|_F$,1.2933616862816264,polblogs,spectral,Random rewiring,99,710,1222,100,0,41.439454793930054,0.41858035145383893
58,Fiedler $\lambda_2$,-269.1597811421803,polblogs,spectral,Random rewiring,99,710,1222,100,0,41.439454793930054,0.41858035145383893
58,Surrogate,0.5315244692701345,polblogs,spectral,Random rewiring,99,710,1222,100,0,41.439454793930054,0.41858035145383893
58,Disparity,1.295512131743672,polblogs,spectral,Random rewiring,99,710,1222,100,0,41.439454793930054,0.41858035145383893
58,Polarization,1.15691901251003,polblogs,spectral,Random rewiring,99,710,1222,100,0,41.439454793930054,0.41858035145383893
58,$\|L_{t} - L_{0}\|_F$ / $\|L_{0}\|_F$,1.2961702925995175,polblogs,spectral,Random rewiring,99,710,1222,100,0,41.439454793930054,0.41858035145383893
59,Fiedler $\lambda_2$,-269.1597603971358,polblogs,spectral,Random rewiring,99,710,1222,100,0,41.439454793930054,0.41858035145383893
59,Surrogate,0.47473746503609504,polblogs,spectral,Random rewiring,99,710,1222,100,0,41.439454793930054,0.41858035145383893
59,Disparity,1.2187535259134787,polblogs,spectral,Random rewiring,99,710,1222,100,0,41.439454793930054,0.41858035145383893
59,Polarization,1.085569866588606,polblogs,spectral,Random rewiring,99,710,1222,100,0,41.439454793930054,0.41858035145383893
59,$\|L_{t} - L_{0}\|_F$ / $\|L_{0}\|_F$,1.3128957623037392,polblogs,spectral,Random rewiring,99,710,1222,100,0,41.439454793930054,0.41858035145383893
60,Fiedler $\lambda_2$,-269.15969361063964,polblogs,spectral,Random rewiring,99,710,1222,100,0,41.439454793930054,0.41858035145383893
60,Surrogate,0.4696744141445974,polblogs,spectral,Random rewiring,99,710,1222,100,0,41.439454793930054,0.41858035145383893
60,Disparity,1.2088575754930313,polblogs,spectral,Random rewiring,99,710,1222,100,0,41.439454793930054,0.41858035145383893
60,Polarization,1.0806497497932241,polblogs,spectral,Random rewiring,99,710,1222,100,0,41.439454793930054,0.41858035145383893
60,$\|L_{t} - L_{0}\|_F$ / $\|L_{0}\|_F$,1.3266725903765586,polblogs,spectral,Random rewiring,99,710,1222,100,0,41.439454793930054,0.41858035145383893
61,Fiedler $\lambda_2$,-269.15957691372887,polblogs,spectral,Random rewiring,99,710,1222,100,0,41.439454793930054,0.41858035145383893
61,Surrogate,0.49517245008579786,polblogs,spectral,Random rewiring,99,710,1222,100,0,41.439454793930054,0.41858035145383893
61,Disparity,1.2328571305811564,polblogs,spectral,Random rewiring,99,710,1222,100,0,41.439454793930054,0.41858035145383893
61,Polarization,1.097331942901159,polblogs,spectral,Random rewiring,99,710,1222,100,0,41.439454793930054,0.41858035145383893
61,$\|L_{t} - L_{0}\|_F$ / $\|L_{0}\|_F$,1.3321434283923714,polblogs,spectral,Random rewiring,99,710,1222,100,0,41.439454793930054,0.41858035145383893
62,Fiedler $\lambda_2$,-269.1671282961172,polblogs,spectral,Random rewiring,99,710,1222,100,0,41.439454793930054,0.41858035145383893
62,Surrogate,0.49652656033871745,polblogs,spectral,Random rewiring,99,710,1222,100,0,41.439454793930054,0.41858035145383893
62,Disparity,1.233285149901309,polblogs,spectral,Random rewiring,99,710,1222,100,0,41.439454793930054,0.41858035145383893
62,Polarization,1.0945120164454372,polblogs,spectral,Random rewiring,99,710,1222,100,0,41.439454793930054,0.41858035145383893
62,$\|L_{t} - L_{0}\|_F$ / $\|L_{0}\|_F$,1.3375918905112703,polblogs,spectral,Random rewiring,99,710,1222,100,0,41.439454793930054,0.41858035145383893
63,Fiedler $\lambda_2$,-269.1677418643994,polblogs,spectral,Random rewiring,99,710,1222,100,0,41.439454793930054,0.41858035145383893
63,Surrogate,0.5019230063513204,polblogs,spectral,Random rewiring,99,710,1222,100,0,41.439454793930054,0.41858035145383893
63,Disparity,1.2438393601088256,polblogs,spectral,Random rewiring,99,710,1222,100,0,41.439454793930054,0.41858035145383893
63,Polarization,1.0899537286950312,polblogs,spectral,Random rewiring,99,710,1222,100,0,41.439454793930054,0.41858035145383893
63,$\|L_{t} - L_{0}\|_F$ / $\|L_{0}\|_F$,1.3618402433648047,polblogs,spectral,Random rewiring,99,710,1222,100,0,41.439454793930054,0.41858035145383893
64,Fiedler $\lambda_2$,-269.1678544748861,polblogs,spectral,Random rewiring,99,710,1222,100,0,41.439454793930054,0.41858035145383893
64,Surrogate,0.5032621668728307,polblogs,spectral,Random rewiring,99,710,1222,100,0,41.439454793930054,0.41858035145383893
64,Disparity,1.241138756811636,polblogs,spectral,Random rewiring,99,710,1222,100,0,41.439454793930054,0.41858035145383893
64,Polarization,1.0891782009541153,polblogs,spectral,Random rewiring,99,710,1222,100,0,41.439454793930054,0.41858035145383893
64,$\|L_{t} - L_{0}\|_F$ / $\|L_{0}\|_F$,1.3698276446607105,polblogs,spectral,Random rewiring,99,710,1222,100,0,41.439454793930054,0.41858035145383893
65,Fiedler $\lambda_2$,-269.16751425281103,polblogs,spectral,Random rewiring,99,710,1222,100,0,41.439454793930054,0.41858035145383893
65,Surrogate,0.5035726329670025,polblogs,spectral,Random rewiring,99,710,1222,100,0,41.439454793930054,0.41858035145383893
65,Disparity,1.2399348431216448,polblogs,spectral,Random rewiring,99,710,1222,100,0,41.439454793930054,0.41858035145383893
65,Polarization,1.0883198332684836,polblogs,spectral,Random rewiring,99,710,1222,100,0,41.439454793930054,0.41858035145383893
65,$\|L_{t} - L_{0}\|_F$ / $\|L_{0}\|_F$,1.3804056213960354,polblogs,spectral,Random rewiring,99,710,1222,100,0,41.439454793930054,0.41858035145383893
66,Fiedler $\lambda_2$,-269.1675814509674,polblogs,spectral,Random rewiring,99,710,1222,100,0,41.439454793930054,0.41858035145383893
66,Surrogate,0.4997069815158577,polblogs,spectral,Random rewiring,99,710,1222,100,0,41.439454793930054,0.41858035145383893
66,Disparity,1.2198054967537741,polblogs,spectral,Random rewiring,99,710,1222,100,0,41.439454793930054,0.41858035145383893
66,Polarization,1.068122399001037,polblogs,spectral,Random rewiring,99,710,1222,100,0,41.439454793930054,0.41858035145383893
66,$\|L_{t} - L_{0}\|_F$ / $\|L_{0}\|_F$,1.3882862122813773,polblogs,spectral,Random rewiring,99,710,1222,100,0,41.439454793930054,0.41858035145383893
67,Fiedler $\lambda_2$,-269.1482894726854,polblogs,spectral,Random rewiring,99,710,1222,100,0,41.439454793930054,0.41858035145383893
67,Surrogate,0.5040707015354311,polblogs,spectral,Random rewiring,99,710,1222,100,0,41.439454793930054,0.41858035145383893
67,Disparity,1.2244273516243007,polblogs,spectral,Random rewiring,99,710,1222,100,0,41.439454793930054,0.41858035145383893
67,Polarization,1.0720228013270074,polblogs,spectral,Random rewiring,99,710,1222,100,0,41.439454793930054,0.41858035145383893
67,$\|L_{t} - L_{0}\|_F$ / $\|L_{0}\|_F$,1.3935151807436854,polblogs,spectral,Random rewiring,99,710,1222,100,0,41.439454793930054,0.41858035145383893
68,Fiedler $\lambda_2$,-269.14827585175715,polblogs,spectral,Random rewiring,99,710,1222,100,0,41.439454793930054,0.41858035145383893
68,Surrogate,0.4768313993337134,polblogs,spectral,Random rewiring,99,710,1222,100,0,41.439454793930054,0.41858035145383893
68,Disparity,1.190932122387473,polblogs,spectral,Random rewiring,99,710,1222,100,0,41.439454793930054,0.41858035145383893
68,Polarization,1.0379625962022414,polblogs,spectral,Random rewiring,99,710,1222,100,0,41.439454793930054,0.41858035145383893
68,$\|L_{t} - L_{0}\|_F$ / $\|L_{0}\|_F$,1.4039146920194872,polblogs,spectral,Random rewiring,99,710,1222,100,0,41.439454793930054,0.41858035145383893
69,Fiedler $\lambda_2$,-269.14830583963357,polblogs,spectral,Random rewiring,99,710,1222,100,0,41.439454793930054,0.41858035145383893
69,Surrogate,0.4727820178887989,polblogs,spectral,Random rewiring,99,710,1222,100,0,41.439454793930054,0.41858035145383893
69,Disparity,1.1821928729187576,polblogs,spectral,Random rewiring,99,710,1222,100,0,41.439454793930054,0.41858035145383893
69,Polarization,1.0300519792859661,polblogs,spectral,Random rewiring,99,710,1222,100,0,41.439454793930054,0.41858035145383893
69,$\|L_{t} - L_{0}\|_F$ / $\|L_{0}\|_F$,1.4142377331881784,polblogs,spectral,Random rewiring,99,710,1222,100,0,41.439454793930054,0.41858035145383893
70,Fiedler $\lambda_2$,-269.14844580756903,polblogs,spectral,Random rewiring,99,710,1222,100,0,41.439454793930054,0.41858035145383893
70,Surrogate,0.4693547196526573,polblogs,spectral,Random rewiring,99,710,1222,100,0,41.439454793930054,0.41858035145383893
70,Disparity,1.2342495628410424,polblogs,spectral,Random rewiring,99,710,1222,100,0,41.439454793930054,0.41858035145383893
70,Polarization,1.0713365741152236,polblogs,spectral,Random rewiring,99,710,1222,100,0,41.439454793930054,0.41858035145383893
70,$\|L_{t} - L_{0}\|_F$ / $\|L_{0}\|_F$,1.4244859667537275,polblogs,spectral,Random rewiring,99,710,1222,100,0,41.439454793930054,0.41858035145383893
71,Fiedler $\lambda_2$,-269.14831060686714,polblogs,spectral,Random rewiring,99,710,1222,100,0,41.439454793930054,0.41858035145383893
71,Surrogate,0.4357245797822666,polblogs,spectral,Random rewiring,99,710,1222,100,0,41.439454793930054,0.41858035145383893
71,Disparity,1.1637173879279765,polblogs,spectral,Random rewiring,99,710,1222,100,0,41.439454793930054,0.41858035145383893
71,Polarization,0.9954650363852938,polblogs,spectral,Random rewiring,99,710,1222,100,0,41.439454793930054,0.41858035145383893
71,$\|L_{t} - L_{0}\|_F$ / $\|L_{0}\|_F$,1.434660995839563,polblogs,spectral,Random rewiring,99,710,1222,100,0,41.439454793930054,0.41858035145383893
72,Fiedler $\lambda_2$,-269.1483613945413,polblogs,spectral,Random rewiring,99,710,1222,100,0,41.439454793930054,0.41858035145383893
72,Surrogate,0.4332080832105419,polblogs,spectral,Random rewiring,99,710,1222,100,0,41.439454793930054,0.41858035145383893
72,Disparity,1.1414756059959472,polblogs,spectral,Random rewiring,99,710,1222,100,0,41.439454793930054,0.41858035145383893
72,Polarization,0.976403496997706,polblogs,spectral,Random rewiring,99,710,1222,100,0,41.439454793930054,0.41858035145383893
72,$\|L_{t} - L_{0}\|_F$ / $\|L_{0}\|_F$,1.4447643671161163,polblogs,spectral,Random rewiring,99,710,1222,100,0,41.439454793930054,0.41858035145383893
73,Fiedler $\lambda_2$,-314.46808781398016,polblogs,spectral,Random rewiring,99,710,1222,100,0,41.439454793930054,0.41858035145383893
73,Surrogate,0.4305122624847996,polblogs,spectral,Random rewiring,99,710,1222,100,0,41.439454793930054,0.41858035145383893
73,Disparity,1.1278845832536328,polblogs,spectral,Random rewiring,99,710,1222,100,0,41.439454793930054,0.41858035145383893
73,Polarization,0.9552289673751851,polblogs,spectral,Random rewiring,99,710,1222,100,0,41.439454793930054,0.41858035145383893
73,$\|L_{t} - L_{0}\|_F$ / $\|L_{0}\|_F$,1.457295081947978,polblogs,spectral,Random rewiring,99,710,1222,100,0,41.439454793930054,0.41858035145383893
74,Fiedler $\lambda_2$,-314.46809457573096,polblogs,spectral,Random rewiring,99,710,1222,100,0,41.439454793930054,0.41858035145383893
74,Surrogate,0.4322734363312258,polblogs,spectral,Random rewiring,99,710,1222,100,0,41.439454793930054,0.41858035145383893
74,Disparity,1.1150917249573322,polblogs,spectral,Random rewiring,99,710,1222,100,0,41.439454793930054,0.41858035145383893
74,Polarization,0.9456107311218249,polblogs,spectral,Random rewiring,99,710,1222,100,0,41.439454793930054,0.41858035145383893
74,$\|L_{t} - L_{0}\|_F$ / $\|L_{0}\|_F$,1.4672426041302198,polblogs,spectral,Random rewiring,99,710,1222,100,0,41.439454793930054,0.41858035145383893
75,Fiedler $\lambda_2$,-314.4685631703794,polblogs,spectral,Random rewiring,99,710,1222,100,0,41.439454793930054,0.41858035145383893
75,Surrogate,0.4284706285153554,polblogs,spectral,Random rewiring,99,710,1222,100,0,41.439454793930054,0.41858035145383893
75,Disparity,1.11391995553532,polblogs,spectral,Random rewiring,99,710,1222,100,0,41.439454793930054,0.41858035145383893
75,Polarization,0.9469533481985553,polblogs,spectral,Random rewiring,99,710,1222,100,0,41.439454793930054,0.41858035145383893
75,$\|L_{t} - L_{0}\|_F$ / $\|L_{0}\|_F$,1.4795829610928077,polblogs,spectral,Random rewiring,99,710,1222,100,0,41.439454793930054,0.41858035145383893
76,Fiedler $\lambda_2$,-314.46858133846945,polblogs,spectral,Random rewiring,99,710,1222,100,0,41.439454793930054,0.41858035145383893
76,Surrogate,0.42589747659065685,polblogs,spectral,Random rewiring,99,710,1222,100,0,41.439454793930054,0.41858035145383893
76,Disparity,1.1069130830753127,polblogs,spectral,Random rewiring,99,710,1222,100,0,41.439454793930054,0.41858035145383893
76,Polarization,0.9395335039428594,polblogs,spectral,Random rewiring,99,710,1222,100,0,41.439454793930054,0.41858035145383893
76,$\|L_{t} - L_{0}\|_F$ / $\|L_{0}\|_F$,1.4942568701577914,polblogs,spectral,Random rewiring,99,710,1222,100,0,41.439454793930054,0.41858035145383893
77,Fiedler $\lambda_2$,-314.4686474037638,polblogs,spectral,Random rewiring,99,710,1222,100,0,41.439454793930054,0.41858035145383893
77,Surrogate,0.43172901668321745,polblogs,spectral,Random rewiring,99,710,1222,100,0,41.439454793930054,0.41858035145383893
77,Disparity,1.124643246809759,polblogs,spectral,Random rewiring,99,710,1222,100,0,41.439454793930054,0.41858035145383893
77,Polarization,0.9616009051027219,polblogs,spectral,Random rewiring,99,710,1222,100,0,41.439454793930054,0.41858035145383893
77,$\|L_{t} - L_{0}\|_F$ / $\|L_{0}\|_F$,1.5039599388011717,polblogs,spectral,Random rewiring,99,710,1222,100,0,41.439454793930054,0.41858035145383893
78,Fiedler $\lambda_2$,-314.46862807582755,polblogs,spectral,Random rewiring,99,710,1222,100,0,41.439454793930054,0.41858035145383893
78,Surrogate,0.37428375770268146,polblogs,spectral,Random rewiring,99,710,1222,100,0,41.439454793930054,0.41858035145383893
78,Disparity,1.1180677748686536,polblogs,spectral,Random rewiring,99,710,1222,100,0,41.439454793930054,0.41858035145383893
78,Polarization,0.9500944282754301,polblogs,spectral,Random rewiring,99,710,1222,100,0,41.439454793930054,0.41858035145383893
78,$\|L_{t} - L_{0}\|_F$ / $\|L_{0}\|_F$,1.527948054182958,polblogs,spectral,Random rewiring,99,710,1222,100,0,41.439454793930054,0.41858035145383893
79,Fiedler $\lambda_2$,-314.4687247249307,polblogs,spectral,Random rewiring,99,710,1222,100,0,41.439454793930054,0.41858035145383893
79,Surrogate,0.3286922883707487,polblogs,spectral,Random rewiring,99,710,1222,100,0,41.439454793930054,0.41858035145383893
79,Disparity,1.017401153240497,polblogs,spectral,Random rewiring,99,710,1222,100,0,41.439454793930054,0.41858035145383893
79,Polarization,0.8639595855226924,polblogs,spectral,Random rewiring,99,710,1222,100,0,41.439454793930054,0.41858035145383893
79,$\|L_{t} - L_{0}\|_F$ / $\|L_{0}\|_F$,1.5327006257041915,polblogs,spectral,Random rewiring,99,710,1222,100,0,41.439454793930054,0.41858035145383893
80,Fiedler $\lambda_2$,-314.46884629370186,polblogs,spectral,Random rewiring,99,710,1222,100,0,41.439454793930054,0.41858035145383893
80,Surrogate,0.2937502486374036,polblogs,spectral,Random rewiring,99,710,1222,100,0,41.439454793930054,0.41858035145383893
80,Disparity,0.9193721816971029,polblogs,spectral,Random rewiring,99,710,1222,100,0,41.439454793930054,0.41858035145383893
80,Polarization,0.7415278479410087,polblogs,spectral,Random rewiring,99,710,1222,100,0,41.439454793930054,0.41858035145383893
80,$\|L_{t} - L_{0}\|_F$ / $\|L_{0}\|_F$,1.535071393750234,polblogs,spectral,Random rewiring,99,710,1222,100,0,41.439454793930054,0.41858035145383893
81,Fiedler $\lambda_2$,-314.46882873864945,polblogs,spectral,Random rewiring,99,710,1222,100,0,41.439454793930054,0.41858035145383893
81,Surrogate,0.30605947108785075,polblogs,spectral,Random rewiring,99,710,1222,100,0,41.439454793930054,0.41858035145383893
81,Disparity,0.8660924004654131,polblogs,spectral,Random rewiring,99,710,1222,100,0,41.439454793930054,0.41858035145383893
81,Polarization,0.6943481892930328,polblogs,spectral,Random rewiring,99,710,1222,100,0,41.439454793930054,0.41858035145383893
81,$\|L_{t} - L_{0}\|_F$ / $\|L_{0}\|_F$,1.535071393750234,polblogs,spectral,Random rewiring,99,710,1222,100,0,41.439454793930054,0.41858035145383893
82,Fiedler $\lambda_2$,-314.46920696505896,polblogs,spectral,Random rewiring,99,710,1222,100,0,41.439454793930054,0.41858035145383893
82,Surrogate,0.28684226431729937,polblogs,spectral,Random rewiring,99,710,1222,100,0,41.439454793930054,0.41858035145383893
82,Disparity,0.8308100575796028,polblogs,spectral,Random rewiring,99,710,1222,100,0,41.439454793930054,0.41858035145383893
82,Polarization,0.6210361806138448,polblogs,spectral,Random rewiring,99,710,1222,100,0,41.439454793930054,0.41858035145383893
82,$\|L_{t} - L_{0}\|_F$ / $\|L_{0}\|_F$,1.5421618305285232,polblogs,spectral,Random rewiring,99,710,1222,100,0,41.439454793930054,0.41858035145383893
83,Fiedler $\lambda_2$,-314.4692958100973,polblogs,spectral,Random rewiring,99,710,1222,100,0,41.439454793930054,0.41858035145383893
83,Surrogate,0.2911502114890905,polblogs,spectral,Random rewiring,99,710,1222,100,0,41.439454793930054,0.41858035145383893
83,Disparity,0.8411863914486496,polblogs,spectral,Random rewiring,99,710,1222,100,0,41.439454793930054,0.41858035145383893
83,Polarization,0.6330957610395845,polblogs,spectral,Random rewiring,99,710,1222,100,0,41.439454793930054,0.41858035145383893
83,$\|L_{t} - L_{0}\|_F$ / $\|L_{0}\|_F$,1.5492198162842756,polblogs,spectral,Random rewiring,99,710,1222,100,0,41.439454793930054,0.41858035145383893
84,Fiedler $\lambda_2$,-314.4691874592982,polblogs,spectral,Random rewiring,99,710,1222,100,0,41.439454793930054,0.41858035145383893
84,Surrogate,0.28350947934093157,polblogs,spectral,Random rewiring,99,710,1222,100,0,41.439454793930054,0.41858035145383893
84,Disparity,0.8320920280967333,polblogs,spectral,Random rewiring,99,710,1222,100,0,41.439454793930054,0.41858035145383893
84,Polarization,0.6255614612382864,polblogs,spectral,Random rewiring,99,710,1222,100,0,41.439454793930054,0.41858035145383893
84,$\|L_{t} - L_{0}\|_F$ / $\|L_{0}\|_F$,1.5585807462794314,polblogs,spectral,Random rewiring,99,710,1222,100,0,41.439454793930054,0.41858035145383893
85,Fiedler $\lambda_2$,-314.4690122705561,polblogs,spectral,Random rewiring,99,710,1222,100,0,41.439454793930054,0.41858035145383893
85,Surrogate,0.29230012601358135,polblogs,spectral,Random rewiring,99,710,1222,100,0,41.439454793930054,0.41858035145383893
85,Disparity,0.8471032771167329,polblogs,spectral,Random rewiring,99,710,1222,100,0,41.439454793930054,0.41858035145383893
85,Polarization,0.6293943621642633,polblogs,spectral,Random rewiring,99,710,1222,100,0,41.439454793930054,0.41858035145383893
85,$\|L_{t} - L_{0}\|_F$ / $\|L_{0}\|_F$,1.570203433334127,polblogs,spectral,Random rewiring,99,710,1222,100,0,41.439454793930054,0.41858035145383893
86,Fiedler $\lambda_2$,-314.4690061859515,polblogs,spectral,Random rewiring,99,710,1222,100,0,41.439454793930054,0.41858035145383893
86,Surrogate,0.2713253867499075,polblogs,spectral,Random rewiring,99,710,1222,100,0,41.439454793930054,0.41858035145383893
86,Disparity,0.8215183663923873,polblogs,spectral,Random rewiring,99,710,1222,100,0,41.439454793930054,0.41858035145383893
86,Polarization,0.5962813447686788,polblogs,spectral,Random rewiring,99,710,1222,100,0,41.439454793930054,0.41858035145383893
86,$\|L_{t} - L_{0}\|_F$ / $\|L_{0}\|_F$,1.5817407187765042,polblogs,spectral,Random rewiring,99,710,1222,100,0,41.439454793930054,0.41858035145383893
87,Fiedler $\lambda_2$,-314.46900774327776,polblogs,spectral,Random rewiring,99,710,1222,100,0,41.439454793930054,0.41858035145383893
87,Surrogate,0.265321480602971,polblogs,spectral,Random rewiring,99,710,1222,100,0,41.439454793930054,0.41858035145383893
87,Disparity,0.7969419701265692,polblogs,spectral,Random rewiring,99,710,1222,100,0,41.439454793930054,0.41858035145383893
87,Polarization,0.5734788731988252,polblogs,spectral,Random rewiring,99,710,1222,100,0,41.439454793930054,0.41858035145383893
87,$\|L_{t} - L_{0}\|_F$ / $\|L_{0}\|_F$,1.5977529635614753,polblogs,spectral,Random rewiring,99,710,1222,100,0,41.439454793930054,0.41858035145383893
88,Fiedler $\lambda_2$,-314.46900623791134,polblogs,spectral,Random rewiring,99,710,1222,100,0,41.439454793930054,0.41858035145383893
88,Surrogate,0.2934582115200179,polblogs,spectral,Random rewiring,99,710,1222,100,0,41.439454793930054,0.41858035145383893
88,Disparity,0.8256383727744361,polblogs,spectral,Random rewiring,99,710,1222,100,0,41.439454793930054,0.41858035145383893
88,Polarization,0.6076115654883237,polblogs,spectral,Random rewiring,99,710,1222,100,0,41.439454793930054,0.41858035145383893
88,$\|L_{t} - L_{0}\|_F$ / $\|L_{0}\|_F$,1.604566439945157,polblogs,spectral,Random rewiring,99,710,1222,100,0,41.439454793930054,0.41858035145383893
89,Fiedler $\lambda_2$,-314.46910798405287,polblogs,spectral,Random rewiring,99,710,1222,100,0,41.439454793930054,0.41858035145383893
89,Surrogate,0.26685939671375675,polblogs,spectral,Random rewiring,99,710,1222,100,0,41.439454793930054,0.41858035145383893
89,Disparity,0.7954788958121082,polblogs,spectral,Random rewiring,99,710,1222,100,0,41.439454793930054,0.41858035145383893
89,Polarization,0.581084554542127,polblogs,spectral,Random rewiring,99,710,1222,100,0,41.439454793930054,0.41858035145383893
89,$\|L_{t} - L_{0}\|_F$ / $\|L_{0}\|_F$,1.6113511063163963,polblogs,spectral,Random rewiring,99,710,1222,100,0,41.439454793930054,0.41858035145383893
90,Fiedler $\lambda_2$,-314.4691463787967,polblogs,spectral,Random rewiring,99,710,1222,100,0,41.439454793930054,0.41858035145383893
90,Surrogate,0.2909665166647003,polblogs,spectral,Random rewiring,99,710,1222,100,0,41.439454793930054,0.41858035145383893
90,Disparity,0.7882200691754296,polblogs,spectral,Random rewiring,99,710,1222,100,0,41.439454793930054,0.41858035145383893
90,Polarization,0.5631265408167904,polblogs,spectral,Random rewiring,99,710,1222,100,0,41.439454793930054,0.41858035145383893
90,$\|L_{t} - L_{0}\|_F$ / $\|L_{0}\|_F$,1.6248354510794847,polblogs,spectral,Random rewiring,99,710,1222,100,0,41.439454793930054,0.41858035145383893
91,Fiedler $\lambda_2$,-314.4691831368714,polblogs,spectral,Random rewiring,99,710,1222,100,0,41.439454793930054,0.41858035145383893
91,Surrogate,0.3264212729609747,polblogs,spectral,Random rewiring,99,710,1222,100,0,41.439454793930054,0.41858035145383893
91,Disparity,0.8564900281679589,polblogs,spectral,Random rewiring,99,710,1222,100,0,41.439454793930054,0.41858035145383893
91,Polarization,0.610749774793425,polblogs,spectral,Random rewiring,99,710,1222,100,0,41.439454793930054,0.41858035145383893
91,$\|L_{t} - L_{0}\|_F$ / $\|L_{0}\|_F$,1.638208807918658,polblogs,spectral,Random rewiring,99,710,1222,100,0,41.439454793930054,0.41858035145383893
92,Fiedler $\lambda_2$,-314.46915495228467,polblogs,spectral,Random rewiring,99,710,1222,100,0,41.439454793930054,0.41858035145383893
92,Surrogate,0.3233308836899754,polblogs,spectral,Random rewiring,99,710,1222,100,0,41.439454793930054,0.41858035145383893
92,Disparity,0.8653918903577349,polblogs,spectral,Random rewiring,99,710,1222,100,0,41.439454793930054,0.41858035145383893
92,Polarization,0.6127782733529812,polblogs,spectral,Random rewiring,99,710,1222,100,0,41.439454793930054,0.41858035145383893
92,$\|L_{t} - L_{0}\|_F$ / $\|L_{0}\|_F$,1.6536743722620044,polblogs,spectral,Random rewiring,99,710,1222,100,0,41.439454793930054,0.41858035145383893
93,Fiedler $\lambda_2$,-330.9940832004739,polblogs,spectral,Random rewiring,99,710,1222,100,0,41.439454793930054,0.41858035145383893
93,Surrogate,0.3325482802536338,polblogs,spectral,Random rewiring,99,710,1222,100,0,41.439454793930054,0.41858035145383893
93,Disparity,0.8730831200693663,polblogs,spectral,Random rewiring,99,710,1222,100,0,41.439454793930054,0.41858035145383893
93,Polarization,0.6220522699477835,polblogs,spectral,Random rewiring,99,710,1222,100,0,41.439454793930054,0.41858035145383893
93,$\|L_{t} - L_{0}\|_F$ / $\|L_{0}\|_F$,1.6711740593027002,polblogs,spectral,Random rewiring,99,710,1222,100,0,41.439454793930054,0.41858035145383893
94,Fiedler $\lambda_2$,-331.00190251429,polblogs,spectral,Random rewiring,99,710,1222,100,0,41.439454793930054,0.41858035145383893
94,Surrogate,0.33416918227531855,polblogs,spectral,Random rewiring,99,710,1222,100,0,41.439454793930054,0.41858035145383893
94,Disparity,0.8456669545878601,polblogs,spectral,Random rewiring,99,710,1222,100,0,41.439454793930054,0.41858035145383893
94,Polarization,0.5941812896895495,polblogs,spectral,Random rewiring,99,710,1222,100,0,41.439454793930054,0.41858035145383893
94,$\|L_{t} - L_{0}\|_F$ / $\|L_{0}\|_F$,1.682018910674787,polblogs,spectral,Random rewiring,99,710,1222,100,0,41.439454793930054,0.41858035145383893
95,Fiedler $\lambda_2$,-330.99794584945505,polblogs,spectral,Random rewiring,99,710,1222,100,0,41.439454793930054,0.41858035145383893
95,Surrogate,0.3086971095140631,polblogs,spectral,Random rewiring,99,710,1222,100,0,41.439454793930054,0.41858035145383893
95,Disparity,0.804935027264151,polblogs,spectral,Random rewiring,99,710,1222,100,0,41.439454793930054,0.41858035145383893
95,Polarization,0.5592406584469802,polblogs,spectral,Random rewiring,99,710,1222,100,0,41.439454793930054,0.41858035145383893
95,$\|L_{t} - L_{0}\|_F$ / $\|L_{0}\|_F$,1.6992267132074306,polblogs,spectral,Random rewiring,99,710,1222,100,0,41.439454793930054,0.41858035145383893
96,Fiedler $\lambda_2$,-330.9990520723421,polblogs,spectral,Random rewiring,99,710,1222,100,0,41.439454793930054,0.41858035145383893
96,Surrogate,0.3211374718530308,polblogs,spectral,Random rewiring,99,710,1222,100,0,41.439454793930054,0.41858035145383893
96,Disparity,0.7879623369451108,polblogs,spectral,Random rewiring,99,710,1222,100,0,41.439454793930054,0.41858035145383893
96,Polarization,0.5665268311831057,polblogs,spectral,Random rewiring,99,710,1222,100,0,41.439454793930054,0.41858035145383893
96,$\|L_{t} - L_{0}\|_F$ / $\|L_{0}\|_F$,1.7077655946829449,polblogs,spectral,Random rewiring,99,710,1222,100,0,41.439454793930054,0.41858035145383893
97,Fiedler $\lambda_2$,-330.9990297821097,polblogs,spectral,Random rewiring,99,710,1222,100,0,41.439454793930054,0.41858035145383893
97,Surrogate,0.32516626311978647,polblogs,spectral,Random rewiring,99,710,1222,100,0,41.439454793930054,0.41858035145383893
97,Disparity,0.8131253433595633,polblogs,spectral,Random rewiring,99,710,1222,100,0,41.439454793930054,0.41858035145383893
97,Polarization,0.5834032118195008,polblogs,spectral,Random rewiring,99,710,1222,100,0,41.439454793930054,0.41858035145383893
97,$\|L_{t} - L_{0}\|_F$ / $\|L_{0}\|_F$,1.7141418418589496,polblogs,spectral,Random rewiring,99,710,1222,100,0,41.439454793930054,0.41858035145383893
98,Fiedler $\lambda_2$,-330.9990298320446,polblogs,spectral,Random rewiring,99,710,1222,100,0,41.439454793930054,0.41858035145383893
98,Surrogate,0.33756694753389316,polblogs,spectral,Random rewiring,99,710,1222,100,0,41.439454793930054,0.41858035145383893
98,Disparity,0.7978842196169292,polblogs,spectral,Random rewiring,99,710,1222,100,0,41.439454793930054,0.41858035145383893
98,Polarization,0.5627231977661749,polblogs,spectral,Random rewiring,99,710,1222,100,0,41.439454793930054,0.41858035145383893
98,$\|L_{t} - L_{0}\|_F$ / $\|L_{0}\|_F$,1.7268237053240814,polblogs,spectral,Random rewiring,99,710,1222,100,0,41.439454793930054,0.41858035145383893
0,Fiedler $\lambda_2$,-5.483366941020126e-07,polblogs,spectral,Max-degree heuristic,99,710,1222,100,0,31.499225616455078,0.3181739961258089
0,Surrogate,-0.028408683469680632,polblogs,spectral,Max-degree heuristic,99,710,1222,100,0,31.499225616455078,0.3181739961258089
0,Disparity,-0.06236455419068728,polblogs,spectral,Max-degree heuristic,99,710,1222,100,0,31.499225616455078,0.3181739961258089
0,Polarization,-0.052456754942556284,polblogs,spectral,Max-degree heuristic,99,710,1222,100,0,31.499225616455078,0.3181739961258089
0,$\|L_{t} - L_{0}\|_F$ / $\|L_{0}\|_F$,0.17056348819447048,polblogs,spectral,Max-degree heuristic,99,710,1222,100,0,31.499225616455078,0.3181739961258089
1,Fiedler $\lambda_2$,2.6922594244936244e-06,polblogs,spectral,Max-degree heuristic,99,710,1222,100,0,31.499225616455078,0.3181739961258089
1,Surrogate,-0.029614879522139734,polblogs,spectral,Max-degree heuristic,99,710,1222,100,0,31.499225616455078,0.3181739961258089
1,Disparity,-0.06721450058610026,polblogs,spectral,Max-degree heuristic,99,710,1222,100,0,31.499225616455078,0.3181739961258089
1,Polarization,-0.05501627735491689,polblogs,spectral,Max-degree heuristic,99,710,1222,100,0,31.499225616455078,0.3181739961258089
1,$\|L_{t} - L_{0}\|_F$ / $\|L_{0}\|_F$,0.20889675741283753,polblogs,spectral,Max-degree heuristic,99,710,1222,100,0,31.499225616455078,0.3181739961258089
2,Fiedler $\lambda_2$,-99.99999999992913,polblogs,spectral,Max-degree heuristic,99,710,1222,100,0,31.499225616455078,0.3181739961258089
2,Surrogate,0.037260638306022456,polblogs,spectral,Max-degree heuristic,99,710,1222,100,0,31.499225616455078,0.3181739961258089
2,Disparity,0.07428894896869974,polblogs,spectral,Max-degree heuristic,99,710,1222,100,0,31.499225616455078,0.3181739961258089
2,Polarization,0.11385080932213444,polblogs,spectral,Max-degree heuristic,99,710,1222,100,0,31.499225616455078,0.3181739961258089
2,$\|L_{t} - L_{0}\|_F$ / $\|L_{0}\|_F$,0.2828475466376356,polblogs,spectral,Max-degree heuristic,99,710,1222,100,0,31.499225616455078,0.3181739961258089
3,Fiedler $\lambda_2$,-100.00000000026814,polblogs,spectral,Max-degree heuristic,99,710,1222,100,0,31.499225616455078,0.3181739961258089
3,Surrogate,0.04877286083289906,polblogs,spectral,Max-degree heuristic,99,710,1222,100,0,31.499225616455078,0.3181739961258089
3,Disparity,0.08722741331244069,polblogs,spectral,Max-degree heuristic,99,710,1222,100,0,31.499225616455078,0.3181739961258089
3,Polarization,0.13029668371948938,polblogs,spectral,Max-degree heuristic,99,710,1222,100,0,31.499225616455078,0.3181739961258089
3,$\|L_{t} - L_{0}\|_F$ / $\|L_{0}\|_F$,0.3516256388497963,polblogs,spectral,Max-degree heuristic,99,710,1222,100,0,31.499225616455078,0.3181739961258089
4,Fiedler $\lambda_2$,-99.9999999999378,polblogs,spectral,Max-degree heuristic,99,710,1222,100,0,31.499225616455078,0.3181739961258089
4,Surrogate,1.3505607417476782,polblogs,spectral,Max-degree heuristic,99,710,1222,100,0,31.499225616455078,0.3181739961258089
4,Disparity,5.075243409600037,polblogs,spectral,Max-degree heuristic,99,710,1222,100,0,31.499225616455078,0.3181739961258089
4,Polarization,5.5091500611087865,polblogs,spectral,Max-degree heuristic,99,710,1222,100,0,31.499225616455078,0.3181739961258089
4,$\|L_{t} - L_{0}\|_F$ / $\|L_{0}\|_F$,0.41779351482567506,polblogs,spectral,Max-degree heuristic,99,710,1222,100,0,31.499225616455078,0.3181739961258089
5,Fiedler $\lambda_2$,-100.00000000008471,polblogs,spectral,Max-degree heuristic,99,710,1222,100,0,31.499225616455078,0.3181739961258089
5,Surrogate,1.4115409879819496,polblogs,spectral,Max-degree heuristic,99,710,1222,100,0,31.499225616455078,0.3181739961258089
5,Disparity,5.2066595137034035,polblogs,spectral,Max-degree heuristic,99,710,1222,100,0,31.499225616455078,0.3181739961258089
5,Polarization,5.6150958655409555,polblogs,spectral,Max-degree heuristic,99,710,1222,100,0,31.499225616455078,0.3181739961258089
5,$\|L_{t} - L_{0}\|_F$ / $\|L_{0}\|_F$,0.4592562470034819,polblogs,spectral,Max-degree heuristic,99,710,1222,100,0,31.499225616455078,0.3181739961258089
6,Fiedler $\lambda_2$,-100.00000000006577,polblogs,spectral,Max-degree heuristic,99,710,1222,100,0,31.499225616455078,0.3181739961258089
6,Surrogate,1.413104700643538,polblogs,spectral,Max-degree heuristic,99,710,1222,100,0,31.499225616455078,0.3181739961258089
6,Disparity,5.226639187582382,polblogs,spectral,Max-degree heuristic,99,710,1222,100,0,31.499225616455078,0.3181739961258089
6,Polarization,5.633235114510947,polblogs,spectral,Max-degree heuristic,99,710,1222,100,0,31.499225616455078,0.3181739961258089
6,$\|L_{t} - L_{0}\|_F$ / $\|L_{0}\|_F$,0.5187485975131437,polblogs,spectral,Max-degree heuristic,99,710,1222,100,0,31.499225616455078,0.3181739961258089
7,Fiedler $\lambda_2$,-135.05014770435665,polblogs,spectral,Max-degree heuristic,99,710,1222,100,0,31.499225616455078,0.3181739961258089
7,Surrogate,1.4105835389802517,polblogs,spectral,Max-degree heuristic,99,710,1222,100,0,31.499225616455078,0.3181739961258089
7,Disparity,5.222117128589717,polblogs,spectral,Max-degree heuristic,99,710,1222,100,0,31.499225616455078,0.3181739961258089
7,Polarization,5.674594562616713,polblogs,spectral,Max-degree heuristic,99,710,1222,100,0,31.499225616455078,0.3181739961258089
7,$\|L_{t} - L_{0}\|_F$ / $\|L_{0}\|_F$,0.5460696026395527,polblogs,spectral,Max-degree heuristic,99,710,1222,100,0,31.499225616455078,0.3181739961258089
8,Fiedler $\lambda_2$,-135.0504201394157,polblogs,spectral,Max-degree heuristic,99,710,1222,100,0,31.499225616455078,0.3181739961258089
8,Surrogate,1.4195707242049578,polblogs,spectral,Max-degree heuristic,99,710,1222,100,0,31.499225616455078,0.3181739961258089
8,Disparity,5.438184751949775,polblogs,spectral,Max-degree heuristic,99,710,1222,100,0,31.499225616455078,0.3181739961258089
8,Polarization,5.849120313677878,polblogs,spectral,Max-degree heuristic,99,710,1222,100,0,31.499225616455078,0.3181739961258089
8,$\|L_{t} - L_{0}\|_F$ / $\|L_{0}\|_F$,0.6030329956257084,polblogs,spectral,Max-degree heuristic,99,710,1222,100,0,31.499225616455078,0.3181739961258089
9,Fiedler $\lambda_2$,-135.1822836088222,polblogs,spectral,Max-degree heuristic,99,710,1222,100,0,31.499225616455078,0.3181739961258089
9,Surrogate,1.4155295931108718,polblogs,spectral,Max-degree heuristic,99,710,1222,100,0,31.499225616455078,0.3181739961258089
9,Disparity,5.415441631533451,polblogs,spectral,Max-degree heuristic,99,710,1222,100,0,31.499225616455078,0.3181739961258089
9,Polarization,5.821171657511264,polblogs,spectral,Max-degree heuristic,99,710,1222,100,0,31.499225616455078,0.3181739961258089
9,$\|L_{t} - L_{0}\|_F$ / $\|L_{0}\|_F$,0.6660717141961857,polblogs,spectral,Max-degree heuristic,99,710,1222,100,0,31.499225616455078,0.3181739961258089
10,Fiedler $\lambda_2$,-437.2211889025236,polblogs,spectral,Max-degree heuristic,99,710,1222,100,0,31.499225616455078,0.3181739961258089
10,Surrogate,1.4123231225891315,polblogs,spectral,Max-degree heuristic,99,710,1222,100,0,31.499225616455078,0.3181739961258089
10,Disparity,5.41834174297933,polblogs,spectral,Max-degree heuristic,99,710,1222,100,0,31.499225616455078,0.3181739961258089
10,Polarization,5.823670112743727,polblogs,spectral,Max-degree heuristic,99,710,1222,100,0,31.499225616455078,0.3181739961258089
10,$\|L_{t} - L_{0}\|_F$ / $\|L_{0}\|_F$,0.692832164260275,polblogs,spectral,Max-degree heuristic,99,710,1222,100,0,31.499225616455078,0.3181739961258089
11,Fiedler $\lambda_2$,-437.2213452316168,polblogs,spectral,Max-degree heuristic,99,710,1222,100,0,31.499225616455078,0.3181739961258089
11,Surrogate,1.4239400428268423,polblogs,spectral,Max-degree heuristic,99,710,1222,100,0,31.499225616455078,0.3181739961258089
11,Disparity,5.421753147975996,polblogs,spectral,Max-degree heuristic,99,710,1222,100,0,31.499225616455078,0.3181739961258089
11,Polarization,5.824838371073744,polblogs,spectral,Max-degree heuristic,99,710,1222,100,0,31.499225616455078,0.3181739961258089
11,$\|L_{t} - L_{0}\|_F$ / $\|L_{0}\|_F$,0.7483442673479275,polblogs,spectral,Max-degree heuristic,99,710,1222,100,0,31.499225616455078,0.3181739961258089
12,Fiedler $\lambda_2$,-472.25506583553187,polblogs,spectral,Max-degree heuristic,99,710,1222,100,0,31.499225616455078,0.3181739961258089
12,Surrogate,1.401405219310432,polblogs,spectral,Max-degree heuristic,99,710,1222,100,0,31.499225616455078,0.3181739961258089
12,Disparity,5.51057438175382,polblogs,spectral,Max-degree heuristic,99,710,1222,100,0,31.499225616455078,0.3181739961258089
12,Polarization,5.965612200196325,polblogs,spectral,Max-degree heuristic,99,710,1222,100,0,31.499225616455078,0.3181739961258089
12,$\|L_{t} - L_{0}\|_F$ / $\|L_{0}\|_F$,0.8045463647221968,polblogs,spectral,Max-degree heuristic,99,710,1222,100,0,31.499225616455078,0.3181739961258089
13,Fiedler $\lambda_2$,-472.2550585321514,polblogs,spectral,Max-degree heuristic,99,710,1222,100,0,31.499225616455078,0.3181739961258089
13,Surrogate,1.3824854587012123,polblogs,spectral,Max-degree heuristic,99,710,1222,100,0,31.499225616455078,0.3181739961258089
13,Disparity,5.524571323439495,polblogs,spectral,Max-degree heuristic,99,710,1222,100,0,31.499225616455078,0.3181739961258089
13,Polarization,5.978021220199715,polblogs,spectral,Max-degree heuristic,99,710,1222,100,0,31.499225616455078,0.3181739961258089
13,$\|L_{t} - L_{0}\|_F$ / $\|L_{0}\|_F$,0.8312236210823776,polblogs,spectral,Max-degree heuristic,99,710,1222,100,0,31.499225616455078,0.3181739961258089
14,Fiedler $\lambda_2$,-472.25506222413503,polblogs,spectral,Max-degree heuristic,99,710,1222,100,0,31.499225616455078,0.3181739961258089
14,Surrogate,1.3757818312327963,polblogs,spectral,Max-degree heuristic,99,710,1222,100,0,31.499225616455078,0.3181739961258089
14,Disparity,5.537591883538402,polblogs,spectral,Max-degree heuristic,99,710,1222,100,0,31.499225616455078,0.3181739961258089
14,Polarization,6.000382641191466,polblogs,spectral,Max-degree heuristic,99,710,1222,100,0,31.499225616455078,0.3181739961258089
14,$\|L_{t} - L_{0}\|_F$ / $\|L_{0}\|_F$,0.8485426399129069,polblogs,spectral,Max-degree heuristic,99,710,1222,100,0,31.499225616455078,0.3181739961258089
15,Fiedler $\lambda_2$,-472.25508844656383,polblogs,spectral,Max-degree heuristic,99,710,1222,100,0,31.499225616455078,0.3181739961258089
15,Surrogate,1.1628879740680436,polblogs,spectral,Max-degree heuristic,99,710,1222,100,0,31.499225616455078,0.3181739961258089
15,Disparity,6.305711931324433,polblogs,spectral,Max-degree heuristic,99,710,1222,100,0,31.499225616455078,0.3181739961258089
15,Polarization,7.035072287809058,polblogs,spectral,Max-degree heuristic,99,710,1222,100,0,31.499225616455078,0.3181739961258089
15,$\|L_{t} - L_{0}\|_F$ / $\|L_{0}\|_F$,0.8655151733247837,polblogs,spectral,Max-degree heuristic,99,710,1222,100,0,31.499225616455078,0.3181739961258089
16,Fiedler $\lambda_2$,-472.2550901611861,polblogs,spectral,Max-degree heuristic,99,710,1222,100,0,31.499225616455078,0.3181739961258089
16,Surrogate,1.4517605178046704,polblogs,spectral,Max-degree heuristic,99,710,1222,100,0,31.499225616455078,0.3181739961258089
16,Disparity,6.66725039477512,polblogs,spectral,Max-degree heuristic,99,710,1222,100,0,31.499225616455078,0.3181739961258089
16,Polarization,7.595290392790578,polblogs,spectral,Max-degree heuristic,99,710,1222,100,0,31.499225616455078,0.3181739961258089
16,$\|L_{t} - L_{0}\|_F$ / $\|L_{0}\|_F$,0.9185124940069638,polblogs,spectral,Max-degree heuristic,99,710,1222,100,0,31.499225616455078,0.3181739961258089
17,Fiedler $\lambda_2$,-472.25513792926546,polblogs,spectral,Max-degree heuristic,99,710,1222,100,0,31.499225616455078,0.3181739961258089
17,Surrogate,1.6459196341267148,polblogs,spectral,Max-degree heuristic,99,710,1222,100,0,31.499225616455078,0.3181739961258089
17,Disparity,6.970795644059076,polblogs,spectral,Max-degree heuristic,99,710,1222,100,0,31.499225616455078,0.3181739961258089
17,Polarization,7.908386637391716,polblogs,spectral,Max-degree heuristic,99,710,1222,100,0,31.499225616455078,0.3181739961258089
17,$\|L_{t} - L_{0}\|_F$ / $\|L_{0}\|_F$,0.9419676517293416,polblogs,spectral,Max-degree heuristic,99,710,1222,100,0,31.499225616455078,0.3181739961258089
18,Fiedler $\lambda_2$,-472.25553276410227,polblogs,spectral,Max-degree heuristic,99,710,1222,100,0,31.499225616455078,0.3181739961258089
18,Surrogate,1.7086887985610022,polblogs,spectral,Max-degree heuristic,99,710,1222,100,0,31.499225616455078,0.3181739961258089
18,Disparity,7.124149256035631,polblogs,spectral,Max-degree heuristic,99,710,1222,100,0,31.499225616455078,0.3181739961258089
18,Polarization,8.062607467307167,polblogs,spectral,Max-degree heuristic,99,710,1222,100,0,31.499225616455078,0.3181739961258089
18,$\|L_{t} - L_{0}\|_F$ / $\|L_{0}\|_F$,0.9723614882926107,polblogs,spectral,Max-degree heuristic,99,710,1222,100,0,31.499225616455078,0.3181739961258089
19,Fiedler $\lambda_2$,-472.2554432016131,polblogs,spectral,Max-degree heuristic,99,710,1222,100,0,31.499225616455078,0.3181739961258089
19,Surrogate,1.7124869562997524,polblogs,spectral,Max-degree heuristic,99,710,1222,100,0,31.499225616455078,0.3181739961258089
19,Disparity,7.117039399787721,polblogs,spectral,Max-degree heuristic,99,710,1222,100,0,31.499225616455078,0.3181739961258089
19,Polarization,8.056554105155286,polblogs,spectral,Max-degree heuristic,99,710,1222,100,0,31.499225616455078,0.3181739961258089
19,$\|L_{t} - L_{0}\|_F$ / $\|L_{0}\|_F$,1.0018336543182964,polblogs,spectral,Max-degree heuristic,99,710,1222,100,0,31.499225616455078,0.3181739961258089
20,Fiedler $\lambda_2$,-472.25564133819773,polblogs,spectral,Max-degree heuristic,99,710,1222,100,0,31.499225616455078,0.3181739961258089
20,Surrogate,1.717733190602214,polblogs,spectral,Max-degree heuristic,99,710,1222,100,0,31.499225616455078,0.3181739961258089
20,Disparity,7.129602367008959,polblogs,spectral,Max-degree heuristic,99,710,1222,100,0,31.499225616455078,0.3181739961258089
20,Polarization,8.069432582950228,polblogs,spectral,Max-degree heuristic,99,710,1222,100,0,31.499225616455078,0.3181739961258089
20,$\|L_{t} - L_{0}\|_F$ / $\|L_{0}\|_F$,1.0514239550212274,polblogs,spectral,Max-degree heuristic,99,710,1222,100,0,31.499225616455078,0.3181739961258089
21,Fiedler $\lambda_2$,-472.25564320729904,polblogs,spectral,Max-degree heuristic,99,710,1222,100,0,31.499225616455078,0.3181739961258089
21,Surrogate,1.7624731081337095,polblogs,spectral,Max-degree heuristic,99,710,1222,100,0,31.499225616455078,0.3181739961258089
21,Disparity,7.202157880453895,polblogs,spectral,Max-degree heuristic,99,710,1222,100,0,31.499225616455078,0.3181739961258089
21,Polarization,8.164489295318383,polblogs,spectral,Max-degree heuristic,99,710,1222,100,0,31.499225616455078,0.3181739961258089
21,$\|L_{t} - L_{0}\|_F$ / $\|L_{0}\|_F$,1.102083014720976,polblogs,spectral,Max-degree heuristic,99,710,1222,100,0,31.499225616455078,0.3181739961258089
22,Fiedler $\lambda_2$,-472.2556415819333,polblogs,spectral,Max-degree heuristic,99,710,1222,100,0,31.499225616455078,0.3181739961258089
22,Surrogate,1.839676867726784,polblogs,spectral,Max-degree heuristic,99,710,1222,100,0,31.499225616455078,0.3181739961258089
22,Disparity,7.268983919926181,polblogs,spectral,Max-degree heuristic,99,710,1222,100,0,31.499225616455078,0.3181739961258089
22,Polarization,8.190589373046569,polblogs,spectral,Max-degree heuristic,99,710,1222,100,0,31.499225616455078,0.3181739961258089
22,$\|L_{t} - L_{0}\|_F$ / $\|L_{0}\|_F$,1.11845958832575,polblogs,spectral,Max-degree heuristic,99,710,1222,100,0,31.499225616455078,0.3181739961258089
23,Fiedler $\lambda_2$,-472.25576181993193,polblogs,spectral,Max-degree heuristic,99,710,1222,100,0,31.499225616455078,0.3181739961258089
23,Surrogate,1.8230856273550928,polblogs,spectral,Max-degree heuristic,99,710,1222,100,0,31.499225616455078,0.3181739961258089
23,Disparity,7.244515864587073,polblogs,spectral,Max-degree heuristic,99,710,1222,100,0,31.499225616455078,0.3181739961258089
23,Polarization,8.166723026350532,polblogs,spectral,Max-degree heuristic,99,710,1222,100,0,31.499225616455078,0.3181739961258089
23,$\|L_{t} - L_{0}\|_F$ / $\|L_{0}\|_F$,1.1568178600077896,polblogs,spectral,Max-degree heuristic,99,710,1222,100,0,31.499225616455078,0.3181739961258089
24,Fiedler $\lambda_2$,-472.25575621761016,polblogs,spectral,Max-degree heuristic,99,710,1222,100,0,31.499225616455078,0.3181739961258089
24,Surrogate,1.8575985583568198,polblogs,spectral,Max-degree heuristic,99,710,1222,100,0,31.499225616455078,0.3181739961258089
24,Disparity,7.284831120935122,polblogs,spectral,Max-degree heuristic,99,710,1222,100,0,31.499225616455078,0.3181739961258089
24,Polarization,8.14706721310393,polblogs,spectral,Max-degree heuristic,99,710,1222,100,0,31.499225616455078,0.3181739961258089
24,$\|L_{t} - L_{0}\|_F$ / $\|L_{0}\|_F$,1.203047047865127,polblogs,spectral,Max-degree heuristic,99,710,1222,100,0,31.499225616455078,0.3181739961258089
25,Fiedler $\lambda_2$,-472.2560015539203,polblogs,spectral,Max-degree heuristic,99,710,1222,100,0,31.499225616455078,0.3181739961258089
25,Surrogate,1.9516776399874327,polblogs,spectral,Max-degree heuristic,99,710,1222,100,0,31.499225616455078,0.3181739961258089
25,Disparity,7.426593429706445,polblogs,spectral,Max-degree heuristic,99,710,1222,100,0,31.499225616455078,0.3181739961258089
25,Polarization,8.289545512950077,polblogs,spectral,Max-degree heuristic,99,710,1222,100,0,31.499225616455078,0.3181739961258089
25,$\|L_{t} - L_{0}\|_F$ / $\|L_{0}\|_F$,1.2504758347914036,polblogs,spectral,Max-degree heuristic,99,710,1222,100,0,31.499225616455078,0.3181739961258089
26,Fiedler $\lambda_2$,-472.25599863371883,polblogs,spectral,Max-degree heuristic,99,710,1222,100,0,31.499225616455078,0.3181739961258089
26,Surrogate,2.045276147214099,polblogs,spectral,Max-degree heuristic,99,710,1222,100,0,31.499225616455078,0.3181739961258089
26,Disparity,7.712029122414387,polblogs,spectral,Max-degree heuristic,99,710,1222,100,0,31.499225616455078,0.3181739961258089
26,Polarization,8.60315452704097,polblogs,spectral,Max-degree heuristic,99,710,1222,100,0,31.499225616455078,0.3181739961258089
26,$\|L_{t} - L_{0}\|_F$ / $\|L_{0}\|_F$,1.270669368691605,polblogs,spectral,Max-degree heuristic,99,710,1222,100,0,31.499225616455078,0.3181739961258089
27,Fiedler $\lambda_2$,-472.25600581334425,polblogs,spectral,Max-degree heuristic,99,710,1222,100,0,31.499225616455078,0.3181739961258089
27,Surrogate,1.990023835260002,polblogs,spectral,Max-degree heuristic,99,710,1222,100,0,31.499225616455078,0.3181739961258089
27,Disparity,7.637532814447917,polblogs,spectral,Max-degree heuristic,99,710,1222,100,0,31.499225616455078,0.3181739961258089
27,Polarization,8.523609858907578,polblogs,spectral,Max-degree heuristic,99,710,1222,100,0,31.499225616455078,0.3181739961258089
27,$\|L_{t} - L_{0}\|_F$ / $\|L_{0}\|_F$,1.3184237689103036,polblogs,spectral,Max-degree heuristic,99,710,1222,100,0,31.499225616455078,0.3181739961258089
28,Fiedler $\lambda_2$,-472.2560047737927,polblogs,spectral,Max-degree heuristic,99,710,1222,100,0,31.499225616455078,0.3181739961258089
28,Surrogate,2.0066977849035377,polblogs,spectral,Max-degree heuristic,99,710,1222,100,0,31.499225616455078,0.3181739961258089
28,Disparity,7.654525211115641,polblogs,spectral,Max-degree heuristic,99,710,1222,100,0,31.499225616455078,0.3181739961258089
28,Polarization,8.655951078818322,polblogs,spectral,Max-degree heuristic,99,710,1222,100,0,31.499225616455078,0.3181739961258089
28,$\|L_{t} - L_{0}\|_F$ / $\|L_{0}\|_F$,1.367170362537326,polblogs,spectral,Max-degree heuristic,99,710,1222,100,0,31.499225616455078,0.3181739961258089
29,Fiedler $\lambda_2$,-472.25600929752494,polblogs,spectral,Max-degree heuristic,99,710,1222,100,0,31.499225616455078,0.3181739961258089
29,Surrogate,1.998387035582587,polblogs,spectral,Max-degree heuristic,99,710,1222,100,0,31.499225616455078,0.3181739961258089
29,Disparity,7.652271656400483,polblogs,spectral,Max-degree heuristic,99,710,1222,100,0,31.499225616455078,0.3181739961258089
29,Polarization,8.651905429728625,polblogs,spectral,Max-degree heuristic,99,710,1222,100,0,31.499225616455078,0.3181739961258089
29,$\|L_{t} - L_{0}\|_F$ / $\|L_{0}\|_F$,1.38566432852055,polblogs,spectral,Max-degree heuristic,99,710,1222,100,0,31.499225616455078,0.3181739961258089
30,Fiedler $\lambda_2$,-472.2560058329462,polblogs,spectral,Max-degree heuristic,99,710,1222,100,0,31.499225616455078,0.3181739961258089
30,Surrogate,2.0761803884147048,polblogs,spectral,Max-degree heuristic,99,710,1222,100,0,31.499225616455078,0.3181739961258089
30,Disparity,7.904495506232003,polblogs,spectral,Max-degree heuristic,99,710,1222,100,0,31.499225616455078,0.3181739961258089
30,Polarization,9.050911951107992,polblogs,spectral,Max-degree heuristic,99,710,1222,100,0,31.499225616455078,0.3181739961258089
30,$\|L_{t} - L_{0}\|_F$ / $\|L_{0}\|_F$,1.4422451596771495,polblogs,spectral,Max-degree heuristic,99,710,1222,100,0,31.499225616455078,0.3181739961258089
31,Fiedler $\lambda_2$,-472.25585670301473,polblogs,spectral,Max-degree heuristic,99,710,1222,100,0,31.499225616455078,0.3181739961258089
31,Surrogate,2.114905987946223,polblogs,spectral,Max-degree heuristic,99,710,1222,100,0,31.499225616455078,0.3181739961258089
31,Disparity,7.778662840427146,polblogs,spectral,Max-degree heuristic,99,710,1222,100,0,31.499225616455078,0.3181739961258089
31,Polarization,8.871496276091216,polblogs,spectral,Max-degree heuristic,99,710,1222,100,0,31.499225616455078,0.3181739961258089
31,$\|L_{t} - L_{0}\|_F$ / $\|L_{0}\|_F$,1.4721911598455417,polblogs,spectral,Max-degree heuristic,99,710,1222,100,0,31.499225616455078,0.3181739961258089
32,Fiedler $\lambda_2$,-472.2562025721868,polblogs,spectral,Max-degree heuristic,99,710,1222,100,0,31.499225616455078,0.3181739961258089
32,Surrogate,2.0784147507783013,polblogs,spectral,Max-degree heuristic,99,710,1222,100,0,31.499225616455078,0.3181739961258089
32,Disparity,7.8457157606439125,polblogs,spectral,Max-degree heuristic,99,710,1222,100,0,31.499225616455078,0.3181739961258089
32,Polarization,8.921057618667364,polblogs,spectral,Max-degree heuristic,99,710,1222,100,0,31.499225616455078,0.3181739961258089
32,$\|L_{t} - L_{0}\|_F$ / $\|L_{0}\|_F$,1.520791349479832,polblogs,spectral,Max-degree heuristic,99,710,1222,100,0,31.499225616455078,0.3181739961258089
33,Fiedler $\lambda_2$,-472.25619581823616,polblogs,spectral,Max-degree heuristic,99,710,1222,100,0,31.499225616455078,0.3181739961258089
33,Surrogate,2.171161588571393,polblogs,spectral,Max-degree heuristic,99,710,1222,100,0,31.499225616455078,0.3181739961258089
33,Disparity,7.972920430685729,polblogs,spectral,Max-degree heuristic,99,710,1222,100,0,31.499225616455078,0.3181739961258089
33,Polarization,9.049730052795246,polblogs,spectral,Max-degree heuristic,99,710,1222,100,0,31.499225616455078,0.3181739961258089
33,$\|L_{t} - L_{0}\|_F$ / $\|L_{0}\|_F$,1.5539073302228859,polblogs,spectral,Max-degree heuristic,99,710,1222,100,0,31.499225616455078,0.3181739961258089
34,Fiedler $\lambda_2$,-472.25625209635166,polblogs,spectral,Max-degree heuristic,99,710,1222,100,0,31.499225616455078,0.3181739961258089
34,Surrogate,2.2692721378227376,polblogs,spectral,Max-degree heuristic,99,710,1222,100,0,31.499225616455078,0.3181739961258089
34,Disparity,8.194167064112063,polblogs,spectral,Max-degree heuristic,99,710,1222,100,0,31.499225616455078,0.3181739961258089
34,Polarization,9.29534325615284,polblogs,spectral,Max-degree heuristic,99,710,1222,100,0,31.499225616455078,0.3181739961258089
34,$\|L_{t} - L_{0}\|_F$ / $\|L_{0}\|_F$,1.5655647129076935,polblogs,spectral,Max-degree heuristic,99,710,1222,100,0,31.499225616455078,0.3181739961258089
35,Fiedler $\lambda_2$,-472.2574284268911,polblogs,spectral,Max-degree heuristic,99,710,1222,100,0,31.499225616455078,0.3181739961258089
35,Surrogate,2.3295115357595857,polblogs,spectral,Max-degree heuristic,99,710,1222,100,0,31.499225616455078,0.3181739961258089
35,Disparity,8.300541403667385,polblogs,spectral,Max-degree heuristic,99,710,1222,100,0,31.499225616455078,0.3181739961258089
35,Polarization,9.518814884116496,polblogs,spectral,Max-degree heuristic,99,710,1222,100,0,31.499225616455078,0.3181739961258089
35,$\|L_{t} - L_{0}\|_F$ / $\|L_{0}\|_F$,1.5954753387919258,polblogs,spectral,Max-degree heuristic,99,710,1222,100,0,31.499225616455078,0.3181739961258089
36,Fiedler $\lambda_2$,-472.2574323822321,polblogs,spectral,Max-degree heuristic,99,710,1222,100,0,31.499225616455078,0.3181739961258089
36,Surrogate,2.339678731275856,polblogs,spectral,Max-degree heuristic,99,710,1222,100,0,31.499225616455078,0.3181739961258089
36,Disparity,8.30592833183813,polblogs,spectral,Max-degree heuristic,99,710,1222,100,0,31.499225616455078,0.3181739961258089
36,Polarization,9.530565461953783,polblogs,spectral,Max-degree heuristic,99,710,1222,100,0,31.499225616455078,0.3181739961258089
36,$\|L_{t} - L_{0}\|_F$ / $\|L_{0}\|_F$,1.6426423987267595,polblogs,spectral,Max-degree heuristic,99,710,1222,100,0,31.499225616455078,0.3181739961258089
37,Fiedler $\lambda_2$,-472.257430730953,polblogs,spectral,Max-degree heuristic,99,710,1222,100,0,31.499225616455078,0.3181739961258089
37,Surrogate,2.4686076498049916,polblogs,spectral,Max-degree heuristic,99,710,1222,100,0,31.499225616455078,0.3181739961258089
37,Disparity,8.617154982165173,polblogs,spectral,Max-degree heuristic,99,710,1222,100,0,31.499225616455078,0.3181739961258089
37,Polarization,9.849467080470475,polblogs,spectral,Max-degree heuristic,99,710,1222,100,0,31.499225616455078,0.3181739961258089
37,$\|L_{t} - L_{0}\|_F$ / $\|L_{0}\|_F$,1.690644705244914,polblogs,spectral,Max-degree heuristic,99,710,1222,100,0,31.499225616455078,0.3181739961258089
38,Fiedler $\lambda_2$,-472.2593170078687,polblogs,spectral,Max-degree heuristic,99,710,1222,100,0,31.499225616455078,0.3181739961258089
38,Surrogate,2.466225241673605,polblogs,spectral,Max-degree heuristic,99,710,1222,100,0,31.499225616455078,0.3181739961258089
38,Disparity,8.658454205650541,polblogs,spectral,Max-degree heuristic,99,710,1222,100,0,31.499225616455078,0.3181739961258089
38,Polarization,9.89241052858572,polblogs,spectral,Max-degree heuristic,99,710,1222,100,0,31.499225616455078,0.3181739961258089
38,$\|L_{t} - L_{0}\|_F$ / $\|L_{0}\|_F$,1.7415024950895284,polblogs,spectral,Max-degree heuristic,99,710,1222,100,0,31.499225616455078,0.3181739961258089
39,Fiedler $\lambda_2$,-472.2592648971422,polblogs,spectral,Max-degree heuristic,99,710,1222,100,0,31.499225616455078,0.3181739961258089
39,Surrogate,2.3943034944583,polblogs,spectral,Max-degree heuristic,99,710,1222,100,0,31.499225616455078,0.3181739961258089
39,Disparity,8.650571028487567,polblogs,spectral,Max-degree heuristic,99,710,1222,100,0,31.499225616455078,0.3181739961258089
39,Polarization,9.889448423605398,polblogs,spectral,Max-degree heuristic,99,710,1222,100,0,31.499225616455078,0.3181739961258089
39,$\|L_{t} - L_{0}\|_F$ / $\|L_{0}\|_F$,1.7909166260419396,polblogs,spectral,Max-degree heuristic,99,710,1222,100,0,31.499225616455078,0.3181739961258089
40,Fiedler $\lambda_2$,-472.25927915480224,polblogs,spectral,Max-degree heuristic,99,710,1222,100,0,31.499225616455078,0.3181739961258089
40,Surrogate,2.685946715202776,polblogs,spectral,Max-degree heuristic,99,710,1222,100,0,31.499225616455078,0.3181739961258089
40,Disparity,9.698486757683948,polblogs,spectral,Max-degree heuristic,99,710,1222,100,0,31.499225616455078,0.3181739961258089
40,Polarization,11.11145893115212,polblogs,spectral,Max-degree heuristic,99,710,1222,100,0,31.499225616455078,0.3181739961258089
40,$\|L_{t} - L_{0}\|_F$ / $\|L_{0}\|_F$,1.8010405994354421,polblogs,spectral,Max-degree heuristic,99,710,1222,100,0,31.499225616455078,0.3181739961258089
41,Fiedler $\lambda_2$,-472.2597390373726,polblogs,spectral,Max-degree heuristic,99,710,1222,100,0,31.499225616455078,0.3181739961258089
41,Surrogate,2.9037587573029486,polblogs,spectral,Max-degree heuristic,99,710,1222,100,0,31.499225616455078,0.3181739961258089
41,Disparity,10.238848528525033,polblogs,spectral,Max-degree heuristic,99,710,1222,100,0,31.499225616455078,0.3181739961258089
41,Polarization,11.561033290211443,polblogs,spectral,Max-degree heuristic,99,710,1222,100,0,31.499225616455078,0.3181739961258089
41,$\|L_{t} - L_{0}\|_F$ / $\|L_{0}\|_F$,1.8508299861741584,polblogs,spectral,Max-degree heuristic,99,710,1222,100,0,31.499225616455078,0.3181739961258089
42,Fiedler $\lambda_2$,-472.25974756928036,polblogs,spectral,Max-degree heuristic,99,710,1222,100,0,31.499225616455078,0.3181739961258089
42,Surrogate,2.929454231025354,polblogs,spectral,Max-degree heuristic,99,710,1222,100,0,31.499225616455078,0.3181739961258089
42,Disparity,10.345913643187789,polblogs,spectral,Max-degree heuristic,99,710,1222,100,0,31.499225616455078,0.3181739961258089
42,Polarization,11.705772116140208,polblogs,spectral,Max-degree heuristic,99,710,1222,100,0,31.499225616455078,0.3181739961258089
42,$\|L_{t} - L_{0}\|_F$ / $\|L_{0}\|_F$,1.9012282899495154,polblogs,spectral,Max-degree heuristic,99,710,1222,100,0,31.499225616455078,0.3181739961258089
43,Fiedler $\lambda_2$,-472.2598090200252,polblogs,spectral,Max-degree heuristic,99,710,1222,100,0,31.499225616455078,0.3181739961258089
43,Surrogate,2.9196693034627605,polblogs,spectral,Max-degree heuristic,99,710,1222,100,0,31.499225616455078,0.3181739961258089
43,Disparity,10.353019666976158,polblogs,spectral,Max-degree heuristic,99,710,1222,100,0,31.499225616455078,0.3181739961258089
43,Polarization,11.731844909267549,polblogs,spectral,Max-degree heuristic,99,710,1222,100,0,31.499225616455078,0.3181739961258089
43,$\|L_{t} - L_{0}\|_F$ / $\|L_{0}\|_F$,1.9521883513543332,polblogs,spectral,Max-degree heuristic,99,710,1222,100,0,31.499225616455078,0.3181739961258089
44,Fiedler $\lambda_2$,-472.2598090897271,polblogs,spectral,Max-degree heuristic,99,710,1222,100,0,31.499225616455078,0.3181739961258089
44,Surrogate,3.0902670307346196,polblogs,spectral,Max-degree heuristic,99,710,1222,100,0,31.499225616455078,0.3181739961258089
44,Disparity,11.218656158654953,polblogs,spectral,Max-degree heuristic,99,710,1222,100,0,31.499225616455078,0.3181739961258089
44,Polarization,12.700055230484633,polblogs,spectral,Max-degree heuristic,99,710,1222,100,0,31.499225616455078,0.3181739961258089
44,$\|L_{t} - L_{0}\|_F$ / $\|L_{0}\|_F$,1.9780953014026597,polblogs,spectral,Max-degree heuristic,99,710,1222,100,0,31.499225616455078,0.3181739961258089
45,Fiedler $\lambda_2$,-472.259809583559,polblogs,spectral,Max-degree heuristic,99,710,1222,100,0,31.499225616455078,0.3181739961258089
45,Surrogate,3.192167032579172,polblogs,spectral,Max-degree heuristic,99,710,1222,100,0,31.499225616455078,0.3181739961258089
45,Disparity,11.385418258267284,polblogs,spectral,Max-degree heuristic,99,710,1222,100,0,31.499225616455078,0.3181739961258089
45,Polarization,12.853421890533333,polblogs,spectral,Max-degree heuristic,99,710,1222,100,0,31.499225616455078,0.3181739961258089
45,$\|L_{t} - L_{0}\|_F$ / $\|L_{0}\|_F$,2.0289170377240007,polblogs,spectral,Max-degree heuristic,99,710,1222,100,0,31.499225616455078,0.3181739961258089
46,Fiedler $\lambda_2$,-472.25980930352824,polblogs,spectral,Max-degree heuristic,99,710,1222,100,0,31.499225616455078,0.3181739961258089
46,Surrogate,3.177297338268799,polblogs,spectral,Max-degree heuristic,99,710,1222,100,0,31.499225616455078,0.3181739961258089
46,Disparity,11.423334321337663,polblogs,spectral,Max-degree heuristic,99,710,1222,100,0,31.499225616455078,0.3181739961258089
46,Polarization,12.876770331643556,polblogs,spectral,Max-degree heuristic,99,710,1222,100,0,31.499225616455078,0.3181739961258089
46,$\|L_{t} - L_{0}\|_F$ / $\|L_{0}\|_F$,2.0378589807315097,polblogs,spectral,Max-degree heuristic,99,710,1222,100,0,31.499225616455078,0.3181739961258089
47,Fiedler $\lambda_2$,-472.25996296507844,polblogs,spectral,Max-degree heuristic,99,710,1222,100,0,31.499225616455078,0.3181739961258089
47,Surrogate,3.1683458868465117,polblogs,spectral,Max-degree heuristic,99,710,1222,100,0,31.499225616455078,0.3181739961258089
47,Disparity,11.411046333051155,polblogs,spectral,Max-degree heuristic,99,710,1222,100,0,31.499225616455078,0.3181739961258089
47,Polarization,12.8629830036236,polblogs,spectral,Max-degree heuristic,99,710,1222,100,0,31.499225616455078,0.3181739961258089
47,$\|L_{t} - L_{0}\|_F$ / $\|L_{0}\|_F$,2.0889675741283757,polblogs,spectral,Max-degree heuristic,99,710,1222,100,0,31.499225616455078,0.3181739961258089
48,Fiedler $\lambda_2$,-472.25996232327196,polblogs,spectral,Max-degree heuristic,99,710,1222,100,0,31.499225616455078,0.3181739961258089
48,Surrogate,3.1796586861884544,polblogs,spectral,Max-degree heuristic,99,710,1222,100,0,31.499225616455078,0.3181739961258089
48,Disparity,11.480564312320773,polblogs,spectral,Max-degree heuristic,99,710,1222,100,0,31.499225616455078,0.3181739961258089
48,Polarization,12.939220222818266,polblogs,spectral,Max-degree heuristic,99,710,1222,100,0,31.499225616455078,0.3181739961258089
48,$\|L_{t} - L_{0}\|_F$ / $\|L_{0}\|_F$,2.1422529677710904,polblogs,spectral,Max-degree heuristic,99,710,1222,100,0,31.499225616455078,0.3181739961258089
49,Fiedler $\lambda_2$,-472.2599412269112,polblogs,spectral,Max-degree heuristic,99,710,1222,100,0,31.499225616455078,0.3181739961258089
49,Surrogate,3.2091322665398216,polblogs,spectral,Max-degree heuristic,99,710,1222,100,0,31.499225616455078,0.3181739961258089
49,Disparity,11.66925409149333,polblogs,spectral,Max-degree heuristic,99,710,1222,100,0,31.499225616455078,0.3181739961258089
49,Polarization,13.177157844042275,polblogs,spectral,Max-degree heuristic,99,710,1222,100,0,31.499225616455078,0.3181739961258089
49,$\|L_{t} - L_{0}\|_F$ / $\|L_{0}\|_F$,2.1959014108025356,polblogs,spectral,Max-degree heuristic,99,710,1222,100,0,31.499225616455078,0.3181739961258089
50,Fiedler $\lambda_2$,-472.259957837397,polblogs,spectral,Max-degree heuristic,99,710,1222,100,0,31.499225616455078,0.3181739961258089
50,Surrogate,3.1820602132832048,polblogs,spectral,Max-degree heuristic,99,710,1222,100,0,31.499225616455078,0.3181739961258089
50,Disparity,11.629040150255735,polblogs,spectral,Max-degree heuristic,99,710,1222,100,0,31.499225616455078,0.3181739961258089
50,Polarization,13.137721814652492,polblogs,spectral,Max-degree heuristic,99,710,1222,100,0,31.499225616455078,0.3181739961258089
50,$\|L_{t} - L_{0}\|_F$ / $\|L_{0}\|_F$,2.2206029911059204,polblogs,spectral,Max-degree heuristic,99,710,1222,100,0,31.499225616455078,0.3181739961258089
51,Fiedler $\lambda_2$,-472.25996617117215,polblogs,spectral,Max-degree heuristic,99,710,1222,100,0,31.499225616455078,0.3181739961258089
51,Surrogate,4.484182780348872,polblogs,spectral,Max-degree heuristic,99,710,1222,100,0,31.499225616455078,0.3181739961258089
51,Disparity,17.223523526091288,polblogs,spectral,Max-degree heuristic,99,710,1222,100,0,31.499225616455078,0.3181739961258089
51,Polarization,18.40051729719904,polblogs,spectral,Max-degree heuristic,99,710,1222,100,0,31.499225616455078,0.3181739961258089
51,$\|L_{t} - L_{0}\|_F$ / $\|L_{0}\|_F$,2.228776014652413,polblogs,spectral,Max-degree heuristic,99,710,1222,100,0,31.499225616455078,0.3181739961258089
52,Fiedler $\lambda_2$,-472.2599656548284,polblogs,spectral,Max-degree heuristic,99,710,1222,100,0,31.499225616455078,0.3181739961258089
52,Surrogate,4.500585408607333,polblogs,spectral,Max-degree heuristic,99,710,1222,100,0,31.499225616455078,0.3181739961258089
52,Disparity,17.25821488317231,polblogs,spectral,Max-degree heuristic,99,710,1222,100,0,31.499225616455078,0.3181739961258089
52,Polarization,18.434374299865354,polblogs,spectral,Max-degree heuristic,99,710,1222,100,0,31.499225616455078,0.3181739961258089
52,$\|L_{t} - L_{0}\|_F$ / $\|L_{0}\|_F$,2.2803898244665133,polblogs,spectral,Max-degree heuristic,99,710,1222,100,0,31.499225616455078,0.3181739961258089
53,Fiedler $\lambda_2$,-472.2599652215015,polblogs,spectral,Max-degree heuristic,99,710,1222,100,0,31.499225616455078,0.3181739961258089
53,Surrogate,4.52096777202662,polblogs,spectral,Max-degree heuristic,99,710,1222,100,0,31.499225616455078,0.3181739961258089
53,Disparity,18.321658160768415,polblogs,spectral,Max-degree heuristic,99,710,1222,100,0,31.499225616455078,0.3181739961258089
53,Polarization,19.188660821409343,polblogs,spectral,Max-degree heuristic,99,710,1222,100,0,31.499225616455078,0.3181739961258089
53,$\|L_{t} - L_{0}\|_F$ / $\|L_{0}\|_F$,2.3324206214675782,polblogs,spectral,Max-degree heuristic,99,710,1222,100,0,31.499225616455078,0.3181739961258089
54,Fiedler $\lambda_2$,-472.2601260534066,polblogs,spectral,Max-degree heuristic,99,710,1222,100,0,31.499225616455078,0.3181739961258089
54,Surrogate,4.665719055138953,polblogs,spectral,Max-degree heuristic,99,710,1222,100,0,31.499225616455078,0.3181739961258089
54,Disparity,18.44012605235771,polblogs,spectral,Max-degree heuristic,99,710,1222,100,0,31.499225616455078,0.3181739961258089
54,Polarization,19.349341296517583,polblogs,spectral,Max-degree heuristic,99,710,1222,100,0,31.499225616455078,0.3181739961258089
54,$\|L_{t} - L_{0}\|_F$ / $\|L_{0}\|_F$,2.347959904727904,polblogs,spectral,Max-degree heuristic,99,710,1222,100,0,31.499225616455078,0.3181739961258089
55,Fiedler $\lambda_2$,-472.2601264024747,polblogs,spectral,Max-degree heuristic,99,710,1222,100,0,31.499225616455078,0.3181739961258089
55,Surrogate,4.696861620570495,polblogs,spectral,Max-degree heuristic,99,710,1222,100,0,31.499225616455078,0.3181739961258089
55,Disparity,18.469839755149987,polblogs,spectral,Max-degree heuristic,99,710,1222,100,0,31.499225616455078,0.3181739961258089
55,Polarization,19.393324881662334,polblogs,spectral,Max-degree heuristic,99,710,1222,100,0,31.499225616455078,0.3181739961258089
55,$\|L_{t} - L_{0}\|_F$ / $\|L_{0}\|_F$,2.358776493299806,polblogs,spectral,Max-degree heuristic,99,710,1222,100,0,31.499225616455078,0.3181739961258089
56,Fiedler $\lambda_2$,-472.26024056274366,polblogs,spectral,Max-degree heuristic,99,710,1222,100,0,31.499225616455078,0.3181739961258089
56,Surrogate,4.701609496720405,polblogs,spectral,Max-degree heuristic,99,710,1222,100,0,31.499225616455078,0.3181739961258089
56,Disparity,18.560848291575386,polblogs,spectral,Max-degree heuristic,99,710,1222,100,0,31.499225616455078,0.3181739961258089
56,Polarization,19.476546483742297,polblogs,spectral,Max-degree heuristic,99,710,1222,100,0,31.499225616455078,0.3181739961258089
56,$\|L_{t} - L_{0}\|_F$ / $\|L_{0}\|_F$,2.416650497825834,polblogs,spectral,Max-degree heuristic,99,710,1222,100,0,31.499225616455078,0.3181739961258089
57,Fiedler $\lambda_2$,-472.2602331257319,polblogs,spectral,Max-degree heuristic,99,710,1222,100,0,31.499225616455078,0.3181739961258089
57,Surrogate,5.195244375276849,polblogs,spectral,Max-degree heuristic,99,710,1222,100,0,31.499225616455078,0.3181739961258089
57,Disparity,21.54522725473534,polblogs,spectral,Max-degree heuristic,99,710,1222,100,0,31.499225616455078,0.3181739961258089
57,Polarization,22.479490973127128,polblogs,spectral,Max-degree heuristic,99,710,1222,100,0,31.499225616455078,0.3181739961258089
57,$\|L_{t} - L_{0}\|_F$ / $\|L_{0}\|_F$,2.4271609876099514,polblogs,spectral,Max-degree heuristic,99,710,1222,100,0,31.499225616455078,0.3181739961258089
58,Fiedler $\lambda_2$,-472.26024035795746,polblogs,spectral,Max-degree heuristic,99,710,1222,100,0,31.499225616455078,0.3181739961258089
58,Surrogate,5.15809371747474,polblogs,spectral,Max-degree heuristic,99,710,1222,100,0,31.499225616455078,0.3181739961258089
58,Disparity,21.45987235135686,polblogs,spectral,Max-degree heuristic,99,710,1222,100,0,31.499225616455078,0.3181739961258089
58,Polarization,22.40526501595313,polblogs,spectral,Max-degree heuristic,99,710,1222,100,0,31.499225616455078,0.3181739961258089
58,$\|L_{t} - L_{0}\|_F$ / $\|L_{0}\|_F$,2.480511558393007,polblogs,spectral,Max-degree heuristic,99,710,1222,100,0,31.499225616455078,0.3181739961258089
59,Fiedler $\lambda_2$,-472.26022804743917,polblogs,spectral,Max-degree heuristic,99,710,1222,100,0,31.499225616455078,0.3181739961258089
59,Surrogate,5.4008015370971005,polblogs,spectral,Max-degree heuristic,99,710,1222,100,0,31.499225616455078,0.3181739961258089
59,Disparity,22.130491465269685,polblogs,spectral,Max-degree heuristic,99,710,1222,100,0,31.499225616455078,0.3181739961258089
59,Polarization,23.1509317606296,polblogs,spectral,Max-degree heuristic,99,710,1222,100,0,31.499225616455078,0.3181739961258089
59,$\|L_{t} - L_{0}\|_F$ / $\|L_{0}\|_F$,2.5053099970298747,polblogs,spectral,Max-degree heuristic,99,710,1222,100,0,31.499225616455078,0.3181739961258089
60,Fiedler $\lambda_2$,-472.2602286847624,polblogs,spectral,Max-degree heuristic,99,710,1222,100,0,31.499225616455078,0.3181739961258089
60,Surrogate,5.666087882890224,polblogs,spectral,Max-degree heuristic,99,710,1222,100,0,31.499225616455078,0.3181739961258089
60,Disparity,24.19081804234312,polblogs,spectral,Max-degree heuristic,99,710,1222,100,0,31.499225616455078,0.3181739961258089
60,Polarization,24.72877199162662,polblogs,spectral,Max-degree heuristic,99,710,1222,100,0,31.499225616455078,0.3181739961258089
60,$\|L_{t} - L_{0}\|_F$ / $\|L_{0}\|_F$,2.5570305654730485,polblogs,spectral,Max-degree heuristic,99,710,1222,100,0,31.499225616455078,0.3181739961258089
61,Fiedler $\lambda_2$,-472.2602150673036,polblogs,spectral,Max-degree heuristic,99,710,1222,100,0,31.499225616455078,0.3181739961258089
61,Surrogate,5.940965679490596,polblogs,spectral,Max-degree heuristic,99,710,1222,100,0,31.499225616455078,0.3181739961258089
61,Disparity,25.68693273972692,polblogs,spectral,Max-degree heuristic,99,710,1222,100,0,31.499225616455078,0.3181739961258089
61,Polarization,26.49370335116103,polblogs,spectral,Max-degree heuristic,99,710,1222,100,0,31.499225616455078,0.3181739961258089
61,$\|L_{t} - L_{0}\|_F$ / $\|L_{0}\|_F$,2.5810939352646476,polblogs,spectral,Max-degree heuristic,99,710,1222,100,0,31.499225616455078,0.3181739961258089
62,Fiedler $\lambda_2$,-472.26022925524836,polblogs,spectral,Max-degree heuristic,99,710,1222,100,0,31.499225616455078,0.3181739961258089
62,Surrogate,5.945487930197864,polblogs,spectral,Max-degree heuristic,99,710,1222,100,0,31.499225616455078,0.3181739961258089
62,Disparity,25.67181327049079,polblogs,spectral,Max-degree heuristic,99,710,1222,100,0,31.499225616455078,0.3181739961258089
62,Polarization,26.481521103805683,polblogs,spectral,Max-degree heuristic,99,710,1222,100,0,31.499225616455078,0.3181739961258089
62,$\|L_{t} - L_{0}\|_F$ / $\|L_{0}\|_F$,2.6340878850103056,polblogs,spectral,Max-degree heuristic,99,710,1222,100,0,31.499225616455078,0.3181739961258089
63,Fiedler $\lambda_2$,-472.26055586029145,polblogs,spectral,Max-degree heuristic,99,710,1222,100,0,31.499225616455078,0.3181739961258089
63,Surrogate,5.956297646143087,polblogs,spectral,Max-degree heuristic,99,710,1222,100,0,31.499225616455078,0.3181739961258089
63,Disparity,25.830055102019617,polblogs,spectral,Max-degree heuristic,99,710,1222,100,0,31.499225616455078,0.3181739961258089
63,Polarization,26.75672694863922,polblogs,spectral,Max-degree heuristic,99,710,1222,100,0,31.499225616455078,0.3181739961258089
63,$\|L_{t} - L_{0}\|_F$ / $\|L_{0}\|_F$,2.660189002234075,polblogs,spectral,Max-degree heuristic,99,710,1222,100,0,31.499225616455078,0.3181739961258089
64,Fiedler $\lambda_2$,-472.26055657160595,polblogs,spectral,Max-degree heuristic,99,710,1222,100,0,31.499225616455078,0.3181739961258089
64,Surrogate,6.022007226379519,polblogs,spectral,Max-degree heuristic,99,710,1222,100,0,31.499225616455078,0.3181739961258089
64,Disparity,25.85219032577094,polblogs,spectral,Max-degree heuristic,99,710,1222,100,0,31.499225616455078,0.3181739961258089
64,Polarization,26.814028213789488,polblogs,spectral,Max-degree heuristic,99,710,1222,100,0,31.499225616455078,0.3181739961258089
64,$\|L_{t} - L_{0}\|_F$ / $\|L_{0}\|_F$,2.714318434277338,polblogs,spectral,Max-degree heuristic,99,710,1222,100,0,31.499225616455078,0.3181739961258089
65,Fiedler $\lambda_2$,-472.26055663161696,polblogs,spectral,Max-degree heuristic,99,710,1222,100,0,31.499225616455078,0.3181739961258089
65,Surrogate,6.164670807341857,polblogs,spectral,Max-degree heuristic,99,710,1222,100,0,31.499225616455078,0.3181739961258089
65,Disparity,26.225806515816075,polblogs,spectral,Max-degree heuristic,99,710,1222,100,0,31.499225616455078,0.3181739961258089
65,Polarization,27.129567002982757,polblogs,spectral,Max-degree heuristic,99,710,1222,100,0,31.499225616455078,0.3181739961258089
65,$\|L_{t} - L_{0}\|_F$ / $\|L_{0}\|_F$,2.726349454039994,polblogs,spectral,Max-degree heuristic,99,710,1222,100,0,31.499225616455078,0.3181739961258089
66,Fiedler $\lambda_2$,-472.2605572454465,polblogs,spectral,Max-degree heuristic,99,710,1222,100,0,31.499225616455078,0.3181739961258089
66,Surrogate,6.011613641272092,polblogs,spectral,Max-degree heuristic,99,710,1222,100,0,31.499225616455078,0.3181739961258089
66,Disparity,25.171192223819162,polblogs,spectral,Max-degree heuristic,99,710,1222,100,0,31.499225616455078,0.3181739961258089
66,Polarization,26.039093716625576,polblogs,spectral,Max-degree heuristic,99,710,1222,100,0,31.499225616455078,0.3181739961258089
66,$\|L_{t} - L_{0}\|_F$ / $\|L_{0}\|_F$,2.7778818197897763,polblogs,spectral,Max-degree heuristic,99,710,1222,100,0,31.499225616455078,0.3181739961258089
67,Fiedler $\lambda_2$,-472.260559165791,polblogs,spectral,Max-degree heuristic,99,710,1222,100,0,31.499225616455078,0.3181739961258089
67,Surrogate,6.16417565952427,polblogs,spectral,Max-degree heuristic,99,710,1222,100,0,31.499225616455078,0.3181739961258089
67,Disparity,25.340355881381655,polblogs,spectral,Max-degree heuristic,99,710,1222,100,0,31.499225616455078,0.3181739961258089
67,Polarization,26.24606203726325,polblogs,spectral,Max-degree heuristic,99,710,1222,100,0,31.499225616455078,0.3181739961258089
67,$\|L_{t} - L_{0}\|_F$ / $\|L_{0}\|_F$,2.787030361487371,polblogs,spectral,Max-degree heuristic,99,710,1222,100,0,31.499225616455078,0.3181739961258089
68,Fiedler $\lambda_2$,-472.2623371629308,polblogs,spectral,Max-degree heuristic,99,710,1222,100,0,31.499225616455078,0.3181739961258089
68,Surrogate,6.257759194515882,polblogs,spectral,Max-degree heuristic,99,710,1222,100,0,31.499225616455078,0.3181739961258089
68,Disparity,25.466787779625015,polblogs,spectral,Max-degree heuristic,99,710,1222,100,0,31.499225616455078,0.3181739961258089
68,Polarization,26.355308223764318,polblogs,spectral,Max-degree heuristic,99,710,1222,100,0,31.499225616455078,0.3181739961258089
68,$\|L_{t} - L_{0}\|_F$ / $\|L_{0}\|_F$,2.802644099126327,polblogs,spectral,Max-degree heuristic,99,710,1222,100,0,31.499225616455078,0.3181739961258089
69,Fiedler $\lambda_2$,-472.3976554615142,polblogs,spectral,Max-degree heuristic,99,710,1222,100,0,31.499225616455078,0.3181739961258089
69,Surrogate,6.27411385581292,polblogs,spectral,Max-degree heuristic,99,710,1222,100,0,31.499225616455078,0.3181739961258089
69,Disparity,25.49372854711357,polblogs,spectral,Max-degree heuristic,99,710,1222,100,0,31.499225616455078,0.3181739961258089
69,Polarization,26.381830531313234,polblogs,spectral,Max-degree heuristic,99,710,1222,100,0,31.499225616455078,0.3181739961258089
69,$\|L_{t} - L_{0}\|_F$ / $\|L_{0}\|_F$,2.8553469066462904,polblogs,spectral,Max-degree heuristic,99,710,1222,100,0,31.499225616455078,0.3181739961258089
70,Fiedler $\lambda_2$,-704.165257003711,polblogs,spectral,Max-degree heuristic,99,710,1222,100,0,31.499225616455078,0.3181739961258089
70,Surrogate,6.2502272507479955,polblogs,spectral,Max-degree heuristic,99,710,1222,100,0,31.499225616455078,0.3181739961258089
70,Disparity,25.5216057172716,polblogs,spectral,Max-degree heuristic,99,710,1222,100,0,31.499225616455078,0.3181739961258089
70,Polarization,26.451537449400174,polblogs,spectral,Max-degree heuristic,99,710,1222,100,0,31.499225616455078,0.3181739961258089
70,$\|L_{t} - L_{0}\|_F$ / $\|L_{0}\|_F$,2.8807057251340105,polblogs,spectral,Max-degree heuristic,99,710,1222,100,0,31.499225616455078,0.3181739961258089
71,Fiedler $\lambda_2$,-704.1653027024553,polblogs,spectral,Max-degree heuristic,99,710,1222,100,0,31.499225616455078,0.3181739961258089
71,Surrogate,6.27490348853317,polblogs,spectral,Max-degree heuristic,99,710,1222,100,0,31.499225616455078,0.3181739961258089
71,Disparity,25.581610382590636,polblogs,spectral,Max-degree heuristic,99,710,1222,100,0,31.499225616455078,0.3181739961258089
71,Polarization,26.48415857563552,polblogs,spectral,Max-degree heuristic,99,710,1222,100,0,31.499225616455078,0.3181739961258089
71,$\|L_{t} - L_{0}\|_F$ / $\|L_{0}\|_F$,2.8882699545017365,polblogs,spectral,Max-degree heuristic,99,710,1222,100,0,31.499225616455078,0.3181739961258089
72,Fiedler $\lambda_2$,-704.1643020860707,polblogs,spectral,Max-degree heuristic,99,710,1222,100,0,31.499225616455078,0.3181739961258089
72,Surrogate,6.415850336298694,polblogs,spectral,Max-degree heuristic,99,710,1222,100,0,31.499225616455078,0.3181739961258089
72,Disparity,25.709965284235125,polblogs,spectral,Max-degree heuristic,99,710,1222,100,0,31.499225616455078,0.3181739961258089
72,Polarization,26.508459233272784,polblogs,spectral,Max-degree heuristic,99,710,1222,100,0,31.499225616455078,0.3181739961258089
72,$\|L_{t} - L_{0}\|_F$ / $\|L_{0}\|_F$,2.939437929435555,polblogs,spectral,Max-degree heuristic,99,710,1222,100,0,31.499225616455078,0.3181739961258089
73,Fiedler $\lambda_2$,-704.1642964422759,polblogs,spectral,Max-degree heuristic,99,710,1222,100,0,31.499225616455078,0.3181739961258089
73,Surrogate,6.419899840797577,polblogs,spectral,Max-degree heuristic,99,710,1222,100,0,31.499225616455078,0.3181739961258089
73,Disparity,26.037815965739263,polblogs,spectral,Max-degree heuristic,99,710,1222,100,0,31.499225616455078,0.3181739961258089
73,Polarization,26.822174948670153,polblogs,spectral,Max-degree heuristic,99,710,1222,100,0,31.499225616455078,0.3181739961258089
73,$\|L_{t} - L_{0}\|_F$ / $\|L_{0}\|_F$,2.990946393335656,polblogs,spectral,Max-degree heuristic,99,710,1222,100,0,31.499225616455078,0.3181739961258089
74,Fiedler $\lambda_2$,-704.1642321360735,polblogs,spectral,Max-degree heuristic,99,710,1222,100,0,31.499225616455078,0.3181739961258089
74,Surrogate,6.4133905686329085,polblogs,spectral,Max-degree heuristic,99,710,1222,100,0,31.499225616455078,0.3181739961258089
74,Disparity,26.024238621703095,polblogs,spectral,Max-degree heuristic,99,710,1222,100,0,31.499225616455078,0.3181739961258089
74,Polarization,26.810320158553857,polblogs,spectral,Max-degree heuristic,99,710,1222,100,0,31.499225616455078,0.3181739961258089
74,$\|L_{t} - L_{0}\|_F$ / $\|L_{0}\|_F$,3.00308009992578,polblogs,spectral,Max-degree heuristic,99,710,1222,100,0,31.499225616455078,0.3181739961258089
75,Fiedler $\lambda_2$,-704.1642395215606,polblogs,spectral,Max-degree heuristic,99,710,1222,100,0,31.499225616455078,0.3181739961258089
75,Surrogate,6.3906177800029385,polblogs,spectral,Max-degree heuristic,99,710,1222,100,0,31.499225616455078,0.3181739961258089
75,Disparity,26.051207485604078,polblogs,spectral,Max-degree heuristic,99,710,1222,100,0,31.499225616455078,0.3181739961258089
75,Polarization,26.847052524459723,polblogs,spectral,Max-degree heuristic,99,710,1222,100,0,31.499225616455078,0.3181739961258089
75,$\|L_{t} - L_{0}\|_F$ / $\|L_{0}\|_F$,3.0547058858832354,polblogs,spectral,Max-degree heuristic,99,710,1222,100,0,31.499225616455078,0.3181739961258089
76,Fiedler $\lambda_2$,-704.1639953090031,polblogs,spectral,Max-degree heuristic,99,710,1222,100,0,31.499225616455078,0.3181739961258089
76,Surrogate,6.606283242976173,polblogs,spectral,Max-degree heuristic,99,710,1222,100,0,31.499225616455078,0.3181739961258089
76,Disparity,26.36406703752843,polblogs,spectral,Max-degree heuristic,99,710,1222,100,0,31.499225616455078,0.3181739961258089
76,Polarization,27.22042480768172,polblogs,spectral,Max-degree heuristic,99,710,1222,100,0,31.499225616455078,0.3181739961258089
76,$\|L_{t} - L_{0}\|_F$ / $\|L_{0}\|_F$,3.110154001883862,polblogs,spectral,Max-degree heuristic,99,710,1222,100,0,31.499225616455078,0.3181739961258089
77,Fiedler $\lambda_2$,-704.1639970307406,polblogs,spectral,Max-degree heuristic,99,710,1222,100,0,31.499225616455078,0.3181739961258089
77,Surrogate,6.646587451509562,polblogs,spectral,Max-degree heuristic,99,710,1222,100,0,31.499225616455078,0.3181739961258089
77,Disparity,26.43805519638076,polblogs,spectral,Max-degree heuristic,99,710,1222,100,0,31.499225616455078,0.3181739961258089
77,Polarization,27.301632975658386,polblogs,spectral,Max-degree heuristic,99,710,1222,100,0,31.499225616455078,0.3181739961258089
77,$\|L_{t} - L_{0}\|_F$ / $\|L_{0}\|_F$,3.162331707753977,polblogs,spectral,Max-degree heuristic,99,710,1222,100,0,31.499225616455078,0.3181739961258089
78,Fiedler $\lambda_2$,-704.1639340130646,polblogs,spectral,Max-degree heuristic,99,710,1222,100,0,31.499225616455078,0.3181739961258089
78,Surrogate,6.654372873291628,polblogs,spectral,Max-degree heuristic,99,710,1222,100,0,31.499225616455078,0.3181739961258089
78,Disparity,26.41426420555217,polblogs,spectral,Max-degree heuristic,99,710,1222,100,0,31.499225616455078,0.3181739961258089
78,Polarization,27.269838957019832,polblogs,spectral,Max-degree heuristic,99,710,1222,100,0,31.499225616455078,0.3181739961258089
78,$\|L_{t} - L_{0}\|_F$ / $\|L_{0}\|_F$,3.18524745465584,polblogs,spectral,Max-degree heuristic,99,710,1222,100,0,31.499225616455078,0.3181739961258089
79,Fiedler $\lambda_2$,-704.1639114320421,polblogs,spectral,Max-degree heuristic,99,710,1222,100,0,31.499225616455078,0.3181739961258089
79,Surrogate,6.6404715830704495,polblogs,spectral,Max-degree heuristic,99,710,1222,100,0,31.499225616455078,0.3181739961258089
79,Disparity,26.380665608436317,polblogs,spectral,Max-degree heuristic,99,710,1222,100,0,31.499225616455078,0.3181739961258089
79,Polarization,27.25519522412661,polblogs,spectral,Max-degree heuristic,99,710,1222,100,0,31.499225616455078,0.3181739961258089
79,$\|L_{t} - L_{0}\|_F$ / $\|L_{0}\|_F$,3.194367723729007,polblogs,spectral,Max-degree heuristic,99,710,1222,100,0,31.499225616455078,0.3181739961258089
80,Fiedler $\lambda_2$,-704.1636393758882,polblogs,spectral,Max-degree heuristic,99,710,1222,100,0,31.499225616455078,0.3181739961258089
80,Surrogate,6.6555341966489046,polblogs,spectral,Max-degree heuristic,99,710,1222,100,0,31.499225616455078,0.3181739961258089
80,Disparity,26.39173782222907,polblogs,spectral,Max-degree heuristic,99,710,1222,100,0,31.499225616455078,0.3181739961258089
80,Polarization,27.26230437901328,polblogs,spectral,Max-degree heuristic,99,710,1222,100,0,31.499225616455078,0.3181739961258089
80,$\|L_{t} - L_{0}\|_F$ / $\|L_{0}\|_F$,3.218185458888787,polblogs,spectral,Max-degree heuristic,99,710,1222,100,0,31.499225616455078,0.3181739961258089
81,Fiedler $\lambda_2$,-704.1650297466161,polblogs,spectral,Max-degree heuristic,99,710,1222,100,0,31.499225616455078,0.3181739961258089
81,Surrogate,6.7326578271670074,polblogs,spectral,Max-degree heuristic,99,710,1222,100,0,31.499225616455078,0.3181739961258089
81,Disparity,26.597027077055824,polblogs,spectral,Max-degree heuristic,99,710,1222,100,0,31.499225616455078,0.3181739961258089
81,Polarization,27.298440696848857,polblogs,spectral,Max-degree heuristic,99,710,1222,100,0,31.499225616455078,0.3181739961258089
81,$\|L_{t} - L_{0}\|_F$ / $\|L_{0}\|_F$,3.2697514489807142,polblogs,spectral,Max-degree heuristic,99,710,1222,100,0,31.499225616455078,0.3181739961258089
82,Fiedler $\lambda_2$,-704.1650996375098,polblogs,spectral,Max-degree heuristic,99,710,1222,100,0,31.499225616455078,0.3181739961258089
82,Surrogate,6.9687219306134915,polblogs,spectral,Max-degree heuristic,99,710,1222,100,0,31.499225616455078,0.3181739961258089
82,Disparity,27.079278822050533,polblogs,spectral,Max-degree heuristic,99,710,1222,100,0,31.499225616455078,0.3181739961258089
82,Polarization,27.941033755351942,polblogs,spectral,Max-degree heuristic,99,710,1222,100,0,31.499225616455078,0.3181739961258089
82,$\|L_{t} - L_{0}\|_F$ / $\|L_{0}\|_F$,3.284177709032041,polblogs,spectral,Max-degree heuristic,99,710,1222,100,0,31.499225616455078,0.3181739961258089
83,Fiedler $\lambda_2$,-704.1651142894306,polblogs,spectral,Max-degree heuristic,99,710,1222,100,0,31.499225616455078,0.3181739961258089
83,Surrogate,7.010189162421352,polblogs,spectral,Max-degree heuristic,99,710,1222,100,0,31.499225616455078,0.3181739961258089
83,Disparity,27.569179365870916,polblogs,spectral,Max-degree heuristic,99,710,1222,100,0,31.499225616455078,0.3181739961258089
83,Polarization,28.355351640187177,polblogs,spectral,Max-degree heuristic,99,710,1222,100,0,31.499225616455078,0.3181739961258089
83,$\|L_{t} - L_{0}\|_F$ / $\|L_{0}\|_F$,3.3379932657870945,polblogs,spectral,Max-degree heuristic,99,710,1222,100,0,31.499225616455078,0.3181739961258089
84,Fiedler $\lambda_2$,-704.1651153308093,polblogs,spectral,Max-degree heuristic,99,710,1222,100,0,31.499225616455078,0.3181739961258089
84,Surrogate,7.013196987398071,polblogs,spectral,Max-degree heuristic,99,710,1222,100,0,31.499225616455078,0.3181739961258089
84,Disparity,27.603203299489472,polblogs,spectral,Max-degree heuristic,99,710,1222,100,0,31.499225616455078,0.3181739961258089
84,Polarization,28.35806973652283,polblogs,spectral,Max-degree heuristic,99,710,1222,100,0,31.499225616455078,0.3181739961258089
84,$\|L_{t} - L_{0}\|_F$ / $\|L_{0}\|_F$,3.3618751481454296,polblogs,spectral,Max-degree heuristic,99,710,1222,100,0,31.499225616455078,0.3181739961258089
85,Fiedler $\lambda_2$,-704.2645863655607,polblogs,spectral,Max-degree heuristic,99,710,1222,100,0,31.499225616455078,0.3181739961258089
85,Surrogate,7.034580454147407,polblogs,spectral,Max-degree heuristic,99,710,1222,100,0,31.499225616455078,0.3181739961258089
85,Disparity,27.7133184863844,polblogs,spectral,Max-degree heuristic,99,710,1222,100,0,31.499225616455078,0.3181739961258089
85,Polarization,28.498899721103943,polblogs,spectral,Max-degree heuristic,99,710,1222,100,0,31.499225616455078,0.3181739961258089
85,$\|L_{t} - L_{0}\|_F$ / $\|L_{0}\|_F$,3.414466331603653,polblogs,spectral,Max-degree heuristic,99,710,1222,100,0,31.499225616455078,0.3181739961258089
86,Fiedler $\lambda_2$,-704.2646052318584,polblogs,spectral,Max-degree heuristic,99,710,1222,100,0,31.499225616455078,0.3181739961258089
86,Surrogate,7.35555495941142,polblogs,spectral,Max-degree heuristic,99,710,1222,100,0,31.499225616455078,0.3181739961258089
86,Disparity,28.31657587660673,polblogs,spectral,Max-degree heuristic,99,710,1222,100,0,31.499225616455078,0.3181739961258089
86,Polarization,29.30276440969706,polblogs,spectral,Max-degree heuristic,99,710,1222,100,0,31.499225616455078,0.3181739961258089
86,$\|L_{t} - L_{0}\|_F$ / $\|L_{0}\|_F$,3.4272227882310338,polblogs,spectral,Max-degree heuristic,99,710,1222,100,0,31.499225616455078,0.3181739961258089
87,Fiedler $\lambda_2$,-704.2646064145745,polblogs,spectral,Max-degree heuristic,99,710,1222,100,0,31.499225616455078,0.3181739961258089
87,Surrogate,7.466788566828682,polblogs,spectral,Max-degree heuristic,99,710,1222,100,0,31.499225616455078,0.3181739961258089
87,Disparity,28.45190928957137,polblogs,spectral,Max-degree heuristic,99,710,1222,100,0,31.499225616455078,0.3181739961258089
87,Polarization,29.60117972656696,polblogs,spectral,Max-degree heuristic,99,710,1222,100,0,31.499225616455078,0.3181739961258089
87,$\|L_{t} - L_{0}\|_F$ / $\|L_{0}\|_F$,3.439931939833301,polblogs,spectral,Max-degree heuristic,99,710,1222,100,0,31.499225616455078,0.3181739961258089
88,Fiedler $\lambda_2$,-704.2647577221425,polblogs,spectral,Max-degree heuristic,99,710,1222,100,0,31.499225616455078,0.3181739961258089
88,Surrogate,7.468061817097017,polblogs,spectral,Max-degree heuristic,99,710,1222,100,0,31.499225616455078,0.3181739961258089
88,Disparity,28.444766565916126,polblogs,spectral,Max-degree heuristic,99,710,1222,100,0,31.499225616455078,0.3181739961258089
88,Polarization,29.59546685003692,polblogs,spectral,Max-degree heuristic,99,710,1222,100,0,31.499225616455078,0.3181739961258089
88,$\|L_{t} - L_{0}\|_F$ / $\|L_{0}\|_F$,3.4652104080006003,polblogs,spectral,Max-degree heuristic,99,710,1222,100,0,31.499225616455078,0.3181739961258089
89,Fiedler $\lambda_2$,-704.2650192185864,polblogs,spectral,Max-degree heuristic,99,710,1222,100,0,31.499225616455078,0.3181739961258089
89,Surrogate,7.504012494894886,polblogs,spectral,Max-degree heuristic,99,710,1222,100,0,31.499225616455078,0.3181739961258089
89,Disparity,28.56458785805081,polblogs,spectral,Max-degree heuristic,99,710,1222,100,0,31.499225616455078,0.3181739961258089
89,Polarization,29.671174194060523,polblogs,spectral,Max-degree heuristic,99,710,1222,100,0,31.499225616455078,0.3181739961258089
89,$\|L_{t} - L_{0}\|_F$ / $\|L_{0}\|_F$,3.479871381816204,polblogs,spectral,Max-degree heuristic,99,710,1222,100,0,31.499225616455078,0.3181739961258089
90,Fiedler $\lambda_2$,-704.2650240165128,polblogs,spectral,Max-degree heuristic,99,710,1222,100,0,31.499225616455078,0.3181739961258089
90,Surrogate,7.54786395899947,polblogs,spectral,Max-degree heuristic,99,710,1222,100,0,31.499225616455078,0.3181739961258089
90,Disparity,28.658672985665373,polblogs,spectral,Max-degree heuristic,99,710,1222,100,0,31.499225616455078,0.3181739961258089
90,Polarization,29.69114880330526,polblogs,spectral,Max-degree heuristic,99,710,1222,100,0,31.499225616455078,0.3181739961258089
90,$\|L_{t} - L_{0}\|_F$ / $\|L_{0}\|_F$,3.4903058021821067,polblogs,spectral,Max-degree heuristic,99,710,1222,100,0,31.499225616455078,0.3181739961258089
91,Fiedler $\lambda_2$,-704.2628290348008,polblogs,spectral,Max-degree heuristic,99,710,1222,100,0,31.499225616455078,0.3181739961258089
91,Surrogate,7.5699358194570285,polblogs,spectral,Max-degree heuristic,99,710,1222,100,0,31.499225616455078,0.3181739961258089
91,Disparity,28.472931589228047,polblogs,spectral,Max-degree heuristic,99,710,1222,100,0,31.499225616455078,0.3181739961258089
91,Polarization,29.40416115928086,polblogs,spectral,Max-degree heuristic,99,710,1222,100,0,31.499225616455078,0.3181739961258089
91,$\|L_{t} - L_{0}\|_F$ / $\|L_{0}\|_F$,3.5409900325591326,polblogs,spectral,Max-degree heuristic,99,710,1222,100,0,31.499225616455078,0.3181739961258089
92,Fiedler $\lambda_2$,-704.262938358416,polblogs,spectral,Max-degree heuristic,99,710,1222,100,0,31.499225616455078,0.3181739961258089
92,Surrogate,7.638221442821946,polblogs,spectral,Max-degree heuristic,99,710,1222,100,0,31.499225616455078,0.3181739961258089
92,Disparity,28.570104747386043,polblogs,spectral,Max-degree heuristic,99,710,1222,100,0,31.499225616455078,0.3181739961258089
92,Polarization,29.5277346354838,polblogs,spectral,Max-degree heuristic,99,710,1222,100,0,31.499225616455078,0.3181739961258089
92,$\|L_{t} - L_{0}\|_F$ / $\|L_{0}\|_F$,3.565552107558312,polblogs,spectral,Max-degree heuristic,99,710,1222,100,0,31.499225616455078,0.3181739961258089
93,Fiedler $\lambda_2$,-704.2631253787844,polblogs,spectral,Max-degree heuristic,99,710,1222,100,0,31.499225616455078,0.3181739961258089
93,Surrogate,7.660371733172587,polblogs,spectral,Max-degree heuristic,99,710,1222,100,0,31.499225616455078,0.3181739961258089
93,Disparity,28.605453717140616,polblogs,spectral,Max-degree heuristic,99,710,1222,100,0,31.499225616455078,0.3181739961258089
93,Polarization,29.571527526241244,polblogs,spectral,Max-degree heuristic,99,710,1222,100,0,31.499225616455078,0.3181739961258089
93,$\|L_{t} - L_{0}\|_F$ / $\|L_{0}\|_F$,3.6161873050945292,polblogs,spectral,Max-degree heuristic,99,710,1222,100,0,31.499225616455078,0.3181739961258089
94,Fiedler $\lambda_2$,-704.2631368727325,polblogs,spectral,Max-degree heuristic,99,710,1222,100,0,31.499225616455078,0.3181739961258089
94,Surrogate,7.668264458598665,polblogs,spectral,Max-degree heuristic,99,710,1222,100,0,31.499225616455078,0.3181739961258089
94,Disparity,28.68894936100304,polblogs,spectral,Max-degree heuristic,99,710,1222,100,0,31.499225616455078,0.3181739961258089
94,Polarization,29.635034148393096,polblogs,spectral,Max-degree heuristic,99,710,1222,100,0,31.499225616455078,0.3181739961258089
94,$\|L_{t} - L_{0}\|_F$ / $\|L_{0}\|_F$,3.6710794459833584,polblogs,spectral,Max-degree heuristic,99,710,1222,100,0,31.499225616455078,0.3181739961258089
95,Fiedler $\lambda_2$,-704.2631253816385,polblogs,spectral,Max-degree heuristic,99,710,1222,100,0,31.499225616455078,0.3181739961258089
95,Surrogate,7.897085259952766,polblogs,spectral,Max-degree heuristic,99,710,1222,100,0,31.499225616455078,0.3181739961258089
95,Disparity,28.939417111166204,polblogs,spectral,Max-degree heuristic,99,710,1222,100,0,31.499225616455078,0.3181739961258089
95,Polarization,29.85765837835731,polblogs,spectral,Max-degree heuristic,99,710,1222,100,0,31.499225616455078,0.3181739961258089
95,$\|L_{t} - L_{0}\|_F$ / $\|L_{0}\|_F$,3.69576090888306,polblogs,spectral,Max-degree heuristic,99,710,1222,100,0,31.499225616455078,0.3181739961258089
96,Fiedler $\lambda_2$,-704.2631288329158,polblogs,spectral,Max-degree heuristic,99,710,1222,100,0,31.499225616455078,0.3181739961258089
96,Surrogate,8.141930358993164,polblogs,spectral,Max-degree heuristic,99,710,1222,100,0,31.499225616455078,0.3181739961258089
96,Disparity,29.814278277188635,polblogs,spectral,Max-degree heuristic,99,710,1222,100,0,31.499225616455078,0.3181739961258089
96,Polarization,30.59333308733143,polblogs,spectral,Max-degree heuristic,99,710,1222,100,0,31.499225616455078,0.3181739961258089
96,$\|L_{t} - L_{0}\|_F$ / $\|L_{0}\|_F$,3.7465775637498804,polblogs,spectral,Max-degree heuristic,99,710,1222,100,0,31.499225616455078,0.3181739961258089
97,Fiedler $\lambda_2$,-704.2632022521943,polblogs,spectral,Max-degree heuristic,99,710,1222,100,0,31.499225616455078,0.3181739961258089
97,Surrogate,8.412960875697824,polblogs,spectral,Max-degree heuristic,99,710,1222,100,0,31.499225616455078,0.3181739961258089
97,Disparity,30.534018454794282,polblogs,spectral,Max-degree heuristic,99,710,1222,100,0,31.499225616455078,0.3181739961258089
97,Polarization,31.235933855383934,polblogs,spectral,Max-degree heuristic,99,710,1222,100,0,31.499225616455078,0.3181739961258089
97,$\|L_{t} - L_{0}\|_F$ / $\|L_{0}\|_F$,3.802456579899031,polblogs,spectral,Max-degree heuristic,99,710,1222,100,0,31.499225616455078,0.3181739961258089
98,Fiedler $\lambda_2$,-704.2632491769185,polblogs,spectral,Max-degree heuristic,99,710,1222,100,0,31.499225616455078,0.3181739961258089
98,Surrogate,8.269136261260494,polblogs,spectral,Max-degree heuristic,99,710,1222,100,0,31.499225616455078,0.3181739961258089
98,Disparity,30.08090374746483,polblogs,spectral,Max-degree heuristic,99,710,1222,100,0,31.499225616455078,0.3181739961258089
98,Polarization,30.749690787498114,polblogs,spectral,Max-degree heuristic,99,710,1222,100,0,31.499225616455078,0.3181739961258089
98,$\|L_{t} - L_{0}\|_F$ / $\|L_{0}\|_F$,3.8556403736718434,polblogs,spectral,Max-degree heuristic,99,710,1222,100,0,31.499225616455078,0.3181739961258089
