Step,Metric,Percent Change,Name,Nominal Partition Type,Number of Link Recommendations,Number of Worst Case Solves,Number of Outer Iterations,Number of Sketch Vectors,Number of Nodes,Batch Size,Seed,Time (s),Per Step Time (s),Parameter Value,Scenario Type
0,Surrogate,-0.04006983746108417,reddit,spectral,99,99,99,631,553,100,0,3.8812530040740967,0.03920457579872825,0.1,Classifier Error ($p$)
0,Disparity,-0.07447730369128128,reddit,spectral,99,99,99,631,553,100,0,3.8812530040740967,0.03920457579872825,0.1,Classifier Error ($p$)
0,Polarization,-0.03482223851026723,reddit,spectral,99,99,99,631,553,100,0,3.8812530040740967,0.03920457579872825,0.1,Classifier Error ($p$)
0,$\|L_{t} - L_{0}\|_F$ / $\|L_{0}\|_F$,0.3347900493131408,reddit,spectral,99,99,99,631,553,100,0,3.8812530040740967,0.03920457579872825,0.1,Classifier Error ($p$)
1,Surrogate,-0.12066615044296759,reddit,spectral,99,99,99,631,553,100,0,3.8812530040740967,0.03920457579872825,0.1,Classifier Error ($p$)
1,Disparity,-0.16075700273206162,reddit,spectral,99,99,99,631,553,100,0,3.8812530040740967,0.03920457579872825,0.1,Classifier Error ($p$)
1,Polarization,-0.1532031236546807,reddit,spectral,99,99,99,631,553,100,0,3.8812530040740967,0.03920457579872825,0.1,Classifier Error ($p$)
1,$\|L_{t} - L_{0}\|_F$ / $\|L_{0}\|_F$,0.473464628286201,reddit,spectral,99,99,99,631,553,100,0,3.8812530040740967,0.03920457579872825,0.1,Classifier Error ($p$)
2,Surrogate,-0.1562861847369627,reddit,spectral,99,99,99,631,553,100,0,3.8812530040740967,0.03920457579872825,0.1,Classifier Error ($p$)
2,Disparity,-0.2306075071275665,reddit,spectral,99,99,99,631,553,100,0,3.8812530040740967,0.03920457579872825,0.1,Classifier Error ($p$)
2,Polarization,-0.17151646829891457,reddit,spectral,99,99,99,631,553,100,0,3.8812530040740967,0.03920457579872825,0.1,Classifier Error ($p$)
2,$\|L_{t} - L_{0}\|_F$ / $\|L_{0}\|_F$,0.6035513446568233,reddit,spectral,99,99,99,631,553,100,0,3.8812530040740967,0.03920457579872825,0.1,Classifier Error ($p$)
3,Surrogate,-0.2807987335109447,reddit,spectral,99,99,99,631,553,100,0,3.8812530040740967,0.03920457579872825,0.1,Classifier Error ($p$)
3,Disparity,-0.4097601420084976,reddit,spectral,99,99,99,631,553,100,0,3.8812530040740967,0.03920457579872825,0.1,Classifier Error ($p$)
3,Polarization,-0.2759540682546059,reddit,spectral,99,99,99,631,553,100,0,3.8812530040740967,0.03920457579872825,0.1,Classifier Error ($p$)
3,$\|L_{t} - L_{0}\|_F$ / $\|L_{0}\|_F$,0.6901873678619125,reddit,spectral,99,99,99,631,553,100,0,3.8812530040740967,0.03920457579872825,0.1,Classifier Error ($p$)
4,Surrogate,-4.4285782672842995,reddit,spectral,99,99,99,631,553,100,0,3.8812530040740967,0.03920457579872825,0.1,Classifier Error ($p$)
4,Disparity,-11.11680679281151,reddit,spectral,99,99,99,631,553,100,0,3.8812530040740967,0.03920457579872825,0.1,Classifier Error ($p$)
4,Polarization,-11.096942185014395,reddit,spectral,99,99,99,631,553,100,0,3.8812530040740967,0.03920457579872825,0.1,Classifier Error ($p$)
4,$\|L_{t} - L_{0}\|_F$ / $\|L_{0}\|_F$,0.767100371447733,reddit,spectral,99,99,99,631,553,100,0,3.8812530040740967,0.03920457579872825,0.1,Classifier Error ($p$)
5,Surrogate,-4.4373507920034,reddit,spectral,99,99,99,631,553,100,0,3.8812530040740967,0.03920457579872825,0.1,Classifier Error ($p$)
5,Disparity,-11.19876241115475,reddit,spectral,99,99,99,631,553,100,0,3.8812530040740967,0.03920457579872825,0.1,Classifier Error ($p$)
5,Polarization,-11.162620827234965,reddit,spectral,99,99,99,631,553,100,0,3.8812530040740967,0.03920457579872825,0.1,Classifier Error ($p$)
5,$\|L_{t} - L_{0}\|_F$ / $\|L_{0}\|_F$,0.8369751232828521,reddit,spectral,99,99,99,631,553,100,0,3.8812530040740967,0.03920457579872825,0.1,Classifier Error ($p$)
6,Surrogate,-4.660650115491713,reddit,spectral,99,99,99,631,553,100,0,3.8812530040740967,0.03920457579872825,0.1,Classifier Error ($p$)
6,Disparity,-11.834407075783494,reddit,spectral,99,99,99,631,553,100,0,3.8812530040740967,0.03920457579872825,0.1,Classifier Error ($p$)
6,Polarization,-11.246130110713079,reddit,spectral,99,99,99,631,553,100,0,3.8812530040740967,0.03920457579872825,0.1,Classifier Error ($p$)
6,$\|L_{t} - L_{0}\|_F$ / $\|L_{0}\|_F$,0.9014497956699755,reddit,spectral,99,99,99,631,553,100,0,3.8812530040740967,0.03920457579872825,0.1,Classifier Error ($p$)
7,Surrogate,-4.736345832912247,reddit,spectral,99,99,99,631,553,100,0,3.8812530040740967,0.03920457579872825,0.1,Classifier Error ($p$)
7,Disparity,-11.900928619451248,reddit,spectral,99,99,99,631,553,100,0,3.8812530040740967,0.03920457579872825,0.1,Classifier Error ($p$)
7,Polarization,-11.323897950495027,reddit,spectral,99,99,99,631,553,100,0,3.8812530040740967,0.03920457579872825,0.1,Classifier Error ($p$)
7,$\|L_{t} - L_{0}\|_F$ / $\|L_{0}\|_F$,0.9616112058584467,reddit,spectral,99,99,99,631,553,100,0,3.8812530040740967,0.03920457579872825,0.1,Classifier Error ($p$)
8,Surrogate,-4.957854578843147,reddit,spectral,99,99,99,631,553,100,0,3.8812530040740967,0.03920457579872825,0.1,Classifier Error ($p$)
8,Disparity,-12.430260383438736,reddit,spectral,99,99,99,631,553,100,0,3.8812530040740967,0.03920457579872825,0.1,Classifier Error ($p$)
8,Polarization,-12.087020648105684,reddit,spectral,99,99,99,631,553,100,0,3.8812530040740967,0.03920457579872825,0.1,Classifier Error ($p$)
8,$\|L_{t} - L_{0}\|_F$ / $\|L_{0}\|_F$,1.018224183739333,reddit,spectral,99,99,99,631,553,100,0,3.8812530040740967,0.03920457579872825,0.1,Classifier Error ($p$)
9,Surrogate,-4.980078147344831,reddit,spectral,99,99,99,631,553,100,0,3.8812530040740967,0.03920457579872825,0.1,Classifier Error ($p$)
9,Disparity,-12.477750566018921,reddit,spectral,99,99,99,631,553,100,0,3.8812530040740967,0.03920457579872825,0.1,Classifier Error ($p$)
9,Polarization,-12.093139343962523,reddit,spectral,99,99,99,631,553,100,0,3.8812530040740967,0.03920457579872825,0.1,Classifier Error ($p$)
9,$\|L_{t} - L_{0}\|_F$ / $\|L_{0}\|_F$,1.097682583459478,reddit,spectral,99,99,99,631,553,100,0,3.8812530040740967,0.03920457579872825,0.1,Classifier Error ($p$)
10,Surrogate,-5.213629303509675,reddit,spectral,99,99,99,631,553,100,0,3.8812530040740967,0.03920457579872825,0.1,Classifier Error ($p$)
10,Disparity,-12.851951128472697,reddit,spectral,99,99,99,631,553,100,0,3.8812530040740967,0.03920457579872825,0.1,Classifier Error ($p$)
10,Polarization,-12.799120409465223,reddit,spectral,99,99,99,631,553,100,0,3.8812530040740967,0.03920457579872825,0.1,Classifier Error ($p$)
10,$\|L_{t} - L_{0}\|_F$ / $\|L_{0}\|_F$,1.1597467505576993,reddit,spectral,99,99,99,631,553,100,0,3.8812530040740967,0.03920457579872825,0.1,Classifier Error ($p$)
11,Surrogate,-5.286156881380791,reddit,spectral,99,99,99,631,553,100,0,3.8812530040740967,0.03920457579872825,0.1,Classifier Error ($p$)
11,Disparity,-12.92161486829505,reddit,spectral,99,99,99,631,553,100,0,3.8812530040740967,0.03920457579872825,0.1,Classifier Error ($p$)
11,Polarization,-12.851503170344747,reddit,spectral,99,99,99,631,553,100,0,3.8812530040740967,0.03920457579872825,0.1,Classifier Error ($p$)
11,$\|L_{t} - L_{0}\|_F$ / $\|L_{0}\|_F$,1.2071026893136465,reddit,spectral,99,99,99,631,553,100,0,3.8812530040740967,0.03920457579872825,0.1,Classifier Error ($p$)
12,Surrogate,-5.307217833243478,reddit,spectral,99,99,99,631,553,100,0,3.8812530040740967,0.03920457579872825,0.1,Classifier Error ($p$)
12,Disparity,-12.974215160912618,reddit,spectral,99,99,99,631,553,100,0,3.8812530040740967,0.03920457579872825,0.1,Classifier Error ($p$)
12,Polarization,-12.932061178462224,reddit,spectral,99,99,99,631,553,100,0,3.8812530040740967,0.03920457579872825,0.1,Classifier Error ($p$)
12,$\|L_{t} - L_{0}\|_F$ / $\|L_{0}\|_F$,1.2526696610309254,reddit,spectral,99,99,99,631,553,100,0,3.8812530040740967,0.03920457579872825,0.1,Classifier Error ($p$)
13,Surrogate,-5.334519537187645,reddit,spectral,99,99,99,631,553,100,0,3.8812530040740967,0.03920457579872825,0.1,Classifier Error ($p$)
13,Disparity,-13.03150485445177,reddit,spectral,99,99,99,631,553,100,0,3.8812530040740967,0.03920457579872825,0.1,Classifier Error ($p$)
13,Polarization,-12.98051668851388,reddit,spectral,99,99,99,631,553,100,0,3.8812530040740967,0.03920457579872825,0.1,Classifier Error ($p$)
13,$\|L_{t} - L_{0}\|_F$ / $\|L_{0}\|_F$,1.3180697422162364,reddit,spectral,99,99,99,631,553,100,0,3.8812530040740967,0.03920457579872825,0.1,Classifier Error ($p$)
14,Surrogate,-5.405754677702552,reddit,spectral,99,99,99,631,553,100,0,3.8812530040740967,0.03920457579872825,0.1,Classifier Error ($p$)
14,Disparity,-13.13057027165821,reddit,spectral,99,99,99,631,553,100,0,3.8812530040740967,0.03920457579872825,0.1,Classifier Error ($p$)
14,Polarization,-13.075413525666429,reddit,spectral,99,99,99,631,553,100,0,3.8812530040740967,0.03920457579872825,0.1,Classifier Error ($p$)
14,$\|L_{t} - L_{0}\|_F$ / $\|L_{0}\|_F$,1.3599236090549613,reddit,spectral,99,99,99,631,553,100,0,3.8812530040740967,0.03920457579872825,0.1,Classifier Error ($p$)
15,Surrogate,-5.473236428754326,reddit,spectral,99,99,99,631,553,100,0,3.8812530040740967,0.03920457579872825,0.1,Classifier Error ($p$)
15,Disparity,-13.212519340757204,reddit,spectral,99,99,99,631,553,100,0,3.8812530040740967,0.03920457579872825,0.1,Classifier Error ($p$)
15,Polarization,-13.154006711800454,reddit,spectral,99,99,99,631,553,100,0,3.8812530040740967,0.03920457579872825,0.1,Classifier Error ($p$)
15,$\|L_{t} - L_{0}\|_F$ / $\|L_{0}\|_F$,1.4593159922589793,reddit,spectral,99,99,99,631,553,100,0,3.8812530040740967,0.03920457579872825,0.1,Classifier Error ($p$)
16,Surrogate,-5.496752172521022,reddit,spectral,99,99,99,631,553,100,0,3.8812530040740967,0.03920457579872825,0.1,Classifier Error ($p$)
16,Disparity,-13.249191531987481,reddit,spectral,99,99,99,631,553,100,0,3.8812530040740967,0.03920457579872825,0.1,Classifier Error ($p$)
16,Polarization,-13.15908514304523,reddit,spectral,99,99,99,631,553,100,0,3.8812530040740967,0.03920457579872825,0.1,Classifier Error ($p$)
16,$\|L_{t} - L_{0}\|_F$ / $\|L_{0}\|_F$,1.515826418473254,reddit,spectral,99,99,99,631,553,100,0,3.8812530040740967,0.03920457579872825,0.1,Classifier Error ($p$)
17,Surrogate,-6.705543708856157,reddit,spectral,99,99,99,631,553,100,0,3.8812530040740967,0.03920457579872825,0.1,Classifier Error ($p$)
17,Disparity,-18.81356996259974,reddit,spectral,99,99,99,631,553,100,0,3.8812530040740967,0.03920457579872825,0.1,Classifier Error ($p$)
17,Polarization,-17.400571451890162,reddit,spectral,99,99,99,631,553,100,0,3.8812530040740967,0.03920457579872825,0.1,Classifier Error ($p$)
17,$\|L_{t} - L_{0}\|_F$ / $\|L_{0}\|_F$,1.5523575967091305,reddit,spectral,99,99,99,631,553,100,0,3.8812530040740967,0.03920457579872825,0.1,Classifier Error ($p$)
18,Surrogate,-6.7482549643993455,reddit,spectral,99,99,99,631,553,100,0,3.8812530040740967,0.03920457579872825,0.1,Classifier Error ($p$)
18,Disparity,-18.850241647365724,reddit,spectral,99,99,99,631,553,100,0,3.8812530040740967,0.03920457579872825,0.1,Classifier Error ($p$)
18,Polarization,-17.476287610450996,reddit,spectral,99,99,99,631,553,100,0,3.8812530040740967,0.03920457579872825,0.1,Classifier Error ($p$)
18,$\|L_{t} - L_{0}\|_F$ / $\|L_{0}\|_F$,1.6055966721873804,reddit,spectral,99,99,99,631,553,100,0,3.8812530040740967,0.03920457579872825,0.1,Classifier Error ($p$)
19,Surrogate,-6.861261971813224,reddit,spectral,99,99,99,631,553,100,0,3.8812530040740967,0.03920457579872825,0.1,Classifier Error ($p$)
19,Disparity,-18.92536451582386,reddit,spectral,99,99,99,631,553,100,0,3.8812530040740967,0.03920457579872825,0.1,Classifier Error ($p$)
19,Polarization,-17.55162124416837,reddit,spectral,99,99,99,631,553,100,0,3.8812530040740967,0.03920457579872825,0.1,Classifier Error ($p$)
19,$\|L_{t} - L_{0}\|_F$ / $\|L_{0}\|_F$,1.6571261990017034,reddit,spectral,99,99,99,631,553,100,0,3.8812530040740967,0.03920457579872825,0.1,Classifier Error ($p$)
20,Surrogate,-6.866210370076746,reddit,spectral,99,99,99,631,553,100,0,3.8812530040740967,0.03920457579872825,0.1,Classifier Error ($p$)
20,Disparity,-18.984023758308773,reddit,spectral,99,99,99,631,553,100,0,3.8812530040740967,0.03920457579872825,0.1,Classifier Error ($p$)
20,Polarization,-17.61522036045103,reddit,spectral,99,99,99,631,553,100,0,3.8812530040740967,0.03920457579872825,0.1,Classifier Error ($p$)
20,$\|L_{t} - L_{0}\|_F$ / $\|L_{0}\|_F$,1.7396201258365491,reddit,spectral,99,99,99,631,553,100,0,3.8812530040740967,0.03920457579872825,0.1,Classifier Error ($p$)
21,Surrogate,-6.970294590225097,reddit,spectral,99,99,99,631,553,100,0,3.8812530040740967,0.03920457579872825,0.1,Classifier Error ($p$)
21,Disparity,-19.08017684405815,reddit,spectral,99,99,99,631,553,100,0,3.8812530040740967,0.03920457579872825,0.1,Classifier Error ($p$)
21,Polarization,-17.697961486956206,reddit,spectral,99,99,99,631,553,100,0,3.8812530040740967,0.03920457579872825,0.1,Classifier Error ($p$)
21,$\|L_{t} - L_{0}\|_F$ / $\|L_{0}\|_F$,1.7715424238032424,reddit,spectral,99,99,99,631,553,100,0,3.8812530040740967,0.03920457579872825,0.1,Classifier Error ($p$)
22,Surrogate,-6.980393775626221,reddit,spectral,99,99,99,631,553,100,0,3.8812530040740967,0.03920457579872825,0.1,Classifier Error ($p$)
22,Disparity,-19.123585733496242,reddit,spectral,99,99,99,631,553,100,0,3.8812530040740967,0.03920457579872825,0.1,Classifier Error ($p$)
22,Polarization,-17.74486890837005,reddit,spectral,99,99,99,631,553,100,0,3.8812530040740967,0.03920457579872825,0.1,Classifier Error ($p$)
22,$\|L_{t} - L_{0}\|_F$ / $\|L_{0}\|_F$,1.802899591339951,reddit,spectral,99,99,99,631,553,100,0,3.8812530040740967,0.03920457579872825,0.1,Classifier Error ($p$)
23,Surrogate,-7.06485341872603,reddit,spectral,99,99,99,631,553,100,0,3.8812530040740967,0.03920457579872825,0.1,Classifier Error ($p$)
23,Disparity,-19.235011258364842,reddit,spectral,99,99,99,631,553,100,0,3.8812530040740967,0.03920457579872825,0.1,Classifier Error ($p$)
23,Polarization,-17.880254050490965,reddit,spectral,99,99,99,631,553,100,0,3.8812530040740967,0.03920457579872825,0.1,Classifier Error ($p$)
23,$\|L_{t} - L_{0}\|_F$ / $\|L_{0}\|_F$,1.8413452712222742,reddit,spectral,99,99,99,631,553,100,0,3.8812530040740967,0.03920457579872825,0.1,Classifier Error ($p$)
24,Surrogate,-7.124198334092846,reddit,spectral,99,99,99,631,553,100,0,3.8812530040740967,0.03920457579872825,0.1,Classifier Error ($p$)
24,Disparity,-19.29595174306936,reddit,spectral,99,99,99,631,553,100,0,3.8812530040740967,0.03920457579872825,0.1,Classifier Error ($p$)
24,Polarization,-17.913936271473705,reddit,spectral,99,99,99,631,553,100,0,3.8812530040740967,0.03920457579872825,0.1,Classifier Error ($p$)
24,$\|L_{t} - L_{0}\|_F$ / $\|L_{0}\|_F$,1.8790044915463882,reddit,spectral,99,99,99,631,553,100,0,3.8812530040740967,0.03920457579872825,0.1,Classifier Error ($p$)
25,Surrogate,-7.339863093327835,reddit,spectral,99,99,99,631,553,100,0,3.8812530040740967,0.03920457579872825,0.1,Classifier Error ($p$)
25,Disparity,-19.642934900084395,reddit,spectral,99,99,99,631,553,100,0,3.8812530040740967,0.03920457579872825,0.1,Classifier Error ($p$)
25,Polarization,-18.279946739320344,reddit,spectral,99,99,99,631,553,100,0,3.8812530040740967,0.03920457579872825,0.1,Classifier Error ($p$)
25,$\|L_{t} - L_{0}\|_F$ / $\|L_{0}\|_F$,1.9159236286058927,reddit,spectral,99,99,99,631,553,100,0,3.8812530040740967,0.03920457579872825,0.1,Classifier Error ($p$)
26,Surrogate,-7.3769214101954725,reddit,spectral,99,99,99,631,553,100,0,3.8812530040740967,0.03920457579872825,0.1,Classifier Error ($p$)
26,Disparity,-19.693888467543868,reddit,spectral,99,99,99,631,553,100,0,3.8812530040740967,0.03920457579872825,0.1,Classifier Error ($p$)
26,Polarization,-18.366045651504585,reddit,spectral,99,99,99,631,553,100,0,3.8812530040740967,0.03920457579872825,0.1,Classifier Error ($p$)
26,$\|L_{t} - L_{0}\|_F$ / $\|L_{0}\|_F$,1.9664462897848967,reddit,spectral,99,99,99,631,553,100,0,3.8812530040740967,0.03920457579872825,0.1,Classifier Error ($p$)
27,Surrogate,-7.607451903618219,reddit,spectral,99,99,99,631,553,100,0,3.8812530040740967,0.03920457579872825,0.1,Classifier Error ($p$)
27,Disparity,-20.026969988467197,reddit,spectral,99,99,99,631,553,100,0,3.8812530040740967,0.03920457579872825,0.1,Classifier Error ($p$)
27,Polarization,-18.741307794157354,reddit,spectral,99,99,99,631,553,100,0,3.8812530040740967,0.03920457579872825,0.1,Classifier Error ($p$)
27,$\|L_{t} - L_{0}\|_F$ / $\|L_{0}\|_F$,1.9947419351204008,reddit,spectral,99,99,99,631,553,100,0,3.8812530040740967,0.03920457579872825,0.1,Classifier Error ($p$)
28,Surrogate,-7.8565432020822366,reddit,spectral,99,99,99,631,553,100,0,3.8812530040740967,0.03920457579872825,0.1,Classifier Error ($p$)
28,Disparity,-20.193842653873563,reddit,spectral,99,99,99,631,553,100,0,3.8812530040740967,0.03920457579872825,0.1,Classifier Error ($p$)
28,Polarization,-18.96867979620324,reddit,spectral,99,99,99,631,553,100,0,3.8812530040740967,0.03920457579872825,0.1,Classifier Error ($p$)
28,$\|L_{t} - L_{0}\|_F$ / $\|L_{0}\|_F$,2.022641778676337,reddit,spectral,99,99,99,631,553,100,0,3.8812530040740967,0.03920457579872825,0.1,Classifier Error ($p$)
29,Surrogate,-8.365271839838071,reddit,spectral,99,99,99,631,553,100,0,3.8812530040740967,0.03920457579872825,0.1,Classifier Error ($p$)
29,Disparity,-21.64460073218072,reddit,spectral,99,99,99,631,553,100,0,3.8812530040740967,0.03920457579872825,0.1,Classifier Error ($p$)
29,Polarization,-20.109040633691265,reddit,spectral,99,99,99,631,553,100,0,3.8812530040740967,0.03920457579872825,0.1,Classifier Error ($p$)
29,$\|L_{t} - L_{0}\|_F$ / $\|L_{0}\|_F$,2.056984500730583,reddit,spectral,99,99,99,631,553,100,0,3.8812530040740967,0.03920457579872825,0.1,Classifier Error ($p$)
30,Surrogate,-8.399356126072636,reddit,spectral,99,99,99,631,553,100,0,3.8812530040740967,0.03920457579872825,0.1,Classifier Error ($p$)
30,Disparity,-21.703829741675527,reddit,spectral,99,99,99,631,553,100,0,3.8812530040740967,0.03920457579872825,0.1,Classifier Error ($p$)
30,Polarization,-20.158207995161963,reddit,spectral,99,99,99,631,553,100,0,3.8812530040740967,0.03920457579872825,0.1,Classifier Error ($p$)
30,$\|L_{t} - L_{0}\|_F$ / $\|L_{0}\|_F$,2.0840512501771498,reddit,spectral,99,99,99,631,553,100,0,3.8812530040740967,0.03920457579872825,0.1,Classifier Error ($p$)
31,Surrogate,-8.500849797398917,reddit,spectral,99,99,99,631,553,100,0,3.8812530040740967,0.03920457579872825,0.1,Classifier Error ($p$)
31,Disparity,-21.84668333407335,reddit,spectral,99,99,99,631,553,100,0,3.8812530040740967,0.03920457579872825,0.1,Classifier Error ($p$)
31,Polarization,-20.328628069297984,reddit,spectral,99,99,99,631,553,100,0,3.8812530040740967,0.03920457579872825,0.1,Classifier Error ($p$)
31,$\|L_{t} - L_{0}\|_F$ / $\|L_{0}\|_F$,2.1107709469490135,reddit,spectral,99,99,99,631,553,100,0,3.8812530040740967,0.03920457579872825,0.1,Classifier Error ($p$)
32,Surrogate,-8.703200887070155,reddit,spectral,99,99,99,631,553,100,0,3.8812530040740967,0.03920457579872825,0.1,Classifier Error ($p$)
32,Disparity,-22.266029009074526,reddit,spectral,99,99,99,631,553,100,0,3.8812530040740967,0.03920457579872825,0.1,Classifier Error ($p$)
32,Polarization,-21.12602856825283,reddit,spectral,99,99,99,631,553,100,0,3.8812530040740967,0.03920457579872825,0.1,Classifier Error ($p$)
32,$\|L_{t} - L_{0}\|_F$ / $\|L_{0}\|_F$,2.143702279208311,reddit,spectral,99,99,99,631,553,100,0,3.8812530040740967,0.03920457579872825,0.1,Classifier Error ($p$)
33,Surrogate,-8.760572265330685,reddit,spectral,99,99,99,631,553,100,0,3.8812530040740967,0.03920457579872825,0.1,Classifier Error ($p$)
33,Disparity,-22.33507095741819,reddit,spectral,99,99,99,631,553,100,0,3.8812530040740967,0.03920457579872825,0.1,Classifier Error ($p$)
33,Polarization,-21.172665674091373,reddit,spectral,99,99,99,631,553,100,0,3.8812530040740967,0.03920457579872825,0.1,Classifier Error ($p$)
33,$\|L_{t} - L_{0}\|_F$ / $\|L_{0}\|_F$,2.1696874980056458,reddit,spectral,99,99,99,631,553,100,0,3.8812530040740967,0.03920457579872825,0.1,Classifier Error ($p$)
34,Surrogate,-8.785883003080636,reddit,spectral,99,99,99,631,553,100,0,3.8812530040740967,0.03920457579872825,0.1,Classifier Error ($p$)
34,Disparity,-22.39609974805084,reddit,spectral,99,99,99,631,553,100,0,3.8812530040740967,0.03920457579872825,0.1,Classifier Error ($p$)
34,Polarization,-21.255644011923973,reddit,spectral,99,99,99,631,553,100,0,3.8812530040740967,0.03920457579872825,0.1,Classifier Error ($p$)
34,$\|L_{t} - L_{0}\|_F$ / $\|L_{0}\|_F$,2.176135320535415,reddit,spectral,99,99,99,631,553,100,0,3.8812530040740967,0.03920457579872825,0.1,Classifier Error ($p$)
35,Surrogate,-9.012257627649207,reddit,spectral,99,99,99,631,553,100,0,3.8812530040740967,0.03920457579872825,0.1,Classifier Error ($p$)
35,Disparity,-22.58885269946223,reddit,spectral,99,99,99,631,553,100,0,3.8812530040740967,0.03920457579872825,0.1,Classifier Error ($p$)
35,Polarization,-21.39564175568966,reddit,spectral,99,99,99,631,553,100,0,3.8812530040740967,0.03920457579872825,0.1,Classifier Error ($p$)
35,$\|L_{t} - L_{0}\|_F$ / $\|L_{0}\|_F$,2.188973988388469,reddit,spectral,99,99,99,631,553,100,0,3.8812530040740967,0.03920457579872825,0.1,Classifier Error ($p$)
36,Surrogate,-9.030238624040564,reddit,spectral,99,99,99,631,553,100,0,3.8812530040740967,0.03920457579872825,0.1,Classifier Error ($p$)
36,Disparity,-22.634332289083847,reddit,spectral,99,99,99,631,553,100,0,3.8812530040740967,0.03920457579872825,0.1,Classifier Error ($p$)
36,Polarization,-21.464182306702078,reddit,spectral,99,99,99,631,553,100,0,3.8812530040740967,0.03920457579872825,0.1,Classifier Error ($p$)
36,$\|L_{t} - L_{0}\|_F$ / $\|L_{0}\|_F$,2.239592792469094,reddit,spectral,99,99,99,631,553,100,0,3.8812530040740967,0.03920457579872825,0.1,Classifier Error ($p$)
37,Surrogate,-9.06200432290354,reddit,spectral,99,99,99,631,553,100,0,3.8812530040740967,0.03920457579872825,0.1,Classifier Error ($p$)
37,Disparity,-22.672995462215713,reddit,spectral,99,99,99,631,553,100,0,3.8812530040740967,0.03920457579872825,0.1,Classifier Error ($p$)
37,Polarization,-21.50082812643959,reddit,spectral,99,99,99,631,553,100,0,3.8812530040740967,0.03920457579872825,0.1,Classifier Error ($p$)
37,$\|L_{t} - L_{0}\|_F$ / $\|L_{0}\|_F$,2.270656589508502,reddit,spectral,99,99,99,631,553,100,0,3.8812530040740967,0.03920457579872825,0.1,Classifier Error ($p$)
38,Surrogate,-9.108444653881284,reddit,spectral,99,99,99,631,553,100,0,3.8812530040740967,0.03920457579872825,0.1,Classifier Error ($p$)
38,Disparity,-22.718360636187533,reddit,spectral,99,99,99,631,553,100,0,3.8812530040740967,0.03920457579872825,0.1,Classifier Error ($p$)
38,Polarization,-21.55860893187238,reddit,spectral,99,99,99,631,553,100,0,3.8812530040740967,0.03920457579872825,0.1,Classifier Error ($p$)
38,$\|L_{t} - L_{0}\|_F$ / $\|L_{0}\|_F$,2.3013011143431994,reddit,spectral,99,99,99,631,553,100,0,3.8812530040740967,0.03920457579872825,0.1,Classifier Error ($p$)
39,Surrogate,-9.166340840074092,reddit,spectral,99,99,99,631,553,100,0,3.8812530040740967,0.03920457579872825,0.1,Classifier Error ($p$)
39,Disparity,-22.763911980256736,reddit,spectral,99,99,99,631,553,100,0,3.8812530040740967,0.03920457579872825,0.1,Classifier Error ($p$)
39,Polarization,-21.648653876282616,reddit,spectral,99,99,99,631,553,100,0,3.8812530040740967,0.03920457579872825,0.1,Classifier Error ($p$)
39,$\|L_{t} - L_{0}\|_F$ / $\|L_{0}\|_F$,2.325526004153973,reddit,spectral,99,99,99,631,553,100,0,3.8812530040740967,0.03920457579872825,0.1,Classifier Error ($p$)
40,Surrogate,-9.25789871722329,reddit,spectral,99,99,99,631,553,100,0,3.8812530040740967,0.03920457579872825,0.1,Classifier Error ($p$)
40,Disparity,-22.969255311849896,reddit,spectral,99,99,99,631,553,100,0,3.8812530040740967,0.03920457579872825,0.1,Classifier Error ($p$)
40,Polarization,-21.742259223254568,reddit,spectral,99,99,99,631,553,100,0,3.8812530040740967,0.03920457579872825,0.1,Classifier Error ($p$)
40,$\|L_{t} - L_{0}\|_F$ / $\|L_{0}\|_F$,2.3613974171398997,reddit,spectral,99,99,99,631,553,100,0,3.8812530040740967,0.03920457579872825,0.1,Classifier Error ($p$)
41,Surrogate,-9.445168059295446,reddit,spectral,99,99,99,631,553,100,0,3.8812530040740967,0.03920457579872825,0.1,Classifier Error ($p$)
41,Disparity,-23.278653586889796,reddit,spectral,99,99,99,631,553,100,0,3.8812530040740967,0.03920457579872825,0.1,Classifier Error ($p$)
41,Polarization,-22.14711352748116,reddit,spectral,99,99,99,631,553,100,0,3.8812530040740967,0.03920457579872825,0.1,Classifier Error ($p$)
41,$\|L_{t} - L_{0}\|_F$ / $\|L_{0}\|_F$,2.3908791757581263,reddit,spectral,99,99,99,631,553,100,0,3.8812530040740967,0.03920457579872825,0.1,Classifier Error ($p$)
42,Surrogate,-11.979978214341513,reddit,spectral,99,99,99,631,553,100,0,3.8812530040740967,0.03920457579872825,0.1,Classifier Error ($p$)
42,Disparity,-28.748169312927924,reddit,spectral,99,99,99,631,553,100,0,3.8812530040740967,0.03920457579872825,0.1,Classifier Error ($p$)
42,Polarization,-27.70528413454848,reddit,spectral,99,99,99,631,553,100,0,3.8812530040740967,0.03920457579872825,0.1,Classifier Error ($p$)
42,$\|L_{t} - L_{0}\|_F$ / $\|L_{0}\|_F$,2.42000179844411,reddit,spectral,99,99,99,631,553,100,0,3.8812530040740967,0.03920457579872825,0.1,Classifier Error ($p$)
43,Surrogate,-12.113651416299357,reddit,spectral,99,99,99,631,553,100,0,3.8812530040740967,0.03920457579872825,0.1,Classifier Error ($p$)
43,Disparity,-28.847220067338064,reddit,spectral,99,99,99,631,553,100,0,3.8812530040740967,0.03920457579872825,0.1,Classifier Error ($p$)
43,Polarization,-27.81744779171065,reddit,spectral,99,99,99,631,553,100,0,3.8812530040740967,0.03920457579872825,0.1,Classifier Error ($p$)
43,$\|L_{t} - L_{0}\|_F$ / $\|L_{0}\|_F$,2.460194375335238,reddit,spectral,99,99,99,631,553,100,0,3.8812530040740967,0.03920457579872825,0.1,Classifier Error ($p$)
44,Surrogate,-12.180622500422091,reddit,spectral,99,99,99,631,553,100,0,3.8812530040740967,0.03920457579872825,0.1,Classifier Error ($p$)
44,Disparity,-28.907345399919866,reddit,spectral,99,99,99,631,553,100,0,3.8812530040740967,0.03920457579872825,0.1,Classifier Error ($p$)
44,Polarization,-27.88835819357906,reddit,spectral,99,99,99,631,553,100,0,3.8812530040740967,0.03920457579872825,0.1,Classifier Error ($p$)
44,$\|L_{t} - L_{0}\|_F$ / $\|L_{0}\|_F$,2.5053393220618507,reddit,spectral,99,99,99,631,553,100,0,3.8812530040740967,0.03920457579872825,0.1,Classifier Error ($p$)
45,Surrogate,-12.211219055534219,reddit,spectral,99,99,99,631,553,100,0,3.8812530040740967,0.03920457579872825,0.1,Classifier Error ($p$)
45,Disparity,-28.93775420594899,reddit,spectral,99,99,99,631,553,100,0,3.8812530040740967,0.03920457579872825,0.1,Classifier Error ($p$)
45,Polarization,-27.94357671002632,reddit,spectral,99,99,99,631,553,100,0,3.8812530040740967,0.03920457579872825,0.1,Classifier Error ($p$)
45,$\|L_{t} - L_{0}\|_F$ / $\|L_{0}\|_F$,2.5386712438494228,reddit,spectral,99,99,99,631,553,100,0,3.8812530040740967,0.03920457579872825,0.1,Classifier Error ($p$)
46,Surrogate,-12.304857878050653,reddit,spectral,99,99,99,631,553,100,0,3.8812530040740967,0.03920457579872825,0.1,Classifier Error ($p$)
46,Disparity,-28.990739732698916,reddit,spectral,99,99,99,631,553,100,0,3.8812530040740967,0.03920457579872825,0.1,Classifier Error ($p$)
46,Polarization,-27.98405833418184,reddit,spectral,99,99,99,631,553,100,0,3.8812530040740967,0.03920457579872825,0.1,Classifier Error ($p$)
46,$\|L_{t} - L_{0}\|_F$ / $\|L_{0}\|_F$,2.598669606053353,reddit,spectral,99,99,99,631,553,100,0,3.8812530040740967,0.03920457579872825,0.1,Classifier Error ($p$)
47,Surrogate,-13.928305741064765,reddit,spectral,99,99,99,631,553,100,0,3.8812530040740967,0.03920457579872825,0.1,Classifier Error ($p$)
47,Disparity,-31.827155539451148,reddit,spectral,99,99,99,631,553,100,0,3.8812530040740967,0.03920457579872825,0.1,Classifier Error ($p$)
47,Polarization,-30.894756187698043,reddit,spectral,99,99,99,631,553,100,0,3.8812530040740967,0.03920457579872825,0.1,Classifier Error ($p$)
47,$\|L_{t} - L_{0}\|_F$ / $\|L_{0}\|_F$,2.646747734474038,reddit,spectral,99,99,99,631,553,100,0,3.8812530040740967,0.03920457579872825,0.1,Classifier Error ($p$)
48,Surrogate,-14.186801180693653,reddit,spectral,99,99,99,631,553,100,0,3.8812530040740967,0.03920457579872825,0.1,Classifier Error ($p$)
48,Disparity,-32.02410794501064,reddit,spectral,99,99,99,631,553,100,0,3.8812530040740967,0.03920457579872825,0.1,Classifier Error ($p$)
48,Polarization,-31.261709802752325,reddit,spectral,99,99,99,631,553,100,0,3.8812530040740967,0.03920457579872825,0.1,Classifier Error ($p$)
48,$\|L_{t} - L_{0}\|_F$ / $\|L_{0}\|_F$,2.6783203945051266,reddit,spectral,99,99,99,631,553,100,0,3.8812530040740967,0.03920457579872825,0.1,Classifier Error ($p$)
49,Surrogate,-14.338394901525216,reddit,spectral,99,99,99,631,553,100,0,3.8812530040740967,0.03920457579872825,0.1,Classifier Error ($p$)
49,Disparity,-32.22593045462484,reddit,spectral,99,99,99,631,553,100,0,3.8812530040740967,0.03920457579872825,0.1,Classifier Error ($p$)
49,Polarization,-31.44501868371121,reddit,spectral,99,99,99,631,553,100,0,3.8812530040740967,0.03920457579872825,0.1,Classifier Error ($p$)
49,$\|L_{t} - L_{0}\|_F$ / $\|L_{0}\|_F$,2.7043493870099264,reddit,spectral,99,99,99,631,553,100,0,3.8812530040740967,0.03920457579872825,0.1,Classifier Error ($p$)
50,Surrogate,-14.881517930284502,reddit,spectral,99,99,99,631,553,100,0,3.8812530040740967,0.03920457579872825,0.1,Classifier Error ($p$)
50,Disparity,-34.046445438976356,reddit,spectral,99,99,99,631,553,100,0,3.8812530040740967,0.03920457579872825,0.1,Classifier Error ($p$)
50,Polarization,-33.261013715982166,reddit,spectral,99,99,99,631,553,100,0,3.8812530040740967,0.03920457579872825,0.1,Classifier Error ($p$)
50,$\|L_{t} - L_{0}\|_F$ / $\|L_{0}\|_F$,2.750580930556112,reddit,spectral,99,99,99,631,553,100,0,3.8812530040740967,0.03920457579872825,0.1,Classifier Error ($p$)
51,Surrogate,-14.967008017016326,reddit,spectral,99,99,99,631,553,100,0,3.8812530040740967,0.03920457579872825,0.1,Classifier Error ($p$)
51,Disparity,-34.121500581322906,reddit,spectral,99,99,99,631,553,100,0,3.8812530040740967,0.03920457579872825,0.1,Classifier Error ($p$)
51,Polarization,-33.37979686035111,reddit,spectral,99,99,99,631,553,100,0,3.8812530040740967,0.03920457579872825,0.1,Classifier Error ($p$)
51,$\|L_{t} - L_{0}\|_F$ / $\|L_{0}\|_F$,2.786008455747639,reddit,spectral,99,99,99,631,553,100,0,3.8812530040740967,0.03920457579872825,0.1,Classifier Error ($p$)
52,Surrogate,-14.995124330395255,reddit,spectral,99,99,99,631,553,100,0,3.8812530040740967,0.03920457579872825,0.1,Classifier Error ($p$)
52,Disparity,-34.16938626857667,reddit,spectral,99,99,99,631,553,100,0,3.8812530040740967,0.03920457579872825,0.1,Classifier Error ($p$)
52,Polarization,-33.44849752283668,reddit,spectral,99,99,99,631,553,100,0,3.8812530040740967,0.03920457579872825,0.1,Classifier Error ($p$)
52,$\|L_{t} - L_{0}\|_F$ / $\|L_{0}\|_F$,2.8010545154167685,reddit,spectral,99,99,99,631,553,100,0,3.8812530040740967,0.03920457579872825,0.1,Classifier Error ($p$)
53,Surrogate,-15.017280348837597,reddit,spectral,99,99,99,631,553,100,0,3.8812530040740967,0.03920457579872825,0.1,Classifier Error ($p$)
53,Disparity,-34.20229803684809,reddit,spectral,99,99,99,631,553,100,0,3.8812530040740967,0.03920457579872825,0.1,Classifier Error ($p$)
53,Polarization,-33.50116290031701,reddit,spectral,99,99,99,631,553,100,0,3.8812530040740967,0.03920457579872825,0.1,Classifier Error ($p$)
53,$\|L_{t} - L_{0}\|_F$ / $\|L_{0}\|_F$,2.835851557873769,reddit,spectral,99,99,99,631,553,100,0,3.8812530040740967,0.03920457579872825,0.1,Classifier Error ($p$)
54,Surrogate,-16.099669523140584,reddit,spectral,99,99,99,631,553,100,0,3.8812530040740967,0.03920457579872825,0.1,Classifier Error ($p$)
54,Disparity,-35.6421432610996,reddit,spectral,99,99,99,631,553,100,0,3.8812530040740967,0.03920457579872825,0.1,Classifier Error ($p$)
54,Polarization,-34.994417902069884,reddit,spectral,99,99,99,631,553,100,0,3.8812530040740967,0.03920457579872825,0.1,Classifier Error ($p$)
54,$\|L_{t} - L_{0}\|_F$ / $\|L_{0}\|_F$,2.88483361757534,reddit,spectral,99,99,99,631,553,100,0,3.8812530040740967,0.03920457579872825,0.1,Classifier Error ($p$)
55,Surrogate,-16.15793632008686,reddit,spectral,99,99,99,631,553,100,0,3.8812530040740967,0.03920457579872825,0.1,Classifier Error ($p$)
55,Disparity,-35.7082574099242,reddit,spectral,99,99,99,631,553,100,0,3.8812530040740967,0.03920457579872825,0.1,Classifier Error ($p$)
55,Polarization,-35.10724934737617,reddit,spectral,99,99,99,631,553,100,0,3.8812530040740967,0.03920457579872825,0.1,Classifier Error ($p$)
55,$\|L_{t} - L_{0}\|_F$ / $\|L_{0}\|_F$,2.9041951343206804,reddit,spectral,99,99,99,631,553,100,0,3.8812530040740967,0.03920457579872825,0.1,Classifier Error ($p$)
56,Surrogate,-16.351326458628158,reddit,spectral,99,99,99,631,553,100,0,3.8812530040740967,0.03920457579872825,0.1,Classifier Error ($p$)
56,Disparity,-35.95547143599923,reddit,spectral,99,99,99,631,553,100,0,3.8812530040740967,0.03920457579872825,0.1,Classifier Error ($p$)
56,Polarization,-35.315096926466985,reddit,spectral,99,99,99,631,553,100,0,3.8812530040740967,0.03920457579872825,0.1,Classifier Error ($p$)
56,$\|L_{t} - L_{0}\|_F$ / $\|L_{0}\|_F$,2.9520434144859142,reddit,spectral,99,99,99,631,553,100,0,3.8812530040740967,0.03920457579872825,0.1,Classifier Error ($p$)
57,Surrogate,-16.425434010279968,reddit,spectral,99,99,99,631,553,100,0,3.8812530040740967,0.03920457579872825,0.1,Classifier Error ($p$)
57,Disparity,-36.0366320784338,reddit,spectral,99,99,99,631,553,100,0,3.8812530040740967,0.03920457579872825,0.1,Classifier Error ($p$)
57,Polarization,-35.46805161964768,reddit,spectral,99,99,99,631,553,100,0,3.8812530040740967,0.03920457579872825,0.1,Classifier Error ($p$)
57,$\|L_{t} - L_{0}\|_F$ / $\|L_{0}\|_F$,2.985080900238396,reddit,spectral,99,99,99,631,553,100,0,3.8812530040740967,0.03920457579872825,0.1,Classifier Error ($p$)
58,Surrogate,-16.638867629016453,reddit,spectral,99,99,99,631,553,100,0,3.8812530040740967,0.03920457579872825,0.1,Classifier Error ($p$)
58,Disparity,-36.38985007234292,reddit,spectral,99,99,99,631,553,100,0,3.8812530040740967,0.03920457579872825,0.1,Classifier Error ($p$)
58,Polarization,-35.88738638310153,reddit,spectral,99,99,99,631,553,100,0,3.8812530040740967,0.03920457579872825,0.1,Classifier Error ($p$)
58,$\|L_{t} - L_{0}\|_F$ / $\|L_{0}\|_F$,2.9991284173585155,reddit,spectral,99,99,99,631,553,100,0,3.8812530040740967,0.03920457579872825,0.1,Classifier Error ($p$)
59,Surrogate,-16.678031635107846,reddit,spectral,99,99,99,631,553,100,0,3.8812530040740967,0.03920457579872825,0.1,Classifier Error ($p$)
59,Disparity,-36.40932587308105,reddit,spectral,99,99,99,631,553,100,0,3.8812530040740967,0.03920457579872825,0.1,Classifier Error ($p$)
59,Polarization,-35.93178207776025,reddit,spectral,99,99,99,631,553,100,0,3.8812530040740967,0.03920457579872825,0.1,Classifier Error ($p$)
59,$\|L_{t} - L_{0}\|_F$ / $\|L_{0}\|_F$,3.040881634053742,reddit,spectral,99,99,99,631,553,100,0,3.8812530040740967,0.03920457579872825,0.1,Classifier Error ($p$)
60,Surrogate,-16.702135799668767,reddit,spectral,99,99,99,631,553,100,0,3.8812530040740967,0.03920457579872825,0.1,Classifier Error ($p$)
60,Disparity,-36.44678699158403,reddit,spectral,99,99,99,631,553,100,0,3.8812530040740967,0.03920457579872825,0.1,Classifier Error ($p$)
60,Polarization,-35.973600486995366,reddit,spectral,99,99,99,631,553,100,0,3.8812530040740967,0.03920457579872825,0.1,Classifier Error ($p$)
60,$\|L_{t} - L_{0}\|_F$ / $\|L_{0}\|_F$,3.054672551217999,reddit,spectral,99,99,99,631,553,100,0,3.8812530040740967,0.03920457579872825,0.1,Classifier Error ($p$)
61,Surrogate,-16.729231903279324,reddit,spectral,99,99,99,631,553,100,0,3.8812530040740967,0.03920457579872825,0.1,Classifier Error ($p$)
61,Disparity,-36.52058464252323,reddit,spectral,99,99,99,631,553,100,0,3.8812530040740967,0.03920457579872825,0.1,Classifier Error ($p$)
61,Polarization,-36.02961297613531,reddit,spectral,99,99,99,631,553,100,0,3.8812530040740967,0.03920457579872825,0.1,Classifier Error ($p$)
61,$\|L_{t} - L_{0}\|_F$ / $\|L_{0}\|_F$,3.0775200838603065,reddit,spectral,99,99,99,631,553,100,0,3.8812530040740967,0.03920457579872825,0.1,Classifier Error ($p$)
62,Surrogate,-17.481139527032923,reddit,spectral,99,99,99,631,553,100,0,3.8812530040740967,0.03920457579872825,0.1,Classifier Error ($p$)
62,Disparity,-37.38412220363897,reddit,spectral,99,99,99,631,553,100,0,3.8812530040740967,0.03920457579872825,0.1,Classifier Error ($p$)
62,Polarization,-36.91348863626892,reddit,spectral,99,99,99,631,553,100,0,3.8812530040740967,0.03920457579872825,0.1,Classifier Error ($p$)
62,$\|L_{t} - L_{0}\|_F$ / $\|L_{0}\|_F$,3.122713693145961,reddit,spectral,99,99,99,631,553,100,0,3.8812530040740967,0.03920457579872825,0.1,Classifier Error ($p$)
63,Surrogate,-17.665627559342305,reddit,spectral,99,99,99,631,553,100,0,3.8812530040740967,0.03920457579872825,0.1,Classifier Error ($p$)
63,Disparity,-37.612930470203786,reddit,spectral,99,99,99,631,553,100,0,3.8812530040740967,0.03920457579872825,0.1,Classifier Error ($p$)
63,Polarization,-37.166830543853415,reddit,spectral,99,99,99,631,553,100,0,3.8812530040740967,0.03920457579872825,0.1,Classifier Error ($p$)
63,$\|L_{t} - L_{0}\|_F$ / $\|L_{0}\|_F$,3.153963929616143,reddit,spectral,99,99,99,631,553,100,0,3.8812530040740967,0.03920457579872825,0.1,Classifier Error ($p$)
64,Surrogate,-17.714860922264084,reddit,spectral,99,99,99,631,553,100,0,3.8812530040740967,0.03920457579872825,0.1,Classifier Error ($p$)
64,Disparity,-37.656501139625156,reddit,spectral,99,99,99,631,553,100,0,3.8812530040740967,0.03920457579872825,0.1,Classifier Error ($p$)
64,Polarization,-37.19300688614147,reddit,spectral,99,99,99,631,553,100,0,3.8812530040740967,0.03920457579872825,0.1,Classifier Error ($p$)
64,$\|L_{t} - L_{0}\|_F$ / $\|L_{0}\|_F$,3.1716829675172136,reddit,spectral,99,99,99,631,553,100,0,3.8812530040740967,0.03920457579872825,0.1,Classifier Error ($p$)
65,Surrogate,-20.677072212734984,reddit,spectral,99,99,99,631,553,100,0,3.8812530040740967,0.03920457579872825,0.1,Classifier Error ($p$)
65,Disparity,-44.199515368331774,reddit,spectral,99,99,99,631,553,100,0,3.8812530040740967,0.03920457579872825,0.1,Classifier Error ($p$)
65,Polarization,-44.743922694210625,reddit,spectral,99,99,99,631,553,100,0,3.8812530040740967,0.03920457579872825,0.1,Classifier Error ($p$)
65,$\|L_{t} - L_{0}\|_F$ / $\|L_{0}\|_F$,3.193693522841174,reddit,spectral,99,99,99,631,553,100,0,3.8812530040740967,0.03920457579872825,0.1,Classifier Error ($p$)
66,Surrogate,-20.788048233190196,reddit,spectral,99,99,99,631,553,100,0,3.8812530040740967,0.03920457579872825,0.1,Classifier Error ($p$)
66,Disparity,-44.25810965906011,reddit,spectral,99,99,99,631,553,100,0,3.8812530040740967,0.03920457579872825,0.1,Classifier Error ($p$)
66,Polarization,-44.85468761401103,reddit,spectral,99,99,99,631,553,100,0,3.8812530040740967,0.03920457579872825,0.1,Classifier Error ($p$)
66,$\|L_{t} - L_{0}\|_F$ / $\|L_{0}\|_F$,3.2242558797024907,reddit,spectral,99,99,99,631,553,100,0,3.8812530040740967,0.03920457579872825,0.1,Classifier Error ($p$)
67,Surrogate,-20.845544798919455,reddit,spectral,99,99,99,631,553,100,0,3.8812530040740967,0.03920457579872825,0.1,Classifier Error ($p$)
67,Disparity,-44.2997383026645,reddit,spectral,99,99,99,631,553,100,0,3.8812530040740967,0.03920457579872825,0.1,Classifier Error ($p$)
67,Polarization,-44.92129617608527,reddit,spectral,99,99,99,631,553,100,0,3.8812530040740967,0.03920457579872825,0.1,Classifier Error ($p$)
67,$\|L_{t} - L_{0}\|_F$ / $\|L_{0}\|_F$,3.245909957037464,reddit,spectral,99,99,99,631,553,100,0,3.8812530040740967,0.03920457579872825,0.1,Classifier Error ($p$)
68,Surrogate,-20.8846413969816,reddit,spectral,99,99,99,631,553,100,0,3.8812530040740967,0.03920457579872825,0.1,Classifier Error ($p$)
68,Disparity,-44.32924720234519,reddit,spectral,99,99,99,631,553,100,0,3.8812530040740967,0.03920457579872825,0.1,Classifier Error ($p$)
68,Polarization,-44.985973740572724,reddit,spectral,99,99,99,631,553,100,0,3.8812530040740967,0.03920457579872825,0.1,Classifier Error ($p$)
68,$\|L_{t} - L_{0}\|_F$ / $\|L_{0}\|_F$,3.2717056736316605,reddit,spectral,99,99,99,631,553,100,0,3.8812530040740967,0.03920457579872825,0.1,Classifier Error ($p$)
69,Surrogate,-20.92089887519675,reddit,spectral,99,99,99,631,553,100,0,3.8812530040740967,0.03920457579872825,0.1,Classifier Error ($p$)
69,Disparity,-44.35460189584956,reddit,spectral,99,99,99,631,553,100,0,3.8812530040740967,0.03920457579872825,0.1,Classifier Error ($p$)
69,Polarization,-45.04168572442027,reddit,spectral,99,99,99,631,553,100,0,3.8812530040740967,0.03920457579872825,0.1,Classifier Error ($p$)
69,$\|L_{t} - L_{0}\|_F$ / $\|L_{0}\|_F$,3.2972995891414296,reddit,spectral,99,99,99,631,553,100,0,3.8812530040740967,0.03920457579872825,0.1,Classifier Error ($p$)
70,Surrogate,-20.936534896708746,reddit,spectral,99,99,99,631,553,100,0,3.8812530040740967,0.03920457579872825,0.1,Classifier Error ($p$)
70,Disparity,-44.385494790193206,reddit,spectral,99,99,99,631,553,100,0,3.8812530040740967,0.03920457579872825,0.1,Classifier Error ($p$)
70,Polarization,-45.10097011037044,reddit,spectral,99,99,99,631,553,100,0,3.8812530040740967,0.03920457579872825,0.1,Classifier Error ($p$)
70,$\|L_{t} - L_{0}\|_F$ / $\|L_{0}\|_F$,3.326910314467563,reddit,spectral,99,99,99,631,553,100,0,3.8812530040740967,0.03920457579872825,0.1,Classifier Error ($p$)
71,Surrogate,-20.956872861176,reddit,spectral,99,99,99,631,553,100,0,3.8812530040740967,0.03920457579872825,0.1,Classifier Error ($p$)
71,Disparity,-44.41064208593621,reddit,spectral,99,99,99,631,553,100,0,3.8812530040740967,0.03920457579872825,0.1,Classifier Error ($p$)
71,Polarization,-45.126798566274594,reddit,spectral,99,99,99,631,553,100,0,3.8812530040740967,0.03920457579872825,0.1,Classifier Error ($p$)
71,$\|L_{t} - L_{0}\|_F$ / $\|L_{0}\|_F$,3.3604316679184008,reddit,spectral,99,99,99,631,553,100,0,3.8812530040740967,0.03920457579872825,0.1,Classifier Error ($p$)
72,Surrogate,-20.986530157062468,reddit,spectral,99,99,99,631,553,100,0,3.8812530040740967,0.03920457579872825,0.1,Classifier Error ($p$)
72,Disparity,-44.430254274522454,reddit,spectral,99,99,99,631,553,100,0,3.8812530040740967,0.03920457579872825,0.1,Classifier Error ($p$)
72,Polarization,-45.15283986883185,reddit,spectral,99,99,99,631,553,100,0,3.8812530040740967,0.03920457579872825,0.1,Classifier Error ($p$)
72,$\|L_{t} - L_{0}\|_F$ / $\|L_{0}\|_F$,3.4305771522449393,reddit,spectral,99,99,99,631,553,100,0,3.8812530040740967,0.03920457579872825,0.1,Classifier Error ($p$)
73,Surrogate,-20.996549553107567,reddit,spectral,99,99,99,631,553,100,0,3.8812530040740967,0.03920457579872825,0.1,Classifier Error ($p$)
73,Disparity,-44.468810234797814,reddit,spectral,99,99,99,631,553,100,0,3.8812530040740967,0.03920457579872825,0.1,Classifier Error ($p$)
73,Polarization,-45.235964867155474,reddit,spectral,99,99,99,631,553,100,0,3.8812530040740967,0.03920457579872825,0.1,Classifier Error ($p$)
73,$\|L_{t} - L_{0}\|_F$ / $\|L_{0}\|_F$,3.4590471603410404,reddit,spectral,99,99,99,631,553,100,0,3.8812530040740967,0.03920457579872825,0.1,Classifier Error ($p$)
74,Surrogate,-21.0162059385165,reddit,spectral,99,99,99,631,553,100,0,3.8812530040740967,0.03920457579872825,0.1,Classifier Error ($p$)
74,Disparity,-44.571158480849185,reddit,spectral,99,99,99,631,553,100,0,3.8812530040740967,0.03920457579872825,0.1,Classifier Error ($p$)
74,Polarization,-45.30599629197181,reddit,spectral,99,99,99,631,553,100,0,3.8812530040740967,0.03920457579872825,0.1,Classifier Error ($p$)
74,$\|L_{t} - L_{0}\|_F$ / $\|L_{0}\|_F$,3.4792402516730982,reddit,spectral,99,99,99,631,553,100,0,3.8812530040740967,0.03920457579872825,0.1,Classifier Error ($p$)
75,Surrogate,-21.084656178616466,reddit,spectral,99,99,99,631,553,100,0,3.8812530040740967,0.03920457579872825,0.1,Classifier Error ($p$)
75,Disparity,-44.61100520833281,reddit,spectral,99,99,99,631,553,100,0,3.8812530040740967,0.03920457579872825,0.1,Classifier Error ($p$)
75,Polarization,-45.34575986517188,reddit,spectral,99,99,99,631,553,100,0,3.8812530040740967,0.03920457579872825,0.1,Classifier Error ($p$)
75,$\|L_{t} - L_{0}\|_F$ / $\|L_{0}\|_F$,3.507315267953638,reddit,spectral,99,99,99,631,553,100,0,3.8812530040740967,0.03920457579872825,0.1,Classifier Error ($p$)
76,Surrogate,-21.118669352774447,reddit,spectral,99,99,99,631,553,100,0,3.8812530040740967,0.03920457579872825,0.1,Classifier Error ($p$)
76,Disparity,-44.63488641603316,reddit,spectral,99,99,99,631,553,100,0,3.8812530040740967,0.03920457579872825,0.1,Classifier Error ($p$)
76,Polarization,-45.365075621112034,reddit,spectral,99,99,99,631,553,100,0,3.8812530040740967,0.03920457579872825,0.1,Classifier Error ($p$)
76,$\|L_{t} - L_{0}\|_F$ / $\|L_{0}\|_F$,3.5509847121465077,reddit,spectral,99,99,99,631,553,100,0,3.8812530040740967,0.03920457579872825,0.1,Classifier Error ($p$)
77,Surrogate,-21.14002744351621,reddit,spectral,99,99,99,631,553,100,0,3.8812530040740967,0.03920457579872825,0.1,Classifier Error ($p$)
77,Disparity,-44.65481922242572,reddit,spectral,99,99,99,631,553,100,0,3.8812530040740967,0.03920457579872825,0.1,Classifier Error ($p$)
77,Polarization,-45.37832122025855,reddit,spectral,99,99,99,631,553,100,0,3.8812530040740967,0.03920457579872825,0.1,Classifier Error ($p$)
77,$\|L_{t} - L_{0}\|_F$ / $\|L_{0}\|_F$,3.594123601516192,reddit,spectral,99,99,99,631,553,100,0,3.8812530040740967,0.03920457579872825,0.1,Classifier Error ($p$)
78,Surrogate,-21.472561906813958,reddit,spectral,99,99,99,631,553,100,0,3.8812530040740967,0.03920457579872825,0.1,Classifier Error ($p$)
78,Disparity,-45.09073017513973,reddit,spectral,99,99,99,631,553,100,0,3.8812530040740967,0.03920457579872825,0.1,Classifier Error ($p$)
78,Polarization,-45.742164813537336,reddit,spectral,99,99,99,631,553,100,0,3.8812530040740967,0.03920457579872825,0.1,Classifier Error ($p$)
78,$\|L_{t} - L_{0}\|_F$ / $\|L_{0}\|_F$,3.6019115274441815,reddit,spectral,99,99,99,631,553,100,0,3.8812530040740967,0.03920457579872825,0.1,Classifier Error ($p$)
79,Surrogate,-21.519560218606628,reddit,spectral,99,99,99,631,553,100,0,3.8812530040740967,0.03920457579872825,0.1,Classifier Error ($p$)
79,Disparity,-45.120544965499334,reddit,spectral,99,99,99,631,553,100,0,3.8812530040740967,0.03920457579872825,0.1,Classifier Error ($p$)
79,Polarization,-45.79423405642847,reddit,spectral,99,99,99,631,553,100,0,3.8812530040740967,0.03920457579872825,0.1,Classifier Error ($p$)
79,$\|L_{t} - L_{0}\|_F$ / $\|L_{0}\|_F$,3.6328962833768683,reddit,spectral,99,99,99,631,553,100,0,3.8812530040740967,0.03920457579872825,0.1,Classifier Error ($p$)
80,Surrogate,-21.55050020889774,reddit,spectral,99,99,99,631,553,100,0,3.8812530040740967,0.03920457579872825,0.1,Classifier Error ($p$)
80,Disparity,-45.13809898721018,reddit,spectral,99,99,99,631,553,100,0,3.8812530040740967,0.03920457579872825,0.1,Classifier Error ($p$)
80,Polarization,-45.81039308705226,reddit,spectral,99,99,99,631,553,100,0,3.8812530040740967,0.03920457579872825,0.1,Classifier Error ($p$)
80,$\|L_{t} - L_{0}\|_F$ / $\|L_{0}\|_F$,3.6636189976595075,reddit,spectral,99,99,99,631,553,100,0,3.8812530040740967,0.03920457579872825,0.1,Classifier Error ($p$)
81,Surrogate,-21.98180220671161,reddit,spectral,99,99,99,631,553,100,0,3.8812530040740967,0.03920457579872825,0.1,Classifier Error ($p$)
81,Disparity,-46.057122452690486,reddit,spectral,99,99,99,631,553,100,0,3.8812530040740967,0.03920457579872825,0.1,Classifier Error ($p$)
81,Polarization,-46.75091990941458,reddit,spectral,99,99,99,631,553,100,0,3.8812530040740967,0.03920457579872825,0.1,Classifier Error ($p$)
81,$\|L_{t} - L_{0}\|_F$ / $\|L_{0}\|_F$,3.686493011751182,reddit,spectral,99,99,99,631,553,100,0,3.8812530040740967,0.03920457579872825,0.1,Classifier Error ($p$)
82,Surrogate,-22.15081741903685,reddit,spectral,99,99,99,631,553,100,0,3.8812530040740967,0.03920457579872825,0.1,Classifier Error ($p$)
82,Disparity,-46.315032150745076,reddit,spectral,99,99,99,631,553,100,0,3.8812530040740967,0.03920457579872825,0.1,Classifier Error ($p$)
82,Polarization,-46.99918109159282,reddit,spectral,99,99,99,631,553,100,0,3.8812530040740967,0.03920457579872825,0.1,Classifier Error ($p$)
82,$\|L_{t} - L_{0}\|_F$ / $\|L_{0}\|_F$,3.7092259693053133,reddit,spectral,99,99,99,631,553,100,0,3.8812530040740967,0.03920457579872825,0.1,Classifier Error ($p$)
83,Surrogate,-22.165076491576027,reddit,spectral,99,99,99,631,553,100,0,3.8812530040740967,0.03920457579872825,0.1,Classifier Error ($p$)
83,Disparity,-46.32479741249343,reddit,spectral,99,99,99,631,553,100,0,3.8812530040740967,0.03920457579872825,0.1,Classifier Error ($p$)
83,Polarization,-47.006459305455316,reddit,spectral,99,99,99,631,553,100,0,3.8812530040740967,0.03920457579872825,0.1,Classifier Error ($p$)
83,$\|L_{t} - L_{0}\|_F$ / $\|L_{0}\|_F$,3.7505452041598506,reddit,spectral,99,99,99,631,553,100,0,3.8812530040740967,0.03920457579872825,0.1,Classifier Error ($p$)
84,Surrogate,-22.22819979743284,reddit,spectral,99,99,99,631,553,100,0,3.8812530040740967,0.03920457579872825,0.1,Classifier Error ($p$)
84,Disparity,-46.39127469274447,reddit,spectral,99,99,99,631,553,100,0,3.8812530040740967,0.03920457579872825,0.1,Classifier Error ($p$)
84,Polarization,-47.11208077705489,reddit,spectral,99,99,99,631,553,100,0,3.8812530040740967,0.03920457579872825,0.1,Classifier Error ($p$)
84,$\|L_{t} - L_{0}\|_F$ / $\|L_{0}\|_F$,3.7728922452311164,reddit,spectral,99,99,99,631,553,100,0,3.8812530040740967,0.03920457579872825,0.1,Classifier Error ($p$)
85,Surrogate,-22.34332063283736,reddit,spectral,99,99,99,631,553,100,0,3.8812530040740967,0.03920457579872825,0.1,Classifier Error ($p$)
85,Disparity,-46.57109155164481,reddit,spectral,99,99,99,631,553,100,0,3.8812530040740967,0.03920457579872825,0.1,Classifier Error ($p$)
85,Polarization,-47.40411018583981,reddit,spectral,99,99,99,631,553,100,0,3.8812530040740967,0.03920457579872825,0.1,Classifier Error ($p$)
85,$\|L_{t} - L_{0}\|_F$ / $\|L_{0}\|_F$,3.7987976458457897,reddit,spectral,99,99,99,631,553,100,0,3.8812530040740967,0.03920457579872825,0.1,Classifier Error ($p$)
86,Surrogate,-22.37794916850558,reddit,spectral,99,99,99,631,553,100,0,3.8812530040740967,0.03920457579872825,0.1,Classifier Error ($p$)
86,Disparity,-46.601005607380955,reddit,spectral,99,99,99,631,553,100,0,3.8812530040740967,0.03920457579872825,0.1,Classifier Error ($p$)
86,Polarization,-47.426695759214645,reddit,spectral,99,99,99,631,553,100,0,3.8812530040740967,0.03920457579872825,0.1,Classifier Error ($p$)
86,$\|L_{t} - L_{0}\|_F$ / $\|L_{0}\|_F$,3.8245275805048036,reddit,spectral,99,99,99,631,553,100,0,3.8812530040740967,0.03920457579872825,0.1,Classifier Error ($p$)
87,Surrogate,-22.408533049151767,reddit,spectral,99,99,99,631,553,100,0,3.8812530040740967,0.03920457579872825,0.1,Classifier Error ($p$)
87,Disparity,-46.62136550080459,reddit,spectral,99,99,99,631,553,100,0,3.8812530040740967,0.03920457579872825,0.1,Classifier Error ($p$)
87,Polarization,-47.440482704261285,reddit,spectral,99,99,99,631,553,100,0,3.8812530040740967,0.03920457579872825,0.1,Classifier Error ($p$)
87,$\|L_{t} - L_{0}\|_F$ / $\|L_{0}\|_F$,3.8609871997767184,reddit,spectral,99,99,99,631,553,100,0,3.8812530040740967,0.03920457579872825,0.1,Classifier Error ($p$)
88,Surrogate,-22.466344077001175,reddit,spectral,99,99,99,631,553,100,0,3.8812530040740967,0.03920457579872825,0.1,Classifier Error ($p$)
88,Disparity,-46.7309793116937,reddit,spectral,99,99,99,631,553,100,0,3.8812530040740967,0.03920457579872825,0.1,Classifier Error ($p$)
88,Polarization,-47.498556968131155,reddit,spectral,99,99,99,631,553,100,0,3.8812530040740967,0.03920457579872825,0.1,Classifier Error ($p$)
88,$\|L_{t} - L_{0}\|_F$ / $\|L_{0}\|_F$,3.9078761984582786,reddit,spectral,99,99,99,631,553,100,0,3.8812530040740967,0.03920457579872825,0.1,Classifier Error ($p$)
89,Surrogate,-22.4678231745911,reddit,spectral,99,99,99,631,553,100,0,3.8812530040740967,0.03920457579872825,0.1,Classifier Error ($p$)
89,Disparity,-46.74507318534877,reddit,spectral,99,99,99,631,553,100,0,3.8812530040740967,0.03920457579872825,0.1,Classifier Error ($p$)
89,Polarization,-47.50219062605482,reddit,spectral,99,99,99,631,553,100,0,3.8812530040740967,0.03920457579872825,0.1,Classifier Error ($p$)
89,$\|L_{t} - L_{0}\|_F$ / $\|L_{0}\|_F$,3.9364533703214266,reddit,spectral,99,99,99,631,553,100,0,3.8812530040740967,0.03920457579872825,0.1,Classifier Error ($p$)
90,Surrogate,-22.561866403860645,reddit,spectral,99,99,99,631,553,100,0,3.8812530040740967,0.03920457579872825,0.1,Classifier Error ($p$)
90,Disparity,-46.790689454144626,reddit,spectral,99,99,99,631,553,100,0,3.8812530040740967,0.03920457579872825,0.1,Classifier Error ($p$)
90,Polarization,-47.58900801386922,reddit,spectral,99,99,99,631,553,100,0,3.8812530040740967,0.03920457579872825,0.1,Classifier Error ($p$)
90,$\|L_{t} - L_{0}\|_F$ / $\|L_{0}\|_F$,3.985970453557295,reddit,spectral,99,99,99,631,553,100,0,3.8812530040740967,0.03920457579872825,0.1,Classifier Error ($p$)
91,Surrogate,-22.624395343818335,reddit,spectral,99,99,99,631,553,100,0,3.8812530040740967,0.03920457579872825,0.1,Classifier Error ($p$)
91,Disparity,-46.82987643068271,reddit,spectral,99,99,99,631,553,100,0,3.8812530040740967,0.03920457579872825,0.1,Classifier Error ($p$)
91,Polarization,-47.64860296154211,reddit,spectral,99,99,99,631,553,100,0,3.8812530040740967,0.03920457579872825,0.1,Classifier Error ($p$)
91,$\|L_{t} - L_{0}\|_F$ / $\|L_{0}\|_F$,3.9965014374413874,reddit,spectral,99,99,99,631,553,100,0,3.8812530040740967,0.03920457579872825,0.1,Classifier Error ($p$)
92,Surrogate,-22.705457878945126,reddit,spectral,99,99,99,631,553,100,0,3.8812530040740967,0.03920457579872825,0.1,Classifier Error ($p$)
92,Disparity,-46.91265036370692,reddit,spectral,99,99,99,631,553,100,0,3.8812530040740967,0.03920457579872825,0.1,Classifier Error ($p$)
92,Polarization,-47.74157207294925,reddit,spectral,99,99,99,631,553,100,0,3.8812530040740967,0.03920457579872825,0.1,Classifier Error ($p$)
92,$\|L_{t} - L_{0}\|_F$ / $\|L_{0}\|_F$,4.003506703882312,reddit,spectral,99,99,99,631,553,100,0,3.8812530040740967,0.03920457579872825,0.1,Classifier Error ($p$)
93,Surrogate,-19.620108547474047,reddit,spectral,99,99,99,631,553,100,0,3.8812530040740967,0.03920457579872825,0.1,Classifier Error ($p$)
93,Disparity,-43.30254570598544,reddit,spectral,99,99,99,631,553,100,0,3.8812530040740967,0.03920457579872825,0.1,Classifier Error ($p$)
93,Polarization,-45.01785184931136,reddit,spectral,99,99,99,631,553,100,0,3.8812530040740967,0.03920457579872825,0.1,Classifier Error ($p$)
93,$\|L_{t} - L_{0}\|_F$ / $\|L_{0}\|_F$,4.031406042842722,reddit,spectral,99,99,99,631,553,100,0,3.8812530040740967,0.03920457579872825,0.1,Classifier Error ($p$)
94,Surrogate,-19.664468414874616,reddit,spectral,99,99,99,631,553,100,0,3.8812530040740967,0.03920457579872825,0.1,Classifier Error ($p$)
94,Disparity,-43.34878501308532,reddit,spectral,99,99,99,631,553,100,0,3.8812530040740967,0.03920457579872825,0.1,Classifier Error ($p$)
94,Polarization,-45.05133202222652,reddit,spectral,99,99,99,631,553,100,0,3.8812530040740967,0.03920457579872825,0.1,Classifier Error ($p$)
94,$\|L_{t} - L_{0}\|_F$ / $\|L_{0}\|_F$,4.066011021267226,reddit,spectral,99,99,99,631,553,100,0,3.8812530040740967,0.03920457579872825,0.1,Classifier Error ($p$)
95,Surrogate,-19.72452968899825,reddit,spectral,99,99,99,631,553,100,0,3.8812530040740967,0.03920457579872825,0.1,Classifier Error ($p$)
95,Disparity,-43.38225195999439,reddit,spectral,99,99,99,631,553,100,0,3.8812530040740967,0.03920457579872825,0.1,Classifier Error ($p$)
95,Polarization,-45.07368278680689,reddit,spectral,99,99,99,631,553,100,0,3.8812530040740967,0.03920457579872825,0.1,Classifier Error ($p$)
95,$\|L_{t} - L_{0}\|_F$ / $\|L_{0}\|_F$,4.100323958892064,reddit,spectral,99,99,99,631,553,100,0,3.8812530040740967,0.03920457579872825,0.1,Classifier Error ($p$)
96,Surrogate,-19.738927266192654,reddit,spectral,99,99,99,631,553,100,0,3.8812530040740967,0.03920457579872825,0.1,Classifier Error ($p$)
96,Disparity,-43.412712197244566,reddit,spectral,99,99,99,631,553,100,0,3.8812530040740967,0.03920457579872825,0.1,Classifier Error ($p$)
96,Polarization,-45.10312399340756,reddit,spectral,99,99,99,631,553,100,0,3.8812530040740967,0.03920457579872825,0.1,Classifier Error ($p$)
96,$\|L_{t} - L_{0}\|_F$ / $\|L_{0}\|_F$,4.134352127076505,reddit,spectral,99,99,99,631,553,100,0,3.8812530040740967,0.03920457579872825,0.1,Classifier Error ($p$)
97,Surrogate,-19.883373407322427,reddit,spectral,99,99,99,631,553,100,0,3.8812530040740967,0.03920457579872825,0.1,Classifier Error ($p$)
97,Disparity,-43.603637544691345,reddit,spectral,99,99,99,631,553,100,0,3.8812530040740967,0.03920457579872825,0.1,Classifier Error ($p$)
97,Polarization,-45.36488996575501,reddit,spectral,99,99,99,631,553,100,0,3.8812530040740967,0.03920457579872825,0.1,Classifier Error ($p$)
97,$\|L_{t} - L_{0}\|_F$ / $\|L_{0}\|_F$,4.171462519038081,reddit,spectral,99,99,99,631,553,100,0,3.8812530040740967,0.03920457579872825,0.1,Classifier Error ($p$)
98,Surrogate,-19.933883470918516,reddit,spectral,99,99,99,631,553,100,0,3.8812530040740967,0.03920457579872825,0.1,Classifier Error ($p$)
98,Disparity,-43.64927283651711,reddit,spectral,99,99,99,631,553,100,0,3.8812530040740967,0.03920457579872825,0.1,Classifier Error ($p$)
98,Polarization,-45.40877414330796,reddit,spectral,99,99,99,631,553,100,0,3.8812530040740967,0.03920457579872825,0.1,Classifier Error ($p$)
98,$\|L_{t} - L_{0}\|_F$ / $\|L_{0}\|_F$,4.198245860115595,reddit,spectral,99,99,99,631,553,100,0,3.8812530040740967,0.03920457579872825,0.1,Classifier Error ($p$)
0,Surrogate,-0.032770146690045576,reddit,spectral,99,99,99,631,553,100,0,3.0571937561035156,0.030880745011146623,0.2,Classifier Error ($p$)
0,Disparity,-0.058139813402341,reddit,spectral,99,99,99,631,553,100,0,3.0571937561035156,0.030880745011146623,0.2,Classifier Error ($p$)
0,Polarization,-0.1387132993977283,reddit,spectral,99,99,99,631,553,100,0,3.0571937561035156,0.030880745011146623,0.2,Classifier Error ($p$)
0,$\|L_{t} - L_{0}\|_F$ / $\|L_{0}\|_F$,0.3347900493131408,reddit,spectral,99,99,99,631,553,100,0,3.0571937561035156,0.030880745011146623,0.2,Classifier Error ($p$)
1,Surrogate,-0.03506839096562922,reddit,spectral,99,99,99,631,553,100,0,3.0571937561035156,0.030880745011146623,0.2,Classifier Error ($p$)
1,Disparity,-0.09299220938477284,reddit,spectral,99,99,99,631,553,100,0,3.0571937561035156,0.030880745011146623,0.2,Classifier Error ($p$)
1,Polarization,-0.1930703027219874,reddit,spectral,99,99,99,631,553,100,0,3.0571937561035156,0.030880745011146623,0.2,Classifier Error ($p$)
1,$\|L_{t} - L_{0}\|_F$ / $\|L_{0}\|_F$,0.473464628286201,reddit,spectral,99,99,99,631,553,100,0,3.0571937561035156,0.030880745011146623,0.2,Classifier Error ($p$)
2,Surrogate,-0.08971967973573708,reddit,spectral,99,99,99,631,553,100,0,3.0571937561035156,0.030880745011146623,0.2,Classifier Error ($p$)
2,Disparity,-0.17064514040207077,reddit,spectral,99,99,99,631,553,100,0,3.0571937561035156,0.030880745011146623,0.2,Classifier Error ($p$)
2,Polarization,-0.34474858284861637,reddit,spectral,99,99,99,631,553,100,0,3.0571937561035156,0.030880745011146623,0.2,Classifier Error ($p$)
2,$\|L_{t} - L_{0}\|_F$ / $\|L_{0}\|_F$,0.5798733752788496,reddit,spectral,99,99,99,631,553,100,0,3.0571937561035156,0.030880745011146623,0.2,Classifier Error ($p$)
3,Surrogate,-0.12448286246328866,reddit,spectral,99,99,99,631,553,100,0,3.0571937561035156,0.030880745011146623,0.2,Classifier Error ($p$)
3,Disparity,-0.22699388234978762,reddit,spectral,99,99,99,631,553,100,0,3.0571937561035156,0.030880745011146623,0.2,Classifier Error ($p$)
3,Polarization,-0.3685780217080269,reddit,spectral,99,99,99,631,553,100,0,3.0571937561035156,0.030880745011146623,0.2,Classifier Error ($p$)
3,$\|L_{t} - L_{0}\|_F$ / $\|L_{0}\|_F$,0.6695800986262817,reddit,spectral,99,99,99,631,553,100,0,3.0571937561035156,0.030880745011146623,0.2,Classifier Error ($p$)
4,Surrogate,-0.3085595220183125,reddit,spectral,99,99,99,631,553,100,0,3.0571937561035156,0.030880745011146623,0.2,Classifier Error ($p$)
4,Disparity,-0.3759571999959586,reddit,spectral,99,99,99,631,553,100,0,3.0571937561035156,0.030880745011146623,0.2,Classifier Error ($p$)
4,Polarization,-0.695938907756378,reddit,spectral,99,99,99,631,553,100,0,3.0571937561035156,0.030880745011146623,0.2,Classifier Error ($p$)
4,$\|L_{t} - L_{0}\|_F$ / $\|L_{0}\|_F$,0.7486133084546897,reddit,spectral,99,99,99,631,553,100,0,3.0571937561035156,0.030880745011146623,0.2,Classifier Error ($p$)
5,Surrogate,-0.5760828110567081,reddit,spectral,99,99,99,631,553,100,0,3.0571937561035156,0.030880745011146623,0.2,Classifier Error ($p$)
5,Disparity,-0.9436545506375574,reddit,spectral,99,99,99,631,553,100,0,3.0571937561035156,0.030880745011146623,0.2,Classifier Error ($p$)
5,Polarization,-0.7616984053233203,reddit,spectral,99,99,99,631,553,100,0,3.0571937561035156,0.030880745011146623,0.2,Classifier Error ($p$)
5,$\|L_{t} - L_{0}\|_F$ / $\|L_{0}\|_F$,0.8369751232828521,reddit,spectral,99,99,99,631,553,100,0,3.0571937561035156,0.030880745011146623,0.2,Classifier Error ($p$)
6,Surrogate,-0.6214853839534835,reddit,spectral,99,99,99,631,553,100,0,3.0571937561035156,0.030880745011146623,0.2,Classifier Error ($p$)
6,Disparity,-0.9641409310531193,reddit,spectral,99,99,99,631,553,100,0,3.0571937561035156,0.030880745011146623,0.2,Classifier Error ($p$)
6,Polarization,-0.838625583111097,reddit,spectral,99,99,99,631,553,100,0,3.0571937561035156,0.030880745011146623,0.2,Classifier Error ($p$)
6,$\|L_{t} - L_{0}\|_F$ / $\|L_{0}\|_F$,0.9014497956699755,reddit,spectral,99,99,99,631,553,100,0,3.0571937561035156,0.030880745011146623,0.2,Classifier Error ($p$)
7,Surrogate,-0.7646672643668877,reddit,spectral,99,99,99,631,553,100,0,3.0571937561035156,0.030880745011146623,0.2,Classifier Error ($p$)
7,Disparity,-1.2294526720315448,reddit,spectral,99,99,99,631,553,100,0,3.0571937561035156,0.030880745011146623,0.2,Classifier Error ($p$)
7,Polarization,-1.3734139556595293,reddit,spectral,99,99,99,631,553,100,0,3.0571937561035156,0.030880745011146623,0.2,Classifier Error ($p$)
7,$\|L_{t} - L_{0}\|_F$ / $\|L_{0}\|_F$,0.9616112058584467,reddit,spectral,99,99,99,631,553,100,0,3.0571937561035156,0.030880745011146623,0.2,Classifier Error ($p$)
8,Surrogate,-0.7939471396344927,reddit,spectral,99,99,99,631,553,100,0,3.0571937561035156,0.030880745011146623,0.2,Classifier Error ($p$)
8,Disparity,-1.2732674534214867,reddit,spectral,99,99,99,631,553,100,0,3.0571937561035156,0.030880745011146623,0.2,Classifier Error ($p$)
8,Polarization,-1.433394556207586,reddit,spectral,99,99,99,631,553,100,0,3.0571937561035156,0.030880745011146623,0.2,Classifier Error ($p$)
8,$\|L_{t} - L_{0}\|_F$ / $\|L_{0}\|_F$,1.018224183739333,reddit,spectral,99,99,99,631,553,100,0,3.0571937561035156,0.030880745011146623,0.2,Classifier Error ($p$)
9,Surrogate,-0.9928045765214456,reddit,spectral,99,99,99,631,553,100,0,3.0571937561035156,0.030880745011146623,0.2,Classifier Error ($p$)
9,Disparity,-1.6051691190010078,reddit,spectral,99,99,99,631,553,100,0,3.0571937561035156,0.030880745011146623,0.2,Classifier Error ($p$)
9,Polarization,-1.8558515313032282,reddit,spectral,99,99,99,631,553,100,0,3.0571937561035156,0.030880745011146623,0.2,Classifier Error ($p$)
9,$\|L_{t} - L_{0}\|_F$ / $\|L_{0}\|_F$,1.0718511396041555,reddit,spectral,99,99,99,631,553,100,0,3.0571937561035156,0.030880745011146623,0.2,Classifier Error ($p$)
10,Surrogate,-1.2385662809825015,reddit,spectral,99,99,99,631,553,100,0,3.0571937561035156,0.030880745011146623,0.2,Classifier Error ($p$)
10,Disparity,-1.7718469534035313,reddit,spectral,99,99,99,631,553,100,0,3.0571937561035156,0.030880745011146623,0.2,Classifier Error ($p$)
10,Polarization,-2.2361150555248166,reddit,spectral,99,99,99,631,553,100,0,3.0571937561035156,0.030880745011146623,0.2,Classifier Error ($p$)
10,$\|L_{t} - L_{0}\|_F$ / $\|L_{0}\|_F$,1.1229199626820345,reddit,spectral,99,99,99,631,553,100,0,3.0571937561035156,0.030880745011146623,0.2,Classifier Error ($p$)
11,Surrogate,-1.2715662593541566,reddit,spectral,99,99,99,631,553,100,0,3.0571937561035156,0.030880745011146623,0.2,Classifier Error ($p$)
11,Disparity,-1.8302834708976767,reddit,spectral,99,99,99,631,553,100,0,3.0571937561035156,0.030880745011146623,0.2,Classifier Error ($p$)
11,Polarization,-2.303159838401936,reddit,spectral,99,99,99,631,553,100,0,3.0571937561035156,0.030880745011146623,0.2,Classifier Error ($p$)
11,$\|L_{t} - L_{0}\|_F$ / $\|L_{0}\|_F$,1.1717651725959928,reddit,spectral,99,99,99,631,553,100,0,3.0571937561035156,0.030880745011146623,0.2,Classifier Error ($p$)
12,Surrogate,-1.3031939530659014,reddit,spectral,99,99,99,631,553,100,0,3.0571937561035156,0.030880745011146623,0.2,Classifier Error ($p$)
12,Disparity,-1.8656755732782644,reddit,spectral,99,99,99,631,553,100,0,3.0571937561035156,0.030880745011146623,0.2,Classifier Error ($p$)
12,Polarization,-2.373761492029778,reddit,spectral,99,99,99,631,553,100,0,3.0571937561035156,0.030880745011146623,0.2,Classifier Error ($p$)
12,$\|L_{t} - L_{0}\|_F$ / $\|L_{0}\|_F$,1.2186541744186545,reddit,spectral,99,99,99,631,553,100,0,3.0571937561035156,0.030880745011146623,0.2,Classifier Error ($p$)
13,Surrogate,-1.4491308787280999,reddit,spectral,99,99,99,631,553,100,0,3.0571937561035156,0.030880745011146623,0.2,Classifier Error ($p$)
13,Disparity,-2.0633040944845438,reddit,spectral,99,99,99,631,553,100,0,3.0571937561035156,0.030880745011146623,0.2,Classifier Error ($p$)
13,Polarization,-2.4903883026912466,reddit,spectral,99,99,99,631,553,100,0,3.0571937561035156,0.030880745011146623,0.2,Classifier Error ($p$)
13,$\|L_{t} - L_{0}\|_F$ / $\|L_{0}\|_F$,1.2638047214451715,reddit,spectral,99,99,99,631,553,100,0,3.0571937561035156,0.030880745011146623,0.2,Classifier Error ($p$)
14,Surrogate,-1.6497160466227352,reddit,spectral,99,99,99,631,553,100,0,3.0571937561035156,0.030880745011146623,0.2,Classifier Error ($p$)
14,Disparity,-2.4337667160703362,reddit,spectral,99,99,99,631,553,100,0,3.0571937561035156,0.030880745011146623,0.2,Classifier Error ($p$)
14,Polarization,-2.5461185416553076,reddit,spectral,99,99,99,631,553,100,0,3.0571937561035156,0.030880745011146623,0.2,Classifier Error ($p$)
14,$\|L_{t} - L_{0}\|_F$ / $\|L_{0}\|_F$,1.3073969370723655,reddit,spectral,99,99,99,631,553,100,0,3.0571937561035156,0.030880745011146623,0.2,Classifier Error ($p$)
15,Surrogate,-1.877370072871012,reddit,spectral,99,99,99,631,553,100,0,3.0571937561035156,0.030880745011146623,0.2,Classifier Error ($p$)
15,Disparity,-2.6541820783428536,reddit,spectral,99,99,99,631,553,100,0,3.0571937561035156,0.030880745011146623,0.2,Classifier Error ($p$)
15,Polarization,-2.8439627047574265,reddit,spectral,99,99,99,631,553,100,0,3.0571937561035156,0.030880745011146623,0.2,Classifier Error ($p$)
15,$\|L_{t} - L_{0}\|_F$ / $\|L_{0}\|_F$,1.3495818345640613,reddit,spectral,99,99,99,631,553,100,0,3.0571937561035156,0.030880745011146623,0.2,Classifier Error ($p$)
16,Surrogate,-2.1684878274120734,reddit,spectral,99,99,99,631,553,100,0,3.0571937561035156,0.030880745011146623,0.2,Classifier Error ($p$)
16,Disparity,-3.27058297795139,reddit,spectral,99,99,99,631,553,100,0,3.0571937561035156,0.030880745011146623,0.2,Classifier Error ($p$)
16,Polarization,-4.293272723401763,reddit,spectral,99,99,99,631,553,100,0,3.0571937561035156,0.030880745011146623,0.2,Classifier Error ($p$)
16,$\|L_{t} - L_{0}\|_F$ / $\|L_{0}\|_F$,1.4005272577083843,reddit,spectral,99,99,99,631,553,100,0,3.0571937561035156,0.030880745011146623,0.2,Classifier Error ($p$)
17,Surrogate,-6.135788092279053,reddit,spectral,99,99,99,631,553,100,0,3.0571937561035156,0.030880745011146623,0.2,Classifier Error ($p$)
17,Disparity,-13.519354559690026,reddit,spectral,99,99,99,631,553,100,0,3.0571937561035156,0.030880745011146623,0.2,Classifier Error ($p$)
17,Polarization,-14.872758940238686,reddit,spectral,99,99,99,631,553,100,0,3.0571937561035156,0.030880745011146623,0.2,Classifier Error ($p$)
17,$\|L_{t} - L_{0}\|_F$ / $\|L_{0}\|_F$,1.430223717613258,reddit,spectral,99,99,99,631,553,100,0,3.0571937561035156,0.030880745011146623,0.2,Classifier Error ($p$)
18,Surrogate,-6.200689422838342,reddit,spectral,99,99,99,631,553,100,0,3.0571937561035156,0.030880745011146623,0.2,Classifier Error ($p$)
18,Disparity,-13.576513271467672,reddit,spectral,99,99,99,631,553,100,0,3.0571937561035156,0.030880745011146623,0.2,Classifier Error ($p$)
18,Polarization,-14.936785012212365,reddit,spectral,99,99,99,631,553,100,0,3.0571937561035156,0.030880745011146623,0.2,Classifier Error ($p$)
18,$\|L_{t} - L_{0}\|_F$ / $\|L_{0}\|_F$,1.4783928279798835,reddit,spectral,99,99,99,631,553,100,0,3.0571937561035156,0.030880745011146623,0.2,Classifier Error ($p$)
19,Surrogate,-6.299196182598253,reddit,spectral,99,99,99,631,553,100,0,3.0571937561035156,0.030880745011146623,0.2,Classifier Error ($p$)
19,Disparity,-13.737377193700858,reddit,spectral,99,99,99,631,553,100,0,3.0571937561035156,0.030880745011146623,0.2,Classifier Error ($p$)
19,Polarization,-15.142352285080696,reddit,spectral,99,99,99,631,553,100,0,3.0571937561035156,0.030880745011146623,0.2,Classifier Error ($p$)
19,$\|L_{t} - L_{0}\|_F$ / $\|L_{0}\|_F$,1.5250412536129068,reddit,spectral,99,99,99,631,553,100,0,3.0571937561035156,0.030880745011146623,0.2,Classifier Error ($p$)
20,Surrogate,-6.351108251995469,reddit,spectral,99,99,99,631,553,100,0,3.0571937561035156,0.030880745011146623,0.2,Classifier Error ($p$)
20,Disparity,-13.808198315447493,reddit,spectral,99,99,99,631,553,100,0,3.0571937561035156,0.030880745011146623,0.2,Classifier Error ($p$)
20,Polarization,-15.248433776777823,reddit,spectral,99,99,99,631,553,100,0,3.0571937561035156,0.030880745011146623,0.2,Classifier Error ($p$)
20,$\|L_{t} - L_{0}\|_F$ / $\|L_{0}\|_F$,1.5792015042102352,reddit,spectral,99,99,99,631,553,100,0,3.0571937561035156,0.030880745011146623,0.2,Classifier Error ($p$)
21,Surrogate,-6.3706486502085395,reddit,spectral,99,99,99,631,553,100,0,3.0571937561035156,0.030880745011146623,0.2,Classifier Error ($p$)
21,Disparity,-13.849368448383142,reddit,spectral,99,99,99,631,553,100,0,3.0571937561035156,0.030880745011146623,0.2,Classifier Error ($p$)
21,Polarization,-15.277116647565864,reddit,spectral,99,99,99,631,553,100,0,3.0571937561035156,0.030880745011146623,0.2,Classifier Error ($p$)
21,$\|L_{t} - L_{0}\|_F$ / $\|L_{0}\|_F$,1.622954978518732,reddit,spectral,99,99,99,631,553,100,0,3.0571937561035156,0.030880745011146623,0.2,Classifier Error ($p$)
22,Surrogate,-6.544729130154585,reddit,spectral,99,99,99,631,553,100,0,3.0571937561035156,0.030880745011146623,0.2,Classifier Error ($p$)
22,Disparity,-13.998691293785917,reddit,spectral,99,99,99,631,553,100,0,3.0571937561035156,0.030880745011146623,0.2,Classifier Error ($p$)
22,Polarization,-15.35692042236213,reddit,spectral,99,99,99,631,553,100,0,3.0571937561035156,0.030880745011146623,0.2,Classifier Error ($p$)
22,$\|L_{t} - L_{0}\|_F$ / $\|L_{0}\|_F$,1.6571261990017034,reddit,spectral,99,99,99,631,553,100,0,3.0571937561035156,0.030880745011146623,0.2,Classifier Error ($p$)
23,Surrogate,-6.556940615952682,reddit,spectral,99,99,99,631,553,100,0,3.0571937561035156,0.030880745011146623,0.2,Classifier Error ($p$)
23,Disparity,-14.032351956768762,reddit,spectral,99,99,99,631,553,100,0,3.0571937561035156,0.030880745011146623,0.2,Classifier Error ($p$)
23,Polarization,-15.406347976015194,reddit,spectral,99,99,99,631,553,100,0,3.0571937561035156,0.030880745011146623,0.2,Classifier Error ($p$)
23,$\|L_{t} - L_{0}\|_F$ / $\|L_{0}\|_F$,1.6906068781762744,reddit,spectral,99,99,99,631,553,100,0,3.0571937561035156,0.030880745011146623,0.2,Classifier Error ($p$)
24,Surrogate,-6.7001041086185555,reddit,spectral,99,99,99,631,553,100,0,3.0571937561035156,0.030880745011146623,0.2,Classifier Error ($p$)
24,Disparity,-14.251027933212788,reddit,spectral,99,99,99,631,553,100,0,3.0571937561035156,0.030880745011146623,0.2,Classifier Error ($p$)
24,Polarization,-15.815580154785902,reddit,spectral,99,99,99,631,553,100,0,3.0571937561035156,0.030880745011146623,0.2,Classifier Error ($p$)
24,$\|L_{t} - L_{0}\|_F$ / $\|L_{0}\|_F$,1.7315475990961953,reddit,spectral,99,99,99,631,553,100,0,3.0571937561035156,0.030880745011146623,0.2,Classifier Error ($p$)
25,Surrogate,-6.742860796646932,reddit,spectral,99,99,99,631,553,100,0,3.0571937561035156,0.030880745011146623,0.2,Classifier Error ($p$)
25,Disparity,-14.315984935603716,reddit,spectral,99,99,99,631,553,100,0,3.0571937561035156,0.030880745011146623,0.2,Classifier Error ($p$)
25,Polarization,-15.856825903888923,reddit,spectral,99,99,99,631,553,100,0,3.0571937561035156,0.030880745011146623,0.2,Classifier Error ($p$)
25,$\|L_{t} - L_{0}\|_F$ / $\|L_{0}\|_F$,1.7636160197318724,reddit,spectral,99,99,99,631,553,100,0,3.0571937561035156,0.030880745011146623,0.2,Classifier Error ($p$)
26,Surrogate,-6.762715326588493,reddit,spectral,99,99,99,631,553,100,0,3.0571937561035156,0.030880745011146623,0.2,Classifier Error ($p$)
26,Disparity,-14.349567861133956,reddit,spectral,99,99,99,631,553,100,0,3.0571937561035156,0.030880745011146623,0.2,Classifier Error ($p$)
26,Polarization,-15.918816062922026,reddit,spectral,99,99,99,631,553,100,0,3.0571937561035156,0.030880745011146623,0.2,Classifier Error ($p$)
26,$\|L_{t} - L_{0}\|_F$ / $\|L_{0}\|_F$,1.7951116517292143,reddit,spectral,99,99,99,631,553,100,0,3.0571937561035156,0.030880745011146623,0.2,Classifier Error ($p$)
27,Surrogate,-6.79926780272926,reddit,spectral,99,99,99,631,553,100,0,3.0571937561035156,0.030880745011146623,0.2,Classifier Error ($p$)
27,Disparity,-14.39484561519611,reddit,spectral,99,99,99,631,553,100,0,3.0571937561035156,0.030880745011146623,0.2,Classifier Error ($p$)
27,Polarization,-16.047383856930303,reddit,spectral,99,99,99,631,553,100,0,3.0571937561035156,0.030880745011146623,0.2,Classifier Error ($p$)
27,$\|L_{t} - L_{0}\|_F$ / $\|L_{0}\|_F$,1.8260641334008736,reddit,spectral,99,99,99,631,553,100,0,3.0571937561035156,0.030880745011146623,0.2,Classifier Error ($p$)
28,Surrogate,-6.847884550026138,reddit,spectral,99,99,99,631,553,100,0,3.0571937561035156,0.030880745011146623,0.2,Classifier Error ($p$)
28,Disparity,-14.442670121178494,reddit,spectral,99,99,99,631,553,100,0,3.0571937561035156,0.030880745011146623,0.2,Classifier Error ($p$)
28,Polarization,-16.12070347382812,reddit,spectral,99,99,99,631,553,100,0,3.0571937561035156,0.030880745011146623,0.2,Classifier Error ($p$)
28,$\|L_{t} - L_{0}\|_F$ / $\|L_{0}\|_F$,1.8640321055958111,reddit,spectral,99,99,99,631,553,100,0,3.0571937561035156,0.030880745011146623,0.2,Classifier Error ($p$)
29,Surrogate,-7.442008862072039,reddit,spectral,99,99,99,631,553,100,0,3.0571937561035156,0.030880745011146623,0.2,Classifier Error ($p$)
29,Disparity,-16.082370996521462,reddit,spectral,99,99,99,631,553,100,0,3.0571937561035156,0.030880745011146623,0.2,Classifier Error ($p$)
29,Polarization,-17.26748564053936,reddit,spectral,99,99,99,631,553,100,0,3.0571937561035156,0.030880745011146623,0.2,Classifier Error ($p$)
29,$\|L_{t} - L_{0}\|_F$ / $\|L_{0}\|_F$,1.893858513144804,reddit,spectral,99,99,99,631,553,100,0,3.0571937561035156,0.030880745011146623,0.2,Classifier Error ($p$)
30,Surrogate,-7.4703305487109075,reddit,spectral,99,99,99,631,553,100,0,3.0571937561035156,0.030880745011146623,0.2,Classifier Error ($p$)
30,Disparity,-16.132717877243653,reddit,spectral,99,99,99,631,553,100,0,3.0571937561035156,0.030880745011146623,0.2,Classifier Error ($p$)
30,Polarization,-17.277691696372653,reddit,spectral,99,99,99,631,553,100,0,3.0571937561035156,0.030880745011146623,0.2,Classifier Error ($p$)
30,$\|L_{t} - L_{0}\|_F$ / $\|L_{0}\|_F$,1.9232224117168935,reddit,spectral,99,99,99,631,553,100,0,3.0571937561035156,0.030880745011146623,0.2,Classifier Error ($p$)
31,Surrogate,-7.536364694091588,reddit,spectral,99,99,99,631,553,100,0,3.0571937561035156,0.030880745011146623,0.2,Classifier Error ($p$)
31,Disparity,-16.20397849997131,reddit,spectral,99,99,99,631,553,100,0,3.0571937561035156,0.030880745011146623,0.2,Classifier Error ($p$)
31,Polarization,-17.434013341655287,reddit,spectral,99,99,99,631,553,100,0,3.0571937561035156,0.030880745011146623,0.2,Classifier Error ($p$)
31,$\|L_{t} - L_{0}\|_F$ / $\|L_{0}\|_F$,1.9664462897848967,reddit,spectral,99,99,99,631,553,100,0,3.0571937561035156,0.030880745011146623,0.2,Classifier Error ($p$)
32,Surrogate,-7.569537798738262,reddit,spectral,99,99,99,631,553,100,0,3.0571937561035156,0.030880745011146623,0.2,Classifier Error ($p$)
32,Disparity,-16.25171958826385,reddit,spectral,99,99,99,631,553,100,0,3.0571937561035156,0.030880745011146623,0.2,Classifier Error ($p$)
32,Polarization,-17.4875626678475,reddit,spectral,99,99,99,631,553,100,0,3.0571937561035156,0.030880745011146623,0.2,Classifier Error ($p$)
32,$\|L_{t} - L_{0}\|_F$ / $\|L_{0}\|_F$,1.9877057864402636,reddit,spectral,99,99,99,631,553,100,0,3.0571937561035156,0.030880745011146623,0.2,Classifier Error ($p$)
33,Surrogate,-7.5778074649848275,reddit,spectral,99,99,99,631,553,100,0,3.0571937561035156,0.030880745011146623,0.2,Classifier Error ($p$)
33,Disparity,-16.284616633243463,reddit,spectral,99,99,99,631,553,100,0,3.0571937561035156,0.030880745011146623,0.2,Classifier Error ($p$)
33,Polarization,-17.47397776798968,reddit,spectral,99,99,99,631,553,100,0,3.0571937561035156,0.030880745011146623,0.2,Classifier Error ($p$)
33,$\|L_{t} - L_{0}\|_F$ / $\|L_{0}\|_F$,2.015703021421361,reddit,spectral,99,99,99,631,553,100,0,3.0571937561035156,0.030880745011146623,0.2,Classifier Error ($p$)
34,Surrogate,-7.6015870810040385,reddit,spectral,99,99,99,631,553,100,0,3.0571937561035156,0.030880745011146623,0.2,Classifier Error ($p$)
34,Disparity,-16.31982051043161,reddit,spectral,99,99,99,631,553,100,0,3.0571937561035156,0.030880745011146623,0.2,Classifier Error ($p$)
34,Polarization,-17.5158231129221,reddit,spectral,99,99,99,631,553,100,0,3.0571937561035156,0.030880745011146623,0.2,Classifier Error ($p$)
34,$\|L_{t} - L_{0}\|_F$ / $\|L_{0}\|_F$,2.070562103585737,reddit,spectral,99,99,99,631,553,100,0,3.0571937561035156,0.030880745011146623,0.2,Classifier Error ($p$)
35,Surrogate,-7.62437957473183,reddit,spectral,99,99,99,631,553,100,0,3.0571937561035156,0.030880745011146623,0.2,Classifier Error ($p$)
35,Disparity,-16.356099836849573,reddit,spectral,99,99,99,631,553,100,0,3.0571937561035156,0.030880745011146623,0.2,Classifier Error ($p$)
35,Polarization,-17.524620892200026,reddit,spectral,99,99,99,631,553,100,0,3.0571937561035156,0.030880745011146623,0.2,Classifier Error ($p$)
35,$\|L_{t} - L_{0}\|_F$ / $\|L_{0}\|_F$,2.1107709469490135,reddit,spectral,99,99,99,631,553,100,0,3.0571937561035156,0.030880745011146623,0.2,Classifier Error ($p$)
36,Surrogate,-9.811165529750077,reddit,spectral,99,99,99,631,553,100,0,3.0571937561035156,0.030880745011146623,0.2,Classifier Error ($p$)
36,Disparity,-20.79615991783897,reddit,spectral,99,99,99,631,553,100,0,3.0571937561035156,0.030880745011146623,0.2,Classifier Error ($p$)
36,Polarization,-22.10588378582597,reddit,spectral,99,99,99,631,553,100,0,3.0571937561035156,0.030880745011146623,0.2,Classifier Error ($p$)
36,$\|L_{t} - L_{0}\|_F$ / $\|L_{0}\|_F$,2.1696874980056458,reddit,spectral,99,99,99,631,553,100,0,3.0571937561035156,0.030880745011146623,0.2,Classifier Error ($p$)
37,Surrogate,-10.015897506536547,reddit,spectral,99,99,99,631,553,100,0,3.0571937561035156,0.030880745011146623,0.2,Classifier Error ($p$)
37,Disparity,-20.925665877813387,reddit,spectral,99,99,99,631,553,100,0,3.0571937561035156,0.030880745011146623,0.2,Classifier Error ($p$)
37,Polarization,-22.415477471511718,reddit,spectral,99,99,99,631,553,100,0,3.0571937561035156,0.030880745011146623,0.2,Classifier Error ($p$)
37,$\|L_{t} - L_{0}\|_F$ / $\|L_{0}\|_F$,2.2270459554126774,reddit,spectral,99,99,99,631,553,100,0,3.0571937561035156,0.030880745011146623,0.2,Classifier Error ($p$)
38,Surrogate,-10.309076078622072,reddit,spectral,99,99,99,631,553,100,0,3.0571937561035156,0.030880745011146623,0.2,Classifier Error ($p$)
38,Disparity,-21.72844670187587,reddit,spectral,99,99,99,631,553,100,0,3.0571937561035156,0.030880745011146623,0.2,Classifier Error ($p$)
38,Polarization,-22.539511841538072,reddit,spectral,99,99,99,631,553,100,0,3.0571937561035156,0.030880745011146623,0.2,Classifier Error ($p$)
38,$\|L_{t} - L_{0}\|_F$ / $\|L_{0}\|_F$,2.258282347032548,reddit,spectral,99,99,99,631,553,100,0,3.0571937561035156,0.030880745011146623,0.2,Classifier Error ($p$)
39,Surrogate,-10.340793109481277,reddit,spectral,99,99,99,631,553,100,0,3.0571937561035156,0.030880745011146623,0.2,Classifier Error ($p$)
39,Disparity,-21.765758344096593,reddit,spectral,99,99,99,631,553,100,0,3.0571937561035156,0.030880745011146623,0.2,Classifier Error ($p$)
39,Polarization,-22.568416963191947,reddit,spectral,99,99,99,631,553,100,0,3.0571937561035156,0.030880745011146623,0.2,Classifier Error ($p$)
39,$\|L_{t} - L_{0}\|_F$ / $\|L_{0}\|_F$,2.295204941742126,reddit,spectral,99,99,99,631,553,100,0,3.0571937561035156,0.030880745011146623,0.2,Classifier Error ($p$)
40,Surrogate,-10.368688903662262,reddit,spectral,99,99,99,631,553,100,0,3.0571937561035156,0.030880745011146623,0.2,Classifier Error ($p$)
40,Disparity,-21.814731306240166,reddit,spectral,99,99,99,631,553,100,0,3.0571937561035156,0.030880745011146623,0.2,Classifier Error ($p$)
40,Polarization,-22.59658786311054,reddit,spectral,99,99,99,631,553,100,0,3.0571937561035156,0.030880745011146623,0.2,Classifier Error ($p$)
40,$\|L_{t} - L_{0}\|_F$ / $\|L_{0}\|_F$,2.3134452678714488,reddit,spectral,99,99,99,631,553,100,0,3.0571937561035156,0.030880745011146623,0.2,Classifier Error ($p$)
41,Surrogate,-10.592223911210606,reddit,spectral,99,99,99,631,553,100,0,3.0571937561035156,0.030880745011146623,0.2,Classifier Error ($p$)
41,Disparity,-22.125653866565017,reddit,spectral,99,99,99,631,553,100,0,3.0571937561035156,0.030880745011146623,0.2,Classifier Error ($p$)
41,Polarization,-23.040325771825028,reddit,spectral,99,99,99,631,553,100,0,3.0571937561035156,0.030880745011146623,0.2,Classifier Error ($p$)
41,$\|L_{t} - L_{0}\|_F$ / $\|L_{0}\|_F$,2.3495011328185056,reddit,spectral,99,99,99,631,553,100,0,3.0571937561035156,0.030880745011146623,0.2,Classifier Error ($p$)
42,Surrogate,-10.759059759467354,reddit,spectral,99,99,99,631,553,100,0,3.0571937561035156,0.030880745011146623,0.2,Classifier Error ($p$)
42,Disparity,-22.22685083680848,reddit,spectral,99,99,99,631,553,100,0,3.0571937561035156,0.030880745011146623,0.2,Classifier Error ($p$)
42,Polarization,-23.2522773956268,reddit,spectral,99,99,99,631,553,100,0,3.0571937561035156,0.030880745011146623,0.2,Classifier Error ($p$)
42,$\|L_{t} - L_{0}\|_F$ / $\|L_{0}\|_F$,2.396732009915508,reddit,spectral,99,99,99,631,553,100,0,3.0571937561035156,0.030880745011146623,0.2,Classifier Error ($p$)
43,Surrogate,-10.79501049958919,reddit,spectral,99,99,99,631,553,100,0,3.0571937561035156,0.030880745011146623,0.2,Classifier Error ($p$)
43,Disparity,-22.262123937323853,reddit,spectral,99,99,99,631,553,100,0,3.0571937561035156,0.030880745011146623,0.2,Classifier Error ($p$)
43,Polarization,-23.34762815838417,reddit,spectral,99,99,99,631,553,100,0,3.0571937561035156,0.030880745011146623,0.2,Classifier Error ($p$)
43,$\|L_{t} - L_{0}\|_F$ / $\|L_{0}\|_F$,2.425784367736032,reddit,spectral,99,99,99,631,553,100,0,3.0571937561035156,0.030880745011146623,0.2,Classifier Error ($p$)
44,Surrogate,-10.82515740160813,reddit,spectral,99,99,99,631,553,100,0,3.0571937561035156,0.030880745011146623,0.2,Classifier Error ($p$)
44,Disparity,-22.29235255557618,reddit,spectral,99,99,99,631,553,100,0,3.0571937561035156,0.030880745011146623,0.2,Classifier Error ($p$)
44,Polarization,-23.45219456625809,reddit,spectral,99,99,99,631,553,100,0,3.0571937561035156,0.030880745011146623,0.2,Classifier Error ($p$)
44,$\|L_{t} - L_{0}\|_F$ / $\|L_{0}\|_F$,2.44877809853641,reddit,spectral,99,99,99,631,553,100,0,3.0571937561035156,0.030880745011146623,0.2,Classifier Error ($p$)
45,Surrogate,-10.87191935225042,reddit,spectral,99,99,99,631,553,100,0,3.0571937561035156,0.030880745011146623,0.2,Classifier Error ($p$)
45,Disparity,-22.343395454092366,reddit,spectral,99,99,99,631,553,100,0,3.0571937561035156,0.030880745011146623,0.2,Classifier Error ($p$)
45,Polarization,-23.48206722029357,reddit,spectral,99,99,99,631,553,100,0,3.0571937561035156,0.030880745011146623,0.2,Classifier Error ($p$)
45,$\|L_{t} - L_{0}\|_F$ / $\|L_{0}\|_F$,2.482869457210797,reddit,spectral,99,99,99,631,553,100,0,3.0571937561035156,0.030880745011146623,0.2,Classifier Error ($p$)
46,Surrogate,-10.90188859000299,reddit,spectral,99,99,99,631,553,100,0,3.0571937561035156,0.030880745011146623,0.2,Classifier Error ($p$)
46,Disparity,-22.371692142924974,reddit,spectral,99,99,99,631,553,100,0,3.0571937561035156,0.030880745011146623,0.2,Classifier Error ($p$)
46,Polarization,-23.49989568678467,reddit,spectral,99,99,99,631,553,100,0,3.0571937561035156,0.030880745011146623,0.2,Classifier Error ($p$)
46,$\|L_{t} - L_{0}\|_F$ / $\|L_{0}\|_F$,2.533146381492432,reddit,spectral,99,99,99,631,553,100,0,3.0571937561035156,0.030880745011146623,0.2,Classifier Error ($p$)
47,Surrogate,-10.919895890723048,reddit,spectral,99,99,99,631,553,100,0,3.0571937561035156,0.030880745011146623,0.2,Classifier Error ($p$)
47,Disparity,-22.424174256685728,reddit,spectral,99,99,99,631,553,100,0,3.0571937561035156,0.030880745011146623,0.2,Classifier Error ($p$)
47,Polarization,-23.50987919547469,reddit,spectral,99,99,99,631,553,100,0,3.0571937561035156,0.030880745011146623,0.2,Classifier Error ($p$)
47,$\|L_{t} - L_{0}\|_F$ / $\|L_{0}\|_F$,2.571571163710353,reddit,spectral,99,99,99,631,553,100,0,3.0571937561035156,0.030880745011146623,0.2,Classifier Error ($p$)
48,Surrogate,-11.348243616625034,reddit,spectral,99,99,99,631,553,100,0,3.0571937561035156,0.030880745011146623,0.2,Classifier Error ($p$)
48,Disparity,-23.31236752952233,reddit,spectral,99,99,99,631,553,100,0,3.0571937561035156,0.030880745011146623,0.2,Classifier Error ($p$)
48,Polarization,-24.41483589489492,reddit,spectral,99,99,99,631,553,100,0,3.0571937561035156,0.030880745011146623,0.2,Classifier Error ($p$)
48,$\|L_{t} - L_{0}\|_F$ / $\|L_{0}\|_F$,2.598669606053353,reddit,spectral,99,99,99,631,553,100,0,3.0571937561035156,0.030880745011146623,0.2,Classifier Error ($p$)
49,Surrogate,-11.460605775613985,reddit,spectral,99,99,99,631,553,100,0,3.0571937561035156,0.030880745011146623,0.2,Classifier Error ($p$)
49,Disparity,-23.438164111828193,reddit,spectral,99,99,99,631,553,100,0,3.0571937561035156,0.030880745011146623,0.2,Classifier Error ($p$)
49,Polarization,-24.604622890337076,reddit,spectral,99,99,99,631,553,100,0,3.0571937561035156,0.030880745011146623,0.2,Classifier Error ($p$)
49,$\|L_{t} - L_{0}\|_F$ / $\|L_{0}\|_F$,2.620146579591413,reddit,spectral,99,99,99,631,553,100,0,3.0571937561035156,0.030880745011146623,0.2,Classifier Error ($p$)
50,Surrogate,-11.485001033734298,reddit,spectral,99,99,99,631,553,100,0,3.0571937561035156,0.030880745011146623,0.2,Classifier Error ($p$)
50,Disparity,-23.554231370266653,reddit,spectral,99,99,99,631,553,100,0,3.0571937561035156,0.030880745011146623,0.2,Classifier Error ($p$)
50,Polarization,-24.67879341944213,reddit,spectral,99,99,99,631,553,100,0,3.0571937561035156,0.030880745011146623,0.2,Classifier Error ($p$)
50,$\|L_{t} - L_{0}\|_F$ / $\|L_{0}\|_F$,2.646747734474038,reddit,spectral,99,99,99,631,553,100,0,3.0571937561035156,0.030880745011146623,0.2,Classifier Error ($p$)
51,Surrogate,-11.496374278469053,reddit,spectral,99,99,99,631,553,100,0,3.0571937561035156,0.030880745011146623,0.2,Classifier Error ($p$)
51,Disparity,-23.589757089880386,reddit,spectral,99,99,99,631,553,100,0,3.0571937561035156,0.030880745011146623,0.2,Classifier Error ($p$)
51,Polarization,-24.7130313427984,reddit,spectral,99,99,99,631,553,100,0,3.0571937561035156,0.030880745011146623,0.2,Classifier Error ($p$)
51,$\|L_{t} - L_{0}\|_F$ / $\|L_{0}\|_F$,2.6783203945051266,reddit,spectral,99,99,99,631,553,100,0,3.0571937561035156,0.030880745011146623,0.2,Classifier Error ($p$)
52,Surrogate,-14.21502565029682,reddit,spectral,99,99,99,631,553,100,0,3.0571937561035156,0.030880745011146623,0.2,Classifier Error ($p$)
52,Disparity,-29.91035726735068,reddit,spectral,99,99,99,631,553,100,0,3.0571937561035156,0.030880745011146623,0.2,Classifier Error ($p$)
52,Polarization,-31.94994464786814,reddit,spectral,99,99,99,631,553,100,0,3.0571937561035156,0.030880745011146623,0.2,Classifier Error ($p$)
52,$\|L_{t} - L_{0}\|_F$ / $\|L_{0}\|_F$,2.6991636691281227,reddit,spectral,99,99,99,631,553,100,0,3.0571937561035156,0.030880745011146623,0.2,Classifier Error ($p$)
53,Surrogate,-14.250086116379288,reddit,spectral,99,99,99,631,553,100,0,3.0571937561035156,0.030880745011146623,0.2,Classifier Error ($p$)
53,Disparity,-29.94727249193116,reddit,spectral,99,99,99,631,553,100,0,3.0571937561035156,0.030880745011146623,0.2,Classifier Error ($p$)
53,Polarization,-31.968580436770118,reddit,spectral,99,99,99,631,553,100,0,3.0571937561035156,0.030880745011146623,0.2,Classifier Error ($p$)
53,$\|L_{t} - L_{0}\|_F$ / $\|L_{0}\|_F$,2.7352572406813236,reddit,spectral,99,99,99,631,553,100,0,3.0571937561035156,0.030880745011146623,0.2,Classifier Error ($p$)
54,Surrogate,-14.374871964867674,reddit,spectral,99,99,99,631,553,100,0,3.0571937561035156,0.030880745011146623,0.2,Classifier Error ($p$)
54,Disparity,-30.08396107215291,reddit,spectral,99,99,99,631,553,100,0,3.0571937561035156,0.030880745011146623,0.2,Classifier Error ($p$)
54,Polarization,-32.072510499815685,reddit,spectral,99,99,99,631,553,100,0,3.0571937561035156,0.030880745011146623,0.2,Classifier Error ($p$)
54,$\|L_{t} - L_{0}\|_F$ / $\|L_{0}\|_F$,2.76074947144765,reddit,spectral,99,99,99,631,553,100,0,3.0571937561035156,0.030880745011146623,0.2,Classifier Error ($p$)
55,Surrogate,-14.386210004075984,reddit,spectral,99,99,99,631,553,100,0,3.0571937561035156,0.030880745011146623,0.2,Classifier Error ($p$)
55,Disparity,-30.151493291418753,reddit,spectral,99,99,99,631,553,100,0,3.0571937561035156,0.030880745011146623,0.2,Classifier Error ($p$)
55,Polarization,-32.05459586742306,reddit,spectral,99,99,99,631,553,100,0,3.0571937561035156,0.030880745011146623,0.2,Classifier Error ($p$)
55,$\|L_{t} - L_{0}\|_F$ / $\|L_{0}\|_F$,2.7910328213364166,reddit,spectral,99,99,99,631,553,100,0,3.0571937561035156,0.030880745011146623,0.2,Classifier Error ($p$)
56,Surrogate,-14.39475622475753,reddit,spectral,99,99,99,631,553,100,0,3.0571937561035156,0.030880745011146623,0.2,Classifier Error ($p$)
56,Disparity,-30.176805294323707,reddit,spectral,99,99,99,631,553,100,0,3.0571937561035156,0.030880745011146623,0.2,Classifier Error ($p$)
56,Polarization,-32.056840995337126,reddit,spectral,99,99,99,631,553,100,0,3.0571937561035156,0.030880745011146623,0.2,Classifier Error ($p$)
56,$\|L_{t} - L_{0}\|_F$ / $\|L_{0}\|_F$,2.8160201847955544,reddit,spectral,99,99,99,631,553,100,0,3.0571937561035156,0.030880745011146623,0.2,Classifier Error ($p$)
57,Surrogate,-14.546856999106803,reddit,spectral,99,99,99,631,553,100,0,3.0571937561035156,0.030880745011146623,0.2,Classifier Error ($p$)
57,Disparity,-30.428419406759556,reddit,spectral,99,99,99,631,553,100,0,3.0571937561035156,0.030880745011146623,0.2,Classifier Error ($p$)
57,Polarization,-32.37607952858214,reddit,spectral,99,99,99,631,553,100,0,3.0571937561035156,0.030880745011146623,0.2,Classifier Error ($p$)
57,$\|L_{t} - L_{0}\|_F$ / $\|L_{0}\|_F$,2.835851557873769,reddit,spectral,99,99,99,631,553,100,0,3.0571937561035156,0.030880745011146623,0.2,Classifier Error ($p$)
58,Surrogate,-14.665567970259696,reddit,spectral,99,99,99,631,553,100,0,3.0571937561035156,0.030880745011146623,0.2,Classifier Error ($p$)
58,Disparity,-30.54301572860698,reddit,spectral,99,99,99,631,553,100,0,3.0571937561035156,0.030880745011146623,0.2,Classifier Error ($p$)
58,Polarization,-32.513369246443474,reddit,spectral,99,99,99,631,553,100,0,3.0571937561035156,0.030880745011146623,0.2,Classifier Error ($p$)
58,$\|L_{t} - L_{0}\|_F$ / $\|L_{0}\|_F$,2.8993668763942484,reddit,spectral,99,99,99,631,553,100,0,3.0571937561035156,0.030880745011146623,0.2,Classifier Error ($p$)
59,Surrogate,-14.671422192446002,reddit,spectral,99,99,99,631,553,100,0,3.0571937561035156,0.030880745011146623,0.2,Classifier Error ($p$)
59,Disparity,-30.569427389750416,reddit,spectral,99,99,99,631,553,100,0,3.0571937561035156,0.030880745011146623,0.2,Classifier Error ($p$)
59,Polarization,-32.51840523941452,reddit,spectral,99,99,99,631,553,100,0,3.0571937561035156,0.030880745011146623,0.2,Classifier Error ($p$)
59,$\|L_{t} - L_{0}\|_F$ / $\|L_{0}\|_F$,2.9329977742730318,reddit,spectral,99,99,99,631,553,100,0,3.0571937561035156,0.030880745011146623,0.2,Classifier Error ($p$)
60,Surrogate,-14.698713577162739,reddit,spectral,99,99,99,631,553,100,0,3.0571937561035156,0.030880745011146623,0.2,Classifier Error ($p$)
60,Disparity,-30.607257297652936,reddit,spectral,99,99,99,631,553,100,0,3.0571937561035156,0.030880745011146623,0.2,Classifier Error ($p$)
60,Polarization,-32.53734101456547,reddit,spectral,99,99,99,631,553,100,0,3.0571937561035156,0.030880745011146623,0.2,Classifier Error ($p$)
60,$\|L_{t} - L_{0}\|_F$ / $\|L_{0}\|_F$,2.956785655959767,reddit,spectral,99,99,99,631,553,100,0,3.0571937561035156,0.030880745011146623,0.2,Classifier Error ($p$)
61,Surrogate,-14.804411104724455,reddit,spectral,99,99,99,631,553,100,0,3.0571937561035156,0.030880745011146623,0.2,Classifier Error ($p$)
61,Disparity,-30.757146839224518,reddit,spectral,99,99,99,631,553,100,0,3.0571937561035156,0.030880745011146623,0.2,Classifier Error ($p$)
61,Polarization,-32.743536096286675,reddit,spectral,99,99,99,631,553,100,0,3.0571937561035156,0.030880745011146623,0.2,Classifier Error ($p$)
61,$\|L_{t} - L_{0}\|_F$ / $\|L_{0}\|_F$,2.9991284173585155,reddit,spectral,99,99,99,631,553,100,0,3.0571937561035156,0.030880745011146623,0.2,Classifier Error ($p$)
62,Surrogate,-14.926832255427918,reddit,spectral,99,99,99,631,553,100,0,3.0571937561035156,0.030880745011146623,0.2,Classifier Error ($p$)
62,Disparity,-30.860139326745827,reddit,spectral,99,99,99,631,553,100,0,3.0571937561035156,0.030880745011146623,0.2,Classifier Error ($p$)
62,Polarization,-32.783112524647066,reddit,spectral,99,99,99,631,553,100,0,3.0571937561035156,0.030880745011146623,0.2,Classifier Error ($p$)
62,$\|L_{t} - L_{0}\|_F$ / $\|L_{0}\|_F$,3.0270278871338525,reddit,spectral,99,99,99,631,553,100,0,3.0571937561035156,0.030880745011146623,0.2,Classifier Error ($p$)
63,Surrogate,-14.97559704602461,reddit,spectral,99,99,99,631,553,100,0,3.0571937561035156,0.030880745011146623,0.2,Classifier Error ($p$)
63,Disparity,-30.884967465585238,reddit,spectral,99,99,99,631,553,100,0,3.0571937561035156,0.030880745011146623,0.2,Classifier Error ($p$)
63,Polarization,-32.81742318490548,reddit,spectral,99,99,99,631,553,100,0,3.0571937561035156,0.030880745011146623,0.2,Classifier Error ($p$)
63,$\|L_{t} - L_{0}\|_F$ / $\|L_{0}\|_F$,3.0638320097100995,reddit,spectral,99,99,99,631,553,100,0,3.0571937561035156,0.030880745011146623,0.2,Classifier Error ($p$)
64,Surrogate,-14.978422944611495,reddit,spectral,99,99,99,631,553,100,0,3.0571937561035156,0.030880745011146623,0.2,Classifier Error ($p$)
64,Disparity,-30.923070331055648,reddit,spectral,99,99,99,631,553,100,0,3.0571937561035156,0.030880745011146623,0.2,Classifier Error ($p$)
64,Polarization,-32.863655466257065,reddit,spectral,99,99,99,631,553,100,0,3.0571937561035156,0.030880745011146623,0.2,Classifier Error ($p$)
64,$\|L_{t} - L_{0}\|_F$ / $\|L_{0}\|_F$,3.0911475457187207,reddit,spectral,99,99,99,631,553,100,0,3.0571937561035156,0.030880745011146623,0.2,Classifier Error ($p$)
65,Surrogate,-14.985387100968007,reddit,spectral,99,99,99,631,553,100,0,3.0571937561035156,0.030880745011146623,0.2,Classifier Error ($p$)
65,Disparity,-30.94204836692095,reddit,spectral,99,99,99,631,553,100,0,3.0571937561035156,0.030880745011146623,0.2,Classifier Error ($p$)
65,Polarization,-32.86109652998782,reddit,spectral,99,99,99,631,553,100,0,3.0571937561035156,0.030880745011146623,0.2,Classifier Error ($p$)
65,$\|L_{t} - L_{0}\|_F$ / $\|L_{0}\|_F$,3.1271971322001844,reddit,spectral,99,99,99,631,553,100,0,3.0571937561035156,0.030880745011146623,0.2,Classifier Error ($p$)
66,Surrogate,-15.015993653565648,reddit,spectral,99,99,99,631,553,100,0,3.0571937561035156,0.030880745011146623,0.2,Classifier Error ($p$)
66,Disparity,-30.973800706471415,reddit,spectral,99,99,99,631,553,100,0,3.0571937561035156,0.030880745011146623,0.2,Classifier Error ($p$)
66,Polarization,-32.90140043394129,reddit,spectral,99,99,99,631,553,100,0,3.0571937561035156,0.030880745011146623,0.2,Classifier Error ($p$)
66,$\|L_{t} - L_{0}\|_F$ / $\|L_{0}\|_F$,3.1672625013028246,reddit,spectral,99,99,99,631,553,100,0,3.0571937561035156,0.030880745011146623,0.2,Classifier Error ($p$)
67,Surrogate,-15.025050200955341,reddit,spectral,99,99,99,631,553,100,0,3.0571937561035156,0.030880745011146623,0.2,Classifier Error ($p$)
67,Disparity,-30.9897362682859,reddit,spectral,99,99,99,631,553,100,0,3.0571937561035156,0.030880745011146623,0.2,Classifier Error ($p$)
67,Polarization,-32.90177107214748,reddit,spectral,99,99,99,631,553,100,0,3.0571937561035156,0.030880745011146623,0.2,Classifier Error ($p$)
67,$\|L_{t} - L_{0}\|_F$ / $\|L_{0}\|_F$,3.206827341887459,reddit,spectral,99,99,99,631,553,100,0,3.0571937561035156,0.030880745011146623,0.2,Classifier Error ($p$)
68,Surrogate,-15.122953708592538,reddit,spectral,99,99,99,631,553,100,0,3.0571937561035156,0.030880745011146623,0.2,Classifier Error ($p$)
68,Disparity,-31.111613701992248,reddit,spectral,99,99,99,631,553,100,0,3.0571937561035156,0.030880745011146623,0.2,Classifier Error ($p$)
68,Polarization,-33.26798185385106,reddit,spectral,99,99,99,631,553,100,0,3.0571937561035156,0.030880745011146623,0.2,Classifier Error ($p$)
68,$\|L_{t} - L_{0}\|_F$ / $\|L_{0}\|_F$,3.237265707450565,reddit,spectral,99,99,99,631,553,100,0,3.0571937561035156,0.030880745011146623,0.2,Classifier Error ($p$)
69,Surrogate,-15.27257118037598,reddit,spectral,99,99,99,631,553,100,0,3.0571937561035156,0.030880745011146623,0.2,Classifier Error ($p$)
69,Disparity,-31.301184830980716,reddit,spectral,99,99,99,631,553,100,0,3.0571937561035156,0.030880745011146623,0.2,Classifier Error ($p$)
69,Polarization,-33.518459987321094,reddit,spectral,99,99,99,631,553,100,0,3.0571937561035156,0.030880745011146623,0.2,Classifier Error ($p$)
69,$\|L_{t} - L_{0}\|_F$ / $\|L_{0}\|_F$,3.2674205301114547,reddit,spectral,99,99,99,631,553,100,0,3.0571937561035156,0.030880745011146623,0.2,Classifier Error ($p$)
70,Surrogate,-15.309219074459346,reddit,spectral,99,99,99,631,553,100,0,3.0571937561035156,0.030880745011146623,0.2,Classifier Error ($p$)
70,Disparity,-31.333729131413463,reddit,spectral,99,99,99,631,553,100,0,3.0571937561035156,0.030880745011146623,0.2,Classifier Error ($p$)
70,Polarization,-33.51765486654151,reddit,spectral,99,99,99,631,553,100,0,3.0571937561035156,0.030880745011146623,0.2,Classifier Error ($p$)
70,$\|L_{t} - L_{0}\|_F$ / $\|L_{0}\|_F$,3.2845275608088476,reddit,spectral,99,99,99,631,553,100,0,3.0571937561035156,0.030880745011146623,0.2,Classifier Error ($p$)
71,Surrogate,-15.444625407240697,reddit,spectral,99,99,99,631,553,100,0,3.0571937561035156,0.030880745011146623,0.2,Classifier Error ($p$)
71,Disparity,-31.602262676545212,reddit,spectral,99,99,99,631,553,100,0,3.0571937561035156,0.030880745011146623,0.2,Classifier Error ($p$)
71,Polarization,-34.04912341773837,reddit,spectral,99,99,99,631,553,100,0,3.0571937561035156,0.030880745011146623,0.2,Classifier Error ($p$)
71,$\|L_{t} - L_{0}\|_F$ / $\|L_{0}\|_F$,3.314252398003407,reddit,spectral,99,99,99,631,553,100,0,3.0571937561035156,0.030880745011146623,0.2,Classifier Error ($p$)
72,Surrogate,-15.460714032237185,reddit,spectral,99,99,99,631,553,100,0,3.0571937561035156,0.030880745011146623,0.2,Classifier Error ($p$)
72,Disparity,-31.617196031233757,reddit,spectral,99,99,99,631,553,100,0,3.0571937561035156,0.030880745011146623,0.2,Classifier Error ($p$)
72,Polarization,-34.05611591808775,reddit,spectral,99,99,99,631,553,100,0,3.0571937561035156,0.030880745011146623,0.2,Classifier Error ($p$)
72,$\|L_{t} - L_{0}\|_F$ / $\|L_{0}\|_F$,3.3311189313488088,reddit,spectral,99,99,99,631,553,100,0,3.0571937561035156,0.030880745011146623,0.2,Classifier Error ($p$)
73,Surrogate,-15.560349253353598,reddit,spectral,99,99,99,631,553,100,0,3.0571937561035156,0.030880745011146623,0.2,Classifier Error ($p$)
73,Disparity,-31.732503473131146,reddit,spectral,99,99,99,631,553,100,0,3.0571937561035156,0.030880745011146623,0.2,Classifier Error ($p$)
73,Polarization,-34.17209871579178,reddit,spectral,99,99,99,631,553,100,0,3.0571937561035156,0.030880745011146623,0.2,Classifier Error ($p$)
73,$\|L_{t} - L_{0}\|_F$ / $\|L_{0}\|_F$,3.3645983547859943,reddit,spectral,99,99,99,631,553,100,0,3.0571937561035156,0.030880745011146623,0.2,Classifier Error ($p$)
74,Surrogate,-15.783268928135113,reddit,spectral,99,99,99,631,553,100,0,3.0571937561035156,0.030880745011146623,0.2,Classifier Error ($p$)
74,Disparity,-32.05459647076884,reddit,spectral,99,99,99,631,553,100,0,3.0571937561035156,0.030880745011146623,0.2,Classifier Error ($p$)
74,Polarization,-34.702871749909534,reddit,spectral,99,99,99,631,553,100,0,3.0571937561035156,0.030880745011146623,0.2,Classifier Error ($p$)
74,$\|L_{t} - L_{0}\|_F$ / $\|L_{0}\|_F$,3.389490913796239,reddit,spectral,99,99,99,631,553,100,0,3.0571937561035156,0.030880745011146623,0.2,Classifier Error ($p$)
75,Surrogate,-15.798979318561871,reddit,spectral,99,99,99,631,553,100,0,3.0571937561035156,0.030880745011146623,0.2,Classifier Error ($p$)
75,Disparity,-32.08010310965123,reddit,spectral,99,99,99,631,553,100,0,3.0571937561035156,0.030880745011146623,0.2,Classifier Error ($p$)
75,Polarization,-34.728422237193065,reddit,spectral,99,99,99,631,553,100,0,3.0571937561035156,0.030880745011146623,0.2,Classifier Error ($p$)
75,$\|L_{t} - L_{0}\|_F$ / $\|L_{0}\|_F$,3.405984884262753,reddit,spectral,99,99,99,631,553,100,0,3.0571937561035156,0.030880745011146623,0.2,Classifier Error ($p$)
76,Surrogate,-15.85029212260361,reddit,spectral,99,99,99,631,553,100,0,3.0571937561035156,0.030880745011146623,0.2,Classifier Error ($p$)
76,Disparity,-32.12520623667145,reddit,spectral,99,99,99,631,553,100,0,3.0571937561035156,0.030880745011146623,0.2,Classifier Error ($p$)
76,Polarization,-34.83251375873126,reddit,spectral,99,99,99,631,553,100,0,3.0571937561035156,0.030880745011146623,0.2,Classifier Error ($p$)
76,$\|L_{t} - L_{0}\|_F$ / $\|L_{0}\|_F$,3.450936839309562,reddit,spectral,99,99,99,631,553,100,0,3.0571937561035156,0.030880745011146623,0.2,Classifier Error ($p$)
77,Surrogate,-15.901622476617069,reddit,spectral,99,99,99,631,553,100,0,3.0571937561035156,0.030880745011146623,0.2,Classifier Error ($p$)
77,Disparity,-32.177298069359736,reddit,spectral,99,99,99,631,553,100,0,3.0571937561035156,0.030880745011146623,0.2,Classifier Error ($p$)
77,Polarization,-34.83075600990257,reddit,spectral,99,99,99,631,553,100,0,3.0571937561035156,0.030880745011146623,0.2,Classifier Error ($p$)
77,$\|L_{t} - L_{0}\|_F$ / $\|L_{0}\|_F$,3.4671385097833873,reddit,spectral,99,99,99,631,553,100,0,3.0571937561035156,0.030880745011146623,0.2,Classifier Error ($p$)
78,Surrogate,-16.021600951445887,reddit,spectral,99,99,99,631,553,100,0,3.0571937561035156,0.030880745011146623,0.2,Classifier Error ($p$)
78,Disparity,-32.30049608861019,reddit,spectral,99,99,99,631,553,100,0,3.0571937561035156,0.030880745011146623,0.2,Classifier Error ($p$)
78,Polarization,-35.046532260710464,reddit,spectral,99,99,99,631,553,100,0,3.0571937561035156,0.030880745011146623,0.2,Classifier Error ($p$)
78,$\|L_{t} - L_{0}\|_F$ / $\|L_{0}\|_F$,3.495310730962468,reddit,spectral,99,99,99,631,553,100,0,3.0571937561035156,0.030880745011146623,0.2,Classifier Error ($p$)
79,Surrogate,-16.067201235907266,reddit,spectral,99,99,99,631,553,100,0,3.0571937561035156,0.030880745011146623,0.2,Classifier Error ($p$)
79,Disparity,-32.33742719901439,reddit,spectral,99,99,99,631,553,100,0,3.0571937561035156,0.030880745011146623,0.2,Classifier Error ($p$)
79,Polarization,-35.13718407663074,reddit,spectral,99,99,99,631,553,100,0,3.0571937561035156,0.030880745011146623,0.2,Classifier Error ($p$)
79,$\|L_{t} - L_{0}\|_F$ / $\|L_{0}\|_F$,3.5509847121465077,reddit,spectral,99,99,99,631,553,100,0,3.0571937561035156,0.030880745011146623,0.2,Classifier Error ($p$)
80,Surrogate,-16.101738467080285,reddit,spectral,99,99,99,631,553,100,0,3.0571937561035156,0.030880745011146623,0.2,Classifier Error ($p$)
80,Disparity,-32.38281883799153,reddit,spectral,99,99,99,631,553,100,0,3.0571937561035156,0.030880745011146623,0.2,Classifier Error ($p$)
80,Polarization,-35.128563902522274,reddit,spectral,99,99,99,631,553,100,0,3.0571937561035156,0.030880745011146623,0.2,Classifier Error ($p$)
80,$\|L_{t} - L_{0}\|_F$ / $\|L_{0}\|_F$,3.578496903150348,reddit,spectral,99,99,99,631,553,100,0,3.0571937561035156,0.030880745011146623,0.2,Classifier Error ($p$)
81,Surrogate,-16.18357884665302,reddit,spectral,99,99,99,631,553,100,0,3.0571937561035156,0.030880745011146623,0.2,Classifier Error ($p$)
81,Disparity,-32.51200130687908,reddit,spectral,99,99,99,631,553,100,0,3.0571937561035156,0.030880745011146623,0.2,Classifier Error ($p$)
81,Polarization,-35.38265326172484,reddit,spectral,99,99,99,631,553,100,0,3.0571937561035156,0.030880745011146623,0.2,Classifier Error ($p$)
81,$\|L_{t} - L_{0}\|_F$ / $\|L_{0}\|_F$,3.6096826508842605,reddit,spectral,99,99,99,631,553,100,0,3.0571937561035156,0.030880745011146623,0.2,Classifier Error ($p$)
82,Surrogate,-16.265475387143084,reddit,spectral,99,99,99,631,553,100,0,3.0571937561035156,0.030880745011146623,0.2,Classifier Error ($p$)
82,Disparity,-32.600805382570826,reddit,spectral,99,99,99,631,553,100,0,3.0571937561035156,0.030880745011146623,0.2,Classifier Error ($p$)
82,Polarization,-35.61774390988287,reddit,spectral,99,99,99,631,553,100,0,3.0571937561035156,0.030880745011146623,0.2,Classifier Error ($p$)
82,$\|L_{t} - L_{0}\|_F$ / $\|L_{0}\|_F$,3.6674412407414834,reddit,spectral,99,99,99,631,553,100,0,3.0571937561035156,0.030880745011146623,0.2,Classifier Error ($p$)
83,Surrogate,-16.43825591995914,reddit,spectral,99,99,99,631,553,100,0,3.0571937561035156,0.030880745011146623,0.2,Classifier Error ($p$)
83,Disparity,-32.82767905013784,reddit,spectral,99,99,99,631,553,100,0,3.0571937561035156,0.030880745011146623,0.2,Classifier Error ($p$)
83,Polarization,-35.94450119274058,reddit,spectral,99,99,99,631,553,100,0,3.0571937561035156,0.030880745011146623,0.2,Classifier Error ($p$)
83,$\|L_{t} - L_{0}\|_F$ / $\|L_{0}\|_F$,3.6902915630028574,reddit,spectral,99,99,99,631,553,100,0,3.0571937561035156,0.030880745011146623,0.2,Classifier Error ($p$)
84,Surrogate,-16.496578077285044,reddit,spectral,99,99,99,631,553,100,0,3.0571937561035156,0.030880745011146623,0.2,Classifier Error ($p$)
84,Disparity,-32.85847131286819,reddit,spectral,99,99,99,631,553,100,0,3.0571937561035156,0.030880745011146623,0.2,Classifier Error ($p$)
84,Polarization,-35.98319684530905,reddit,spectral,99,99,99,631,553,100,0,3.0571937561035156,0.030880745011146623,0.2,Classifier Error ($p$)
84,$\|L_{t} - L_{0}\|_F$ / $\|L_{0}\|_F$,3.7205403605132767,reddit,spectral,99,99,99,631,553,100,0,3.0571937561035156,0.030880745011146623,0.2,Classifier Error ($p$)
85,Surrogate,-16.576208291615806,reddit,spectral,99,99,99,631,553,100,0,3.0571937561035156,0.030880745011146623,0.2,Classifier Error ($p$)
85,Disparity,-32.916975740833266,reddit,spectral,99,99,99,631,553,100,0,3.0571937561035156,0.030880745011146623,0.2,Classifier Error ($p$)
85,Polarization,-36.123727774367985,reddit,spectral,99,99,99,631,553,100,0,3.0571937561035156,0.030880745011146623,0.2,Classifier Error ($p$)
85,$\|L_{t} - L_{0}\|_F$ / $\|L_{0}\|_F$,3.7505452041598506,reddit,spectral,99,99,99,631,553,100,0,3.0571937561035156,0.030880745011146623,0.2,Classifier Error ($p$)
86,Surrogate,-16.616521177981195,reddit,spectral,99,99,99,631,553,100,0,3.0571937561035156,0.030880745011146623,0.2,Classifier Error ($p$)
86,Disparity,-32.93880544254494,reddit,spectral,99,99,99,631,553,100,0,3.0571937561035156,0.030880745011146623,0.2,Classifier Error ($p$)
86,Polarization,-36.1764962550586,reddit,spectral,99,99,99,631,553,100,0,3.0571937561035156,0.030880745011146623,0.2,Classifier Error ($p$)
86,$\|L_{t} - L_{0}\|_F$ / $\|L_{0}\|_F$,3.787717026289608,reddit,spectral,99,99,99,631,553,100,0,3.0571937561035156,0.030880745011146623,0.2,Classifier Error ($p$)
87,Surrogate,-16.64439487252306,reddit,spectral,99,99,99,631,553,100,0,3.0571937561035156,0.030880745011146623,0.2,Classifier Error ($p$)
87,Disparity,-32.96046908344343,reddit,spectral,99,99,99,631,553,100,0,3.0571937561035156,0.030880745011146623,0.2,Classifier Error ($p$)
87,Polarization,-36.22672072302184,reddit,spectral,99,99,99,631,553,100,0,3.0571937561035156,0.030880745011146623,0.2,Classifier Error ($p$)
87,$\|L_{t} - L_{0}\|_F$ / $\|L_{0}\|_F$,3.7987976458457897,reddit,spectral,99,99,99,631,553,100,0,3.0571937561035156,0.030880745011146623,0.2,Classifier Error ($p$)
88,Surrogate,-16.68414377702145,reddit,spectral,99,99,99,631,553,100,0,3.0571937561035156,0.030880745011146623,0.2,Classifier Error ($p$)
88,Disparity,-32.99968996945493,reddit,spectral,99,99,99,631,553,100,0,3.0571937561035156,0.030880745011146623,0.2,Classifier Error ($p$)
88,Polarization,-36.234426150868046,reddit,spectral,99,99,99,631,553,100,0,3.0571937561035156,0.030880745011146623,0.2,Classifier Error ($p$)
88,$\|L_{t} - L_{0}\|_F$ / $\|L_{0}\|_F$,3.850085567101119,reddit,spectral,99,99,99,631,553,100,0,3.0571937561035156,0.030880745011146623,0.2,Classifier Error ($p$)
89,Surrogate,-16.701714980021574,reddit,spectral,99,99,99,631,553,100,0,3.0571937561035156,0.030880745011146623,0.2,Classifier Error ($p$)
89,Disparity,-33.01691574823686,reddit,spectral,99,99,99,631,553,100,0,3.0571937561035156,0.030880745011146623,0.2,Classifier Error ($p$)
89,Polarization,-36.24783007901306,reddit,spectral,99,99,99,631,553,100,0,3.0571937561035156,0.030880745011146623,0.2,Classifier Error ($p$)
89,$\|L_{t} - L_{0}\|_F$ / $\|L_{0}\|_F$,3.879088504821531,reddit,spectral,99,99,99,631,553,100,0,3.0571937561035156,0.030880745011146623,0.2,Classifier Error ($p$)
90,Surrogate,-18.07491635081329,reddit,spectral,99,99,99,631,553,100,0,3.0571937561035156,0.030880745011146623,0.2,Classifier Error ($p$)
90,Disparity,-35.363298494066214,reddit,spectral,99,99,99,631,553,100,0,3.0571937561035156,0.030880745011146623,0.2,Classifier Error ($p$)
90,Polarization,-38.683474761902765,reddit,spectral,99,99,99,631,553,100,0,3.0571937561035156,0.030880745011146623,0.2,Classifier Error ($p$)
90,$\|L_{t} - L_{0}\|_F$ / $\|L_{0}\|_F$,3.929328562000812,reddit,spectral,99,99,99,631,553,100,0,3.0571937561035156,0.030880745011146623,0.2,Classifier Error ($p$)
91,Surrogate,-18.105214987030383,reddit,spectral,99,99,99,631,553,100,0,3.0571937561035156,0.030880745011146623,0.2,Classifier Error ($p$)
91,Disparity,-35.3946212571827,reddit,spectral,99,99,99,631,553,100,0,3.0571937561035156,0.030880745011146623,0.2,Classifier Error ($p$)
91,Polarization,-38.68204379722812,reddit,spectral,99,99,99,631,553,100,0,3.0571937561035156,0.030880745011146623,0.2,Classifier Error ($p$)
91,$\|L_{t} - L_{0}\|_F$ / $\|L_{0}\|_F$,3.9471164689624043,reddit,spectral,99,99,99,631,553,100,0,3.0571937561035156,0.030880745011146623,0.2,Classifier Error ($p$)
92,Surrogate,-19.247283987130945,reddit,spectral,99,99,99,631,553,100,0,3.0571937561035156,0.030880745011146623,0.2,Classifier Error ($p$)
92,Disparity,-39.12120232716148,reddit,spectral,99,99,99,631,553,100,0,3.0571937561035156,0.030880745011146623,0.2,Classifier Error ($p$)
92,Polarization,-42.178842540469496,reddit,spectral,99,99,99,631,553,100,0,3.0571937561035156,0.030880745011146623,0.2,Classifier Error ($p$)
92,$\|L_{t} - L_{0}\|_F$ / $\|L_{0}\|_F$,3.961289284648792,reddit,spectral,99,99,99,631,553,100,0,3.0571937561035156,0.030880745011146623,0.2,Classifier Error ($p$)
93,Surrogate,-16.795210236256704,reddit,spectral,99,99,99,631,553,100,0,3.0571937561035156,0.030880745011146623,0.2,Classifier Error ($p$)
93,Disparity,-35.93362043016222,reddit,spectral,99,99,99,631,553,100,0,3.0571937561035156,0.030880745011146623,0.2,Classifier Error ($p$)
93,Polarization,-38.64899166602816,reddit,spectral,99,99,99,631,553,100,0,3.0571937561035156,0.030880745011146623,0.2,Classifier Error ($p$)
93,$\|L_{t} - L_{0}\|_F$ / $\|L_{0}\|_F$,3.9789343131135255,reddit,spectral,99,99,99,631,553,100,0,3.0571937561035156,0.030880745011146623,0.2,Classifier Error ($p$)
94,Surrogate,-16.805389763932336,reddit,spectral,99,99,99,631,553,100,0,3.0571937561035156,0.030880745011146623,0.2,Classifier Error ($p$)
94,Disparity,-35.96418952962022,reddit,spectral,99,99,99,631,553,100,0,3.0571937561035156,0.030880745011146623,0.2,Classifier Error ($p$)
94,Polarization,-38.65187413414865,reddit,spectral,99,99,99,631,553,100,0,3.0571937561035156,0.030880745011146623,0.2,Classifier Error ($p$)
94,$\|L_{t} - L_{0}\|_F$ / $\|L_{0}\|_F$,4.017480591757689,reddit,spectral,99,99,99,631,553,100,0,3.0571937561035156,0.030880745011146623,0.2,Classifier Error ($p$)
95,Surrogate,-16.8353009262569,reddit,spectral,99,99,99,631,553,100,0,3.0571937561035156,0.030880745011146623,0.2,Classifier Error ($p$)
95,Disparity,-35.998687165224396,reddit,spectral,99,99,99,631,553,100,0,3.0571937561035156,0.030880745011146623,0.2,Classifier Error ($p$)
95,Polarization,-38.69994491255036,reddit,spectral,99,99,99,631,553,100,0,3.0571937561035156,0.030880745011146623,0.2,Classifier Error ($p$)
95,$\|L_{t} - L_{0}\|_F$ / $\|L_{0}\|_F$,4.069455334482284,reddit,spectral,99,99,99,631,553,100,0,3.0571937561035156,0.030880745011146623,0.2,Classifier Error ($p$)
96,Surrogate,-16.928430117292738,reddit,spectral,99,99,99,631,553,100,0,3.0571937561035156,0.030880745011146623,0.2,Classifier Error ($p$)
96,Disparity,-36.12150116167548,reddit,spectral,99,99,99,631,553,100,0,3.0571937561035156,0.030880745011146623,0.2,Classifier Error ($p$)
96,Polarization,-38.81957706521176,reddit,spectral,99,99,99,631,553,100,0,3.0571937561035156,0.030880745011146623,0.2,Classifier Error ($p$)
96,$\|L_{t} - L_{0}\|_F$ / $\|L_{0}\|_F$,4.103739472986078,reddit,spectral,99,99,99,631,553,100,0,3.0571937561035156,0.030880745011146623,0.2,Classifier Error ($p$)
97,Surrogate,-17.159370818924675,reddit,spectral,99,99,99,631,553,100,0,3.0571937561035156,0.030880745011146623,0.2,Classifier Error ($p$)
97,Disparity,-36.526979521526606,reddit,spectral,99,99,99,631,553,100,0,3.0571937561035156,0.030880745011146623,0.2,Classifier Error ($p$)
97,Polarization,-39.02067160364807,reddit,spectral,99,99,99,631,553,100,0,3.0571937561035156,0.030880745011146623,0.2,Classifier Error ($p$)
97,$\|L_{t} - L_{0}\|_F$ / $\|L_{0}\|_F$,4.141124207171474,reddit,spectral,99,99,99,631,553,100,0,3.0571937561035156,0.030880745011146623,0.2,Classifier Error ($p$)
98,Surrogate,-17.180275877287762,reddit,spectral,99,99,99,631,553,100,0,3.0571937561035156,0.030880745011146623,0.2,Classifier Error ($p$)
98,Disparity,-36.55085598488904,reddit,spectral,99,99,99,631,553,100,0,3.0571937561035156,0.030880745011146623,0.2,Classifier Error ($p$)
98,Polarization,-39.05249574146507,reddit,spectral,99,99,99,631,553,100,0,3.0571937561035156,0.030880745011146623,0.2,Classifier Error ($p$)
98,$\|L_{t} - L_{0}\|_F$ / $\|L_{0}\|_F$,4.1915660693132555,reddit,spectral,99,99,99,631,553,100,0,3.0571937561035156,0.030880745011146623,0.2,Classifier Error ($p$)
0,Surrogate,-0.06756476607824438,reddit,spectral,99,99,99,631,553,100,0,2.8798418045043945,0.029089311156610047,0.3,Classifier Error ($p$)
0,Disparity,-0.182785795657597,reddit,spectral,99,99,99,631,553,100,0,2.8798418045043945,0.029089311156610047,0.3,Classifier Error ($p$)
0,Polarization,-0.14427216058785342,reddit,spectral,99,99,99,631,553,100,0,2.8798418045043945,0.029089311156610047,0.3,Classifier Error ($p$)
0,$\|L_{t} - L_{0}\|_F$ / $\|L_{0}\|_F$,0.3347900493131408,reddit,spectral,99,99,99,631,553,100,0,2.8798418045043945,0.029089311156610047,0.3,Classifier Error ($p$)
1,Surrogate,-0.11623732978983226,reddit,spectral,99,99,99,631,553,100,0,2.8798418045043945,0.029089311156610047,0.3,Classifier Error ($p$)
1,Disparity,-0.26705474801714657,reddit,spectral,99,99,99,631,553,100,0,2.8798418045043945,0.029089311156610047,0.3,Classifier Error ($p$)
1,Polarization,-0.3249713612765384,reddit,spectral,99,99,99,631,553,100,0,2.8798418045043945,0.029089311156610047,0.3,Classifier Error ($p$)
1,$\|L_{t} - L_{0}\|_F$ / $\|L_{0}\|_F$,0.473464628286201,reddit,spectral,99,99,99,631,553,100,0,2.8798418045043945,0.029089311156610047,0.3,Classifier Error ($p$)
2,Surrogate,-0.23723259979959924,reddit,spectral,99,99,99,631,553,100,0,2.8798418045043945,0.029089311156610047,0.3,Classifier Error ($p$)
2,Disparity,-0.4361078697300371,reddit,spectral,99,99,99,631,553,100,0,2.8798418045043945,0.029089311156610047,0.3,Classifier Error ($p$)
2,Polarization,-0.5407286478991935,reddit,spectral,99,99,99,631,553,100,0,2.8798418045043945,0.029089311156610047,0.3,Classifier Error ($p$)
2,$\|L_{t} - L_{0}\|_F$ / $\|L_{0}\|_F$,0.5798733752788496,reddit,spectral,99,99,99,631,553,100,0,2.8798418045043945,0.029089311156610047,0.3,Classifier Error ($p$)
3,Surrogate,-0.43409517469458386,reddit,spectral,99,99,99,631,553,100,0,2.8798418045043945,0.029089311156610047,0.3,Classifier Error ($p$)
3,Disparity,-0.6565075123994264,reddit,spectral,99,99,99,631,553,100,0,2.8798418045043945,0.029089311156610047,0.3,Classifier Error ($p$)
3,Polarization,-0.7969240453573114,reddit,spectral,99,99,99,631,553,100,0,2.8798418045043945,0.029089311156610047,0.3,Classifier Error ($p$)
3,$\|L_{t} - L_{0}\|_F$ / $\|L_{0}\|_F$,0.6695800986262817,reddit,spectral,99,99,99,631,553,100,0,2.8798418045043945,0.029089311156610047,0.3,Classifier Error ($p$)
4,Surrogate,-0.4444034533037006,reddit,spectral,99,99,99,631,553,100,0,2.8798418045043945,0.029089311156610047,0.3,Classifier Error ($p$)
4,Disparity,-0.6839219412280327,reddit,spectral,99,99,99,631,553,100,0,2.8798418045043945,0.029089311156610047,0.3,Classifier Error ($p$)
4,Polarization,-0.8375980411465092,reddit,spectral,99,99,99,631,553,100,0,2.8798418045043945,0.029089311156610047,0.3,Classifier Error ($p$)
4,$\|L_{t} - L_{0}\|_F$ / $\|L_{0}\|_F$,0.767100371447733,reddit,spectral,99,99,99,631,553,100,0,2.8798418045043945,0.029089311156610047,0.3,Classifier Error ($p$)
5,Surrogate,-0.45887892711565564,reddit,spectral,99,99,99,631,553,100,0,2.8798418045043945,0.029089311156610047,0.3,Classifier Error ($p$)
5,Disparity,-0.7256012169479391,reddit,spectral,99,99,99,631,553,100,0,2.8798418045043945,0.029089311156610047,0.3,Classifier Error ($p$)
5,Polarization,-0.9008955393166839,reddit,spectral,99,99,99,631,553,100,0,2.8798418045043945,0.029089311156610047,0.3,Classifier Error ($p$)
5,$\|L_{t} - L_{0}\|_F$ / $\|L_{0}\|_F$,0.8369751232828521,reddit,spectral,99,99,99,631,553,100,0,2.8798418045043945,0.029089311156610047,0.3,Classifier Error ($p$)
6,Surrogate,-0.4852614175690515,reddit,spectral,99,99,99,631,553,100,0,2.8798418045043945,0.029089311156610047,0.3,Classifier Error ($p$)
6,Disparity,-0.7694057918304823,reddit,spectral,99,99,99,631,553,100,0,2.8798418045043945,0.029089311156610047,0.3,Classifier Error ($p$)
6,Polarization,-1.0517167391173425,reddit,spectral,99,99,99,631,553,100,0,2.8798418045043945,0.029089311156610047,0.3,Classifier Error ($p$)
6,$\|L_{t} - L_{0}\|_F$ / $\|L_{0}\|_F$,0.9014497956699755,reddit,spectral,99,99,99,631,553,100,0,2.8798418045043945,0.029089311156610047,0.3,Classifier Error ($p$)
7,Surrogate,-0.6112336626256278,reddit,spectral,99,99,99,631,553,100,0,2.8798418045043945,0.029089311156610047,0.3,Classifier Error ($p$)
7,Disparity,-0.9920688753460802,reddit,spectral,99,99,99,631,553,100,0,2.8798418045043945,0.029089311156610047,0.3,Classifier Error ($p$)
7,Polarization,-1.6825750018276096,reddit,spectral,99,99,99,631,553,100,0,2.8798418045043945,0.029089311156610047,0.3,Classifier Error ($p$)
7,$\|L_{t} - L_{0}\|_F$ / $\|L_{0}\|_F$,0.9760723362089049,reddit,spectral,99,99,99,631,553,100,0,2.8798418045043945,0.029089311156610047,0.3,Classifier Error ($p$)
8,Surrogate,-0.8903089789846372,reddit,spectral,99,99,99,631,553,100,0,2.8798418045043945,0.029089311156610047,0.3,Classifier Error ($p$)
8,Disparity,-1.500602872503132,reddit,spectral,99,99,99,631,553,100,0,2.8798418045043945,0.029089311156610047,0.3,Classifier Error ($p$)
8,Polarization,-2.802013739027094,reddit,spectral,99,99,99,631,553,100,0,2.8798418045043945,0.029089311156610047,0.3,Classifier Error ($p$)
8,$\|L_{t} - L_{0}\|_F$ / $\|L_{0}\|_F$,1.0318922340202996,reddit,spectral,99,99,99,631,553,100,0,2.8798418045043945,0.029089311156610047,0.3,Classifier Error ($p$)
9,Surrogate,-4.764275431347286,reddit,spectral,99,99,99,631,553,100,0,2.8798418045043945,0.029089311156610047,0.3,Classifier Error ($p$)
9,Disparity,-11.588990811677544,reddit,spectral,99,99,99,631,553,100,0,2.8798418045043945,0.029089311156610047,0.3,Classifier Error ($p$)
9,Polarization,-13.281755890155653,reddit,spectral,99,99,99,631,553,100,0,2.8798418045043945,0.029089311156610047,0.3,Classifier Error ($p$)
9,$\|L_{t} - L_{0}\|_F$ / $\|L_{0}\|_F$,1.0848437490028229,reddit,spectral,99,99,99,631,553,100,0,2.8798418045043945,0.029089311156610047,0.3,Classifier Error ($p$)
10,Surrogate,-4.936084011323114,reddit,spectral,99,99,99,631,553,100,0,2.8798418045043945,0.029089311156610047,0.3,Classifier Error ($p$)
10,Disparity,-11.85053558118495,reddit,spectral,99,99,99,631,553,100,0,2.8798418045043945,0.029089311156610047,0.3,Classifier Error ($p$)
10,Polarization,-13.708518413086896,reddit,spectral,99,99,99,631,553,100,0,2.8798418045043945,0.029089311156610047,0.3,Classifier Error ($p$)
10,$\|L_{t} - L_{0}\|_F$ / $\|L_{0}\|_F$,1.147602470871063,reddit,spectral,99,99,99,631,553,100,0,2.8798418045043945,0.029089311156610047,0.3,Classifier Error ($p$)
11,Surrogate,-5.2776559380059656,reddit,spectral,99,99,99,631,553,100,0,2.8798418045043945,0.029089311156610047,0.3,Classifier Error ($p$)
11,Disparity,-12.740618337905227,reddit,spectral,99,99,99,631,553,100,0,2.8798418045043945,0.029089311156610047,0.3,Classifier Error ($p$)
11,Polarization,-13.871291967196623,reddit,spectral,99,99,99,631,553,100,0,2.8798418045043945,0.029089311156610047,0.3,Classifier Error ($p$)
11,$\|L_{t} - L_{0}\|_F$ / $\|L_{0}\|_F$,1.1836615707155025,reddit,spectral,99,99,99,631,553,100,0,2.8798418045043945,0.029089311156610047,0.3,Classifier Error ($p$)
12,Surrogate,-5.3386152413940176,reddit,spectral,99,99,99,631,553,100,0,2.8798418045043945,0.029089311156610047,0.3,Classifier Error ($p$)
12,Disparity,-12.80990322248531,reddit,spectral,99,99,99,631,553,100,0,2.8798418045043945,0.029089311156610047,0.3,Classifier Error ($p$)
12,Polarization,-14.00291937171851,reddit,spectral,99,99,99,631,553,100,0,2.8798418045043945,0.029089311156610047,0.3,Classifier Error ($p$)
12,$\|L_{t} - L_{0}\|_F$ / $\|L_{0}\|_F$,1.2186541744186545,reddit,spectral,99,99,99,631,553,100,0,2.8798418045043945,0.029089311156610047,0.3,Classifier Error ($p$)
13,Surrogate,-5.353672426399536,reddit,spectral,99,99,99,631,553,100,0,2.8798418045043945,0.029089311156610047,0.3,Classifier Error ($p$)
13,Disparity,-12.850439379795125,reddit,spectral,99,99,99,631,553,100,0,2.8798418045043945,0.029089311156610047,0.3,Classifier Error ($p$)
13,Polarization,-14.024420031123846,reddit,spectral,99,99,99,631,553,100,0,2.8798418045043945,0.029089311156610047,0.3,Classifier Error ($p$)
13,$\|L_{t} - L_{0}\|_F$ / $\|L_{0}\|_F$,1.2638047214451715,reddit,spectral,99,99,99,631,553,100,0,2.8798418045043945,0.029089311156610047,0.3,Classifier Error ($p$)
14,Surrogate,-5.536776392876657,reddit,spectral,99,99,99,631,553,100,0,2.8798418045043945,0.029089311156610047,0.3,Classifier Error ($p$)
14,Disparity,-13.008392992751608,reddit,spectral,99,99,99,631,553,100,0,2.8798418045043945,0.029089311156610047,0.3,Classifier Error ($p$)
14,Polarization,-14.382300087488776,reddit,spectral,99,99,99,631,553,100,0,2.8798418045043945,0.029089311156610047,0.3,Classifier Error ($p$)
14,$\|L_{t} - L_{0}\|_F$ / $\|L_{0}\|_F$,1.3180697422162364,reddit,spectral,99,99,99,631,553,100,0,2.8798418045043945,0.029089311156610047,0.3,Classifier Error ($p$)
15,Surrogate,-5.551637655009167,reddit,spectral,99,99,99,631,553,100,0,2.8798418045043945,0.029089311156610047,0.3,Classifier Error ($p$)
15,Disparity,-13.03700502826839,reddit,spectral,99,99,99,631,553,100,0,2.8798418045043945,0.029089311156610047,0.3,Classifier Error ($p$)
15,Polarization,-14.381545358925576,reddit,spectral,99,99,99,631,553,100,0,2.8798418045043945,0.029089311156610047,0.3,Classifier Error ($p$)
15,$\|L_{t} - L_{0}\|_F$ / $\|L_{0}\|_F$,1.3701873290703155,reddit,spectral,99,99,99,631,553,100,0,2.8798418045043945,0.029089311156610047,0.3,Classifier Error ($p$)
16,Surrogate,-5.6713803259349,reddit,spectral,99,99,99,631,553,100,0,2.8798418045043945,0.029089311156610047,0.3,Classifier Error ($p$)
16,Disparity,-13.213758656807805,reddit,spectral,99,99,99,631,553,100,0,2.8798418045043945,0.029089311156610047,0.3,Classifier Error ($p$)
16,Polarization,-14.507464134802914,reddit,spectral,99,99,99,631,553,100,0,2.8798418045043945,0.029089311156610047,0.3,Classifier Error ($p$)
16,$\|L_{t} - L_{0}\|_F$ / $\|L_{0}\|_F$,1.4104955490408115,reddit,spectral,99,99,99,631,553,100,0,2.8798418045043945,0.029089311156610047,0.3,Classifier Error ($p$)
17,Surrogate,-6.045512566361898,reddit,spectral,99,99,99,631,553,100,0,2.8798418045043945,0.029089311156610047,0.3,Classifier Error ($p$)
17,Disparity,-13.995233693760214,reddit,spectral,99,99,99,631,553,100,0,2.8798418045043945,0.029089311156610047,0.3,Classifier Error ($p$)
17,Polarization,-14.572621242436545,reddit,spectral,99,99,99,631,553,100,0,2.8798418045043945,0.029089311156610047,0.3,Classifier Error ($p$)
17,$\|L_{t} - L_{0}\|_F$ / $\|L_{0}\|_F$,1.4593159922589793,reddit,spectral,99,99,99,631,553,100,0,2.8798418045043945,0.029089311156610047,0.3,Classifier Error ($p$)
18,Surrogate,-6.084026043193154,reddit,spectral,99,99,99,631,553,100,0,2.8798418045043945,0.029089311156610047,0.3,Classifier Error ($p$)
18,Disparity,-14.026164321806842,reddit,spectral,99,99,99,631,553,100,0,2.8798418045043945,0.029089311156610047,0.3,Classifier Error ($p$)
18,Polarization,-14.629206738955855,reddit,spectral,99,99,99,631,553,100,0,2.8798418045043945,0.029089311156610047,0.3,Classifier Error ($p$)
18,$\|L_{t} - L_{0}\|_F$ / $\|L_{0}\|_F$,1.5065552219091334,reddit,spectral,99,99,99,631,553,100,0,2.8798418045043945,0.029089311156610047,0.3,Classifier Error ($p$)
19,Surrogate,-6.175748076677438,reddit,spectral,99,99,99,631,553,100,0,2.8798418045043945,0.029089311156610047,0.3,Classifier Error ($p$)
19,Disparity,-14.093205476395562,reddit,spectral,99,99,99,631,553,100,0,2.8798418045043945,0.029089311156610047,0.3,Classifier Error ($p$)
19,Polarization,-14.793310012341413,reddit,spectral,99,99,99,631,553,100,0,2.8798418045043945,0.029089311156610047,0.3,Classifier Error ($p$)
19,$\|L_{t} - L_{0}\|_F$ / $\|L_{0}\|_F$,1.5433058717508898,reddit,spectral,99,99,99,631,553,100,0,2.8798418045043945,0.029089311156610047,0.3,Classifier Error ($p$)
20,Surrogate,-6.315580839899278,reddit,spectral,99,99,99,631,553,100,0,2.8798418045043945,0.029089311156610047,0.3,Classifier Error ($p$)
20,Disparity,-14.268573338898014,reddit,spectral,99,99,99,631,553,100,0,2.8798418045043945,0.029089311156610047,0.3,Classifier Error ($p$)
20,Polarization,-15.200126572959347,reddit,spectral,99,99,99,631,553,100,0,2.8798418045043945,0.029089311156610047,0.3,Classifier Error ($p$)
20,$\|L_{t} - L_{0}\|_F$ / $\|L_{0}\|_F$,1.6315648796718172,reddit,spectral,99,99,99,631,553,100,0,2.8798418045043945,0.029089311156610047,0.3,Classifier Error ($p$)
21,Surrogate,-8.770604647491634,reddit,spectral,99,99,99,631,553,100,0,2.8798418045043945,0.029089311156610047,0.3,Classifier Error ($p$)
21,Disparity,-20.312555834731587,reddit,spectral,99,99,99,631,553,100,0,2.8798418045043945,0.029089311156610047,0.3,Classifier Error ($p$)
21,Polarization,-23.012056367479587,reddit,spectral,99,99,99,631,553,100,0,2.8798418045043945,0.029089311156610047,0.3,Classifier Error ($p$)
21,$\|L_{t} - L_{0}\|_F$ / $\|L_{0}\|_F$,1.6655594656744044,reddit,spectral,99,99,99,631,553,100,0,2.8798418045043945,0.029089311156610047,0.3,Classifier Error ($p$)
22,Surrogate,-8.92194916640595,reddit,spectral,99,99,99,631,553,100,0,2.8798418045043945,0.029089311156610047,0.3,Classifier Error ($p$)
22,Disparity,-20.495867269916754,reddit,spectral,99,99,99,631,553,100,0,2.8798418045043945,0.029089311156610047,0.3,Classifier Error ($p$)
22,Polarization,-23.16220886948263,reddit,spectral,99,99,99,631,553,100,0,2.8798418045043945,0.029089311156610047,0.3,Classifier Error ($p$)
22,$\|L_{t} - L_{0}\|_F$ / $\|L_{0}\|_F$,1.6988739537754716,reddit,spectral,99,99,99,631,553,100,0,2.8798418045043945,0.029089311156610047,0.3,Classifier Error ($p$)
23,Surrogate,-8.929004746155952,reddit,spectral,99,99,99,631,553,100,0,2.8798418045043945,0.029089311156610047,0.3,Classifier Error ($p$)
23,Disparity,-20.519985200569845,reddit,spectral,99,99,99,631,553,100,0,2.8798418045043945,0.029089311156610047,0.3,Classifier Error ($p$)
23,Polarization,-23.15469788568102,reddit,spectral,99,99,99,631,553,100,0,2.8798418045043945,0.029089311156610047,0.3,Classifier Error ($p$)
23,$\|L_{t} - L_{0}\|_F$ / $\|L_{0}\|_F$,1.7396201258365491,reddit,spectral,99,99,99,631,553,100,0,2.8798418045043945,0.029089311156610047,0.3,Classifier Error ($p$)
24,Surrogate,-8.938183366461791,reddit,spectral,99,99,99,631,553,100,0,2.8798418045043945,0.029089311156610047,0.3,Classifier Error ($p$)
24,Disparity,-20.547394339489617,reddit,spectral,99,99,99,631,553,100,0,2.8798418045043945,0.029089311156610047,0.3,Classifier Error ($p$)
24,Polarization,-23.17377065957102,reddit,spectral,99,99,99,631,553,100,0,2.8798418045043945,0.029089311156610047,0.3,Classifier Error ($p$)
24,$\|L_{t} - L_{0}\|_F$ / $\|L_{0}\|_F$,1.779433520425655,reddit,spectral,99,99,99,631,553,100,0,2.8798418045043945,0.029089311156610047,0.3,Classifier Error ($p$)
25,Surrogate,-9.138608099039242,reddit,spectral,99,99,99,631,553,100,0,2.8798418045043945,0.029089311156610047,0.3,Classifier Error ($p$)
25,Disparity,-20.954370948311457,reddit,spectral,99,99,99,631,553,100,0,2.8798418045043945,0.029089311156610047,0.3,Classifier Error ($p$)
25,Polarization,-23.2525274444458,reddit,spectral,99,99,99,631,553,100,0,2.8798418045043945,0.029089311156610047,0.3,Classifier Error ($p$)
25,$\|L_{t} - L_{0}\|_F$ / $\|L_{0}\|_F$,1.8413452712222742,reddit,spectral,99,99,99,631,553,100,0,2.8798418045043945,0.029089311156610047,0.3,Classifier Error ($p$)
26,Surrogate,-9.264620819765652,reddit,spectral,99,99,99,631,553,100,0,2.8798418045043945,0.029089311156610047,0.3,Classifier Error ($p$)
26,Disparity,-21.071026079281147,reddit,spectral,99,99,99,631,553,100,0,2.8798418045043945,0.029089311156610047,0.3,Classifier Error ($p$)
26,Polarization,-23.27088364509155,reddit,spectral,99,99,99,631,553,100,0,2.8798418045043945,0.029089311156610047,0.3,Classifier Error ($p$)
26,$\|L_{t} - L_{0}\|_F$ / $\|L_{0}\|_F$,1.8864461226155582,reddit,spectral,99,99,99,631,553,100,0,2.8798418045043945,0.029089311156610047,0.3,Classifier Error ($p$)
27,Surrogate,-9.277400075018317,reddit,spectral,99,99,99,631,553,100,0,2.8798418045043945,0.029089311156610047,0.3,Classifier Error ($p$)
27,Disparity,-21.0903850246965,reddit,spectral,99,99,99,631,553,100,0,2.8798418045043945,0.029089311156610047,0.3,Classifier Error ($p$)
27,Polarization,-23.29608987412396,reddit,spectral,99,99,99,631,553,100,0,2.8798418045043945,0.029089311156610047,0.3,Classifier Error ($p$)
27,$\|L_{t} - L_{0}\|_F$ / $\|L_{0}\|_F$,1.9449544281986313,reddit,spectral,99,99,99,631,553,100,0,2.8798418045043945,0.029089311156610047,0.3,Classifier Error ($p$)
28,Surrogate,-9.28536622731434,reddit,spectral,99,99,99,631,553,100,0,2.8798418045043945,0.029089311156610047,0.3,Classifier Error ($p$)
28,Disparity,-21.114687828306803,reddit,spectral,99,99,99,631,553,100,0,2.8798418045043945,0.029089311156610047,0.3,Classifier Error ($p$)
28,Polarization,-23.351319299153857,reddit,spectral,99,99,99,631,553,100,0,2.8798418045043945,0.029089311156610047,0.3,Classifier Error ($p$)
28,$\|L_{t} - L_{0}\|_F$ / $\|L_{0}\|_F$,1.980644642324396,reddit,spectral,99,99,99,631,553,100,0,2.8798418045043945,0.029089311156610047,0.3,Classifier Error ($p$)
29,Surrogate,-9.356329060188774,reddit,spectral,99,99,99,631,553,100,0,2.8798418045043945,0.029089311156610047,0.3,Classifier Error ($p$)
29,Disparity,-21.175037116648568,reddit,spectral,99,99,99,631,553,100,0,2.8798418045043945,0.029089311156610047,0.3,Classifier Error ($p$)
29,Polarization,-23.440161383324902,reddit,spectral,99,99,99,631,553,100,0,2.8798418045043945,0.029089311156610047,0.3,Classifier Error ($p$)
29,$\|L_{t} - L_{0}\|_F$ / $\|L_{0}\|_F$,2.015703021421361,reddit,spectral,99,99,99,631,553,100,0,2.8798418045043945,0.029089311156610047,0.3,Classifier Error ($p$)
30,Surrogate,-9.37162583383913,reddit,spectral,99,99,99,631,553,100,0,2.8798418045043945,0.029089311156610047,0.3,Classifier Error ($p$)
30,Disparity,-21.198861008210702,reddit,spectral,99,99,99,631,553,100,0,2.8798418045043945,0.029089311156610047,0.3,Classifier Error ($p$)
30,Polarization,-23.528691620312866,reddit,spectral,99,99,99,631,553,100,0,2.8798418045043945,0.029089311156610047,0.3,Classifier Error ($p$)
30,$\|L_{t} - L_{0}\|_F$ / $\|L_{0}\|_F$,2.050161979446032,reddit,spectral,99,99,99,631,553,100,0,2.8798418045043945,0.029089311156610047,0.3,Classifier Error ($p$)
31,Surrogate,-9.517943247924578,reddit,spectral,99,99,99,631,553,100,0,2.8798418045043945,0.029089311156610047,0.3,Classifier Error ($p$)
31,Disparity,-21.302558596699743,reddit,spectral,99,99,99,631,553,100,0,2.8798418045043945,0.029089311156610047,0.3,Classifier Error ($p$)
31,Polarization,-23.66227342368695,reddit,spectral,99,99,99,631,553,100,0,2.8798418045043945,0.029089311156610047,0.3,Classifier Error ($p$)
31,$\|L_{t} - L_{0}\|_F$ / $\|L_{0}\|_F$,2.0840512501771498,reddit,spectral,99,99,99,631,553,100,0,2.8798418045043945,0.029089311156610047,0.3,Classifier Error ($p$)
32,Surrogate,-9.783342466042752,reddit,spectral,99,99,99,631,553,100,0,2.8798418045043945,0.029089311156610047,0.3,Classifier Error ($p$)
32,Disparity,-21.691272616464186,reddit,spectral,99,99,99,631,553,100,0,2.8798418045043945,0.029089311156610047,0.3,Classifier Error ($p$)
32,Polarization,-24.57736950307556,reddit,spectral,99,99,99,631,553,100,0,2.8798418045043945,0.029089311156610047,0.3,Classifier Error ($p$)
32,$\|L_{t} - L_{0}\|_F$ / $\|L_{0}\|_F$,2.104122832964906,reddit,spectral,99,99,99,631,553,100,0,2.8798418045043945,0.029089311156610047,0.3,Classifier Error ($p$)
33,Surrogate,-9.816183805290985,reddit,spectral,99,99,99,631,553,100,0,2.8798418045043945,0.029089311156610047,0.3,Classifier Error ($p$)
33,Disparity,-21.739691289876127,reddit,spectral,99,99,99,631,553,100,0,2.8798418045043945,0.029089311156610047,0.3,Classifier Error ($p$)
33,Polarization,-24.632575909212864,reddit,spectral,99,99,99,631,553,100,0,2.8798418045043945,0.029089311156610047,0.3,Classifier Error ($p$)
33,$\|L_{t} - L_{0}\|_F$ / $\|L_{0}\|_F$,2.1502280242250307,reddit,spectral,99,99,99,631,553,100,0,2.8798418045043945,0.029089311156610047,0.3,Classifier Error ($p$)
34,Surrogate,-9.829823004005544,reddit,spectral,99,99,99,631,553,100,0,2.8798418045043945,0.029089311156610047,0.3,Classifier Error ($p$)
34,Disparity,-21.763668492110153,reddit,spectral,99,99,99,631,553,100,0,2.8798418045043945,0.029089311156610047,0.3,Classifier Error ($p$)
34,Polarization,-24.648991807316055,reddit,spectral,99,99,99,631,553,100,0,2.8798418045043945,0.029089311156610047,0.3,Classifier Error ($p$)
34,$\|L_{t} - L_{0}\|_F$ / $\|L_{0}\|_F$,2.176135320535415,reddit,spectral,99,99,99,631,553,100,0,2.8798418045043945,0.029089311156610047,0.3,Classifier Error ($p$)
35,Surrogate,-10.895978668251635,reddit,spectral,99,99,99,631,553,100,0,2.8798418045043945,0.029089311156610047,0.3,Classifier Error ($p$)
35,Disparity,-25.35310087618053,reddit,spectral,99,99,99,631,553,100,0,2.8798418045043945,0.029089311156610047,0.3,Classifier Error ($p$)
35,Polarization,-28.610966014449975,reddit,spectral,99,99,99,631,553,100,0,2.8798418045043945,0.029089311156610047,0.3,Classifier Error ($p$)
35,$\|L_{t} - L_{0}\|_F$ / $\|L_{0}\|_F$,2.188973988388469,reddit,spectral,99,99,99,631,553,100,0,2.8798418045043945,0.029089311156610047,0.3,Classifier Error ($p$)
36,Surrogate,-10.919412347610365,reddit,spectral,99,99,99,631,553,100,0,2.8798418045043945,0.029089311156610047,0.3,Classifier Error ($p$)
36,Disparity,-25.38009500149873,reddit,spectral,99,99,99,631,553,100,0,2.8798418045043945,0.029089311156610047,0.3,Classifier Error ($p$)
36,Polarization,-28.631368871501657,reddit,spectral,99,99,99,631,553,100,0,2.8798418045043945,0.029089311156610047,0.3,Classifier Error ($p$)
36,$\|L_{t} - L_{0}\|_F$ / $\|L_{0}\|_F$,2.2270459554126774,reddit,spectral,99,99,99,631,553,100,0,2.8798418045043945,0.029089311156610047,0.3,Classifier Error ($p$)
37,Surrogate,-10.96979060164314,reddit,spectral,99,99,99,631,553,100,0,2.8798418045043945,0.029089311156610047,0.3,Classifier Error ($p$)
37,Disparity,-25.43776011379515,reddit,spectral,99,99,99,631,553,100,0,2.8798418045043945,0.029089311156610047,0.3,Classifier Error ($p$)
37,Polarization,-28.643890141971905,reddit,spectral,99,99,99,631,553,100,0,2.8798418045043945,0.029089311156610047,0.3,Classifier Error ($p$)
37,$\|L_{t} - L_{0}\|_F$ / $\|L_{0}\|_F$,2.252069729080132,reddit,spectral,99,99,99,631,553,100,0,2.8798418045043945,0.029089311156610047,0.3,Classifier Error ($p$)
38,Surrogate,-10.989719857679637,reddit,spectral,99,99,99,631,553,100,0,2.8798418045043945,0.029089311156610047,0.3,Classifier Error ($p$)
38,Disparity,-25.46866582513112,reddit,spectral,99,99,99,631,553,100,0,2.8798418045043945,0.029089311156610047,0.3,Classifier Error ($p$)
38,Polarization,-28.697925007511365,reddit,spectral,99,99,99,631,553,100,0,2.8798418045043945,0.029089311156610047,0.3,Classifier Error ($p$)
38,$\|L_{t} - L_{0}\|_F$ / $\|L_{0}\|_F$,2.2768184911753844,reddit,spectral,99,99,99,631,553,100,0,2.8798418045043945,0.029089311156610047,0.3,Classifier Error ($p$)
39,Surrogate,-11.007889753013693,reddit,spectral,99,99,99,631,553,100,0,2.8798418045043945,0.029089311156610047,0.3,Classifier Error ($p$)
39,Disparity,-25.48436052888063,reddit,spectral,99,99,99,631,553,100,0,2.8798418045043945,0.029089311156610047,0.3,Classifier Error ($p$)
39,Polarization,-28.75325369920816,reddit,spectral,99,99,99,631,553,100,0,2.8798418045043945,0.029089311156610047,0.3,Classifier Error ($p$)
39,$\|L_{t} - L_{0}\|_F$ / $\|L_{0}\|_F$,2.3134452678714488,reddit,spectral,99,99,99,631,553,100,0,2.8798418045043945,0.029089311156610047,0.3,Classifier Error ($p$)
40,Surrogate,-11.017440955380136,reddit,spectral,99,99,99,631,553,100,0,2.8798418045043945,0.029089311156610047,0.3,Classifier Error ($p$)
40,Disparity,-25.531692566280462,reddit,spectral,99,99,99,631,553,100,0,2.8798418045043945,0.029089311156610047,0.3,Classifier Error ($p$)
40,Polarization,-28.74334098350644,reddit,spectral,99,99,99,631,553,100,0,2.8798418045043945,0.029089311156610047,0.3,Classifier Error ($p$)
40,$\|L_{t} - L_{0}\|_F$ / $\|L_{0}\|_F$,2.3375443064369694,reddit,spectral,99,99,99,631,553,100,0,2.8798418045043945,0.029089311156610047,0.3,Classifier Error ($p$)
41,Surrogate,-11.097947920911617,reddit,spectral,99,99,99,631,553,100,0,2.8798418045043945,0.029089311156610047,0.3,Classifier Error ($p$)
41,Disparity,-25.641154900143455,reddit,spectral,99,99,99,631,553,100,0,2.8798418045043945,0.029089311156610047,0.3,Classifier Error ($p$)
41,Polarization,-28.8694464190427,reddit,spectral,99,99,99,631,553,100,0,2.8798418045043945,0.029089311156610047,0.3,Classifier Error ($p$)
41,$\|L_{t} - L_{0}\|_F$ / $\|L_{0}\|_F$,2.355456785295628,reddit,spectral,99,99,99,631,553,100,0,2.8798418045043945,0.029089311156610047,0.3,Classifier Error ($p$)
42,Surrogate,-11.625049850601526,reddit,spectral,99,99,99,631,553,100,0,2.8798418045043945,0.029089311156610047,0.3,Classifier Error ($p$)
42,Disparity,-26.884684811183867,reddit,spectral,99,99,99,631,553,100,0,2.8798418045043945,0.029089311156610047,0.3,Classifier Error ($p$)
42,Polarization,-30.191353318864945,reddit,spectral,99,99,99,631,553,100,0,2.8798418045043945,0.029089311156610047,0.3,Classifier Error ($p$)
42,$\|L_{t} - L_{0}\|_F$ / $\|L_{0}\|_F$,2.4083950082810706,reddit,spectral,99,99,99,631,553,100,0,2.8798418045043945,0.029089311156610047,0.3,Classifier Error ($p$)
43,Surrogate,-11.652009371605633,reddit,spectral,99,99,99,631,553,100,0,2.8798418045043945,0.029089311156610047,0.3,Classifier Error ($p$)
43,Disparity,-26.916431732459596,reddit,spectral,99,99,99,631,553,100,0,2.8798418045043945,0.029089311156610047,0.3,Classifier Error ($p$)
43,Polarization,-30.190301447373812,reddit,spectral,99,99,99,631,553,100,0,2.8798418045043945,0.029089311156610047,0.3,Classifier Error ($p$)
43,$\|L_{t} - L_{0}\|_F$ / $\|L_{0}\|_F$,2.44877809853641,reddit,spectral,99,99,99,631,553,100,0,2.8798418045043945,0.029089311156610047,0.3,Classifier Error ($p$)
44,Surrogate,-11.748548579464535,reddit,spectral,99,99,99,631,553,100,0,2.8798418045043945,0.029089311156610047,0.3,Classifier Error ($p$)
44,Disparity,-26.994965826670526,reddit,spectral,99,99,99,631,553,100,0,2.8798418045043945,0.029089311156610047,0.3,Classifier Error ($p$)
44,Polarization,-30.219571512733584,reddit,spectral,99,99,99,631,553,100,0,2.8798418045043945,0.029089311156610047,0.3,Classifier Error ($p$)
44,$\|L_{t} - L_{0}\|_F$ / $\|L_{0}\|_F$,2.4885059445036517,reddit,spectral,99,99,99,631,553,100,0,2.8798418045043945,0.029089311156610047,0.3,Classifier Error ($p$)
45,Surrogate,-11.766047888640749,reddit,spectral,99,99,99,631,553,100,0,2.8798418045043945,0.029089311156610047,0.3,Classifier Error ($p$)
45,Disparity,-27.01523871429496,reddit,spectral,99,99,99,631,553,100,0,2.8798418045043945,0.029089311156610047,0.3,Classifier Error ($p$)
45,Polarization,-30.239616029579924,reddit,spectral,99,99,99,631,553,100,0,2.8798418045043945,0.029089311156610047,0.3,Classifier Error ($p$)
45,$\|L_{t} - L_{0}\|_F$ / $\|L_{0}\|_F$,2.5164990179272637,reddit,spectral,99,99,99,631,553,100,0,2.8798418045043945,0.029089311156610047,0.3,Classifier Error ($p$)
46,Surrogate,-11.83850718476645,reddit,spectral,99,99,99,631,553,100,0,2.8798418045043945,0.029089311156610047,0.3,Classifier Error ($p$)
46,Disparity,-27.108907788269647,reddit,spectral,99,99,99,631,553,100,0,2.8798418045043945,0.029089311156610047,0.3,Classifier Error ($p$)
46,Polarization,-30.51435207455227,reddit,spectral,99,99,99,631,553,100,0,2.8798418045043945,0.029089311156610047,0.3,Classifier Error ($p$)
46,$\|L_{t} - L_{0}\|_F$ / $\|L_{0}\|_F$,2.5606514916065937,reddit,spectral,99,99,99,631,553,100,0,2.8798418045043945,0.029089311156610047,0.3,Classifier Error ($p$)
47,Surrogate,-11.842697412435678,reddit,spectral,99,99,99,631,553,100,0,2.8798418045043945,0.029089311156610047,0.3,Classifier Error ($p$)
47,Disparity,-27.12662460935167,reddit,spectral,99,99,99,631,553,100,0,2.8798418045043945,0.029089311156610047,0.3,Classifier Error ($p$)
47,Polarization,-30.508354307061893,reddit,spectral,99,99,99,631,553,100,0,2.8798418045043945,0.029089311156610047,0.3,Classifier Error ($p$)
47,$\|L_{t} - L_{0}\|_F$ / $\|L_{0}\|_F$,2.6094301887548235,reddit,spectral,99,99,99,631,553,100,0,2.8798418045043945,0.029089311156610047,0.3,Classifier Error ($p$)
48,Surrogate,-11.876405139013995,reddit,spectral,99,99,99,631,553,100,0,2.8798418045043945,0.029089311156610047,0.3,Classifier Error ($p$)
48,Disparity,-27.207504790027926,reddit,spectral,99,99,99,631,553,100,0,2.8798418045043945,0.029089311156610047,0.3,Classifier Error ($p$)
48,Polarization,-30.530011342421947,reddit,spectral,99,99,99,631,553,100,0,2.8798418045043945,0.029089311156610047,0.3,Classifier Error ($p$)
48,$\|L_{t} - L_{0}\|_F$ / $\|L_{0}\|_F$,2.667837691289061,reddit,spectral,99,99,99,631,553,100,0,2.8798418045043945,0.029089311156610047,0.3,Classifier Error ($p$)
49,Surrogate,-11.928638050541744,reddit,spectral,99,99,99,631,553,100,0,2.8798418045043945,0.029089311156610047,0.3,Classifier Error ($p$)
49,Disparity,-27.26336534123595,reddit,spectral,99,99,99,631,553,100,0,2.8798418045043945,0.029089311156610047,0.3,Classifier Error ($p$)
49,Polarization,-30.621401535863264,reddit,spectral,99,99,99,631,553,100,0,2.8798418045043945,0.029089311156610047,0.3,Classifier Error ($p$)
49,$\|L_{t} - L_{0}\|_F$ / $\|L_{0}\|_F$,2.7198472181099227,reddit,spectral,99,99,99,631,553,100,0,2.8798418045043945,0.029089311156610047,0.3,Classifier Error ($p$)
50,Surrogate,-12.0662980453332,reddit,spectral,99,99,99,631,553,100,0,2.8798418045043945,0.029089311156610047,0.3,Classifier Error ($p$)
50,Disparity,-27.351574936430552,reddit,spectral,99,99,99,631,553,100,0,2.8798418045043945,0.029089311156610047,0.3,Classifier Error ($p$)
50,Polarization,-30.78938410905414,reddit,spectral,99,99,99,631,553,100,0,2.8798418045043945,0.029089311156610047,0.3,Classifier Error ($p$)
50,$\|L_{t} - L_{0}\|_F$ / $\|L_{0}\|_F$,2.740374658140631,reddit,spectral,99,99,99,631,553,100,0,2.8798418045043945,0.029089311156610047,0.3,Classifier Error ($p$)
51,Surrogate,-12.082852372618344,reddit,spectral,99,99,99,631,553,100,0,2.8798418045043945,0.029089311156610047,0.3,Classifier Error ($p$)
51,Disparity,-27.372675442465294,reddit,spectral,99,99,99,631,553,100,0,2.8798418045043945,0.029089311156610047,0.3,Classifier Error ($p$)
51,Polarization,-30.79005620448282,reddit,spectral,99,99,99,631,553,100,0,2.8798418045043945,0.029089311156610047,0.3,Classifier Error ($p$)
51,$\|L_{t} - L_{0}\|_F$ / $\|L_{0}\|_F$,2.7809750126920543,reddit,spectral,99,99,99,631,553,100,0,2.8798418045043945,0.029089311156610047,0.3,Classifier Error ($p$)
52,Surrogate,-12.109017898295283,reddit,spectral,99,99,99,631,553,100,0,2.8798418045043945,0.029089311156610047,0.3,Classifier Error ($p$)
52,Disparity,-27.431165914716622,reddit,spectral,99,99,99,631,553,100,0,2.8798418045043945,0.029089311156610047,0.3,Classifier Error ($p$)
52,Polarization,-30.776638736068602,reddit,spectral,99,99,99,631,553,100,0,2.8798418045043945,0.029089311156610047,0.3,Classifier Error ($p$)
52,$\|L_{t} - L_{0}\|_F$ / $\|L_{0}\|_F$,2.8010545154167685,reddit,spectral,99,99,99,631,553,100,0,2.8798418045043945,0.029089311156610047,0.3,Classifier Error ($p$)
53,Surrogate,-12.115728656253811,reddit,spectral,99,99,99,631,553,100,0,2.8798418045043945,0.029089311156610047,0.3,Classifier Error ($p$)
53,Disparity,-27.448254869576015,reddit,spectral,99,99,99,631,553,100,0,2.8798418045043945,0.029089311156610047,0.3,Classifier Error ($p$)
53,Polarization,-30.78907007531397,reddit,spectral,99,99,99,631,553,100,0,2.8798418045043945,0.029089311156610047,0.3,Classifier Error ($p$)
53,$\|L_{t} - L_{0}\|_F$ / $\|L_{0}\|_F$,2.820991098081623,reddit,spectral,99,99,99,631,553,100,0,2.8798418045043945,0.029089311156610047,0.3,Classifier Error ($p$)
54,Surrogate,-12.306961397071216,reddit,spectral,99,99,99,631,553,100,0,2.8798418045043945,0.029089311156610047,0.3,Classifier Error ($p$)
54,Disparity,-27.685181613267574,reddit,spectral,99,99,99,631,553,100,0,2.8798418045043945,0.029089311156610047,0.3,Classifier Error ($p$)
54,Polarization,-31.325608168207253,reddit,spectral,99,99,99,631,553,100,0,2.8798418045043945,0.029089311156610047,0.3,Classifier Error ($p$)
54,$\|L_{t} - L_{0}\|_F$ / $\|L_{0}\|_F$,2.88483361757534,reddit,spectral,99,99,99,631,553,100,0,2.8798418045043945,0.029089311156610047,0.3,Classifier Error ($p$)
55,Surrogate,-12.340508547944328,reddit,spectral,99,99,99,631,553,100,0,2.8798418045043945,0.029089311156610047,0.3,Classifier Error ($p$)
55,Disparity,-27.720747398102517,reddit,spectral,99,99,99,631,553,100,0,2.8798418045043945,0.029089311156610047,0.3,Classifier Error ($p$)
55,Polarization,-31.326665637655875,reddit,spectral,99,99,99,631,553,100,0,2.8798418045043945,0.029089311156610047,0.3,Classifier Error ($p$)
55,$\|L_{t} - L_{0}\|_F$ / $\|L_{0}\|_F$,2.9138276487759986,reddit,spectral,99,99,99,631,553,100,0,2.8798418045043945,0.029089311156610047,0.3,Classifier Error ($p$)
56,Surrogate,-12.476978589780135,reddit,spectral,99,99,99,631,553,100,0,2.8798418045043945,0.029089311156610047,0.3,Classifier Error ($p$)
56,Disparity,-27.91766689718747,reddit,spectral,99,99,99,631,553,100,0,2.8798418045043945,0.029089311156610047,0.3,Classifier Error ($p$)
56,Polarization,-31.386237076982702,reddit,spectral,99,99,99,631,553,100,0,2.8798418045043945,0.029089311156610047,0.3,Classifier Error ($p$)
56,$\|L_{t} - L_{0}\|_F$ / $\|L_{0}\|_F$,2.9329977742730318,reddit,spectral,99,99,99,631,553,100,0,2.8798418045043945,0.029089311156610047,0.3,Classifier Error ($p$)
57,Surrogate,-15.025957056567973,reddit,spectral,99,99,99,631,553,100,0,2.8798418045043945,0.029089311156610047,0.3,Classifier Error ($p$)
57,Disparity,-33.362296182172386,reddit,spectral,99,99,99,631,553,100,0,2.8798418045043945,0.029089311156610047,0.3,Classifier Error ($p$)
57,Polarization,-36.906612334571705,reddit,spectral,99,99,99,631,553,100,0,2.8798418045043945,0.029089311156610047,0.3,Classifier Error ($p$)
57,$\|L_{t} - L_{0}\|_F$ / $\|L_{0}\|_F$,2.956785655959767,reddit,spectral,99,99,99,631,553,100,0,2.8798418045043945,0.029089311156610047,0.3,Classifier Error ($p$)
58,Surrogate,-15.747265653667547,reddit,spectral,99,99,99,631,553,100,0,2.8798418045043945,0.029089311156610047,0.3,Classifier Error ($p$)
58,Disparity,-36.094973588587756,reddit,spectral,99,99,99,631,553,100,0,2.8798418045043945,0.029089311156610047,0.3,Classifier Error ($p$)
58,Polarization,-40.57811894203353,reddit,spectral,99,99,99,631,553,100,0,2.8798418045043945,0.029089311156610047,0.3,Classifier Error ($p$)
58,$\|L_{t} - L_{0}\|_F$ / $\|L_{0}\|_F$,2.9944532338187586,reddit,spectral,99,99,99,631,553,100,0,2.8798418045043945,0.029089311156610047,0.3,Classifier Error ($p$)
59,Surrogate,-15.855229476615001,reddit,spectral,99,99,99,631,553,100,0,2.8798418045043945,0.029089311156610047,0.3,Classifier Error ($p$)
59,Disparity,-36.23166941531989,reddit,spectral,99,99,99,631,553,100,0,2.8798418045043945,0.029089311156610047,0.3,Classifier Error ($p$)
59,Polarization,-40.82113316237724,reddit,spectral,99,99,99,631,553,100,0,2.8798418045043945,0.029089311156610047,0.3,Classifier Error ($p$)
59,$\|L_{t} - L_{0}\|_F$ / $\|L_{0}\|_F$,3.0223958601093703,reddit,spectral,99,99,99,631,553,100,0,2.8798418045043945,0.029089311156610047,0.3,Classifier Error ($p$)
60,Surrogate,-15.862225088066237,reddit,spectral,99,99,99,631,553,100,0,2.8798418045043945,0.029089311156610047,0.3,Classifier Error ($p$)
60,Disparity,-36.25097653503243,reddit,spectral,99,99,99,631,553,100,0,2.8798418045043945,0.029089311156610047,0.3,Classifier Error ($p$)
60,Polarization,-40.85034872066854,reddit,spectral,99,99,99,631,553,100,0,2.8798418045043945,0.029089311156610047,0.3,Classifier Error ($p$)
60,$\|L_{t} - L_{0}\|_F$ / $\|L_{0}\|_F$,3.059255708410863,reddit,spectral,99,99,99,631,553,100,0,2.8798418045043945,0.029089311156610047,0.3,Classifier Error ($p$)
61,Surrogate,-15.984608087983784,reddit,spectral,99,99,99,631,553,100,0,2.8798418045043945,0.029089311156610047,0.3,Classifier Error ($p$)
61,Disparity,-36.38324430669786,reddit,spectral,99,99,99,631,553,100,0,2.8798418045043945,0.029089311156610047,0.3,Classifier Error ($p$)
61,Polarization,-40.94582471618805,reddit,spectral,99,99,99,631,553,100,0,2.8798418045043945,0.029089311156610047,0.3,Classifier Error ($p$)
61,$\|L_{t} - L_{0}\|_F$ / $\|L_{0}\|_F$,3.0866117435017797,reddit,spectral,99,99,99,631,553,100,0,2.8798418045043945,0.029089311156610047,0.3,Classifier Error ($p$)
62,Surrogate,-16.053135471262188,reddit,spectral,99,99,99,631,553,100,0,2.8798418045043945,0.029089311156610047,0.3,Classifier Error ($p$)
62,Disparity,-36.43036667006711,reddit,spectral,99,99,99,631,553,100,0,2.8798418045043945,0.029089311156610047,0.3,Classifier Error ($p$)
62,Polarization,-41.047894414270594,reddit,spectral,99,99,99,631,553,100,0,2.8798418045043945,0.029089311156610047,0.3,Classifier Error ($p$)
62,$\|L_{t} - L_{0}\|_F$ / $\|L_{0}\|_F$,3.122713693145961,reddit,spectral,99,99,99,631,553,100,0,2.8798418045043945,0.029089311156610047,0.3,Classifier Error ($p$)
63,Surrogate,-16.06900256039697,reddit,spectral,99,99,99,631,553,100,0,2.8798418045043945,0.029089311156610047,0.3,Classifier Error ($p$)
63,Disparity,-36.4552108948574,reddit,spectral,99,99,99,631,553,100,0,2.8798418045043945,0.029089311156610047,0.3,Classifier Error ($p$)
63,Polarization,-41.077604430827016,reddit,spectral,99,99,99,631,553,100,0,2.8798418045043945,0.029089311156610047,0.3,Classifier Error ($p$)
63,$\|L_{t} - L_{0}\|_F$ / $\|L_{0}\|_F$,3.153963929616143,reddit,spectral,99,99,99,631,553,100,0,2.8798418045043945,0.029089311156610047,0.3,Classifier Error ($p$)
64,Surrogate,-16.159656962947576,reddit,spectral,99,99,99,631,553,100,0,2.8798418045043945,0.029089311156610047,0.3,Classifier Error ($p$)
64,Disparity,-36.55809075836121,reddit,spectral,99,99,99,631,553,100,0,2.8798418045043945,0.029089311156610047,0.3,Classifier Error ($p$)
64,Polarization,-41.2939643967327,reddit,spectral,99,99,99,631,553,100,0,2.8798418045043945,0.029089311156610047,0.3,Classifier Error ($p$)
64,$\|L_{t} - L_{0}\|_F$ / $\|L_{0}\|_F$,3.1805054684748377,reddit,spectral,99,99,99,631,553,100,0,2.8798418045043945,0.029089311156610047,0.3,Classifier Error ($p$)
65,Surrogate,-16.825124495319205,reddit,spectral,99,99,99,631,553,100,0,2.8798418045043945,0.029089311156610047,0.3,Classifier Error ($p$)
65,Disparity,-38.31519147093576,reddit,spectral,99,99,99,631,553,100,0,2.8798418045043945,0.029089311156610047,0.3,Classifier Error ($p$)
65,Polarization,-42.62598151653143,reddit,spectral,99,99,99,631,553,100,0,2.8798418045043945,0.029089311156610047,0.3,Classifier Error ($p$)
65,$\|L_{t} - L_{0}\|_F$ / $\|L_{0}\|_F$,3.1893035640336733,reddit,spectral,99,99,99,631,553,100,0,2.8798418045043945,0.029089311156610047,0.3,Classifier Error ($p$)
66,Surrogate,-16.841522705945636,reddit,spectral,99,99,99,631,553,100,0,2.8798418045043945,0.029089311156610047,0.3,Classifier Error ($p$)
66,Disparity,-38.33419879433901,reddit,spectral,99,99,99,631,553,100,0,2.8798418045043945,0.029089311156610047,0.3,Classifier Error ($p$)
66,Polarization,-42.65194271468652,reddit,spectral,99,99,99,631,553,100,0,2.8798418045043945,0.029089311156610047,0.3,Classifier Error ($p$)
66,$\|L_{t} - L_{0}\|_F$ / $\|L_{0}\|_F$,3.219907589282076,reddit,spectral,99,99,99,631,553,100,0,2.8798418045043945,0.029089311156610047,0.3,Classifier Error ($p$)
67,Surrogate,-16.85592270750757,reddit,spectral,99,99,99,631,553,100,0,2.8798418045043945,0.029089311156610047,0.3,Classifier Error ($p$)
67,Disparity,-38.347719277582506,reddit,spectral,99,99,99,631,553,100,0,2.8798418045043945,0.029089311156610047,0.3,Classifier Error ($p$)
67,Polarization,-42.64732879283387,reddit,spectral,99,99,99,631,553,100,0,2.8798418045043945,0.029089311156610047,0.3,Classifier Error ($p$)
67,$\|L_{t} - L_{0}\|_F$ / $\|L_{0}\|_F$,3.237265707450565,reddit,spectral,99,99,99,631,553,100,0,2.8798418045043945,0.029089311156610047,0.3,Classifier Error ($p$)
68,Surrogate,-16.927630268379403,reddit,spectral,99,99,99,631,553,100,0,2.8798418045043945,0.029089311156610047,0.3,Classifier Error ($p$)
68,Disparity,-38.4286595970575,reddit,spectral,99,99,99,631,553,100,0,2.8798418045043945,0.029089311156610047,0.3,Classifier Error ($p$)
68,Polarization,-42.775711688324364,reddit,spectral,99,99,99,631,553,100,0,2.8798418045043945,0.029089311156610047,0.3,Classifier Error ($p$)
68,$\|L_{t} - L_{0}\|_F$ / $\|L_{0}\|_F$,3.2588333391007085,reddit,spectral,99,99,99,631,553,100,0,2.8798418045043945,0.029089311156610047,0.3,Classifier Error ($p$)
69,Surrogate,-16.94872836217182,reddit,spectral,99,99,99,631,553,100,0,2.8798418045043945,0.029089311156610047,0.3,Classifier Error ($p$)
69,Disparity,-38.46138900007037,reddit,spectral,99,99,99,631,553,100,0,2.8798418045043945,0.029089311156610047,0.3,Classifier Error ($p$)
69,Polarization,-42.773600044278695,reddit,spectral,99,99,99,631,553,100,0,2.8798418045043945,0.029089311156610047,0.3,Classifier Error ($p$)
69,$\|L_{t} - L_{0}\|_F$ / $\|L_{0}\|_F$,3.2717056736316605,reddit,spectral,99,99,99,631,553,100,0,2.8798418045043945,0.029089311156610047,0.3,Classifier Error ($p$)
70,Surrogate,-17.09631939624919,reddit,spectral,99,99,99,631,553,100,0,2.8798418045043945,0.029089311156610047,0.3,Classifier Error ($p$)
70,Disparity,-38.54085692083913,reddit,spectral,99,99,99,631,553,100,0,2.8798418045043945,0.029089311156610047,0.3,Classifier Error ($p$)
70,Polarization,-42.93602942778195,reddit,spectral,99,99,99,631,553,100,0,2.8798418045043945,0.029089311156610047,0.3,Classifier Error ($p$)
70,$\|L_{t} - L_{0}\|_F$ / $\|L_{0}\|_F$,3.301545952252068,reddit,spectral,99,99,99,631,553,100,0,2.8798418045043945,0.029089311156610047,0.3,Classifier Error ($p$)
71,Surrogate,-17.09959581306674,reddit,spectral,99,99,99,631,553,100,0,2.8798418045043945,0.029089311156610047,0.3,Classifier Error ($p$)
71,Disparity,-38.554988696599054,reddit,spectral,99,99,99,631,553,100,0,2.8798418045043945,0.029089311156610047,0.3,Classifier Error ($p$)
71,Polarization,-42.93624482772257,reddit,spectral,99,99,99,631,553,100,0,2.8798418045043945,0.029089311156610047,0.3,Classifier Error ($p$)
71,$\|L_{t} - L_{0}\|_F$ / $\|L_{0}\|_F$,3.3395202534720427,reddit,spectral,99,99,99,631,553,100,0,2.8798418045043945,0.029089311156610047,0.3,Classifier Error ($p$)
72,Surrogate,-17.190571016173138,reddit,spectral,99,99,99,631,553,100,0,2.8798418045043945,0.029089311156610047,0.3,Classifier Error ($p$)
72,Disparity,-38.64227279401267,reddit,spectral,99,99,99,631,553,100,0,2.8798418045043945,0.029089311156610047,0.3,Classifier Error ($p$)
72,Polarization,-43.00205081692457,reddit,spectral,99,99,99,631,553,100,0,2.8798418045043945,0.029089311156610047,0.3,Classifier Error ($p$)
72,$\|L_{t} - L_{0}\|_F$ / $\|L_{0}\|_F$,3.381213756352549,reddit,spectral,99,99,99,631,553,100,0,2.8798418045043945,0.029089311156610047,0.3,Classifier Error ($p$)
73,Surrogate,-17.286494645511603,reddit,spectral,99,99,99,631,553,100,0,2.8798418045043945,0.029089311156610047,0.3,Classifier Error ($p$)
73,Disparity,-38.75819862093087,reddit,spectral,99,99,99,631,553,100,0,2.8798418045043945,0.029089311156610047,0.3,Classifier Error ($p$)
73,Polarization,-43.04442460457082,reddit,spectral,99,99,99,631,553,100,0,2.8798418045043945,0.029089311156610047,0.3,Classifier Error ($p$)
73,$\|L_{t} - L_{0}\|_F$ / $\|L_{0}\|_F$,3.410095911569956,reddit,spectral,99,99,99,631,553,100,0,2.8798418045043945,0.029089311156610047,0.3,Classifier Error ($p$)
74,Surrogate,-17.29394594224716,reddit,spectral,99,99,99,631,553,100,0,2.8798418045043945,0.029089311156610047,0.3,Classifier Error ($p$)
74,Disparity,-38.771754125600616,reddit,spectral,99,99,99,631,553,100,0,2.8798418045043945,0.029089311156610047,0.3,Classifier Error ($p$)
74,Polarization,-43.069958579933356,reddit,spectral,99,99,99,631,553,100,0,2.8798418045043945,0.029089311156610047,0.3,Classifier Error ($p$)
74,$\|L_{t} - L_{0}\|_F$ / $\|L_{0}\|_F$,3.4346587445894494,reddit,spectral,99,99,99,631,553,100,0,2.8798418045043945,0.029089311156610047,0.3,Classifier Error ($p$)
75,Surrogate,-17.73852192713603,reddit,spectral,99,99,99,631,553,100,0,2.8798418045043945,0.029089311156610047,0.3,Classifier Error ($p$)
75,Disparity,-39.665752163523656,reddit,spectral,99,99,99,631,553,100,0,2.8798418045043945,0.029089311156610047,0.3,Classifier Error ($p$)
75,Polarization,-43.986744564979105,reddit,spectral,99,99,99,631,553,100,0,2.8798418045043945,0.029089311156610047,0.3,Classifier Error ($p$)
75,$\|L_{t} - L_{0}\|_F$ / $\|L_{0}\|_F$,3.4630951981923905,reddit,spectral,99,99,99,631,553,100,0,2.8798418045043945,0.029089311156610047,0.3,Classifier Error ($p$)
76,Surrogate,-17.887501308192185,reddit,spectral,99,99,99,631,553,100,0,2.8798418045043945,0.029089311156610047,0.3,Classifier Error ($p$)
76,Disparity,-39.82142000735202,reddit,spectral,99,99,99,631,553,100,0,2.8798418045043945,0.029089311156610047,0.3,Classifier Error ($p$)
76,Polarization,-44.17530458712513,reddit,spectral,99,99,99,631,553,100,0,2.8798418045043945,0.029089311156610047,0.3,Classifier Error ($p$)
76,$\|L_{t} - L_{0}\|_F$ / $\|L_{0}\|_F$,3.4913000460718937,reddit,spectral,99,99,99,631,553,100,0,2.8798418045043945,0.029089311156610047,0.3,Classifier Error ($p$)
77,Surrogate,-17.964316174129003,reddit,spectral,99,99,99,631,553,100,0,2.8798418045043945,0.029089311156610047,0.3,Classifier Error ($p$)
77,Disparity,-39.896305260603384,reddit,spectral,99,99,99,631,553,100,0,2.8798418045043945,0.029089311156610047,0.3,Classifier Error ($p$)
77,Polarization,-44.29082691390943,reddit,spectral,99,99,99,631,553,100,0,2.8798418045043945,0.029089311156610047,0.3,Classifier Error ($p$)
77,$\|L_{t} - L_{0}\|_F$ / $\|L_{0}\|_F$,3.5192788567631332,reddit,spectral,99,99,99,631,553,100,0,2.8798418045043945,0.029089311156610047,0.3,Classifier Error ($p$)
78,Surrogate,-17.976798890067993,reddit,spectral,99,99,99,631,553,100,0,2.8798418045043945,0.029089311156610047,0.3,Classifier Error ($p$)
78,Disparity,-39.93466136274242,reddit,spectral,99,99,99,631,553,100,0,2.8798418045043945,0.029089311156610047,0.3,Classifier Error ($p$)
78,Polarization,-44.31581768811497,reddit,spectral,99,99,99,631,553,100,0,2.8798418045043945,0.029089311156610047,0.3,Classifier Error ($p$)
78,$\|L_{t} - L_{0}\|_F$ / $\|L_{0}\|_F$,3.5509847121465077,reddit,spectral,99,99,99,631,553,100,0,2.8798418045043945,0.029089311156610047,0.3,Classifier Error ($p$)
79,Surrogate,-17.98989387683327,reddit,spectral,99,99,99,631,553,100,0,2.8798418045043945,0.029089311156610047,0.3,Classifier Error ($p$)
79,Disparity,-39.94680475320463,reddit,spectral,99,99,99,631,553,100,0,2.8798418045043945,0.029089311156610047,0.3,Classifier Error ($p$)
79,Polarization,-44.31767675220163,reddit,spectral,99,99,99,631,553,100,0,2.8798418045043945,0.029089311156610047,0.3,Classifier Error ($p$)
79,$\|L_{t} - L_{0}\|_F$ / $\|L_{0}\|_F$,3.578496903150348,reddit,spectral,99,99,99,631,553,100,0,2.8798418045043945,0.029089311156610047,0.3,Classifier Error ($p$)
80,Surrogate,-18.01656692681283,reddit,spectral,99,99,99,631,553,100,0,2.8798418045043945,0.029089311156610047,0.3,Classifier Error ($p$)
80,Disparity,-39.972054289300715,reddit,spectral,99,99,99,631,553,100,0,2.8798418045043945,0.029089311156610047,0.3,Classifier Error ($p$)
80,Polarization,-44.33729172982649,reddit,spectral,99,99,99,631,553,100,0,2.8798418045043945,0.029089311156610047,0.3,Classifier Error ($p$)
80,$\|L_{t} - L_{0}\|_F$ / $\|L_{0}\|_F$,3.594123601516192,reddit,spectral,99,99,99,631,553,100,0,2.8798418045043945,0.029089311156610047,0.3,Classifier Error ($p$)
81,Surrogate,-18.02494447086259,reddit,spectral,99,99,99,631,553,100,0,2.8798418045043945,0.029089311156610047,0.3,Classifier Error ($p$)
81,Disparity,-39.98669215397844,reddit,spectral,99,99,99,631,553,100,0,2.8798418045043945,0.029089311156610047,0.3,Classifier Error ($p$)
81,Polarization,-44.33709954624663,reddit,spectral,99,99,99,631,553,100,0,2.8798418045043945,0.029089311156610047,0.3,Classifier Error ($p$)
81,$\|L_{t} - L_{0}\|_F$ / $\|L_{0}\|_F$,3.613561945556572,reddit,spectral,99,99,99,631,553,100,0,2.8798418045043945,0.029089311156610047,0.3,Classifier Error ($p$)
82,Surrogate,-18.13651104008506,reddit,spectral,99,99,99,631,553,100,0,2.8798418045043945,0.029089311156610047,0.3,Classifier Error ($p$)
82,Disparity,-40.05139125915853,reddit,spectral,99,99,99,631,553,100,0,2.8798418045043945,0.029089311156610047,0.3,Classifier Error ($p$)
82,Polarization,-44.47635122467745,reddit,spectral,99,99,99,631,553,100,0,2.8798418045043945,0.029089311156610047,0.3,Classifier Error ($p$)
82,$\|L_{t} - L_{0}\|_F$ / $\|L_{0}\|_F$,3.6444476520609794,reddit,spectral,99,99,99,631,553,100,0,2.8798418045043945,0.029089311156610047,0.3,Classifier Error ($p$)
83,Surrogate,-18.403165477485437,reddit,spectral,99,99,99,631,553,100,0,2.8798418045043945,0.029089311156610047,0.3,Classifier Error ($p$)
83,Disparity,-40.50855016896699,reddit,spectral,99,99,99,631,553,100,0,2.8798418045043945,0.029089311156610047,0.3,Classifier Error ($p$)
83,Polarization,-44.85174688242039,reddit,spectral,99,99,99,631,553,100,0,2.8798418045043945,0.029089311156610047,0.3,Classifier Error ($p$)
83,$\|L_{t} - L_{0}\|_F$ / $\|L_{0}\|_F$,3.6788841429339345,reddit,spectral,99,99,99,631,553,100,0,2.8798418045043945,0.029089311156610047,0.3,Classifier Error ($p$)
84,Surrogate,-18.416207192528265,reddit,spectral,99,99,99,631,553,100,0,2.8798418045043945,0.029089311156610047,0.3,Classifier Error ($p$)
84,Disparity,-40.521540752581664,reddit,spectral,99,99,99,631,553,100,0,2.8798418045043945,0.029089311156610047,0.3,Classifier Error ($p$)
84,Polarization,-44.87993706576778,reddit,spectral,99,99,99,631,553,100,0,2.8798418045043945,0.029089311156610047,0.3,Classifier Error ($p$)
84,$\|L_{t} - L_{0}\|_F$ / $\|L_{0}\|_F$,3.6978769596255656,reddit,spectral,99,99,99,631,553,100,0,2.8798418045043945,0.029089311156610047,0.3,Classifier Error ($p$)
85,Surrogate,-18.45945836034924,reddit,spectral,99,99,99,631,553,100,0,2.8798418045043945,0.029089311156610047,0.3,Classifier Error ($p$)
85,Disparity,-40.5565427383373,reddit,spectral,99,99,99,631,553,100,0,2.8798418045043945,0.029089311156610047,0.3,Classifier Error ($p$)
85,Polarization,-44.88651411650884,reddit,spectral,99,99,99,631,553,100,0,2.8798418045043945,0.029089311156610047,0.3,Classifier Error ($p$)
85,$\|L_{t} - L_{0}\|_F$ / $\|L_{0}\|_F$,3.7243041858161954,reddit,spectral,99,99,99,631,553,100,0,2.8798418045043945,0.029089311156610047,0.3,Classifier Error ($p$)
86,Surrogate,-18.677361134031255,reddit,spectral,99,99,99,631,553,100,0,2.8798418045043945,0.029089311156610047,0.3,Classifier Error ($p$)
86,Disparity,-41.138648089780524,reddit,spectral,99,99,99,631,553,100,0,2.8798418045043945,0.029089311156610047,0.3,Classifier Error ($p$)
86,Polarization,-45.37321076929992,reddit,spectral,99,99,99,631,553,100,0,2.8798418045043945,0.029089311156610047,0.3,Classifier Error ($p$)
86,$\|L_{t} - L_{0}\|_F$ / $\|L_{0}\|_F$,3.743066542273448,reddit,spectral,99,99,99,631,553,100,0,2.8798418045043945,0.029089311156610047,0.3,Classifier Error ($p$)
87,Surrogate,-18.915752485268364,reddit,spectral,99,99,99,631,553,100,0,2.8798418045043945,0.029089311156610047,0.3,Classifier Error ($p$)
87,Disparity,-41.531972245603875,reddit,spectral,99,99,99,631,553,100,0,2.8798418045043945,0.029089311156610047,0.3,Classifier Error ($p$)
87,Polarization,-45.509645621329625,reddit,spectral,99,99,99,631,553,100,0,2.8798418045043945,0.029089311156610047,0.3,Classifier Error ($p$)
87,$\|L_{t} - L_{0}\|_F$ / $\|L_{0}\|_F$,3.765457967573871,reddit,spectral,99,99,99,631,553,100,0,2.8798418045043945,0.029089311156610047,0.3,Classifier Error ($p$)
88,Surrogate,-18.931661096859084,reddit,spectral,99,99,99,631,553,100,0,2.8798418045043945,0.029089311156610047,0.3,Classifier Error ($p$)
88,Disparity,-41.54708325550121,reddit,spectral,99,99,99,631,553,100,0,2.8798418045043945,0.029089311156610047,0.3,Classifier Error ($p$)
88,Polarization,-45.51644358437316,reddit,spectral,99,99,99,631,553,100,0,2.8798418045043945,0.029089311156610047,0.3,Classifier Error ($p$)
88,$\|L_{t} - L_{0}\|_F$ / $\|L_{0}\|_F$,3.8024840102705606,reddit,spectral,99,99,99,631,553,100,0,2.8798418045043945,0.029089311156610047,0.3,Classifier Error ($p$)
89,Surrogate,-18.937706576012616,reddit,spectral,99,99,99,631,553,100,0,2.8798418045043945,0.029089311156610047,0.3,Classifier Error ($p$)
89,Disparity,-41.56238370880201,reddit,spectral,99,99,99,631,553,100,0,2.8798418045043945,0.029089311156610047,0.3,Classifier Error ($p$)
89,Polarization,-45.5352278047108,reddit,spectral,99,99,99,631,553,100,0,2.8798418045043945,0.029089311156610047,0.3,Classifier Error ($p$)
89,$\|L_{t} - L_{0}\|_F$ / $\|L_{0}\|_F$,3.8318472572117854,reddit,spectral,99,99,99,631,553,100,0,2.8798418045043945,0.029089311156610047,0.3,Classifier Error ($p$)
90,Surrogate,-19.010616753615793,reddit,spectral,99,99,99,631,553,100,0,2.8798418045043945,0.029089311156610047,0.3,Classifier Error ($p$)
90,Disparity,-41.70381391500271,reddit,spectral,99,99,99,631,553,100,0,2.8798418045043945,0.029089311156610047,0.3,Classifier Error ($p$)
90,Polarization,-45.64787809375929,reddit,spectral,99,99,99,631,553,100,0,2.8798418045043945,0.029089311156610047,0.3,Classifier Error ($p$)
90,$\|L_{t} - L_{0}\|_F$ / $\|L_{0}\|_F$,3.8537228712350506,reddit,spectral,99,99,99,631,553,100,0,2.8798418045043945,0.029089311156610047,0.3,Classifier Error ($p$)
91,Surrogate,-19.02615644274131,reddit,spectral,99,99,99,631,553,100,0,2.8798418045043945,0.029089311156610047,0.3,Classifier Error ($p$)
91,Disparity,-41.734214725129256,reddit,spectral,99,99,99,631,553,100,0,2.8798418045043945,0.029089311156610047,0.3,Classifier Error ($p$)
91,Polarization,-45.655074461308764,reddit,spectral,99,99,99,631,553,100,0,2.8798418045043945,0.029089311156610047,0.3,Classifier Error ($p$)
91,$\|L_{t} - L_{0}\|_F$ / $\|L_{0}\|_F$,3.8646142435072925,reddit,spectral,99,99,99,631,553,100,0,2.8798418045043945,0.029089311156610047,0.3,Classifier Error ($p$)
92,Surrogate,-20.655958031806744,reddit,spectral,99,99,99,631,553,100,0,2.8798418045043945,0.029089311156610047,0.3,Classifier Error ($p$)
92,Disparity,-44.56241371618965,reddit,spectral,99,99,99,631,553,100,0,2.8798418045043945,0.029089311156610047,0.3,Classifier Error ($p$)
92,Polarization,-48.64164342556548,reddit,spectral,99,99,99,631,553,100,0,2.8798418045043945,0.029089311156610047,0.3,Classifier Error ($p$)
92,$\|L_{t} - L_{0}\|_F$ / $\|L_{0}\|_F$,3.8971057336999992,reddit,spectral,99,99,99,631,553,100,0,2.8798418045043945,0.029089311156610047,0.3,Classifier Error ($p$)
93,Surrogate,-19.533981467385527,reddit,spectral,99,99,99,631,553,100,0,2.8798418045043945,0.029089311156610047,0.3,Classifier Error ($p$)
93,Disparity,-42.846471528759,reddit,spectral,99,99,99,631,553,100,0,2.8798418045043945,0.029089311156610047,0.3,Classifier Error ($p$)
93,Polarization,-46.53055322880303,reddit,spectral,99,99,99,631,553,100,0,2.8798418045043945,0.029089311156610047,0.3,Classifier Error ($p$)
93,$\|L_{t} - L_{0}\|_F$ / $\|L_{0}\|_F$,3.9328925795697933,reddit,spectral,99,99,99,631,553,100,0,2.8798418045043945,0.029089311156610047,0.3,Classifier Error ($p$)
94,Surrogate,-19.642892289333304,reddit,spectral,99,99,99,631,553,100,0,2.8798418045043945,0.029089311156610047,0.3,Classifier Error ($p$)
94,Disparity,-42.93542383727482,reddit,spectral,99,99,99,631,553,100,0,2.8798418045043945,0.029089311156610047,0.3,Classifier Error ($p$)
94,Polarization,-46.57119818018071,reddit,spectral,99,99,99,631,553,100,0,2.8798418045043945,0.029089311156610047,0.3,Classifier Error ($p$)
94,$\|L_{t} - L_{0}\|_F$ / $\|L_{0}\|_F$,3.961289284648792,reddit,spectral,99,99,99,631,553,100,0,2.8798418045043945,0.029089311156610047,0.3,Classifier Error ($p$)
95,Surrogate,-20.747454545842288,reddit,spectral,99,99,99,631,553,100,0,2.8798418045043945,0.029089311156610047,0.3,Classifier Error ($p$)
95,Disparity,-44.47921491712077,reddit,spectral,99,99,99,631,553,100,0,2.8798418045043945,0.029089311156610047,0.3,Classifier Error ($p$)
95,Polarization,-48.18774561998318,reddit,spectral,99,99,99,631,553,100,0,2.8798418045043945,0.029089311156610047,0.3,Classifier Error ($p$)
95,$\|L_{t} - L_{0}\|_F$ / $\|L_{0}\|_F$,4.003506703882312,reddit,spectral,99,99,99,631,553,100,0,2.8798418045043945,0.029089311156610047,0.3,Classifier Error ($p$)
96,Surrogate,-20.7632123085744,reddit,spectral,99,99,99,631,553,100,0,2.8798418045043945,0.029089311156610047,0.3,Classifier Error ($p$)
96,Disparity,-44.49393448406827,reddit,spectral,99,99,99,631,553,100,0,2.8798418045043945,0.029089311156610047,0.3,Classifier Error ($p$)
96,Polarization,-48.228604799017596,reddit,spectral,99,99,99,631,553,100,0,2.8798418045043945,0.029089311156610047,0.3,Classifier Error ($p$)
96,$\|L_{t} - L_{0}\|_F$ / $\|L_{0}\|_F$,4.038350761242559,reddit,spectral,99,99,99,631,553,100,0,2.8798418045043945,0.029089311156610047,0.3,Classifier Error ($p$)
97,Surrogate,-20.76959968952018,reddit,spectral,99,99,99,631,553,100,0,2.8798418045043945,0.029089311156610047,0.3,Classifier Error ($p$)
97,Disparity,-44.52106126653397,reddit,spectral,99,99,99,631,553,100,0,2.8798418045043945,0.029089311156610047,0.3,Classifier Error ($p$)
97,Polarization,-48.23279399794569,reddit,spectral,99,99,99,631,553,100,0,2.8798418045043945,0.029089311156610047,0.3,Classifier Error ($p$)
97,$\|L_{t} - L_{0}\|_F$ / $\|L_{0}\|_F$,4.052204492365539,reddit,spectral,99,99,99,631,553,100,0,2.8798418045043945,0.029089311156610047,0.3,Classifier Error ($p$)
98,Surrogate,-20.774711602967148,reddit,spectral,99,99,99,631,553,100,0,2.8798418045043945,0.029089311156610047,0.3,Classifier Error ($p$)
98,Disparity,-44.535887094879634,reddit,spectral,99,99,99,631,553,100,0,2.8798418045043945,0.029089311156610047,0.3,Classifier Error ($p$)
98,Polarization,-48.2319672950843,reddit,spectral,99,99,99,631,553,100,0,2.8798418045043945,0.029089311156610047,0.3,Classifier Error ($p$)
98,$\|L_{t} - L_{0}\|_F$ / $\|L_{0}\|_F$,4.066011021267226,reddit,spectral,99,99,99,631,553,100,0,2.8798418045043945,0.029089311156610047,0.3,Classifier Error ($p$)
0,Surrogate,-0.08206008535919848,reddit,spectral,99,99,99,631,553,100,0,0.47252798080444336,0.004773009907115589,0.4,Classifier Error ($p$)
0,Disparity,-0.23968112793149293,reddit,spectral,99,99,99,631,553,100,0,0.47252798080444336,0.004773009907115589,0.4,Classifier Error ($p$)
0,Polarization,-0.06851635331347433,reddit,spectral,99,99,99,631,553,100,0,0.47252798080444336,0.004773009907115589,0.4,Classifier Error ($p$)
0,$\|L_{t} - L_{0}\|_F$ / $\|L_{0}\|_F$,0.3347900493131408,reddit,spectral,99,99,99,631,553,100,0,0.47252798080444336,0.004773009907115589,0.4,Classifier Error ($p$)
1,Surrogate,-0.07880346682041776,reddit,spectral,99,99,99,631,553,100,0,0.47252798080444336,0.004773009907115589,0.4,Classifier Error ($p$)
1,Disparity,-0.2560035812837107,reddit,spectral,99,99,99,631,553,100,0,0.47252798080444336,0.004773009907115589,0.4,Classifier Error ($p$)
1,Polarization,-0.13423804645683504,reddit,spectral,99,99,99,631,553,100,0,0.47252798080444336,0.004773009907115589,0.4,Classifier Error ($p$)
1,$\|L_{t} - L_{0}\|_F$ / $\|L_{0}\|_F$,0.473464628286201,reddit,spectral,99,99,99,631,553,100,0,0.47252798080444336,0.004773009907115589,0.4,Classifier Error ($p$)
2,Surrogate,-0.4805925271417849,reddit,spectral,99,99,99,631,553,100,0,0.47252798080444336,0.004773009907115589,0.4,Classifier Error ($p$)
2,Disparity,-1.065717757694087,reddit,spectral,99,99,99,631,553,100,0,0.47252798080444336,0.004773009907115589,0.4,Classifier Error ($p$)
2,Polarization,-0.20036592658866562,reddit,spectral,99,99,99,631,553,100,0,0.47252798080444336,0.004773009907115589,0.4,Classifier Error ($p$)
2,$\|L_{t} - L_{0}\|_F$ / $\|L_{0}\|_F$,0.5798733752788496,reddit,spectral,99,99,99,631,553,100,0,0.47252798080444336,0.004773009907115589,0.4,Classifier Error ($p$)
3,Surrogate,-0.4957970654687855,reddit,spectral,99,99,99,631,553,100,0,0.47252798080444336,0.004773009907115589,0.4,Classifier Error ($p$)
3,Disparity,-1.1073986556293407,reddit,spectral,99,99,99,631,553,100,0,0.47252798080444336,0.004773009907115589,0.4,Classifier Error ($p$)
3,Polarization,-0.3076913552442191,reddit,spectral,99,99,99,631,553,100,0,0.47252798080444336,0.004773009907115589,0.4,Classifier Error ($p$)
3,$\|L_{t} - L_{0}\|_F$ / $\|L_{0}\|_F$,0.6695800986262817,reddit,spectral,99,99,99,631,553,100,0,0.47252798080444336,0.004773009907115589,0.4,Classifier Error ($p$)
4,Surrogate,-0.5114411987032588,reddit,spectral,99,99,99,631,553,100,0,0.47252798080444336,0.004773009907115589,0.4,Classifier Error ($p$)
4,Disparity,-1.1380119584513637,reddit,spectral,99,99,99,631,553,100,0,0.47252798080444336,0.004773009907115589,0.4,Classifier Error ($p$)
4,Polarization,-0.4096455640298546,reddit,spectral,99,99,99,631,553,100,0,0.47252798080444336,0.004773009907115589,0.4,Classifier Error ($p$)
4,$\|L_{t} - L_{0}\|_F$ / $\|L_{0}\|_F$,0.767100371447733,reddit,spectral,99,99,99,631,553,100,0,0.47252798080444336,0.004773009907115589,0.4,Classifier Error ($p$)
5,Surrogate,-0.5219460123872611,reddit,spectral,99,99,99,631,553,100,0,0.47252798080444336,0.004773009907115589,0.4,Classifier Error ($p$)
5,Disparity,-1.1650572310764111,reddit,spectral,99,99,99,631,553,100,0,0.47252798080444336,0.004773009907115589,0.4,Classifier Error ($p$)
5,Polarization,-0.4706508031013977,reddit,spectral,99,99,99,631,553,100,0,0.47252798080444336,0.004773009907115589,0.4,Classifier Error ($p$)
5,$\|L_{t} - L_{0}\|_F$ / $\|L_{0}\|_F$,0.8369751232828521,reddit,spectral,99,99,99,631,553,100,0,0.47252798080444336,0.004773009907115589,0.4,Classifier Error ($p$)
6,Surrogate,-0.6096687919684923,reddit,spectral,99,99,99,631,553,100,0,0.47252798080444336,0.004773009907115589,0.4,Classifier Error ($p$)
6,Disparity,-1.3069929490907608,reddit,spectral,99,99,99,631,553,100,0,0.47252798080444336,0.004773009907115589,0.4,Classifier Error ($p$)
6,Polarization,-0.7196904833822677,reddit,spectral,99,99,99,631,553,100,0,0.47252798080444336,0.004773009907115589,0.4,Classifier Error ($p$)
6,$\|L_{t} - L_{0}\|_F$ / $\|L_{0}\|_F$,0.9014497956699755,reddit,spectral,99,99,99,631,553,100,0,0.47252798080444336,0.004773009907115589,0.4,Classifier Error ($p$)
7,Surrogate,-0.6187610178832338,reddit,spectral,99,99,99,631,553,100,0,0.47252798080444336,0.004773009907115589,0.4,Classifier Error ($p$)
7,Disparity,-1.342085807088897,reddit,spectral,99,99,99,631,553,100,0,0.47252798080444336,0.004773009907115589,0.4,Classifier Error ($p$)
7,Polarization,-0.7206492041393344,reddit,spectral,99,99,99,631,553,100,0,0.47252798080444336,0.004773009907115589,0.4,Classifier Error ($p$)
7,$\|L_{t} - L_{0}\|_F$ / $\|L_{0}\|_F$,0.9616112058584467,reddit,spectral,99,99,99,631,553,100,0,0.47252798080444336,0.004773009907115589,0.4,Classifier Error ($p$)
8,Surrogate,-0.8874331447640412,reddit,spectral,99,99,99,631,553,100,0,0.47252798080444336,0.004773009907115589,0.4,Classifier Error ($p$)
8,Disparity,-1.7368527854793376,reddit,spectral,99,99,99,631,553,100,0,0.47252798080444336,0.004773009907115589,0.4,Classifier Error ($p$)
8,Polarization,-1.547377633911204,reddit,spectral,99,99,99,631,553,100,0,0.47252798080444336,0.004773009907115589,0.4,Classifier Error ($p$)
8,$\|L_{t} - L_{0}\|_F$ / $\|L_{0}\|_F$,1.018224183739333,reddit,spectral,99,99,99,631,553,100,0,0.47252798080444336,0.004773009907115589,0.4,Classifier Error ($p$)
9,Surrogate,-0.9087697248797643,reddit,spectral,99,99,99,631,553,100,0,0.47252798080444336,0.004773009907115589,0.4,Classifier Error ($p$)
9,Disparity,-1.783378947249853,reddit,spectral,99,99,99,631,553,100,0,0.47252798080444336,0.004773009907115589,0.4,Classifier Error ($p$)
9,Polarization,-1.6226443131738453,reddit,spectral,99,99,99,631,553,100,0,0.47252798080444336,0.004773009907115589,0.4,Classifier Error ($p$)
9,$\|L_{t} - L_{0}\|_F$ / $\|L_{0}\|_F$,1.0718511396041555,reddit,spectral,99,99,99,631,553,100,0,0.47252798080444336,0.004773009907115589,0.4,Classifier Error ($p$)
10,Surrogate,-0.9181695688272434,reddit,spectral,99,99,99,631,553,100,0,0.47252798080444336,0.004773009907115589,0.4,Classifier Error ($p$)
10,Disparity,-1.8113145800511936,reddit,spectral,99,99,99,631,553,100,0,0.47252798080444336,0.004773009907115589,0.4,Classifier Error ($p$)
10,Polarization,-1.6553004937256592,reddit,spectral,99,99,99,631,553,100,0,0.47252798080444336,0.004773009907115589,0.4,Classifier Error ($p$)
10,$\|L_{t} - L_{0}\|_F$ / $\|L_{0}\|_F$,1.1229199626820345,reddit,spectral,99,99,99,631,553,100,0,0.47252798080444336,0.004773009907115589,0.4,Classifier Error ($p$)
11,Surrogate,-0.9324489672329215,reddit,spectral,99,99,99,631,553,100,0,0.47252798080444336,0.004773009907115589,0.4,Classifier Error ($p$)
11,Disparity,-1.8463002266628643,reddit,spectral,99,99,99,631,553,100,0,0.47252798080444336,0.004773009907115589,0.4,Classifier Error ($p$)
11,Polarization,-1.7077014041381775,reddit,spectral,99,99,99,631,553,100,0,0.47252798080444336,0.004773009907115589,0.4,Classifier Error ($p$)
11,$\|L_{t} - L_{0}\|_F$ / $\|L_{0}\|_F$,1.1717651725959928,reddit,spectral,99,99,99,631,553,100,0,0.47252798080444336,0.004773009907115589,0.4,Classifier Error ($p$)
12,Surrogate,-0.9552377700376751,reddit,spectral,99,99,99,631,553,100,0,0.47252798080444336,0.004773009907115589,0.4,Classifier Error ($p$)
12,Disparity,-1.908815859370458,reddit,spectral,99,99,99,631,553,100,0,0.47252798080444336,0.004773009907115589,0.4,Classifier Error ($p$)
12,Polarization,-1.7347215985303717,reddit,spectral,99,99,99,631,553,100,0,0.47252798080444336,0.004773009907115589,0.4,Classifier Error ($p$)
12,$\|L_{t} - L_{0}\|_F$ / $\|L_{0}\|_F$,1.230097187667619,reddit,spectral,99,99,99,631,553,100,0,0.47252798080444336,0.004773009907115589,0.4,Classifier Error ($p$)
13,Surrogate,-0.993693633067028,reddit,spectral,99,99,99,631,553,100,0,0.47252798080444336,0.004773009907115589,0.4,Classifier Error ($p$)
13,Disparity,-1.9539324759212895,reddit,spectral,99,99,99,631,553,100,0,0.47252798080444336,0.004773009907115589,0.4,Classifier Error ($p$)
13,Polarization,-1.8404447164057127,reddit,spectral,99,99,99,631,553,100,0,0.47252798080444336,0.004773009907115589,0.4,Classifier Error ($p$)
13,$\|L_{t} - L_{0}\|_F$ / $\|L_{0}\|_F$,1.2748425268349346,reddit,spectral,99,99,99,631,553,100,0,0.47252798080444336,0.004773009907115589,0.4,Classifier Error ($p$)
14,Surrogate,-1.0210889475673157,reddit,spectral,99,99,99,631,553,100,0,0.47252798080444336,0.004773009907115589,0.4,Classifier Error ($p$)
14,Disparity,-2.016879942732197,reddit,spectral,99,99,99,631,553,100,0,0.47252798080444336,0.004773009907115589,0.4,Classifier Error ($p$)
14,Polarization,-1.9116387873768692,reddit,spectral,99,99,99,631,553,100,0,0.47252798080444336,0.004773009907115589,0.4,Classifier Error ($p$)
14,$\|L_{t} - L_{0}\|_F$ / $\|L_{0}\|_F$,1.3286568178524316,reddit,spectral,99,99,99,631,553,100,0,0.47252798080444336,0.004773009907115589,0.4,Classifier Error ($p$)
15,Surrogate,-1.2847736851946518,reddit,spectral,99,99,99,631,553,100,0,0.47252798080444336,0.004773009907115589,0.4,Classifier Error ($p$)
15,Disparity,-2.450863686280873,reddit,spectral,99,99,99,631,553,100,0,0.47252798080444336,0.004773009907115589,0.4,Classifier Error ($p$)
15,Polarization,-1.9455366610319786,reddit,spectral,99,99,99,631,553,100,0,0.47252798080444336,0.004773009907115589,0.4,Classifier Error ($p$)
15,$\|L_{t} - L_{0}\|_F$ / $\|L_{0}\|_F$,1.4104955490408115,reddit,spectral,99,99,99,631,553,100,0,0.47252798080444336,0.004773009907115589,0.4,Classifier Error ($p$)
16,Surrogate,-1.4581280731706125,reddit,spectral,99,99,99,631,553,100,0,0.47252798080444336,0.004773009907115589,0.4,Classifier Error ($p$)
16,Disparity,-2.6320891359440584,reddit,spectral,99,99,99,631,553,100,0,0.47252798080444336,0.004773009907115589,0.4,Classifier Error ($p$)
16,Polarization,-2.075344259478936,reddit,spectral,99,99,99,631,553,100,0,0.47252798080444336,0.004773009907115589,0.4,Classifier Error ($p$)
16,$\|L_{t} - L_{0}\|_F$ / $\|L_{0}\|_F$,1.4496834381971242,reddit,spectral,99,99,99,631,553,100,0,0.47252798080444336,0.004773009907115589,0.4,Classifier Error ($p$)
0,Surrogate,-0.16257600146672024,reddit,spectral,99,99,99,631,553,100,0,3.0288326740264893,0.030594269434611004,0.5,Classifier Error ($p$)
0,Disparity,-0.1650697933703611,reddit,spectral,99,99,99,631,553,100,0,3.0288326740264893,0.030594269434611004,0.5,Classifier Error ($p$)
0,Polarization,-0.06420846000702148,reddit,spectral,99,99,99,631,553,100,0,3.0288326740264893,0.030594269434611004,0.5,Classifier Error ($p$)
0,$\|L_{t} - L_{0}\|_F$ / $\|L_{0}\|_F$,0.3347900493131408,reddit,spectral,99,99,99,631,553,100,0,3.0288326740264893,0.030594269434611004,0.5,Classifier Error ($p$)
1,Surrogate,-0.18084162990829505,reddit,spectral,99,99,99,631,553,100,0,3.0288326740264893,0.030594269434611004,0.5,Classifier Error ($p$)
1,Disparity,-0.22231960499967907,reddit,spectral,99,99,99,631,553,100,0,3.0288326740264893,0.030594269434611004,0.5,Classifier Error ($p$)
1,Polarization,-0.06275164890992996,reddit,spectral,99,99,99,631,553,100,0,3.0288326740264893,0.030594269434611004,0.5,Classifier Error ($p$)
1,$\|L_{t} - L_{0}\|_F$ / $\|L_{0}\|_F$,0.473464628286201,reddit,spectral,99,99,99,631,553,100,0,3.0288326740264893,0.030594269434611004,0.5,Classifier Error ($p$)
2,Surrogate,-0.3651844891626256,reddit,spectral,99,99,99,631,553,100,0,3.0288326740264893,0.030594269434611004,0.5,Classifier Error ($p$)
2,Disparity,-0.3778313433979241,reddit,spectral,99,99,99,631,553,100,0,3.0288326740264893,0.030594269434611004,0.5,Classifier Error ($p$)
2,Polarization,-0.5343811750504555,reddit,spectral,99,99,99,631,553,100,0,3.0288326740264893,0.030594269434611004,0.5,Classifier Error ($p$)
2,$\|L_{t} - L_{0}\|_F$ / $\|L_{0}\|_F$,0.5798733752788496,reddit,spectral,99,99,99,631,553,100,0,3.0288326740264893,0.030594269434611004,0.5,Classifier Error ($p$)
3,Surrogate,-0.3773041578108521,reddit,spectral,99,99,99,631,553,100,0,3.0288326740264893,0.030594269434611004,0.5,Classifier Error ($p$)
3,Disparity,-0.4138814894651874,reddit,spectral,99,99,99,631,553,100,0,3.0288326740264893,0.030594269434611004,0.5,Classifier Error ($p$)
3,Polarization,-0.5672336955978862,reddit,spectral,99,99,99,631,553,100,0,3.0288326740264893,0.030594269434611004,0.5,Classifier Error ($p$)
3,$\|L_{t} - L_{0}\|_F$ / $\|L_{0}\|_F$,0.6695800986262817,reddit,spectral,99,99,99,631,553,100,0,3.0288326740264893,0.030594269434611004,0.5,Classifier Error ($p$)
4,Surrogate,-0.38549747281366886,reddit,spectral,99,99,99,631,553,100,0,3.0288326740264893,0.030594269434611004,0.5,Classifier Error ($p$)
4,Disparity,-0.45133581762101216,reddit,spectral,99,99,99,631,553,100,0,3.0288326740264893,0.030594269434611004,0.5,Classifier Error ($p$)
4,Polarization,-0.5932974774285282,reddit,spectral,99,99,99,631,553,100,0,3.0288326740264893,0.030594269434611004,0.5,Classifier Error ($p$)
4,$\|L_{t} - L_{0}\|_F$ / $\|L_{0}\|_F$,0.767100371447733,reddit,spectral,99,99,99,631,553,100,0,3.0288326740264893,0.030594269434611004,0.5,Classifier Error ($p$)
5,Surrogate,-0.6390958865627409,reddit,spectral,99,99,99,631,553,100,0,3.0288326740264893,0.030594269434611004,0.5,Classifier Error ($p$)
5,Disparity,-0.8306299794042161,reddit,spectral,99,99,99,631,553,100,0,3.0288326740264893,0.030594269434611004,0.5,Classifier Error ($p$)
5,Polarization,-1.6487831256906182,reddit,spectral,99,99,99,631,553,100,0,3.0288326740264893,0.030594269434611004,0.5,Classifier Error ($p$)
5,$\|L_{t} - L_{0}\|_F$ / $\|L_{0}\|_F$,0.8369751232828521,reddit,spectral,99,99,99,631,553,100,0,3.0288326740264893,0.030594269434611004,0.5,Classifier Error ($p$)
6,Surrogate,-0.6589151191041983,reddit,spectral,99,99,99,631,553,100,0,3.0288326740264893,0.030594269434611004,0.5,Classifier Error ($p$)
6,Disparity,-0.8823109308982904,reddit,spectral,99,99,99,631,553,100,0,3.0288326740264893,0.030594269434611004,0.5,Classifier Error ($p$)
6,Polarization,-1.733916204496866,reddit,spectral,99,99,99,631,553,100,0,3.0288326740264893,0.030594269434611004,0.5,Classifier Error ($p$)
6,$\|L_{t} - L_{0}\|_F$ / $\|L_{0}\|_F$,0.8857712119016212,reddit,spectral,99,99,99,631,553,100,0,3.0288326740264893,0.030594269434611004,0.5,Classifier Error ($p$)
7,Surrogate,-1.112457523247577,reddit,spectral,99,99,99,631,553,100,0,3.0288326740264893,0.030594269434611004,0.5,Classifier Error ($p$)
7,Disparity,-1.8081395145153465,reddit,spectral,99,99,99,631,553,100,0,3.0288326740264893,0.030594269434611004,0.5,Classifier Error ($p$)
7,Polarization,-1.7677761491163662,reddit,spectral,99,99,99,631,553,100,0,3.0288326740264893,0.030594269434611004,0.5,Classifier Error ($p$)
7,$\|L_{t} - L_{0}\|_F$ / $\|L_{0}\|_F$,0.946929256572402,reddit,spectral,99,99,99,631,553,100,0,3.0288326740264893,0.030594269434611004,0.5,Classifier Error ($p$)
8,Surrogate,-3.4453697509044074,reddit,spectral,99,99,99,631,553,100,0,3.0288326740264893,0.030594269434611004,0.5,Classifier Error ($p$)
8,Disparity,-7.859156408698774,reddit,spectral,99,99,99,631,553,100,0,3.0288326740264893,0.030594269434611004,0.5,Classifier Error ($p$)
8,Polarization,-9.149432069440348,reddit,spectral,99,99,99,631,553,100,0,3.0288326740264893,0.030594269434611004,0.5,Classifier Error ($p$)
8,$\|L_{t} - L_{0}\|_F$ / $\|L_{0}\|_F$,1.0043701479394223,reddit,spectral,99,99,99,631,553,100,0,3.0288326740264893,0.030594269434611004,0.5,Classifier Error ($p$)
9,Surrogate,-3.4571759947012497,reddit,spectral,99,99,99,631,553,100,0,3.0288326740264893,0.030594269434611004,0.5,Classifier Error ($p$)
9,Disparity,-7.887154516739805,reddit,spectral,99,99,99,631,553,100,0,3.0288326740264893,0.030594269434611004,0.5,Classifier Error ($p$)
9,Polarization,-9.155667961321292,reddit,spectral,99,99,99,631,553,100,0,3.0288326740264893,0.030594269434611004,0.5,Classifier Error ($p$)
9,$\|L_{t} - L_{0}\|_F$ / $\|L_{0}\|_F$,1.0586990937896152,reddit,spectral,99,99,99,631,553,100,0,3.0288326740264893,0.030594269434611004,0.5,Classifier Error ($p$)
10,Surrogate,-3.4815696800479468,reddit,spectral,99,99,99,631,553,100,0,3.0288326740264893,0.030594269434611004,0.5,Classifier Error ($p$)
10,Disparity,-7.948763749455447,reddit,spectral,99,99,99,631,553,100,0,3.0288326740264893,0.030594269434611004,0.5,Classifier Error ($p$)
10,Polarization,-9.156278629795366,reddit,spectral,99,99,99,631,553,100,0,3.0288326740264893,0.030594269434611004,0.5,Classifier Error ($p$)
10,$\|L_{t} - L_{0}\|_F$ / $\|L_{0}\|_F$,1.1103729771162696,reddit,spectral,99,99,99,631,553,100,0,3.0288326740264893,0.030594269434611004,0.5,Classifier Error ($p$)
11,Surrogate,-4.846183269463983,reddit,spectral,99,99,99,631,553,100,0,3.0288326740264893,0.030594269434611004,0.5,Classifier Error ($p$)
11,Disparity,-10.685310299524295,reddit,spectral,99,99,99,631,553,100,0,3.0288326740264893,0.030594269434611004,0.5,Classifier Error ($p$)
11,Polarization,-13.051775756969933,reddit,spectral,99,99,99,631,553,100,0,3.0288326740264893,0.030594269434611004,0.5,Classifier Error ($p$)
11,$\|L_{t} - L_{0}\|_F$ / $\|L_{0}\|_F$,1.1717651725959928,reddit,spectral,99,99,99,631,553,100,0,3.0288326740264893,0.030594269434611004,0.5,Classifier Error ($p$)
12,Surrogate,-5.001093502994271,reddit,spectral,99,99,99,631,553,100,0,3.0288326740264893,0.030594269434611004,0.5,Classifier Error ($p$)
12,Disparity,-10.80642907564416,reddit,spectral,99,99,99,631,553,100,0,3.0288326740264893,0.030594269434611004,0.5,Classifier Error ($p$)
12,Polarization,-13.194871146139686,reddit,spectral,99,99,99,631,553,100,0,3.0288326740264893,0.030594269434611004,0.5,Classifier Error ($p$)
12,$\|L_{t} - L_{0}\|_F$ / $\|L_{0}\|_F$,1.230097187667619,reddit,spectral,99,99,99,631,553,100,0,3.0288326740264893,0.030594269434611004,0.5,Classifier Error ($p$)
13,Surrogate,-5.008728576304629,reddit,spectral,99,99,99,631,553,100,0,3.0288326740264893,0.030594269434611004,0.5,Classifier Error ($p$)
13,Disparity,-10.831808901148419,reddit,spectral,99,99,99,631,553,100,0,3.0288326740264893,0.030594269434611004,0.5,Classifier Error ($p$)
13,Polarization,-13.233525995825913,reddit,spectral,99,99,99,631,553,100,0,3.0288326740264893,0.030594269434611004,0.5,Classifier Error ($p$)
13,$\|L_{t} - L_{0}\|_F$ / $\|L_{0}\|_F$,1.2748425268349346,reddit,spectral,99,99,99,631,553,100,0,3.0288326740264893,0.030594269434611004,0.5,Classifier Error ($p$)
14,Surrogate,-5.1919739676546035,reddit,spectral,99,99,99,631,553,100,0,3.0288326740264893,0.030594269434611004,0.5,Classifier Error ($p$)
14,Disparity,-11.46244897002477,reddit,spectral,99,99,99,631,553,100,0,3.0288326740264893,0.030594269434611004,0.5,Classifier Error ($p$)
14,Polarization,-13.591293978415095,reddit,spectral,99,99,99,631,553,100,0,3.0288326740264893,0.030594269434611004,0.5,Classifier Error ($p$)
14,$\|L_{t} - L_{0}\|_F$ / $\|L_{0}\|_F$,1.3286568178524316,reddit,spectral,99,99,99,631,553,100,0,3.0288326740264893,0.030594269434611004,0.5,Classifier Error ($p$)
15,Surrogate,-5.204296371733148,reddit,spectral,99,99,99,631,553,100,0,3.0288326740264893,0.030594269434611004,0.5,Classifier Error ($p$)
15,Disparity,-11.492949202246452,reddit,spectral,99,99,99,631,553,100,0,3.0288326740264893,0.030594269434611004,0.5,Classifier Error ($p$)
15,Polarization,-13.599077472509839,reddit,spectral,99,99,99,631,553,100,0,3.0288326740264893,0.030594269434611004,0.5,Classifier Error ($p$)
15,$\|L_{t} - L_{0}\|_F$ / $\|L_{0}\|_F$,1.380374735723825,reddit,spectral,99,99,99,631,553,100,0,3.0288326740264893,0.030594269434611004,0.5,Classifier Error ($p$)
16,Surrogate,-5.253403284966993,reddit,spectral,99,99,99,631,553,100,0,3.0288326740264893,0.030594269434611004,0.5,Classifier Error ($p$)
16,Disparity,-11.570059573584741,reddit,spectral,99,99,99,631,553,100,0,3.0288326740264893,0.030594269434611004,0.5,Classifier Error ($p$)
16,Polarization,-13.595987161308997,reddit,spectral,99,99,99,631,553,100,0,3.0288326740264893,0.030594269434611004,0.5,Classifier Error ($p$)
16,$\|L_{t} - L_{0}\|_F$ / $\|L_{0}\|_F$,1.420393884858603,reddit,spectral,99,99,99,631,553,100,0,3.0288326740264893,0.030594269434611004,0.5,Classifier Error ($p$)
17,Surrogate,-5.270520688631157,reddit,spectral,99,99,99,631,553,100,0,3.0288326740264893,0.030594269434611004,0.5,Classifier Error ($p$)
17,Disparity,-11.60536906370192,reddit,spectral,99,99,99,631,553,100,0,3.0288326740264893,0.030594269434611004,0.5,Classifier Error ($p$)
17,Polarization,-13.609370582785097,reddit,spectral,99,99,99,631,553,100,0,3.0288326740264893,0.030594269434611004,0.5,Classifier Error ($p$)
17,$\|L_{t} - L_{0}\|_F$ / $\|L_{0}\|_F$,1.4593159922589793,reddit,spectral,99,99,99,631,553,100,0,3.0288326740264893,0.030594269434611004,0.5,Classifier Error ($p$)
18,Surrogate,-5.2887098652027005,reddit,spectral,99,99,99,631,553,100,0,3.0288326740264893,0.030594269434611004,0.5,Classifier Error ($p$)
18,Disparity,-11.636112175622799,reddit,spectral,99,99,99,631,553,100,0,3.0288326740264893,0.030594269434611004,0.5,Classifier Error ($p$)
18,Polarization,-13.668057525839464,reddit,spectral,99,99,99,631,553,100,0,3.0288326740264893,0.030594269434611004,0.5,Classifier Error ($p$)
18,$\|L_{t} - L_{0}\|_F$ / $\|L_{0}\|_F$,1.515826418473254,reddit,spectral,99,99,99,631,553,100,0,3.0288326740264893,0.030594269434611004,0.5,Classifier Error ($p$)
19,Surrogate,-5.309594584086611,reddit,spectral,99,99,99,631,553,100,0,3.0288326740264893,0.030594269434611004,0.5,Classifier Error ($p$)
19,Disparity,-11.678333772256371,reddit,spectral,99,99,99,631,553,100,0,3.0288326740264893,0.030594269434611004,0.5,Classifier Error ($p$)
19,Polarization,-13.715634455271852,reddit,spectral,99,99,99,631,553,100,0,3.0288326740264893,0.030594269434611004,0.5,Classifier Error ($p$)
19,$\|L_{t} - L_{0}\|_F$ / $\|L_{0}\|_F$,1.5613568465729806,reddit,spectral,99,99,99,631,553,100,0,3.0288326740264893,0.030594269434611004,0.5,Classifier Error ($p$)
20,Surrogate,-5.322010658372426,reddit,spectral,99,99,99,631,553,100,0,3.0288326740264893,0.030594269434611004,0.5,Classifier Error ($p$)
20,Disparity,-11.707321953560527,reddit,spectral,99,99,99,631,553,100,0,3.0288326740264893,0.030594269434611004,0.5,Classifier Error ($p$)
20,Polarization,-13.718398383836686,reddit,spectral,99,99,99,631,553,100,0,3.0288326740264893,0.030594269434611004,0.5,Classifier Error ($p$)
20,$\|L_{t} - L_{0}\|_F$ / $\|L_{0}\|_F$,1.6055966721873804,reddit,spectral,99,99,99,631,553,100,0,3.0288326740264893,0.030594269434611004,0.5,Classifier Error ($p$)
21,Surrogate,-5.3331064130353445,reddit,spectral,99,99,99,631,553,100,0,3.0288326740264893,0.030594269434611004,0.5,Classifier Error ($p$)
21,Disparity,-11.739809327275642,reddit,spectral,99,99,99,631,553,100,0,3.0288326740264893,0.030594269434611004,0.5,Classifier Error ($p$)
21,Polarization,-13.760786511149758,reddit,spectral,99,99,99,631,553,100,0,3.0288326740264893,0.030594269434611004,0.5,Classifier Error ($p$)
21,$\|L_{t} - L_{0}\|_F$ / $\|L_{0}\|_F$,1.622954978518732,reddit,spectral,99,99,99,631,553,100,0,3.0288326740264893,0.030594269434611004,0.5,Classifier Error ($p$)
22,Surrogate,-5.5291580491388315,reddit,spectral,99,99,99,631,553,100,0,3.0288326740264893,0.030594269434611004,0.5,Classifier Error ($p$)
22,Disparity,-11.975907969122293,reddit,spectral,99,99,99,631,553,100,0,3.0288326740264893,0.030594269434611004,0.5,Classifier Error ($p$)
22,Polarization,-14.284848265293498,reddit,spectral,99,99,99,631,553,100,0,3.0288326740264893,0.030594269434611004,0.5,Classifier Error ($p$)
22,$\|L_{t} - L_{0}\|_F$ / $\|L_{0}\|_F$,1.6739502465657041,reddit,spectral,99,99,99,631,553,100,0,3.0288326740264893,0.030594269434611004,0.5,Classifier Error ($p$)
23,Surrogate,-5.557012806883093,reddit,spectral,99,99,99,631,553,100,0,3.0288326740264893,0.030594269434611004,0.5,Classifier Error ($p$)
23,Disparity,-12.019471508336482,reddit,spectral,99,99,99,631,553,100,0,3.0288326740264893,0.030594269434611004,0.5,Classifier Error ($p$)
23,Polarization,-14.29678626558415,reddit,spectral,99,99,99,631,553,100,0,3.0288326740264893,0.030594269434611004,0.5,Classifier Error ($p$)
23,$\|L_{t} - L_{0}\|_F$ / $\|L_{0}\|_F$,1.7071009944043956,reddit,spectral,99,99,99,631,553,100,0,3.0288326740264893,0.030594269434611004,0.5,Classifier Error ($p$)
24,Surrogate,-5.573203150269519,reddit,spectral,99,99,99,631,553,100,0,3.0288326740264893,0.030594269434611004,0.5,Classifier Error ($p$)
24,Disparity,-12.06602254982592,reddit,spectral,99,99,99,631,553,100,0,3.0288326740264893,0.030594269434611004,0.5,Classifier Error ($p$)
24,Polarization,-14.31030446305834,reddit,spectral,99,99,99,631,553,100,0,3.0288326740264893,0.030594269434611004,0.5,Classifier Error ($p$)
24,$\|L_{t} - L_{0}\|_F$ / $\|L_{0}\|_F$,1.747655365481234,reddit,spectral,99,99,99,631,553,100,0,3.0288326740264893,0.030594269434611004,0.5,Classifier Error ($p$)
25,Surrogate,-5.5899077282861755,reddit,spectral,99,99,99,631,553,100,0,3.0288326740264893,0.030594269434611004,0.5,Classifier Error ($p$)
25,Disparity,-12.10954287492044,reddit,spectral,99,99,99,631,553,100,0,3.0288326740264893,0.030594269434611004,0.5,Classifier Error ($p$)
25,Polarization,-14.343156984389054,reddit,spectral,99,99,99,631,553,100,0,3.0288326740264893,0.030594269434611004,0.5,Classifier Error ($p$)
25,$\|L_{t} - L_{0}\|_F$ / $\|L_{0}\|_F$,1.802899591339951,reddit,spectral,99,99,99,631,553,100,0,3.0288326740264893,0.030594269434611004,0.5,Classifier Error ($p$)
26,Surrogate,-5.59514593968218,reddit,spectral,99,99,99,631,553,100,0,3.0288326740264893,0.030594269434611004,0.5,Classifier Error ($p$)
26,Disparity,-12.140114018016556,reddit,spectral,99,99,99,631,553,100,0,3.0288326740264893,0.030594269434611004,0.5,Classifier Error ($p$)
26,Polarization,-14.42873732529967,reddit,spectral,99,99,99,631,553,100,0,3.0288326740264893,0.030594269434611004,0.5,Classifier Error ($p$)
26,$\|L_{t} - L_{0}\|_F$ / $\|L_{0}\|_F$,1.8337206203707417,reddit,spectral,99,99,99,631,553,100,0,3.0288326740264893,0.030594269434611004,0.5,Classifier Error ($p$)
27,Surrogate,-5.604011687018041,reddit,spectral,99,99,99,631,553,100,0,3.0288326740264893,0.030594269434611004,0.5,Classifier Error ($p$)
27,Disparity,-12.169392392014908,reddit,spectral,99,99,99,631,553,100,0,3.0288326740264893,0.030594269434611004,0.5,Classifier Error ($p$)
27,Polarization,-14.433300585810876,reddit,spectral,99,99,99,631,553,100,0,3.0288326740264893,0.030594269434611004,0.5,Classifier Error ($p$)
27,$\|L_{t} - L_{0}\|_F$ / $\|L_{0}\|_F$,1.8565006319449986,reddit,spectral,99,99,99,631,553,100,0,3.0288326740264893,0.030594269434611004,0.5,Classifier Error ($p$)
28,Surrogate,-5.622933689481231,reddit,spectral,99,99,99,631,553,100,0,3.0288326740264893,0.030594269434611004,0.5,Classifier Error ($p$)
28,Disparity,-12.21706679879311,reddit,spectral,99,99,99,631,553,100,0,3.0288326740264893,0.030594269434611004,0.5,Classifier Error ($p$)
28,Polarization,-14.51183169305608,reddit,spectral,99,99,99,631,553,100,0,3.0288326740264893,0.030594269434611004,0.5,Classifier Error ($p$)
28,$\|L_{t} - L_{0}\|_F$ / $\|L_{0}\|_F$,1.9085969339728583,reddit,spectral,99,99,99,631,553,100,0,3.0288326740264893,0.030594269434611004,0.5,Classifier Error ($p$)
29,Surrogate,-5.742115811769071,reddit,spectral,99,99,99,631,553,100,0,3.0288326740264893,0.030594269434611004,0.5,Classifier Error ($p$)
29,Disparity,-12.329080636392852,reddit,spectral,99,99,99,631,553,100,0,3.0288326740264893,0.030594269434611004,0.5,Classifier Error ($p$)
29,Polarization,-14.552235221186105,reddit,spectral,99,99,99,631,553,100,0,3.0288326740264893,0.030594269434611004,0.5,Classifier Error ($p$)
29,$\|L_{t} - L_{0}\|_F$ / $\|L_{0}\|_F$,1.9521446724178098,reddit,spectral,99,99,99,631,553,100,0,3.0288326740264893,0.030594269434611004,0.5,Classifier Error ($p$)
30,Surrogate,-5.7710053681532685,reddit,spectral,99,99,99,631,553,100,0,3.0288326740264893,0.030594269434611004,0.5,Classifier Error ($p$)
30,Disparity,-12.415509547559216,reddit,spectral,99,99,99,631,553,100,0,3.0288326740264893,0.030594269434611004,0.5,Classifier Error ($p$)
30,Polarization,-14.680331079524276,reddit,spectral,99,99,99,631,553,100,0,3.0288326740264893,0.030594269434611004,0.5,Classifier Error ($p$)
30,$\|L_{t} - L_{0}\|_F$ / $\|L_{0}\|_F$,2.001753351941156,reddit,spectral,99,99,99,631,553,100,0,3.0288326740264893,0.030594269434611004,0.5,Classifier Error ($p$)
31,Surrogate,-5.7846904446388,reddit,spectral,99,99,99,631,553,100,0,3.0288326740264893,0.030594269434611004,0.5,Classifier Error ($p$)
31,Disparity,-12.451824405604363,reddit,spectral,99,99,99,631,553,100,0,3.0288326740264893,0.030594269434611004,0.5,Classifier Error ($p$)
31,Polarization,-14.701196321463975,reddit,spectral,99,99,99,631,553,100,0,3.0288326740264893,0.030594269434611004,0.5,Classifier Error ($p$)
31,$\|L_{t} - L_{0}\|_F$ / $\|L_{0}\|_F$,2.036448367478666,reddit,spectral,99,99,99,631,553,100,0,3.0288326740264893,0.030594269434611004,0.5,Classifier Error ($p$)
32,Surrogate,-5.920289618715447,reddit,spectral,99,99,99,631,553,100,0,3.0288326740264893,0.030594269434611004,0.5,Classifier Error ($p$)
32,Disparity,-12.544409507088483,reddit,spectral,99,99,99,631,553,100,0,3.0288326740264893,0.030594269434611004,0.5,Classifier Error ($p$)
32,Polarization,-14.752940841364804,reddit,spectral,99,99,99,631,553,100,0,3.0288326740264893,0.030594269434611004,0.5,Classifier Error ($p$)
32,$\|L_{t} - L_{0}\|_F$ / $\|L_{0}\|_F$,2.077317625950631,reddit,spectral,99,99,99,631,553,100,0,3.0288326740264893,0.030594269434611004,0.5,Classifier Error ($p$)
33,Surrogate,-6.010914115810116,reddit,spectral,99,99,99,631,553,100,0,3.0288326740264893,0.030594269434611004,0.5,Classifier Error ($p$)
33,Disparity,-12.711082895279613,reddit,spectral,99,99,99,631,553,100,0,3.0288326740264893,0.030594269434611004,0.5,Classifier Error ($p$)
33,Polarization,-15.23726653793481,reddit,spectral,99,99,99,631,553,100,0,3.0288326740264893,0.030594269434611004,0.5,Classifier Error ($p$)
33,$\|L_{t} - L_{0}\|_F$ / $\|L_{0}\|_F$,2.104122832964906,reddit,spectral,99,99,99,631,553,100,0,3.0288326740264893,0.030594269434611004,0.5,Classifier Error ($p$)
34,Surrogate,-6.256703403327083,reddit,spectral,99,99,99,631,553,100,0,3.0288326740264893,0.030594269434611004,0.5,Classifier Error ($p$)
34,Disparity,-13.112478690553377,reddit,spectral,99,99,99,631,553,100,0,3.0288326740264893,0.030594269434611004,0.5,Classifier Error ($p$)
34,Polarization,-15.969750447787934,reddit,spectral,99,99,99,631,553,100,0,3.0288326740264893,0.030594269434611004,0.5,Classifier Error ($p$)
34,$\|L_{t} - L_{0}\|_F$ / $\|L_{0}\|_F$,2.1305908272879046,reddit,spectral,99,99,99,631,553,100,0,3.0288326740264893,0.030594269434611004,0.5,Classifier Error ($p$)
35,Surrogate,-6.283587647810364,reddit,spectral,99,99,99,631,553,100,0,3.0288326740264893,0.030594269434611004,0.5,Classifier Error ($p$)
35,Disparity,-13.164452930874793,reddit,spectral,99,99,99,631,553,100,0,3.0288326740264893,0.030594269434611004,0.5,Classifier Error ($p$)
35,Polarization,-16.13983862932761,reddit,spectral,99,99,99,631,553,100,0,3.0288326740264893,0.030594269434611004,0.5,Classifier Error ($p$)
35,$\|L_{t} - L_{0}\|_F$ / $\|L_{0}\|_F$,2.163220456800977,reddit,spectral,99,99,99,631,553,100,0,3.0288326740264893,0.030594269434611004,0.5,Classifier Error ($p$)
36,Surrogate,-6.299980495206244,reddit,spectral,99,99,99,631,553,100,0,3.0288326740264893,0.030594269434611004,0.5,Classifier Error ($p$)
36,Disparity,-13.186272210201608,reddit,spectral,99,99,99,631,553,100,0,3.0288326740264893,0.030594269434611004,0.5,Classifier Error ($p$)
36,Polarization,-16.16684230270033,reddit,spectral,99,99,99,631,553,100,0,3.0288326740264893,0.030594269434611004,0.5,Classifier Error ($p$)
36,$\|L_{t} - L_{0}\|_F$ / $\|L_{0}\|_F$,2.195365166918956,reddit,spectral,99,99,99,631,553,100,0,3.0288326740264893,0.030594269434611004,0.5,Classifier Error ($p$)
37,Surrogate,-6.310123238514867,reddit,spectral,99,99,99,631,553,100,0,3.0288326740264893,0.030594269434611004,0.5,Classifier Error ($p$)
37,Disparity,-13.22182704939879,reddit,spectral,99,99,99,631,553,100,0,3.0288326740264893,0.030594269434611004,0.5,Classifier Error ($p$)
37,Polarization,-16.198367050635476,reddit,spectral,99,99,99,631,553,100,0,3.0288326740264893,0.030594269434611004,0.5,Classifier Error ($p$)
37,$\|L_{t} - L_{0}\|_F$ / $\|L_{0}\|_F$,2.264477920669267,reddit,spectral,99,99,99,631,553,100,0,3.0288326740264893,0.030594269434611004,0.5,Classifier Error ($p$)
38,Surrogate,-6.457163524683727,reddit,spectral,99,99,99,631,553,100,0,3.0288326740264893,0.030594269434611004,0.5,Classifier Error ($p$)
38,Disparity,-13.387649628515911,reddit,spectral,99,99,99,631,553,100,0,3.0288326740264893,0.030594269434611004,0.5,Classifier Error ($p$)
38,Polarization,-16.60798882850168,reddit,spectral,99,99,99,631,553,100,0,3.0288326740264893,0.030594269434611004,0.5,Classifier Error ($p$)
38,$\|L_{t} - L_{0}\|_F$ / $\|L_{0}\|_F$,2.3194935011153985,reddit,spectral,99,99,99,631,553,100,0,3.0288326740264893,0.030594269434611004,0.5,Classifier Error ($p$)
39,Surrogate,-6.459502815812305,reddit,spectral,99,99,99,631,553,100,0,3.0288326740264893,0.030594269434611004,0.5,Classifier Error ($p$)
39,Disparity,-13.409838286345654,reddit,spectral,99,99,99,631,553,100,0,3.0288326740264893,0.030594269434611004,0.5,Classifier Error ($p$)
39,Polarization,-16.627332953022734,reddit,spectral,99,99,99,631,553,100,0,3.0288326740264893,0.030594269434611004,0.5,Classifier Error ($p$)
39,$\|L_{t} - L_{0}\|_F$ / $\|L_{0}\|_F$,2.367323141431005,reddit,spectral,99,99,99,631,553,100,0,3.0288326740264893,0.030594269434611004,0.5,Classifier Error ($p$)
40,Surrogate,-6.747977081139404,reddit,spectral,99,99,99,631,553,100,0,3.0288326740264893,0.030594269434611004,0.5,Classifier Error ($p$)
40,Disparity,-13.903813432371873,reddit,spectral,99,99,99,631,553,100,0,3.0288326740264893,0.030594269434611004,0.5,Classifier Error ($p$)
40,Polarization,-16.761286523255777,reddit,spectral,99,99,99,631,553,100,0,3.0288326740264893,0.030594269434611004,0.5,Classifier Error ($p$)
40,$\|L_{t} - L_{0}\|_F$ / $\|L_{0}\|_F$,2.3908791757581263,reddit,spectral,99,99,99,631,553,100,0,3.0288326740264893,0.030594269434611004,0.5,Classifier Error ($p$)
41,Surrogate,-6.859309411830158,reddit,spectral,99,99,99,631,553,100,0,3.0288326740264893,0.030594269434611004,0.5,Classifier Error ($p$)
41,Disparity,-14.067132256859324,reddit,spectral,99,99,99,631,553,100,0,3.0288326740264893,0.030594269434611004,0.5,Classifier Error ($p$)
41,Polarization,-17.221863830140276,reddit,spectral,99,99,99,631,553,100,0,3.0288326740264893,0.030594269434611004,0.5,Classifier Error ($p$)
41,$\|L_{t} - L_{0}\|_F$ / $\|L_{0}\|_F$,2.42000179844411,reddit,spectral,99,99,99,631,553,100,0,3.0288326740264893,0.030594269434611004,0.5,Classifier Error ($p$)
42,Surrogate,-7.063117978414294,reddit,spectral,99,99,99,631,553,100,0,3.0288326740264893,0.030594269434611004,0.5,Classifier Error ($p$)
42,Disparity,-14.378950313203973,reddit,spectral,99,99,99,631,553,100,0,3.0288326740264893,0.030594269434611004,0.5,Classifier Error ($p$)
42,Polarization,-18.136066264421544,reddit,spectral,99,99,99,631,553,100,0,3.0288326740264893,0.030594269434611004,0.5,Classifier Error ($p$)
42,$\|L_{t} - L_{0}\|_F$ / $\|L_{0}\|_F$,2.465882693623303,reddit,spectral,99,99,99,631,553,100,0,3.0288326740264893,0.030594269434611004,0.5,Classifier Error ($p$)
43,Surrogate,-7.164182185531382,reddit,spectral,99,99,99,631,553,100,0,3.0288326740264893,0.030594269434611004,0.5,Classifier Error ($p$)
43,Disparity,-14.477540835613276,reddit,spectral,99,99,99,631,553,100,0,3.0288326740264893,0.030594269434611004,0.5,Classifier Error ($p$)
43,Polarization,-18.298703241805693,reddit,spectral,99,99,99,631,553,100,0,3.0288326740264893,0.030594269434611004,0.5,Classifier Error ($p$)
43,$\|L_{t} - L_{0}\|_F$ / $\|L_{0}\|_F$,2.4885059445036517,reddit,spectral,99,99,99,631,553,100,0,3.0288326740264893,0.030594269434611004,0.5,Classifier Error ($p$)
44,Surrogate,-7.194389985877094,reddit,spectral,99,99,99,631,553,100,0,3.0288326740264893,0.030594269434611004,0.5,Classifier Error ($p$)
44,Disparity,-14.537123283326883,reddit,spectral,99,99,99,631,553,100,0,3.0288326740264893,0.030594269434611004,0.5,Classifier Error ($p$)
44,Polarization,-18.299923121707945,reddit,spectral,99,99,99,631,553,100,0,3.0288326740264893,0.030594269434611004,0.5,Classifier Error ($p$)
44,$\|L_{t} - L_{0}\|_F$ / $\|L_{0}\|_F$,2.499740791440096,reddit,spectral,99,99,99,631,553,100,0,3.0288326740264893,0.030594269434611004,0.5,Classifier Error ($p$)
45,Surrogate,-7.263793052723686,reddit,spectral,99,99,99,631,553,100,0,3.0288326740264893,0.030594269434611004,0.5,Classifier Error ($p$)
45,Disparity,-14.64342000456917,reddit,spectral,99,99,99,631,553,100,0,3.0288326740264893,0.030594269434611004,0.5,Classifier Error ($p$)
45,Polarization,-18.889101395172865,reddit,spectral,99,99,99,631,553,100,0,3.0288326740264893,0.030594269434611004,0.5,Classifier Error ($p$)
45,$\|L_{t} - L_{0}\|_F$ / $\|L_{0}\|_F$,2.533146381492432,reddit,spectral,99,99,99,631,553,100,0,3.0288326740264893,0.030594269434611004,0.5,Classifier Error ($p$)
46,Surrogate,-7.296415201369783,reddit,spectral,99,99,99,631,553,100,0,3.0288326740264893,0.030594269434611004,0.5,Classifier Error ($p$)
46,Disparity,-14.675644375130027,reddit,spectral,99,99,99,631,553,100,0,3.0288326740264893,0.030594269434611004,0.5,Classifier Error ($p$)
46,Polarization,-18.985571103005043,reddit,spectral,99,99,99,631,553,100,0,3.0288326740264893,0.030594269434611004,0.5,Classifier Error ($p$)
46,$\|L_{t} - L_{0}\|_F$ / $\|L_{0}\|_F$,2.571571163710353,reddit,spectral,99,99,99,631,553,100,0,3.0288326740264893,0.030594269434611004,0.5,Classifier Error ($p$)
47,Surrogate,-7.416714284577066,reddit,spectral,99,99,99,631,553,100,0,3.0288326740264893,0.030594269434611004,0.5,Classifier Error ($p$)
47,Disparity,-14.755845514181946,reddit,spectral,99,99,99,631,553,100,0,3.0288326740264893,0.030594269434611004,0.5,Classifier Error ($p$)
47,Polarization,-19.13429548709432,reddit,spectral,99,99,99,631,553,100,0,3.0288326740264893,0.030594269434611004,0.5,Classifier Error ($p$)
47,$\|L_{t} - L_{0}\|_F$ / $\|L_{0}\|_F$,2.6094301887548235,reddit,spectral,99,99,99,631,553,100,0,3.0288326740264893,0.030594269434611004,0.5,Classifier Error ($p$)
48,Surrogate,-7.424479092178647,reddit,spectral,99,99,99,631,553,100,0,3.0288326740264893,0.030594269434611004,0.5,Classifier Error ($p$)
48,Disparity,-14.784510423261581,reddit,spectral,99,99,99,631,553,100,0,3.0288326740264893,0.030594269434611004,0.5,Classifier Error ($p$)
48,Polarization,-19.146001549528506,reddit,spectral,99,99,99,631,553,100,0,3.0288326740264893,0.030594269434611004,0.5,Classifier Error ($p$)
48,$\|L_{t} - L_{0}\|_F$ / $\|L_{0}\|_F$,2.6625808631443992,reddit,spectral,99,99,99,631,553,100,0,3.0288326740264893,0.030594269434611004,0.5,Classifier Error ($p$)
49,Surrogate,-7.437437779923578,reddit,spectral,99,99,99,631,553,100,0,3.0288326740264893,0.030594269434611004,0.5,Classifier Error ($p$)
49,Disparity,-14.823523326307967,reddit,spectral,99,99,99,631,553,100,0,3.0288326740264893,0.030594269434611004,0.5,Classifier Error ($p$)
49,Polarization,-19.177569197193073,reddit,spectral,99,99,99,631,553,100,0,3.0288326740264893,0.030594269434611004,0.5,Classifier Error ($p$)
49,$\|L_{t} - L_{0}\|_F$ / $\|L_{0}\|_F$,2.7198472181099227,reddit,spectral,99,99,99,631,553,100,0,3.0288326740264893,0.030594269434611004,0.5,Classifier Error ($p$)
50,Surrogate,-7.44480587901148,reddit,spectral,99,99,99,631,553,100,0,3.0288326740264893,0.030594269434611004,0.5,Classifier Error ($p$)
50,Disparity,-14.843692021316112,reddit,spectral,99,99,99,631,553,100,0,3.0288326740264893,0.030594269434611004,0.5,Classifier Error ($p$)
50,Polarization,-19.195916483557475,reddit,spectral,99,99,99,631,553,100,0,3.0288326740264893,0.030594269434611004,0.5,Classifier Error ($p$)
50,$\|L_{t} - L_{0}\|_F$ / $\|L_{0}\|_F$,2.7198472181099227,reddit,spectral,99,99,99,631,553,100,0,3.0288326740264893,0.030594269434611004,0.5,Classifier Error ($p$)
51,Surrogate,-7.461503637246122,reddit,spectral,99,99,99,631,553,100,0,3.0288326740264893,0.030594269434611004,0.5,Classifier Error ($p$)
51,Disparity,-14.883307011965098,reddit,spectral,99,99,99,631,553,100,0,3.0288326740264893,0.030594269434611004,0.5,Classifier Error ($p$)
51,Polarization,-19.201164747526803,reddit,spectral,99,99,99,631,553,100,0,3.0288326740264893,0.030594269434611004,0.5,Classifier Error ($p$)
51,$\|L_{t} - L_{0}\|_F$ / $\|L_{0}\|_F$,2.765819722682274,reddit,spectral,99,99,99,631,553,100,0,3.0288326740264893,0.030594269434611004,0.5,Classifier Error ($p$)
52,Surrogate,-7.858386393294893,reddit,spectral,99,99,99,631,553,100,0,3.0288326740264893,0.030594269434611004,0.5,Classifier Error ($p$)
52,Disparity,-15.904563878181435,reddit,spectral,99,99,99,631,553,100,0,3.0288326740264893,0.030594269434611004,0.5,Classifier Error ($p$)
52,Polarization,-19.277684293386613,reddit,spectral,99,99,99,631,553,100,0,3.0288326740264893,0.030594269434611004,0.5,Classifier Error ($p$)
52,$\|L_{t} - L_{0}\|_F$ / $\|L_{0}\|_F$,2.7809750126920543,reddit,spectral,99,99,99,631,553,100,0,3.0288326740264893,0.030594269434611004,0.5,Classifier Error ($p$)
53,Surrogate,-7.886762286563659,reddit,spectral,99,99,99,631,553,100,0,3.0288326740264893,0.030594269434611004,0.5,Classifier Error ($p$)
53,Disparity,-15.950790544427559,reddit,spectral,99,99,99,631,553,100,0,3.0288326740264893,0.030594269434611004,0.5,Classifier Error ($p$)
53,Polarization,-19.27937657324326,reddit,spectral,99,99,99,631,553,100,0,3.0288326740264893,0.030594269434611004,0.5,Classifier Error ($p$)
53,$\|L_{t} - L_{0}\|_F$ / $\|L_{0}\|_F$,2.8309067388409868,reddit,spectral,99,99,99,631,553,100,0,3.0288326740264893,0.030594269434611004,0.5,Classifier Error ($p$)
54,Surrogate,-7.8914775049897825,reddit,spectral,99,99,99,631,553,100,0,3.0288326740264893,0.030594269434611004,0.5,Classifier Error ($p$)
54,Disparity,-15.967186573788958,reddit,spectral,99,99,99,631,553,100,0,3.0288326740264893,0.030594269434611004,0.5,Classifier Error ($p$)
54,Polarization,-19.256017248858146,reddit,spectral,99,99,99,631,553,100,0,3.0288326740264893,0.030594269434611004,0.5,Classifier Error ($p$)
54,$\|L_{t} - L_{0}\|_F$ / $\|L_{0}\|_F$,2.879972900360878,reddit,spectral,99,99,99,631,553,100,0,3.0288326740264893,0.030594269434611004,0.5,Classifier Error ($p$)
55,Surrogate,-7.975865283142008,reddit,spectral,99,99,99,631,553,100,0,3.0288326740264893,0.030594269434611004,0.5,Classifier Error ($p$)
55,Disparity,-16.20644997767441,reddit,spectral,99,99,99,631,553,100,0,3.0288326740264893,0.030594269434611004,0.5,Classifier Error ($p$)
55,Polarization,-19.35245560109858,reddit,spectral,99,99,99,631,553,100,0,3.0288326740264893,0.030594269434611004,0.5,Classifier Error ($p$)
55,$\|L_{t} - L_{0}\|_F$ / $\|L_{0}\|_F$,2.90901537852444,reddit,spectral,99,99,99,631,553,100,0,3.0288326740264893,0.030594269434611004,0.5,Classifier Error ($p$)
56,Surrogate,-8.006030811995034,reddit,spectral,99,99,99,631,553,100,0,3.0288326740264893,0.030594269434611004,0.5,Classifier Error ($p$)
56,Disparity,-16.25392396052518,reddit,spectral,99,99,99,631,553,100,0,3.0288326740264893,0.030594269434611004,0.5,Classifier Error ($p$)
56,Polarization,-19.36406701401412,reddit,spectral,99,99,99,631,553,100,0,3.0288326740264893,0.030594269434611004,0.5,Classifier Error ($p$)
56,$\|L_{t} - L_{0}\|_F$ / $\|L_{0}\|_F$,2.9425360035945367,reddit,spectral,99,99,99,631,553,100,0,3.0288326740264893,0.030594269434611004,0.5,Classifier Error ($p$)
57,Surrogate,-8.240667472177858,reddit,spectral,99,99,99,631,553,100,0,3.0288326740264893,0.030594269434611004,0.5,Classifier Error ($p$)
57,Disparity,-16.72194437623638,reddit,spectral,99,99,99,631,553,100,0,3.0288326740264893,0.030594269434611004,0.5,Classifier Error ($p$)
57,Polarization,-19.46928678584942,reddit,spectral,99,99,99,631,553,100,0,3.0288326740264893,0.030594269434611004,0.5,Classifier Error ($p$)
57,$\|L_{t} - L_{0}\|_F$ / $\|L_{0}\|_F$,2.9662473942422567,reddit,spectral,99,99,99,631,553,100,0,3.0288326740264893,0.030594269434611004,0.5,Classifier Error ($p$)
58,Surrogate,-8.248207511487223,reddit,spectral,99,99,99,631,553,100,0,3.0288326740264893,0.030594269434611004,0.5,Classifier Error ($p$)
58,Disparity,-16.747003146350995,reddit,spectral,99,99,99,631,553,100,0,3.0288326740264893,0.030594269434611004,0.5,Classifier Error ($p$)
58,Polarization,-19.509014405970813,reddit,spectral,99,99,99,631,553,100,0,3.0288326740264893,0.030594269434611004,0.5,Classifier Error ($p$)
58,$\|L_{t} - L_{0}\|_F$ / $\|L_{0}\|_F$,2.975679047277869,reddit,spectral,99,99,99,631,553,100,0,3.0288326740264893,0.030594269434611004,0.5,Classifier Error ($p$)
59,Surrogate,-8.354846034817044,reddit,spectral,99,99,99,631,553,100,0,3.0288326740264893,0.030594269434611004,0.5,Classifier Error ($p$)
59,Disparity,-16.884197202962245,reddit,spectral,99,99,99,631,553,100,0,3.0288326740264893,0.030594269434611004,0.5,Classifier Error ($p$)
59,Polarization,-19.943508918604998,reddit,spectral,99,99,99,631,553,100,0,3.0288326740264893,0.030594269434611004,0.5,Classifier Error ($p$)
59,$\|L_{t} - L_{0}\|_F$ / $\|L_{0}\|_F$,2.9991284173585155,reddit,spectral,99,99,99,631,553,100,0,3.0288326740264893,0.030594269434611004,0.5,Classifier Error ($p$)
60,Surrogate,-8.478002178493181,reddit,spectral,99,99,99,631,553,100,0,3.0288326740264893,0.030594269434611004,0.5,Classifier Error ($p$)
60,Disparity,-16.998884420095177,reddit,spectral,99,99,99,631,553,100,0,3.0288326740264893,0.030594269434611004,0.5,Classifier Error ($p$)
60,Polarization,-20.162120430006368,reddit,spectral,99,99,99,631,553,100,0,3.0288326740264893,0.030594269434611004,0.5,Classifier Error ($p$)
60,$\|L_{t} - L_{0}\|_F$ / $\|L_{0}\|_F$,3.040881634053742,reddit,spectral,99,99,99,631,553,100,0,3.0288326740264893,0.030594269434611004,0.5,Classifier Error ($p$)
61,Surrogate,-9.359071627018059,reddit,spectral,99,99,99,631,553,100,0,3.0288326740264893,0.030594269434611004,0.5,Classifier Error ($p$)
61,Disparity,-18.45197077697957,reddit,spectral,99,99,99,631,553,100,0,3.0288326740264893,0.030594269434611004,0.5,Classifier Error ($p$)
61,Polarization,-22.127314423876086,reddit,spectral,99,99,99,631,553,100,0,3.0288326740264893,0.030594269434611004,0.5,Classifier Error ($p$)
61,$\|L_{t} - L_{0}\|_F$ / $\|L_{0}\|_F$,3.0866117435017797,reddit,spectral,99,99,99,631,553,100,0,3.0288326740264893,0.030594269434611004,0.5,Classifier Error ($p$)
62,Surrogate,-9.36581956852475,reddit,spectral,99,99,99,631,553,100,0,3.0288326740264893,0.030594269434611004,0.5,Classifier Error ($p$)
62,Disparity,-18.46845112921451,reddit,spectral,99,99,99,631,553,100,0,3.0288326740264893,0.030594269434611004,0.5,Classifier Error ($p$)
62,Polarization,-22.13615056894839,reddit,spectral,99,99,99,631,553,100,0,3.0288326740264893,0.030594269434611004,0.5,Classifier Error ($p$)
62,$\|L_{t} - L_{0}\|_F$ / $\|L_{0}\|_F$,3.095676702060899,reddit,spectral,99,99,99,631,553,100,0,3.0288326740264893,0.030594269434611004,0.5,Classifier Error ($p$)
63,Surrogate,-9.481020803312003,reddit,spectral,99,99,99,631,553,100,0,3.0288326740264893,0.030594269434611004,0.5,Classifier Error ($p$)
63,Disparity,-18.58915265299051,reddit,spectral,99,99,99,631,553,100,0,3.0288326740264893,0.030594269434611004,0.5,Classifier Error ($p$)
63,Polarization,-22.290776704001313,reddit,spectral,99,99,99,631,553,100,0,3.0288326740264893,0.030594269434611004,0.5,Classifier Error ($p$)
63,$\|L_{t} - L_{0}\|_F$ / $\|L_{0}\|_F$,3.122713693145961,reddit,spectral,99,99,99,631,553,100,0,3.0288326740264893,0.030594269434611004,0.5,Classifier Error ($p$)
64,Surrogate,-9.570205869265742,reddit,spectral,99,99,99,631,553,100,0,3.0288326740264893,0.030594269434611004,0.5,Classifier Error ($p$)
64,Disparity,-18.69720191115927,reddit,spectral,99,99,99,631,553,100,0,3.0288326740264893,0.030594269434611004,0.5,Classifier Error ($p$)
64,Polarization,-22.601365545290506,reddit,spectral,99,99,99,631,553,100,0,3.0288326740264893,0.030594269434611004,0.5,Classifier Error ($p$)
64,$\|L_{t} - L_{0}\|_F$ / $\|L_{0}\|_F$,3.149518594172755,reddit,spectral,99,99,99,631,553,100,0,3.0288326740264893,0.030594269434611004,0.5,Classifier Error ($p$)
65,Surrogate,-9.707793968479953,reddit,spectral,99,99,99,631,553,100,0,3.0288326740264893,0.030594269434611004,0.5,Classifier Error ($p$)
65,Disparity,-18.856589946967635,reddit,spectral,99,99,99,631,553,100,0,3.0288326740264893,0.030594269434611004,0.5,Classifier Error ($p$)
65,Polarization,-22.705986898099205,reddit,spectral,99,99,99,631,553,100,0,3.0288326740264893,0.030594269434611004,0.5,Classifier Error ($p$)
65,$\|L_{t} - L_{0}\|_F$ / $\|L_{0}\|_F$,3.1716829675172136,reddit,spectral,99,99,99,631,553,100,0,3.0288326740264893,0.030594269434611004,0.5,Classifier Error ($p$)
66,Surrogate,-9.912780260525675,reddit,spectral,99,99,99,631,553,100,0,3.0288326740264893,0.030594269434611004,0.5,Classifier Error ($p$)
66,Disparity,-19.13184001380363,reddit,spectral,99,99,99,631,553,100,0,3.0288326740264893,0.030594269434611004,0.5,Classifier Error ($p$)
66,Polarization,-22.754732912761796,reddit,spectral,99,99,99,631,553,100,0,3.0288326740264893,0.030594269434611004,0.5,Classifier Error ($p$)
66,$\|L_{t} - L_{0}\|_F$ / $\|L_{0}\|_F$,3.202455387104903,reddit,spectral,99,99,99,631,553,100,0,3.0288326740264893,0.030594269434611004,0.5,Classifier Error ($p$)
67,Surrogate,-9.93889173792293,reddit,spectral,99,99,99,631,553,100,0,3.0288326740264893,0.030594269434611004,0.5,Classifier Error ($p$)
67,Disparity,-19.189784746655665,reddit,spectral,99,99,99,631,553,100,0,3.0288326740264893,0.030594269434611004,0.5,Classifier Error ($p$)
67,Polarization,-22.76659211160949,reddit,spectral,99,99,99,631,553,100,0,3.0288326740264893,0.030594269434611004,0.5,Classifier Error ($p$)
67,$\|L_{t} - L_{0}\|_F$ / $\|L_{0}\|_F$,3.206827341887459,reddit,spectral,99,99,99,631,553,100,0,3.0288326740264893,0.030594269434611004,0.5,Classifier Error ($p$)
68,Surrogate,-9.950602430595374,reddit,spectral,99,99,99,631,553,100,0,3.0288326740264893,0.030594269434611004,0.5,Classifier Error ($p$)
68,Disparity,-19.21916109039139,reddit,spectral,99,99,99,631,553,100,0,3.0288326740264893,0.030594269434611004,0.5,Classifier Error ($p$)
68,Polarization,-22.790257595287727,reddit,spectral,99,99,99,631,553,100,0,3.0288326740264893,0.030594269434611004,0.5,Classifier Error ($p$)
68,$\|L_{t} - L_{0}\|_F$ / $\|L_{0}\|_F$,3.2631297593436344,reddit,spectral,99,99,99,631,553,100,0,3.0288326740264893,0.030594269434611004,0.5,Classifier Error ($p$)
69,Surrogate,-10.013170453788552,reddit,spectral,99,99,99,631,553,100,0,3.0288326740264893,0.030594269434611004,0.5,Classifier Error ($p$)
69,Disparity,-19.299539362346657,reddit,spectral,99,99,99,631,553,100,0,3.0288326740264893,0.030594269434611004,0.5,Classifier Error ($p$)
69,Polarization,-22.881226431981528,reddit,spectral,99,99,99,631,553,100,0,3.0288326740264893,0.030594269434611004,0.5,Classifier Error ($p$)
69,$\|L_{t} - L_{0}\|_F$ / $\|L_{0}\|_F$,3.275985211986368,reddit,spectral,99,99,99,631,553,100,0,3.0288326740264893,0.030594269434611004,0.5,Classifier Error ($p$)
70,Surrogate,-13.882971168043435,reddit,spectral,99,99,99,631,553,100,0,3.0288326740264893,0.030594269434611004,0.5,Classifier Error ($p$)
70,Disparity,-29.357735315029565,reddit,spectral,99,99,99,631,553,100,0,3.0288326740264893,0.030594269434611004,0.5,Classifier Error ($p$)
70,Polarization,-33.305589213413676,reddit,spectral,99,99,99,631,553,100,0,3.0288326740264893,0.030594269434611004,0.5,Classifier Error ($p$)
70,$\|L_{t} - L_{0}\|_F$ / $\|L_{0}\|_F$,3.2972995891414296,reddit,spectral,99,99,99,631,553,100,0,3.0288326740264893,0.030594269434611004,0.5,Classifier Error ($p$)
71,Surrogate,-13.892366209918382,reddit,spectral,99,99,99,631,553,100,0,3.0288326740264893,0.030594269434611004,0.5,Classifier Error ($p$)
71,Disparity,-29.378425647726125,reddit,spectral,99,99,99,631,553,100,0,3.0288326740264893,0.030594269434611004,0.5,Classifier Error ($p$)
71,Polarization,-33.29429538853959,reddit,spectral,99,99,99,631,553,100,0,3.0288326740264893,0.030594269434611004,0.5,Classifier Error ($p$)
71,$\|L_{t} - L_{0}\|_F$ / $\|L_{0}\|_F$,3.314252398003407,reddit,spectral,99,99,99,631,553,100,0,3.0288326740264893,0.030594269434611004,0.5,Classifier Error ($p$)
72,Surrogate,-13.91151081898058,reddit,spectral,99,99,99,631,553,100,0,3.0288326740264893,0.030594269434611004,0.5,Classifier Error ($p$)
72,Disparity,-29.406473067971557,reddit,spectral,99,99,99,631,553,100,0,3.0288326740264893,0.030594269434611004,0.5,Classifier Error ($p$)
72,Polarization,-33.29111525393931,reddit,spectral,99,99,99,631,553,100,0,3.0288326740264893,0.030594269434611004,0.5,Classifier Error ($p$)
72,$\|L_{t} - L_{0}\|_F$ / $\|L_{0}\|_F$,3.3437129986931815,reddit,spectral,99,99,99,631,553,100,0,3.0288326740264893,0.030594269434611004,0.5,Classifier Error ($p$)
73,Surrogate,-13.928016006416671,reddit,spectral,99,99,99,631,553,100,0,3.0288326740264893,0.030594269434611004,0.5,Classifier Error ($p$)
73,Disparity,-29.428854974708152,reddit,spectral,99,99,99,631,553,100,0,3.0288326740264893,0.030594269434611004,0.5,Classifier Error ($p$)
73,Polarization,-33.29390613184795,reddit,spectral,99,99,99,631,553,100,0,3.0288326740264893,0.030594269434611004,0.5,Classifier Error ($p$)
73,$\|L_{t} - L_{0}\|_F$ / $\|L_{0}\|_F$,3.368759888046103,reddit,spectral,99,99,99,631,553,100,0,3.0288326740264893,0.030594269434611004,0.5,Classifier Error ($p$)
74,Surrogate,-13.930513324211121,reddit,spectral,99,99,99,631,553,100,0,3.0288326740264893,0.030594269434611004,0.5,Classifier Error ($p$)
74,Disparity,-29.441392761114137,reddit,spectral,99,99,99,631,553,100,0,3.0288326740264893,0.030594269434611004,0.5,Classifier Error ($p$)
74,Polarization,-33.316293540774474,reddit,spectral,99,99,99,631,553,100,0,3.0288326740264893,0.030594269434611004,0.5,Classifier Error ($p$)
74,$\|L_{t} - L_{0}\|_F$ / $\|L_{0}\|_F$,3.4018688889412805,reddit,spectral,99,99,99,631,553,100,0,3.0288326740264893,0.030594269434611004,0.5,Classifier Error ($p$)
75,Surrogate,-14.608698709971524,reddit,spectral,99,99,99,631,553,100,0,3.0288326740264893,0.030594269434611004,0.5,Classifier Error ($p$)
75,Disparity,-30.407626323795967,reddit,spectral,99,99,99,631,553,100,0,3.0288326740264893,0.030594269434611004,0.5,Classifier Error ($p$)
75,Polarization,-34.44293941834985,reddit,spectral,99,99,99,631,553,100,0,3.0288326740264893,0.030594269434611004,0.5,Classifier Error ($p$)
75,$\|L_{t} - L_{0}\|_F$ / $\|L_{0}\|_F$,3.454994379616795,reddit,spectral,99,99,99,631,553,100,0,3.0288326740264893,0.030594269434611004,0.5,Classifier Error ($p$)
76,Surrogate,-14.651077894624517,reddit,spectral,99,99,99,631,553,100,0,3.0288326740264893,0.030594269434611004,0.5,Classifier Error ($p$)
76,Disparity,-30.458324120527696,reddit,spectral,99,99,99,631,553,100,0,3.0288326740264893,0.030594269434611004,0.5,Classifier Error ($p$)
76,Polarization,-34.44610821051121,reddit,spectral,99,99,99,631,553,100,0,3.0288326740264893,0.030594269434611004,0.5,Classifier Error ($p$)
76,$\|L_{t} - L_{0}\|_F$ / $\|L_{0}\|_F$,3.4792402516730982,reddit,spectral,99,99,99,631,553,100,0,3.0288326740264893,0.030594269434611004,0.5,Classifier Error ($p$)
77,Surrogate,-14.679196231865818,reddit,spectral,99,99,99,631,553,100,0,3.0288326740264893,0.030594269434611004,0.5,Classifier Error ($p$)
77,Disparity,-30.49224199471926,reddit,spectral,99,99,99,631,553,100,0,3.0288326740264893,0.030594269434611004,0.5,Classifier Error ($p$)
77,Polarization,-34.438260046980545,reddit,spectral,99,99,99,631,553,100,0,3.0288326740264893,0.030594269434611004,0.5,Classifier Error ($p$)
77,$\|L_{t} - L_{0}\|_F$ / $\|L_{0}\|_F$,3.495310730962468,reddit,spectral,99,99,99,631,553,100,0,3.0288326740264893,0.030594269434611004,0.5,Classifier Error ($p$)
78,Surrogate,-14.811858999248237,reddit,spectral,99,99,99,631,553,100,0,3.0288326740264893,0.030594269434611004,0.5,Classifier Error ($p$)
78,Disparity,-30.677718314438664,reddit,spectral,99,99,99,631,553,100,0,3.0288326740264893,0.030594269434611004,0.5,Classifier Error ($p$)
78,Polarization,-34.44254750966193,reddit,spectral,99,99,99,631,553,100,0,3.0288326740264893,0.030594269434611004,0.5,Classifier Error ($p$)
78,$\|L_{t} - L_{0}\|_F$ / $\|L_{0}\|_F$,3.511307659989434,reddit,spectral,99,99,99,631,553,100,0,3.0288326740264893,0.030594269434611004,0.5,Classifier Error ($p$)
79,Surrogate,-14.90240172938469,reddit,spectral,99,99,99,631,553,100,0,3.0288326740264893,0.030594269434611004,0.5,Classifier Error ($p$)
79,Disparity,-30.732914283563634,reddit,spectral,99,99,99,631,553,100,0,3.0288326740264893,0.030594269434611004,0.5,Classifier Error ($p$)
79,Polarization,-34.50370416631536,reddit,spectral,99,99,99,631,553,100,0,3.0288326740264893,0.030594269434611004,0.5,Classifier Error ($p$)
79,$\|L_{t} - L_{0}\|_F$ / $\|L_{0}\|_F$,3.5470369791726784,reddit,spectral,99,99,99,631,553,100,0,3.0288326740264893,0.030594269434611004,0.5,Classifier Error ($p$)
80,Surrogate,-15.037123020104836,reddit,spectral,99,99,99,631,553,100,0,3.0288326740264893,0.030594269434611004,0.5,Classifier Error ($p$)
80,Disparity,-30.879709830346215,reddit,spectral,99,99,99,631,553,100,0,3.0288326740264893,0.030594269434611004,0.5,Classifier Error ($p$)
80,Polarization,-34.61066125715131,reddit,spectral,99,99,99,631,553,100,0,3.0288326740264893,0.030594269434611004,0.5,Classifier Error ($p$)
80,$\|L_{t} - L_{0}\|_F$ / $\|L_{0}\|_F$,3.5628016656470693,reddit,spectral,99,99,99,631,553,100,0,3.0288326740264893,0.030594269434611004,0.5,Classifier Error ($p$)
81,Surrogate,-15.042194139029222,reddit,spectral,99,99,99,631,553,100,0,3.0288326740264893,0.030594269434611004,0.5,Classifier Error ($p$)
81,Disparity,-30.892582372788084,reddit,spectral,99,99,99,631,553,100,0,3.0288326740264893,0.030594269434611004,0.5,Classifier Error ($p$)
81,Polarization,-34.60049713639641,reddit,spectral,99,99,99,631,553,100,0,3.0288326740264893,0.030594269434611004,0.5,Classifier Error ($p$)
81,$\|L_{t} - L_{0}\|_F$ / $\|L_{0}\|_F$,3.594123601516192,reddit,spectral,99,99,99,631,553,100,0,3.0288326740264893,0.030594269434611004,0.5,Classifier Error ($p$)
82,Surrogate,-15.506438379280729,reddit,spectral,99,99,99,631,553,100,0,3.0288326740264893,0.030594269434611004,0.5,Classifier Error ($p$)
82,Disparity,-31.46185330366194,reddit,spectral,99,99,99,631,553,100,0,3.0288326740264893,0.030594269434611004,0.5,Classifier Error ($p$)
82,Polarization,-35.41015331156913,reddit,spectral,99,99,99,631,553,100,0,3.0288326740264893,0.030594269434611004,0.5,Classifier Error ($p$)
82,$\|L_{t} - L_{0}\|_F$ / $\|L_{0}\|_F$,3.652128266801747,reddit,spectral,99,99,99,631,553,100,0,3.0288326740264893,0.030594269434611004,0.5,Classifier Error ($p$)
83,Surrogate,-15.53424603174528,reddit,spectral,99,99,99,631,553,100,0,3.0288326740264893,0.030594269434611004,0.5,Classifier Error ($p$)
83,Disparity,-31.485135668864434,reddit,spectral,99,99,99,631,553,100,0,3.0288326740264893,0.030594269434611004,0.5,Classifier Error ($p$)
83,Polarization,-35.423417947323365,reddit,spectral,99,99,99,631,553,100,0,3.0288326740264893,0.030594269434611004,0.5,Classifier Error ($p$)
83,$\|L_{t} - L_{0}\|_F$ / $\|L_{0}\|_F$,3.671259504389632,reddit,spectral,99,99,99,631,553,100,0,3.0288326740264893,0.030594269434611004,0.5,Classifier Error ($p$)
84,Surrogate,-15.633994095072486,reddit,spectral,99,99,99,631,553,100,0,3.0288326740264893,0.030594269434611004,0.5,Classifier Error ($p$)
84,Disparity,-31.569440753613385,reddit,spectral,99,99,99,631,553,100,0,3.0288326740264893,0.030594269434611004,0.5,Classifier Error ($p$)
84,Polarization,-35.55032180129744,reddit,spectral,99,99,99,631,553,100,0,3.0288326740264893,0.030594269434611004,0.5,Classifier Error ($p$)
84,$\|L_{t} - L_{0}\|_F$ / $\|L_{0}\|_F$,3.713001263889997,reddit,spectral,99,99,99,631,553,100,0,3.0288326740264893,0.030594269434611004,0.5,Classifier Error ($p$)
85,Surrogate,-15.640751444296688,reddit,spectral,99,99,99,631,553,100,0,3.0288326740264893,0.030594269434611004,0.5,Classifier Error ($p$)
85,Disparity,-31.588335700230523,reddit,spectral,99,99,99,631,553,100,0,3.0288326740264893,0.030594269434611004,0.5,Classifier Error ($p$)
85,Polarization,-35.568284292065975,reddit,spectral,99,99,99,631,553,100,0,3.0288326740264893,0.030594269434611004,0.5,Classifier Error ($p$)
85,$\|L_{t} - L_{0}\|_F$ / $\|L_{0}\|_F$,3.7355729080460143,reddit,spectral,99,99,99,631,553,100,0,3.0288326740264893,0.030594269434611004,0.5,Classifier Error ($p$)
86,Surrogate,-15.69561555966775,reddit,spectral,99,99,99,631,553,100,0,3.0288326740264893,0.030594269434611004,0.5,Classifier Error ($p$)
86,Disparity,-31.64360597434709,reddit,spectral,99,99,99,631,553,100,0,3.0288326740264893,0.030594269434611004,0.5,Classifier Error ($p$)
86,Polarization,-35.58976108671691,reddit,spectral,99,99,99,631,553,100,0,3.0288326740264893,0.030594269434611004,0.5,Classifier Error ($p$)
86,$\|L_{t} - L_{0}\|_F$ / $\|L_{0}\|_F$,3.7505452041598506,reddit,spectral,99,99,99,631,553,100,0,3.0288326740264893,0.030594269434611004,0.5,Classifier Error ($p$)
87,Surrogate,-15.75905145460653,reddit,spectral,99,99,99,631,553,100,0,3.0288326740264893,0.030594269434611004,0.5,Classifier Error ($p$)
87,Disparity,-31.71333836711806,reddit,spectral,99,99,99,631,553,100,0,3.0288326740264893,0.030594269434611004,0.5,Classifier Error ($p$)
87,Polarization,-35.726363456021815,reddit,spectral,99,99,99,631,553,100,0,3.0288326740264893,0.030594269434611004,0.5,Classifier Error ($p$)
87,$\|L_{t} - L_{0}\|_F$ / $\|L_{0}\|_F$,3.78401627599095,reddit,spectral,99,99,99,631,553,100,0,3.0288326740264893,0.030594269434611004,0.5,Classifier Error ($p$)
88,Surrogate,-15.762191777155868,reddit,spectral,99,99,99,631,553,100,0,3.0288326740264893,0.030594269434611004,0.5,Classifier Error ($p$)
88,Disparity,-31.73673925316151,reddit,spectral,99,99,99,631,553,100,0,3.0288326740264893,0.030594269434611004,0.5,Classifier Error ($p$)
88,Polarization,-35.723421936087426,reddit,spectral,99,99,99,631,553,100,0,3.0288326740264893,0.030594269434611004,0.5,Classifier Error ($p$)
88,$\|L_{t} - L_{0}\|_F$ / $\|L_{0}\|_F$,3.7987976458457897,reddit,spectral,99,99,99,631,553,100,0,3.0288326740264893,0.030594269434611004,0.5,Classifier Error ($p$)
89,Surrogate,-15.84787593561947,reddit,spectral,99,99,99,631,553,100,0,3.0288326740264893,0.030594269434611004,0.5,Classifier Error ($p$)
89,Disparity,-31.78596252094851,reddit,spectral,99,99,99,631,553,100,0,3.0288326740264893,0.030594269434611004,0.5,Classifier Error ($p$)
89,Polarization,-35.77465645107761,reddit,spectral,99,99,99,631,553,100,0,3.0288326740264893,0.030594269434611004,0.5,Classifier Error ($p$)
89,$\|L_{t} - L_{0}\|_F$ / $\|L_{0}\|_F$,3.8428006304570106,reddit,spectral,99,99,99,631,553,100,0,3.0288326740264893,0.030594269434611004,0.5,Classifier Error ($p$)
90,Surrogate,-16.601297475458832,reddit,spectral,99,99,99,631,553,100,0,3.0288326740264893,0.030594269434611004,0.5,Classifier Error ($p$)
90,Disparity,-34.50815350250139,reddit,spectral,99,99,99,631,553,100,0,3.0288326740264893,0.030594269434611004,0.5,Classifier Error ($p$)
90,Polarization,-39.956020492827136,reddit,spectral,99,99,99,631,553,100,0,3.0288326740264893,0.030594269434611004,0.5,Classifier Error ($p$)
90,$\|L_{t} - L_{0}\|_F$ / $\|L_{0}\|_F$,3.8646142435072925,reddit,spectral,99,99,99,631,553,100,0,3.0288326740264893,0.030594269434611004,0.5,Classifier Error ($p$)
91,Surrogate,-16.611003096859047,reddit,spectral,99,99,99,631,553,100,0,3.0288326740264893,0.030594269434611004,0.5,Classifier Error ($p$)
91,Disparity,-34.52494006153993,reddit,spectral,99,99,99,631,553,100,0,3.0288326740264893,0.030594269434611004,0.5,Classifier Error ($p$)
91,Polarization,-39.95813975090539,reddit,spectral,99,99,99,631,553,100,0,3.0288326740264893,0.030594269434611004,0.5,Classifier Error ($p$)
91,$\|L_{t} - L_{0}\|_F$ / $\|L_{0}\|_F$,3.8863054199069436,reddit,spectral,99,99,99,631,553,100,0,3.0288326740264893,0.030594269434611004,0.5,Classifier Error ($p$)
92,Surrogate,-16.626649780639376,reddit,spectral,99,99,99,631,553,100,0,3.0288326740264893,0.030594269434611004,0.5,Classifier Error ($p$)
92,Disparity,-34.54418185351088,reddit,spectral,99,99,99,631,553,100,0,3.0288326740264893,0.030594269434611004,0.5,Classifier Error ($p$)
92,Polarization,-39.97014235239274,reddit,spectral,99,99,99,631,553,100,0,3.0288326740264893,0.030594269434611004,0.5,Classifier Error ($p$)
92,$\|L_{t} - L_{0}\|_F$ / $\|L_{0}\|_F$,3.922190811217096,reddit,spectral,99,99,99,631,553,100,0,3.0288326740264893,0.030594269434611004,0.5,Classifier Error ($p$)
93,Surrogate,-15.714630090590639,reddit,spectral,99,99,99,631,553,100,0,3.0288326740264893,0.030594269434611004,0.5,Classifier Error ($p$)
93,Disparity,-32.78736587743834,reddit,spectral,99,99,99,631,553,100,0,3.0288326740264893,0.030594269434611004,0.5,Classifier Error ($p$)
93,Polarization,-37.22829089333977,reddit,spectral,99,99,99,631,553,100,0,3.0288326740264893,0.030594269434611004,0.5,Classifier Error ($p$)
93,$\|L_{t} - L_{0}\|_F$ / $\|L_{0}\|_F$,3.9542092266487097,reddit,spectral,99,99,99,631,553,100,0,3.0288326740264893,0.030594269434611004,0.5,Classifier Error ($p$)
94,Surrogate,-15.722913681392429,reddit,spectral,99,99,99,631,553,100,0,3.0288326740264893,0.030594269434611004,0.5,Classifier Error ($p$)
94,Disparity,-32.8120876654287,reddit,spectral,99,99,99,631,553,100,0,3.0288326740264893,0.030594269434611004,0.5,Classifier Error ($p$)
94,Polarization,-37.24130180121696,reddit,spectral,99,99,99,631,553,100,0,3.0288326740264893,0.030594269434611004,0.5,Classifier Error ($p$)
94,$\|L_{t} - L_{0}\|_F$ / $\|L_{0}\|_F$,4.003506703882312,reddit,spectral,99,99,99,631,553,100,0,3.0288326740264893,0.030594269434611004,0.5,Classifier Error ($p$)
95,Surrogate,-15.798764947240098,reddit,spectral,99,99,99,631,553,100,0,3.0288326740264893,0.030594269434611004,0.5,Classifier Error ($p$)
95,Disparity,-32.89404007927974,reddit,spectral,99,99,99,631,553,100,0,3.0288326740264893,0.030594269434611004,0.5,Classifier Error ($p$)
95,Polarization,-37.29810258324179,reddit,spectral,99,99,99,631,553,100,0,3.0288326740264893,0.030594269434611004,0.5,Classifier Error ($p$)
95,$\|L_{t} - L_{0}\|_F$ / $\|L_{0}\|_F$,4.017480591757689,reddit,spectral,99,99,99,631,553,100,0,3.0288326740264893,0.030594269434611004,0.5,Classifier Error ($p$)
96,Surrogate,-15.832233751389483,reddit,spectral,99,99,99,631,553,100,0,3.0288326740264893,0.030594269434611004,0.5,Classifier Error ($p$)
96,Disparity,-32.94377435924902,reddit,spectral,99,99,99,631,553,100,0,3.0288326740264893,0.030594269434611004,0.5,Classifier Error ($p$)
96,Polarization,-37.41436671653623,reddit,spectral,99,99,99,631,553,100,0,3.0288326740264893,0.030594269434611004,0.5,Classifier Error ($p$)
96,$\|L_{t} - L_{0}\|_F$ / $\|L_{0}\|_F$,4.027929193517314,reddit,spectral,99,99,99,631,553,100,0,3.0288326740264893,0.030594269434611004,0.5,Classifier Error ($p$)
97,Surrogate,-15.929573110249295,reddit,spectral,99,99,99,631,553,100,0,3.0288326740264893,0.030594269434611004,0.5,Classifier Error ($p$)
97,Disparity,-33.0394051660041,reddit,spectral,99,99,99,631,553,100,0,3.0288326740264893,0.030594269434611004,0.5,Classifier Error ($p$)
97,Polarization,-37.4794906416271,reddit,spectral,99,99,99,631,553,100,0,3.0288326740264893,0.030594269434611004,0.5,Classifier Error ($p$)
97,$\|L_{t} - L_{0}\|_F$ / $\|L_{0}\|_F$,4.052204492365539,reddit,spectral,99,99,99,631,553,100,0,3.0288326740264893,0.030594269434611004,0.5,Classifier Error ($p$)
98,Surrogate,-15.933769519047,reddit,spectral,99,99,99,631,553,100,0,3.0288326740264893,0.030594269434611004,0.5,Classifier Error ($p$)
98,Disparity,-33.053457809415306,reddit,spectral,99,99,99,631,553,100,0,3.0288326740264893,0.030594269434611004,0.5,Classifier Error ($p$)
98,Polarization,-37.484698211597255,reddit,spectral,99,99,99,631,553,100,0,3.0288326740264893,0.030594269434611004,0.5,Classifier Error ($p$)
98,$\|L_{t} - L_{0}\|_F$ / $\|L_{0}\|_F$,4.079770827164884,reddit,spectral,99,99,99,631,553,100,0,3.0288326740264893,0.030594269434611004,0.5,Classifier Error ($p$)
0,Surrogate,-0.7370042778627511,twitter,spectral,99,99,99,630,548,100,0,3.6099042892456055,0.03646367968934955,0.1,Classifier Error ($p$)
0,Disparity,-0.33864668172566487,twitter,spectral,99,99,99,630,548,100,0,3.6099042892456055,0.03646367968934955,0.1,Classifier Error ($p$)
0,Polarization,-0.5746941712965036,twitter,spectral,99,99,99,630,548,100,0,3.6099042892456055,0.03646367968934955,0.1,Classifier Error ($p$)
0,$\|L_{t} - L_{0}\|_F$ / $\|L_{0}\|_F$,0.6150004510645588,twitter,spectral,99,99,99,630,548,100,0,3.6099042892456055,0.03646367968934955,0.1,Classifier Error ($p$)
1,Surrogate,-0.931409244555021,twitter,spectral,99,99,99,630,548,100,0,3.6099042892456055,0.03646367968934955,0.1,Classifier Error ($p$)
1,Disparity,-0.5173064219676277,twitter,spectral,99,99,99,630,548,100,0,3.6099042892456055,0.03646367968934955,0.1,Classifier Error ($p$)
1,Polarization,-0.6992017315789766,twitter,spectral,99,99,99,630,548,100,0,3.6099042892456055,0.03646367968934955,0.1,Classifier Error ($p$)
1,$\|L_{t} - L_{0}\|_F$ / $\|L_{0}\|_F$,0.8697419787610701,twitter,spectral,99,99,99,630,548,100,0,3.6099042892456055,0.03646367968934955,0.1,Classifier Error ($p$)
2,Surrogate,-1.7652279604910603,twitter,spectral,99,99,99,630,548,100,0,3.6099042892456055,0.03646367968934955,0.1,Classifier Error ($p$)
2,Disparity,-0.9201613392867385,twitter,spectral,99,99,99,630,548,100,0,3.6099042892456055,0.03646367968934955,0.1,Classifier Error ($p$)
2,Polarization,-1.6059872773704003,twitter,spectral,99,99,99,630,548,100,0,3.6099042892456055,0.03646367968934955,0.1,Classifier Error ($p$)
2,$\|L_{t} - L_{0}\|_F$ / $\|L_{0}\|_F$,1.1087078303733742,twitter,spectral,99,99,99,630,548,100,0,3.6099042892456055,0.03646367968934955,0.1,Classifier Error ($p$)
3,Surrogate,-1.964507656124071,twitter,spectral,99,99,99,630,548,100,0,3.6099042892456055,0.03646367968934955,0.1,Classifier Error ($p$)
3,Disparity,-1.1788304670005845,twitter,spectral,99,99,99,630,548,100,0,3.6099042892456055,0.03646367968934955,0.1,Classifier Error ($p$)
3,Polarization,-1.5740169046402857,twitter,spectral,99,99,99,630,548,100,0,3.6099042892456055,0.03646367968934955,0.1,Classifier Error ($p$)
3,$\|L_{t} - L_{0}\|_F$ / $\|L_{0}\|_F$,1.2678559097708406,twitter,spectral,99,99,99,630,548,100,0,3.6099042892456055,0.03646367968934955,0.1,Classifier Error ($p$)
4,Surrogate,-2.1703713740344885,twitter,spectral,99,99,99,630,548,100,0,3.6099042892456055,0.03646367968934955,0.1,Classifier Error ($p$)
4,Disparity,-1.445522165497233,twitter,spectral,99,99,99,630,548,100,0,3.6099042892456055,0.03646367968934955,0.1,Classifier Error ($p$)
4,Polarization,-1.5440358993786887,twitter,spectral,99,99,99,630,548,100,0,3.6099042892456055,0.03646367968934955,0.1,Classifier Error ($p$)
4,$\|L_{t} - L_{0}\|_F$ / $\|L_{0}\|_F$,1.4423039039858623,twitter,spectral,99,99,99,630,548,100,0,3.6099042892456055,0.03646367968934955,0.1,Classifier Error ($p$)
5,Surrogate,-2.2813759329794467,twitter,spectral,99,99,99,630,548,100,0,3.6099042892456055,0.03646367968934955,0.1,Classifier Error ($p$)
5,Disparity,-1.554774598856391,twitter,spectral,99,99,99,630,548,100,0,3.6099042892456055,0.03646367968934955,0.1,Classifier Error ($p$)
5,Polarization,-1.536989581688546,twitter,spectral,99,99,99,630,548,100,0,3.6099042892456055,0.03646367968934955,0.1,Classifier Error ($p$)
5,$\|L_{t} - L_{0}\|_F$ / $\|L_{0}\|_F$,1.5679496504232746,twitter,spectral,99,99,99,630,548,100,0,3.6099042892456055,0.03646367968934955,0.1,Classifier Error ($p$)
6,Surrogate,-2.969631653729528,twitter,spectral,99,99,99,630,548,100,0,3.6099042892456055,0.03646367968934955,0.1,Classifier Error ($p$)
6,Disparity,-1.8536450864255716,twitter,spectral,99,99,99,630,548,100,0,3.6099042892456055,0.03646367968934955,0.1,Classifier Error ($p$)
6,Polarization,-2.214782188072394,twitter,spectral,99,99,99,630,548,100,0,3.6099042892456055,0.03646367968934955,0.1,Classifier Error ($p$)
6,$\|L_{t} - L_{0}\|_F$ / $\|L_{0}\|_F$,1.845001353193676,twitter,spectral,99,99,99,630,548,100,0,3.6099042892456055,0.03646367968934955,0.1,Classifier Error ($p$)
7,Surrogate,-3.2858732669703716,twitter,spectral,99,99,99,630,548,100,0,3.6099042892456055,0.03646367968934955,0.1,Classifier Error ($p$)
7,Disparity,-2.173800207224123,twitter,spectral,99,99,99,630,548,100,0,3.6099042892456055,0.03646367968934955,0.1,Classifier Error ($p$)
7,Polarization,-2.910644169843999,twitter,spectral,99,99,99,630,548,100,0,3.6099042892456055,0.03646367968934955,0.1,Classifier Error ($p$)
7,$\|L_{t} - L_{0}\|_F$ / $\|L_{0}\|_F$,1.9203382929561408,twitter,spectral,99,99,99,630,548,100,0,3.6099042892456055,0.03646367968934955,0.1,Classifier Error ($p$)
8,Surrogate,-3.3239646312320166,twitter,spectral,99,99,99,630,548,100,0,3.6099042892456055,0.03646367968934955,0.1,Classifier Error ($p$)
8,Disparity,-2.413907547851025,twitter,spectral,99,99,99,630,548,100,0,3.6099042892456055,0.03646367968934955,0.1,Classifier Error ($p$)
8,Polarization,-2.8766512799661923,twitter,spectral,99,99,99,630,548,100,0,3.6099042892456055,0.03646367968934955,0.1,Classifier Error ($p$)
8,$\|L_{t} - L_{0}\|_F$ / $\|L_{0}\|_F$,2.0164138251369224,twitter,spectral,99,99,99,630,548,100,0,3.6099042892456055,0.03646367968934955,0.1,Classifier Error ($p$)
9,Surrogate,-3.54986304035234,twitter,spectral,99,99,99,630,548,100,0,3.6099042892456055,0.03646367968934955,0.1,Classifier Error ($p$)
9,Disparity,-2.8690494012471386,twitter,spectral,99,99,99,630,548,100,0,3.6099042892456055,0.03646367968934955,0.1,Classifier Error ($p$)
9,Polarization,-3.0249524567566644,twitter,spectral,99,99,99,630,548,100,0,3.6099042892456055,0.03646367968934955,0.1,Classifier Error ($p$)
9,$\|L_{t} - L_{0}\|_F$ / $\|L_{0}\|_F$,2.10811533579473,twitter,spectral,99,99,99,630,548,100,0,3.6099042892456055,0.03646367968934955,0.1,Classifier Error ($p$)
10,Surrogate,-3.603587144195558,twitter,spectral,99,99,99,630,548,100,0,3.6099042892456055,0.03646367968934955,0.1,Classifier Error ($p$)
10,Disparity,-2.950491556712706,twitter,spectral,99,99,99,630,548,100,0,3.6099042892456055,0.03646367968934955,0.1,Classifier Error ($p$)
10,Polarization,-3.0100182813383256,twitter,spectral,99,99,99,630,548,100,0,3.6099042892456055,0.03646367968934955,0.1,Classifier Error ($p$)
10,$\|L_{t} - L_{0}\|_F$ / $\|L_{0}\|_F$,2.195990852399558,twitter,spectral,99,99,99,630,548,100,0,3.6099042892456055,0.03646367968934955,0.1,Classifier Error ($p$)
11,Surrogate,-3.887183399976446,twitter,spectral,99,99,99,630,548,100,0,3.6099042892456055,0.03646367968934955,0.1,Classifier Error ($p$)
11,Disparity,-3.440296757787018,twitter,spectral,99,99,99,630,548,100,0,3.6099042892456055,0.03646367968934955,0.1,Classifier Error ($p$)
11,Polarization,-3.0197711422528983,twitter,spectral,99,99,99,630,548,100,0,3.6099042892456055,0.03646367968934955,0.1,Classifier Error ($p$)
11,$\|L_{t} - L_{0}\|_F$ / $\|L_{0}\|_F$,2.2804827073740657,twitter,spectral,99,99,99,630,548,100,0,3.6099042892456055,0.03646367968934955,0.1,Classifier Error ($p$)
12,Surrogate,-4.224834027994333,twitter,spectral,99,99,99,630,548,100,0,3.6099042892456055,0.03646367968934955,0.1,Classifier Error ($p$)
12,Disparity,-3.951558349450802,twitter,spectral,99,99,99,630,548,100,0,3.6099042892456055,0.03646367968934955,0.1,Classifier Error ($p$)
12,Polarization,-3.6151864807443426,twitter,spectral,99,99,99,630,548,100,0,3.6099042892456055,0.03646367968934955,0.1,Classifier Error ($p$)
12,$\|L_{t} - L_{0}\|_F$ / $\|L_{0}\|_F$,2.3619540498159055,twitter,spectral,99,99,99,630,548,100,0,3.6099042892456055,0.03646367968934955,0.1,Classifier Error ($p$)
13,Surrogate,-4.71117253308335,twitter,spectral,99,99,99,630,548,100,0,3.6099042892456055,0.03646367968934955,0.1,Classifier Error ($p$)
13,Disparity,-5.059692094219848,twitter,spectral,99,99,99,630,548,100,0,3.6099042892456055,0.03646367968934955,0.1,Classifier Error ($p$)
13,Polarization,-3.9247038635859224,twitter,spectral,99,99,99,630,548,100,0,3.6099042892456055,0.03646367968934955,0.1,Classifier Error ($p$)
13,$\|L_{t} - L_{0}\|_F$ / $\|L_{0}\|_F$,2.4407073745640564,twitter,spectral,99,99,99,630,548,100,0,3.6099042892456055,0.03646367968934955,0.1,Classifier Error ($p$)
14,Surrogate,-5.1652686227078695,twitter,spectral,99,99,99,630,548,100,0,3.6099042892456055,0.03646367968934955,0.1,Classifier Error ($p$)
14,Disparity,-5.216557589567266,twitter,spectral,99,99,99,630,548,100,0,3.6099042892456055,0.03646367968934955,0.1,Classifier Error ($p$)
14,Polarization,-4.159896286587928,twitter,spectral,99,99,99,630,548,100,0,3.6099042892456055,0.03646367968934955,0.1,Classifier Error ($p$)
14,$\|L_{t} - L_{0}\|_F$ / $\|L_{0}\|_F$,2.60922593628321,twitter,spectral,99,99,99,630,548,100,0,3.6099042892456055,0.03646367968934955,0.1,Classifier Error ($p$)
15,Surrogate,-6.4750483563095695,twitter,spectral,99,99,99,630,548,100,0,3.6099042892456055,0.03646367968934955,0.1,Classifier Error ($p$)
15,Disparity,-7.9763196052639405,twitter,spectral,99,99,99,630,548,100,0,3.6099042892456055,0.03646367968934955,0.1,Classifier Error ($p$)
15,Polarization,-6.058684624542338,twitter,spectral,99,99,99,630,548,100,0,3.6099042892456055,0.03646367968934955,0.1,Classifier Error ($p$)
15,$\|L_{t} - L_{0}\|_F$ / $\|L_{0}\|_F$,2.6807248164223427,twitter,spectral,99,99,99,630,548,100,0,3.6099042892456055,0.03646367968934955,0.1,Classifier Error ($p$)
16,Surrogate,-6.479232088418378,twitter,spectral,99,99,99,630,548,100,0,3.6099042892456055,0.03646367968934955,0.1,Classifier Error ($p$)
16,Disparity,-8.048193365846828,twitter,spectral,99,99,99,630,548,100,0,3.6099042892456055,0.03646367968934955,0.1,Classifier Error ($p$)
16,Polarization,-6.049800397237025,twitter,spectral,99,99,99,630,548,100,0,3.6099042892456055,0.03646367968934955,0.1,Classifier Error ($p$)
16,$\|L_{t} - L_{0}\|_F$ / $\|L_{0}\|_F$,2.73312178789929,twitter,spectral,99,99,99,630,548,100,0,3.6099042892456055,0.03646367968934955,0.1,Classifier Error ($p$)
17,Surrogate,-6.545395849490573,twitter,spectral,99,99,99,630,548,100,0,3.6099042892456055,0.03646367968934955,0.1,Classifier Error ($p$)
17,Disparity,-8.152134400673129,twitter,spectral,99,99,99,630,548,100,0,3.6099042892456055,0.03646367968934955,0.1,Classifier Error ($p$)
17,Polarization,-6.046501602005614,twitter,spectral,99,99,99,630,548,100,0,3.6099042892456055,0.03646367968934955,0.1,Classifier Error ($p$)
17,$\|L_{t} - L_{0}\|_F$ / $\|L_{0}\|_F$,2.8350119999224392,twitter,spectral,99,99,99,630,548,100,0,3.6099042892456055,0.03646367968934955,0.1,Classifier Error ($p$)
18,Surrogate,-8.160448893858035,twitter,spectral,99,99,99,630,548,100,0,3.6099042892456055,0.03646367968934955,0.1,Classifier Error ($p$)
18,Disparity,-12.415547735585037,twitter,spectral,99,99,99,630,548,100,0,3.6099042892456055,0.03646367968934955,0.1,Classifier Error ($p$)
18,Polarization,-15.101308156633877,twitter,spectral,99,99,99,630,548,100,0,3.6099042892456055,0.03646367968934955,0.1,Classifier Error ($p$)
18,$\|L_{t} - L_{0}\|_F$ / $\|L_{0}\|_F$,2.9172032810923962,twitter,spectral,99,99,99,630,548,100,0,3.6099042892456055,0.03646367968934955,0.1,Classifier Error ($p$)
19,Surrogate,-8.168805944678745,twitter,spectral,99,99,99,630,548,100,0,3.6099042892456055,0.03646367968934955,0.1,Classifier Error ($p$)
19,Disparity,-12.481534177713895,twitter,spectral,99,99,99,630,548,100,0,3.6099042892456055,0.03646367968934955,0.1,Classifier Error ($p$)
19,Polarization,-15.10991015052437,twitter,spectral,99,99,99,630,548,100,0,3.6099042892456055,0.03646367968934955,0.1,Classifier Error ($p$)
19,$\|L_{t} - L_{0}\|_F$ / $\|L_{0}\|_F$,2.981325298927618,twitter,spectral,99,99,99,630,548,100,0,3.6099042892456055,0.03646367968934955,0.1,Classifier Error ($p$)
20,Surrogate,-8.632863862734588,twitter,spectral,99,99,99,630,548,100,0,3.6099042892456055,0.03646367968934955,0.1,Classifier Error ($p$)
20,Disparity,-13.018573827756331,twitter,spectral,99,99,99,630,548,100,0,3.6099042892456055,0.03646367968934955,0.1,Classifier Error ($p$)
20,Polarization,-15.137503357129031,twitter,spectral,99,99,99,630,548,100,0,3.6099042892456055,0.03646367968934955,0.1,Classifier Error ($p$)
20,$\|L_{t} - L_{0}\|_F$ / $\|L_{0}\|_F$,3.0128745933793293,twitter,spectral,99,99,99,630,548,100,0,3.6099042892456055,0.03646367968934955,0.1,Classifier Error ($p$)
21,Surrogate,-8.843061296944171,twitter,spectral,99,99,99,630,548,100,0,3.6099042892456055,0.03646367968934955,0.1,Classifier Error ($p$)
21,Disparity,-13.493796891142527,twitter,spectral,99,99,99,630,548,100,0,3.6099042892456055,0.03646367968934955,0.1,Classifier Error ($p$)
21,Polarization,-15.646913565172268,twitter,spectral,99,99,99,630,548,100,0,3.6099042892456055,0.03646367968934955,0.1,Classifier Error ($p$)
21,$\|L_{t} - L_{0}\|_F$ / $\|L_{0}\|_F$,3.1056000463107085,twitter,spectral,99,99,99,630,548,100,0,3.6099042892456055,0.03646367968934955,0.1,Classifier Error ($p$)
22,Surrogate,-8.924990160537225,twitter,spectral,99,99,99,630,548,100,0,3.6099042892456055,0.03646367968934955,0.1,Classifier Error ($p$)
22,Disparity,-13.724502783036538,twitter,spectral,99,99,99,630,548,100,0,3.6099042892456055,0.03646367968934955,0.1,Classifier Error ($p$)
22,Polarization,-15.719408321782405,twitter,spectral,99,99,99,630,548,100,0,3.6099042892456055,0.03646367968934955,0.1,Classifier Error ($p$)
22,$\|L_{t} - L_{0}\|_F$ / $\|L_{0}\|_F$,3.2103966061161184,twitter,spectral,99,99,99,630,548,100,0,3.6099042892456055,0.03646367968934955,0.1,Classifier Error ($p$)
23,Surrogate,-9.406708571613544,twitter,spectral,99,99,99,630,548,100,0,3.6099042892456055,0.03646367968934955,0.1,Classifier Error ($p$)
23,Disparity,-14.965141940886085,twitter,spectral,99,99,99,630,548,100,0,3.6099042892456055,0.03646367968934955,0.1,Classifier Error ($p$)
23,Polarization,-19.46703806668725,twitter,spectral,99,99,99,630,548,100,0,3.6099042892456055,0.03646367968934955,0.1,Classifier Error ($p$)
23,$\|L_{t} - L_{0}\|_F$ / $\|L_{0}\|_F$,3.2687722348569195,twitter,spectral,99,99,99,630,548,100,0,3.6099042892456055,0.03646367968934955,0.1,Classifier Error ($p$)
24,Surrogate,-9.470722729040187,twitter,spectral,99,99,99,630,548,100,0,3.6099042892456055,0.03646367968934955,0.1,Classifier Error ($p$)
24,Disparity,-15.127524922010608,twitter,spectral,99,99,99,630,548,100,0,3.6099042892456055,0.03646367968934955,0.1,Classifier Error ($p$)
24,Polarization,-19.515928192867417,twitter,spectral,99,99,99,630,548,100,0,3.6099042892456055,0.03646367968934955,0.1,Classifier Error ($p$)
24,$\|L_{t} - L_{0}\|_F$ / $\|L_{0}\|_F$,3.396451003870529,twitter,spectral,99,99,99,630,548,100,0,3.6099042892456055,0.03646367968934955,0.1,Classifier Error ($p$)
25,Surrogate,-9.782328887632644,twitter,spectral,99,99,99,630,548,100,0,3.6099042892456055,0.03646367968934955,0.1,Classifier Error ($p$)
25,Disparity,-15.504355179605431,twitter,spectral,99,99,99,630,548,100,0,3.6099042892456055,0.03646367968934955,0.1,Classifier Error ($p$)
25,Polarization,-19.554843814780543,twitter,spectral,99,99,99,630,548,100,0,3.6099042892456055,0.03646367968934955,0.1,Classifier Error ($p$)
25,$\|L_{t} - L_{0}\|_F$ / $\|L_{0}\|_F$,3.465351550016988,twitter,spectral,99,99,99,630,548,100,0,3.6099042892456055,0.03646367968934955,0.1,Classifier Error ($p$)
26,Surrogate,-9.851639838318091,twitter,spectral,99,99,99,630,548,100,0,3.6099042892456055,0.03646367968934955,0.1,Classifier Error ($p$)
26,Disparity,-15.630087922956276,twitter,spectral,99,99,99,630,548,100,0,3.6099042892456055,0.03646367968934955,0.1,Classifier Error ($p$)
26,Polarization,-19.505958715274787,twitter,spectral,99,99,99,630,548,100,0,3.6099042892456055,0.03646367968934955,0.1,Classifier Error ($p$)
26,$\|L_{t} - L_{0}\|_F$ / $\|L_{0}\|_F$,3.519500947579749,twitter,spectral,99,99,99,630,548,100,0,3.6099042892456055,0.03646367968934955,0.1,Classifier Error ($p$)
27,Surrogate,-9.913729470452386,twitter,spectral,99,99,99,630,548,100,0,3.6099042892456055,0.03646367968934955,0.1,Classifier Error ($p$)
27,Disparity,-15.712137261163559,twitter,spectral,99,99,99,630,548,100,0,3.6099042892456055,0.03646367968934955,0.1,Classifier Error ($p$)
27,Polarization,-19.65128427361883,twitter,spectral,99,99,99,630,548,100,0,3.6099042892456055,0.03646367968934955,0.1,Classifier Error ($p$)
27,$\|L_{t} - L_{0}\|_F$ / $\|L_{0}\|_F$,3.6123097376791447,twitter,spectral,99,99,99,630,548,100,0,3.6099042892456055,0.03646367968934955,0.1,Classifier Error ($p$)
28,Surrogate,-10.082522413256454,twitter,spectral,99,99,99,630,548,100,0,3.6099042892456055,0.03646367968934955,0.1,Classifier Error ($p$)
28,Disparity,-16.00867584765782,twitter,spectral,99,99,99,630,548,100,0,3.6099042892456055,0.03646367968934955,0.1,Classifier Error ($p$)
28,Polarization,-20.178032845467335,twitter,spectral,99,99,99,630,548,100,0,3.6099042892456055,0.03646367968934955,0.1,Classifier Error ($p$)
28,$\|L_{t} - L_{0}\|_F$ / $\|L_{0}\|_F$,3.690002706387352,twitter,spectral,99,99,99,630,548,100,0,3.6099042892456055,0.03646367968934955,0.1,Classifier Error ($p$)
29,Surrogate,-10.306663015114784,twitter,spectral,99,99,99,630,548,100,0,3.6099042892456055,0.03646367968934955,0.1,Classifier Error ($p$)
29,Disparity,-16.25768934029036,twitter,spectral,99,99,99,630,548,100,0,3.6099042892456055,0.03646367968934955,0.1,Classifier Error ($p$)
29,Polarization,-20.241621501446836,twitter,spectral,99,99,99,630,548,100,0,3.6099042892456055,0.03646367968934955,0.1,Classifier Error ($p$)
29,$\|L_{t} - L_{0}\|_F$ / $\|L_{0}\|_F$,3.753518604810425,twitter,spectral,99,99,99,630,548,100,0,3.6099042892456055,0.03646367968934955,0.1,Classifier Error ($p$)
30,Surrogate,-10.47192792306028,twitter,spectral,99,99,99,630,548,100,0,3.6099042892456055,0.03646367968934955,0.1,Classifier Error ($p$)
30,Disparity,-16.55327876556076,twitter,spectral,99,99,99,630,548,100,0,3.6099042892456055,0.03646367968934955,0.1,Classifier Error ($p$)
30,Polarization,-20.315214251759734,twitter,spectral,99,99,99,630,548,100,0,3.6099042892456055,0.03646367968934955,0.1,Classifier Error ($p$)
30,$\|L_{t} - L_{0}\|_F$ / $\|L_{0}\|_F$,3.815977444924173,twitter,spectral,99,99,99,630,548,100,0,3.6099042892456055,0.03646367968934955,0.1,Classifier Error ($p$)
31,Surrogate,-10.495706503799449,twitter,spectral,99,99,99,630,548,100,0,3.6099042892456055,0.03646367968934955,0.1,Classifier Error ($p$)
31,Disparity,-16.699112818708763,twitter,spectral,99,99,99,630,548,100,0,3.6099042892456055,0.03646367968934955,0.1,Classifier Error ($p$)
31,Polarization,-20.300875588578723,twitter,spectral,99,99,99,630,548,100,0,3.6099042892456055,0.03646367968934955,0.1,Classifier Error ($p$)
31,$\|L_{t} - L_{0}\|_F$ / $\|L_{0}\|_F$,3.865217900064578,twitter,spectral,99,99,99,630,548,100,0,3.6099042892456055,0.03646367968934955,0.1,Classifier Error ($p$)
32,Surrogate,-10.976647549354027,twitter,spectral,99,99,99,630,548,100,0,3.6099042892456055,0.03646367968934955,0.1,Classifier Error ($p$)
32,Disparity,-18.44159341831069,twitter,spectral,99,99,99,630,548,100,0,3.6099042892456055,0.03646367968934955,0.1,Classifier Error ($p$)
32,Polarization,-20.852808236046577,twitter,spectral,99,99,99,630,548,100,0,3.6099042892456055,0.03646367968934955,0.1,Classifier Error ($p$)
32,$\|L_{t} - L_{0}\|_F$ / $\|L_{0}\|_F$,3.925900069855528,twitter,spectral,99,99,99,630,548,100,0,3.6099042892456055,0.03646367968934955,0.1,Classifier Error ($p$)
33,Surrogate,-11.088059475508892,twitter,spectral,99,99,99,630,548,100,0,3.6099042892456055,0.03646367968934955,0.1,Classifier Error ($p$)
33,Disparity,-18.611879258039465,twitter,spectral,99,99,99,630,548,100,0,3.6099042892456055,0.03646367968934955,0.1,Classifier Error ($p$)
33,Polarization,-20.853490825161465,twitter,spectral,99,99,99,630,548,100,0,3.6099042892456055,0.03646367968934955,0.1,Classifier Error ($p$)
33,$\|L_{t} - L_{0}\|_F$ / $\|L_{0}\|_F$,3.9975029319196316,twitter,spectral,99,99,99,630,548,100,0,3.6099042892456055,0.03646367968934955,0.1,Classifier Error ($p$)
34,Surrogate,-11.688470666608573,twitter,spectral,99,99,99,630,548,100,0,3.6099042892456055,0.03646367968934955,0.1,Classifier Error ($p$)
34,Disparity,-19.435724791132696,twitter,spectral,99,99,99,630,548,100,0,3.6099042892456055,0.03646367968934955,0.1,Classifier Error ($p$)
34,Polarization,-21.55886491576377,twitter,spectral,99,99,99,630,548,100,0,3.6099042892456055,0.03646367968934955,0.1,Classifier Error ($p$)
34,$\|L_{t} - L_{0}\|_F$ / $\|L_{0}\|_F$,4.125548444320159,twitter,spectral,99,99,99,630,548,100,0,3.6099042892456055,0.03646367968934955,0.1,Classifier Error ($p$)
35,Surrogate,-12.247482068680677,twitter,spectral,99,99,99,630,548,100,0,3.6099042892456055,0.03646367968934955,0.1,Classifier Error ($p$)
35,Disparity,-19.646784123139106,twitter,spectral,99,99,99,630,548,100,0,3.6099042892456055,0.03646367968934955,0.1,Classifier Error ($p$)
35,Polarization,-21.87529213399769,twitter,spectral,99,99,99,630,548,100,0,3.6099042892456055,0.03646367968934955,0.1,Classifier Error ($p$)
35,$\|L_{t} - L_{0}\|_F$ / $\|L_{0}\|_F$,4.238598100015677,twitter,spectral,99,99,99,630,548,100,0,3.6099042892456055,0.03646367968934955,0.1,Classifier Error ($p$)
36,Surrogate,-12.305030876133019,twitter,spectral,99,99,99,630,548,100,0,3.6099042892456055,0.03646367968934955,0.1,Classifier Error ($p$)
36,Disparity,-19.77449337936388,twitter,spectral,99,99,99,630,548,100,0,3.6099042892456055,0.03646367968934955,0.1,Classifier Error ($p$)
36,Polarization,-21.91700354484902,twitter,spectral,99,99,99,630,548,100,0,3.6099042892456055,0.03646367968934955,0.1,Classifier Error ($p$)
36,$\|L_{t} - L_{0}\|_F$ / $\|L_{0}\|_F$,4.424157825100428,twitter,spectral,99,99,99,630,548,100,0,3.6099042892456055,0.03646367968934955,0.1,Classifier Error ($p$)
37,Surrogate,-12.493812369325994,twitter,spectral,99,99,99,630,548,100,0,3.6099042892456055,0.03646367968934955,0.1,Classifier Error ($p$)
37,Disparity,-19.872233948216703,twitter,spectral,99,99,99,630,548,100,0,3.6099042892456055,0.03646367968934955,0.1,Classifier Error ($p$)
37,Polarization,-21.9358378895597,twitter,spectral,99,99,99,630,548,100,0,3.6099042892456055,0.03646367968934955,0.1,Classifier Error ($p$)
37,$\|L_{t} - L_{0}\|_F$ / $\|L_{0}\|_F$,4.46669878279328,twitter,spectral,99,99,99,630,548,100,0,3.6099042892456055,0.03646367968934955,0.1,Classifier Error ($p$)
38,Surrogate,-12.555734304915736,twitter,spectral,99,99,99,630,548,100,0,3.6099042892456055,0.03646367968934955,0.1,Classifier Error ($p$)
38,Disparity,-19.992059114586567,twitter,spectral,99,99,99,630,548,100,0,3.6099042892456055,0.03646367968934955,0.1,Classifier Error ($p$)
38,Polarization,-21.92098941615904,twitter,spectral,99,99,99,630,548,100,0,3.6099042892456055,0.03646367968934955,0.1,Classifier Error ($p$)
38,$\|L_{t} - L_{0}\|_F$ / $\|L_{0}\|_F$,4.508838383776532,twitter,spectral,99,99,99,630,548,100,0,3.6099042892456055,0.03646367968934955,0.1,Classifier Error ($p$)
39,Surrogate,-12.83213138575492,twitter,spectral,99,99,99,630,548,100,0,3.6099042892456055,0.03646367968934955,0.1,Classifier Error ($p$)
39,Disparity,-20.48328272546048,twitter,spectral,99,99,99,630,548,100,0,3.6099042892456055,0.03646367968934955,0.1,Classifier Error ($p$)
39,Polarization,-22.66293054564381,twitter,spectral,99,99,99,630,548,100,0,3.6099042892456055,0.03646367968934955,0.1,Classifier Error ($p$)
39,$\|L_{t} - L_{0}\|_F$ / $\|L_{0}\|_F$,4.591957608758578,twitter,spectral,99,99,99,630,548,100,0,3.6099042892456055,0.03646367968934955,0.1,Classifier Error ($p$)
40,Surrogate,-13.335144532058033,twitter,spectral,99,99,99,630,548,100,0,3.6099042892456055,0.03646367968934955,0.1,Classifier Error ($p$)
40,Disparity,-20.647303180079486,twitter,spectral,99,99,99,630,548,100,0,3.6099042892456055,0.03646367968934955,0.1,Classifier Error ($p$)
40,Polarization,-23.13580904576964,twitter,spectral,99,99,99,630,548,100,0,3.6099042892456055,0.03646367968934955,0.1,Classifier Error ($p$)
40,$\|L_{t} - L_{0}\|_F$ / $\|L_{0}\|_F$,4.7339057999150596,twitter,spectral,99,99,99,630,548,100,0,3.6099042892456055,0.03646367968934955,0.1,Classifier Error ($p$)
41,Surrogate,-13.345934813263666,twitter,spectral,99,99,99,630,548,100,0,3.6099042892456055,0.03646367968934955,0.1,Classifier Error ($p$)
41,Disparity,-20.672759203302242,twitter,spectral,99,99,99,630,548,100,0,3.6099042892456055,0.03646367968934955,0.1,Classifier Error ($p$)
41,Polarization,-23.112392005099633,twitter,spectral,99,99,99,630,548,100,0,3.6099042892456055,0.03646367968934955,0.1,Classifier Error ($p$)
41,$\|L_{t} - L_{0}\|_F$ / $\|L_{0}\|_F$,4.743882430159061,twitter,spectral,99,99,99,630,548,100,0,3.6099042892456055,0.03646367968934955,0.1,Classifier Error ($p$)
42,Surrogate,-13.471238735725747,twitter,spectral,99,99,99,630,548,100,0,3.6099042892456055,0.03646367968934955,0.1,Classifier Error ($p$)
42,Disparity,-20.810977647139392,twitter,spectral,99,99,99,630,548,100,0,3.6099042892456055,0.03646367968934955,0.1,Classifier Error ($p$)
42,Polarization,-23.22119216962894,twitter,spectral,99,99,99,630,548,100,0,3.6099042892456055,0.03646367968934955,0.1,Classifier Error ($p$)
42,$\|L_{t} - L_{0}\|_F$ / $\|L_{0}\|_F$,4.773687220302462,twitter,spectral,99,99,99,630,548,100,0,3.6099042892456055,0.03646367968934955,0.1,Classifier Error ($p$)
43,Surrogate,-13.653980295563223,twitter,spectral,99,99,99,630,548,100,0,3.6099042892456055,0.03646367968934955,0.1,Classifier Error ($p$)
43,Disparity,-21.14344713986635,twitter,spectral,99,99,99,630,548,100,0,3.6099042892456055,0.03646367968934955,0.1,Classifier Error ($p$)
43,Polarization,-23.23106298302869,twitter,spectral,99,99,99,630,548,100,0,3.6099042892456055,0.03646367968934955,0.1,Classifier Error ($p$)
43,$\|L_{t} - L_{0}\|_F$ / $\|L_{0}\|_F$,4.832745390509774,twitter,spectral,99,99,99,630,548,100,0,3.6099042892456055,0.03646367968934955,0.1,Classifier Error ($p$)
44,Surrogate,-14.448509668059106,twitter,spectral,99,99,99,630,548,100,0,3.6099042892456055,0.03646367968934955,0.1,Classifier Error ($p$)
44,Disparity,-22.64199863167708,twitter,spectral,99,99,99,630,548,100,0,3.6099042892456055,0.03646367968934955,0.1,Classifier Error ($p$)
44,Polarization,-26.269121360569837,twitter,spectral,99,99,99,630,548,100,0,3.6099042892456055,0.03646367968934955,0.1,Classifier Error ($p$)
44,$\|L_{t} - L_{0}\|_F$ / $\|L_{0}\|_F$,4.939184981879084,twitter,spectral,99,99,99,630,548,100,0,3.6099042892456055,0.03646367968934955,0.1,Classifier Error ($p$)
45,Surrogate,-14.579901309248886,twitter,spectral,99,99,99,630,548,100,0,3.6099042892456055,0.03646367968934955,0.1,Classifier Error ($p$)
45,Disparity,-22.850755621944856,twitter,spectral,99,99,99,630,548,100,0,3.6099042892456055,0.03646367968934955,0.1,Classifier Error ($p$)
45,Polarization,-26.25737790853664,twitter,spectral,99,99,99,630,548,100,0,3.6099042892456055,0.03646367968934955,0.1,Classifier Error ($p$)
45,$\|L_{t} - L_{0}\|_F$ / $\|L_{0}\|_F$,5.033995646824093,twitter,spectral,99,99,99,630,548,100,0,3.6099042892456055,0.03646367968934955,0.1,Classifier Error ($p$)
46,Surrogate,-14.993640023202834,twitter,spectral,99,99,99,630,548,100,0,3.6099042892456055,0.03646367968934955,0.1,Classifier Error ($p$)
46,Disparity,-22.981971871980353,twitter,spectral,99,99,99,630,548,100,0,3.6099042892456055,0.03646367968934955,0.1,Classifier Error ($p$)
46,Polarization,-26.566581777662257,twitter,spectral,99,99,99,630,548,100,0,3.6099042892456055,0.03646367968934955,0.1,Classifier Error ($p$)
46,$\|L_{t} - L_{0}\|_F$ / $\|L_{0}\|_F$,5.245560895881315,twitter,spectral,99,99,99,630,548,100,0,3.6099042892456055,0.03646367968934955,0.1,Classifier Error ($p$)
47,Surrogate,-14.966049327557835,twitter,spectral,99,99,99,630,548,100,0,3.6099042892456055,0.03646367968934955,0.1,Classifier Error ($p$)
47,Disparity,-23.032684276931946,twitter,spectral,99,99,99,630,548,100,0,3.6099042892456055,0.03646367968934955,0.1,Classifier Error ($p$)
47,Polarization,-26.568339935514174,twitter,spectral,99,99,99,630,548,100,0,3.6099042892456055,0.03646367968934955,0.1,Classifier Error ($p$)
47,$\|L_{t} - L_{0}\|_F$ / $\|L_{0}\|_F$,5.379057068198405,twitter,spectral,99,99,99,630,548,100,0,3.6099042892456055,0.03646367968934955,0.1,Classifier Error ($p$)
48,Surrogate,-14.965840921297646,twitter,spectral,99,99,99,630,548,100,0,3.6099042892456055,0.03646367968934955,0.1,Classifier Error ($p$)
48,Disparity,-23.06816711821863,twitter,spectral,99,99,99,630,548,100,0,3.6099042892456055,0.03646367968934955,0.1,Classifier Error ($p$)
48,Polarization,-26.56100897594213,twitter,spectral,99,99,99,630,548,100,0,3.6099042892456055,0.03646367968934955,0.1,Classifier Error ($p$)
48,$\|L_{t} - L_{0}\|_F$ / $\|L_{0}\|_F$,5.405360682604115,twitter,spectral,99,99,99,630,548,100,0,3.6099042892456055,0.03646367968934955,0.1,Classifier Error ($p$)
49,Surrogate,-15.123656911545103,twitter,spectral,99,99,99,630,548,100,0,3.6099042892456055,0.03646367968934955,0.1,Classifier Error ($p$)
49,Disparity,-23.24635804447384,twitter,spectral,99,99,99,630,548,100,0,3.6099042892456055,0.03646367968934955,0.1,Classifier Error ($p$)
49,Polarization,-26.570138854525915,twitter,spectral,99,99,99,630,548,100,0,3.6099042892456055,0.03646367968934955,0.1,Classifier Error ($p$)
49,$\|L_{t} - L_{0}\|_F$ / $\|L_{0}\|_F$,5.500731259093546,twitter,spectral,99,99,99,630,548,100,0,3.6099042892456055,0.03646367968934955,0.1,Classifier Error ($p$)
50,Surrogate,-15.16676362646444,twitter,spectral,99,99,99,630,548,100,0,3.6099042892456055,0.03646367968934955,0.1,Classifier Error ($p$)
50,Disparity,-23.33788567315,twitter,spectral,99,99,99,630,548,100,0,3.6099042892456055,0.03646367968934955,0.1,Classifier Error ($p$)
50,Polarization,-26.56351242706999,twitter,spectral,99,99,99,630,548,100,0,3.6099042892456055,0.03646367968934955,0.1,Classifier Error ($p$)
50,$\|L_{t} - L_{0}\|_F$ / $\|L_{0}\|_F$,5.569065944517813,twitter,spectral,99,99,99,630,548,100,0,3.6099042892456055,0.03646367968934955,0.1,Classifier Error ($p$)
51,Surrogate,-15.2275938438794,twitter,spectral,99,99,99,630,548,100,0,3.6099042892456055,0.03646367968934955,0.1,Classifier Error ($p$)
51,Disparity,-23.44368586575247,twitter,spectral,99,99,99,630,548,100,0,3.6099042892456055,0.03646367968934955,0.1,Classifier Error ($p$)
51,Polarization,-26.535389756044438,twitter,spectral,99,99,99,630,548,100,0,3.6099042892456055,0.03646367968934955,0.1,Classifier Error ($p$)
51,$\|L_{t} - L_{0}\|_F$ / $\|L_{0}\|_F$,5.6029207605674465,twitter,spectral,99,99,99,630,548,100,0,3.6099042892456055,0.03646367968934955,0.1,Classifier Error ($p$)
52,Surrogate,-15.272266279695405,twitter,spectral,99,99,99,630,548,100,0,3.6099042892456055,0.03646367968934955,0.1,Classifier Error ($p$)
52,Disparity,-23.540352399983895,twitter,spectral,99,99,99,630,548,100,0,3.6099042892456055,0.03646367968934955,0.1,Classifier Error ($p$)
52,Polarization,-26.565607587736313,twitter,spectral,99,99,99,630,548,100,0,3.6099042892456055,0.03646367968934955,0.1,Classifier Error ($p$)
52,$\|L_{t} - L_{0}\|_F$ / $\|L_{0}\|_F$,5.769215615943449,twitter,spectral,99,99,99,630,548,100,0,3.6099042892456055,0.03646367968934955,0.1,Classifier Error ($p$)
53,Surrogate,-15.978619636026698,twitter,spectral,99,99,99,630,548,100,0,3.6099042892456055,0.03646367968934955,0.1,Classifier Error ($p$)
53,Disparity,-24.207588816767764,twitter,spectral,99,99,99,630,548,100,0,3.6099042892456055,0.03646367968934955,0.1,Classifier Error ($p$)
53,Polarization,-26.577555631226197,twitter,spectral,99,99,99,630,548,100,0,3.6099042892456055,0.03646367968934955,0.1,Classifier Error ($p$)
53,$\|L_{t} - L_{0}\|_F$ / $\|L_{0}\|_F$,5.818177305261517,twitter,spectral,99,99,99,630,548,100,0,3.6099042892456055,0.03646367968934955,0.1,Classifier Error ($p$)
54,Surrogate,-16.35091273197644,twitter,spectral,99,99,99,630,548,100,0,3.6099042892456055,0.03646367968934955,0.1,Classifier Error ($p$)
54,Disparity,-24.534102818095153,twitter,spectral,99,99,99,630,548,100,0,3.6099042892456055,0.03646367968934955,0.1,Classifier Error ($p$)
54,Polarization,-26.606713702019796,twitter,spectral,99,99,99,630,548,100,0,3.6099042892456055,0.03646367968934955,0.1,Classifier Error ($p$)
54,$\|L_{t} - L_{0}\|_F$ / $\|L_{0}\|_F$,5.882825704122075,twitter,spectral,99,99,99,630,548,100,0,3.6099042892456055,0.03646367968934955,0.1,Classifier Error ($p$)
55,Surrogate,-16.642695399930098,twitter,spectral,99,99,99,630,548,100,0,3.6099042892456055,0.03646367968934955,0.1,Classifier Error ($p$)
55,Disparity,-25.00518861136812,twitter,spectral,99,99,99,630,548,100,0,3.6099042892456055,0.03646367968934955,0.1,Classifier Error ($p$)
55,Polarization,-27.13752572935102,twitter,spectral,99,99,99,630,548,100,0,3.6099042892456055,0.03646367968934955,0.1,Classifier Error ($p$)
55,$\|L_{t} - L_{0}\|_F$ / $\|L_{0}\|_F$,5.930849567919743,twitter,spectral,99,99,99,630,548,100,0,3.6099042892456055,0.03646367968934955,0.1,Classifier Error ($p$)
56,Surrogate,-16.663448164924937,twitter,spectral,99,99,99,630,548,100,0,3.6099042892456055,0.03646367968934955,0.1,Classifier Error ($p$)
56,Disparity,-25.07085704505808,twitter,spectral,99,99,99,630,548,100,0,3.6099042892456055,0.03646367968934955,0.1,Classifier Error ($p$)
56,Polarization,-27.18872226413771,twitter,spectral,99,99,99,630,548,100,0,3.6099042892456055,0.03646367968934955,0.1,Classifier Error ($p$)
56,$\|L_{t} - L_{0}\|_F$ / $\|L_{0}\|_F$,5.970574389521147,twitter,spectral,99,99,99,630,548,100,0,3.6099042892456055,0.03646367968934955,0.1,Classifier Error ($p$)
57,Surrogate,-16.715930397625925,twitter,spectral,99,99,99,630,548,100,0,3.6099042892456055,0.03646367968934955,0.1,Classifier Error ($p$)
57,Disparity,-25.13700133308442,twitter,spectral,99,99,99,630,548,100,0,3.6099042892456055,0.03646367968934955,0.1,Classifier Error ($p$)
57,Polarization,-27.208321073696883,twitter,spectral,99,99,99,630,548,100,0,3.6099042892456055,0.03646367968934955,0.1,Classifier Error ($p$)
57,$\|L_{t} - L_{0}\|_F$ / $\|L_{0}\|_F$,5.930849567919743,twitter,spectral,99,99,99,630,548,100,0,3.6099042892456055,0.03646367968934955,0.1,Classifier Error ($p$)
58,Surrogate,-16.744992522265882,twitter,spectral,99,99,99,630,548,100,0,3.6099042892456055,0.03646367968934955,0.1,Classifier Error ($p$)
58,Disparity,-25.25089153792907,twitter,spectral,99,99,99,630,548,100,0,3.6099042892456055,0.03646367968934955,0.1,Classifier Error ($p$)
58,Polarization,-27.33856935514007,twitter,spectral,99,99,99,630,548,100,0,3.6099042892456055,0.03646367968934955,0.1,Classifier Error ($p$)
58,$\|L_{t} - L_{0}\|_F$ / $\|L_{0}\|_F$,5.962650597855236,twitter,spectral,99,99,99,630,548,100,0,3.6099042892456055,0.03646367968934955,0.1,Classifier Error ($p$)
59,Surrogate,-10.543497252859781,twitter,spectral,99,99,99,630,548,100,0,3.6099042892456055,0.03646367968934955,0.1,Classifier Error ($p$)
59,Disparity,-17.049372448979067,twitter,spectral,99,99,99,630,548,100,0,3.6099042892456055,0.03646367968934955,0.1,Classifier Error ($p$)
59,Polarization,-25.212429178217672,twitter,spectral,99,99,99,630,548,100,0,3.6099042892456055,0.03646367968934955,0.1,Classifier Error ($p$)
59,$\|L_{t} - L_{0}\|_F$ / $\|L_{0}\|_F$,6.002164950716985,twitter,spectral,99,99,99,630,548,100,0,3.6099042892456055,0.03646367968934955,0.1,Classifier Error ($p$)
60,Surrogate,-10.686954624420771,twitter,spectral,99,99,99,630,548,100,0,3.6099042892456055,0.03646367968934955,0.1,Classifier Error ($p$)
60,Disparity,-17.33036836353177,twitter,spectral,99,99,99,630,548,100,0,3.6099042892456055,0.03646367968934955,0.1,Classifier Error ($p$)
60,Polarization,-25.215668601141093,twitter,spectral,99,99,99,630,548,100,0,3.6099042892456055,0.03646367968934955,0.1,Classifier Error ($p$)
60,$\|L_{t} - L_{0}\|_F$ / $\|L_{0}\|_F$,6.111446108528575,twitter,spectral,99,99,99,630,548,100,0,3.6099042892456055,0.03646367968934955,0.1,Classifier Error ($p$)
61,Surrogate,-10.76497334844985,twitter,spectral,99,99,99,630,548,100,0,3.6099042892456055,0.03646367968934955,0.1,Classifier Error ($p$)
61,Disparity,-17.461114550709315,twitter,spectral,99,99,99,630,548,100,0,3.6099042892456055,0.03646367968934955,0.1,Classifier Error ($p$)
61,Polarization,-25.238416348048343,twitter,spectral,99,99,99,630,548,100,0,3.6099042892456055,0.03646367968934955,0.1,Classifier Error ($p$)
61,$\|L_{t} - L_{0}\|_F$ / $\|L_{0}\|_F$,6.218807199076258,twitter,spectral,99,99,99,630,548,100,0,3.6099042892456055,0.03646367968934955,0.1,Classifier Error ($p$)
62,Surrogate,-10.819736295813453,twitter,spectral,99,99,99,630,548,100,0,3.6099042892456055,0.03646367968934955,0.1,Classifier Error ($p$)
62,Disparity,-17.549162307908503,twitter,spectral,99,99,99,630,548,100,0,3.6099042892456055,0.03646367968934955,0.1,Classifier Error ($p$)
62,Polarization,-25.22503076560923,twitter,spectral,99,99,99,630,548,100,0,3.6099042892456055,0.03646367968934955,0.1,Classifier Error ($p$)
62,$\|L_{t} - L_{0}\|_F$ / $\|L_{0}\|_F$,6.301879343101478,twitter,spectral,99,99,99,630,548,100,0,3.6099042892456055,0.03646367968934955,0.1,Classifier Error ($p$)
63,Surrogate,-11.285118344905808,twitter,spectral,99,99,99,630,548,100,0,3.6099042892456055,0.03646367968934955,0.1,Classifier Error ($p$)
63,Disparity,-17.706648147320028,twitter,spectral,99,99,99,630,548,100,0,3.6099042892456055,0.03646367968934955,0.1,Classifier Error ($p$)
63,Polarization,-25.617592087348072,twitter,spectral,99,99,99,630,548,100,0,3.6099042892456055,0.03646367968934955,0.1,Classifier Error ($p$)
63,$\|L_{t} - L_{0}\|_F$ / $\|L_{0}\|_F$,6.464822024345448,twitter,spectral,99,99,99,630,548,100,0,3.6099042892456055,0.03646367968934955,0.1,Classifier Error ($p$)
64,Surrogate,-11.441950766726814,twitter,spectral,99,99,99,630,548,100,0,3.6099042892456055,0.03646367968934955,0.1,Classifier Error ($p$)
64,Disparity,-17.857805141675136,twitter,spectral,99,99,99,630,548,100,0,3.6099042892456055,0.03646367968934955,0.1,Classifier Error ($p$)
64,Polarization,-25.94042921765731,twitter,spectral,99,99,99,630,548,100,0,3.6099042892456055,0.03646367968934955,0.1,Classifier Error ($p$)
64,$\|L_{t} - L_{0}\|_F$ / $\|L_{0}\|_F$,6.530308668415576,twitter,spectral,99,99,99,630,548,100,0,3.6099042892456055,0.03646367968934955,0.1,Classifier Error ($p$)
65,Surrogate,-11.5749959654762,twitter,spectral,99,99,99,630,548,100,0,3.6099042892456055,0.03646367968934955,0.1,Classifier Error ($p$)
65,Disparity,-17.950028717491588,twitter,spectral,99,99,99,630,548,100,0,3.6099042892456055,0.03646367968934955,0.1,Classifier Error ($p$)
65,Polarization,-26.01123562306944,twitter,spectral,99,99,99,630,548,100,0,3.6099042892456055,0.03646367968934955,0.1,Classifier Error ($p$)
65,$\|L_{t} - L_{0}\|_F$ / $\|L_{0}\|_F$,6.6308913990969,twitter,spectral,99,99,99,630,548,100,0,3.6099042892456055,0.03646367968934955,0.1,Classifier Error ($p$)
66,Surrogate,-12.146327777448256,twitter,spectral,99,99,99,630,548,100,0,3.6099042892456055,0.03646367968934955,0.1,Classifier Error ($p$)
66,Disparity,-18.479263832951638,twitter,spectral,99,99,99,630,548,100,0,3.6099042892456055,0.03646367968934955,0.1,Classifier Error ($p$)
66,Polarization,-26.002325810915515,twitter,spectral,99,99,99,630,548,100,0,3.6099042892456055,0.03646367968934955,0.1,Classifier Error ($p$)
66,$\|L_{t} - L_{0}\|_F$ / $\|L_{0}\|_F$,6.729971039198526,twitter,spectral,99,99,99,630,548,100,0,3.6099042892456055,0.03646367968934955,0.1,Classifier Error ($p$)
67,Surrogate,-12.552986723105938,twitter,spectral,99,99,99,630,548,100,0,3.6099042892456055,0.03646367968934955,0.1,Classifier Error ($p$)
67,Disparity,-18.606140347646576,twitter,spectral,99,99,99,630,548,100,0,3.6099042892456055,0.03646367968934955,0.1,Classifier Error ($p$)
67,Polarization,-26.316013344378185,twitter,spectral,99,99,99,630,548,100,0,3.6099042892456055,0.03646367968934955,0.1,Classifier Error ($p$)
67,$\|L_{t} - L_{0}\|_F$ / $\|L_{0}\|_F$,6.937521304437412,twitter,spectral,99,99,99,630,548,100,0,3.6099042892456055,0.03646367968934955,0.1,Classifier Error ($p$)
68,Surrogate,-12.733544823715203,twitter,spectral,99,99,99,630,548,100,0,3.6099042892456055,0.03646367968934955,0.1,Classifier Error ($p$)
68,Disparity,-18.8894990393113,twitter,spectral,99,99,99,630,548,100,0,3.6099042892456055,0.03646367968934955,0.1,Classifier Error ($p$)
68,Polarization,-26.6350560315716,twitter,spectral,99,99,99,630,548,100,0,3.6099042892456055,0.03646367968934955,0.1,Classifier Error ($p$)
68,$\|L_{t} - L_{0}\|_F$ / $\|L_{0}\|_F$,7.032282082749283,twitter,spectral,99,99,99,630,548,100,0,3.6099042892456055,0.03646367968934955,0.1,Classifier Error ($p$)
69,Surrogate,-12.72905305621822,twitter,spectral,99,99,99,630,548,100,0,3.6099042892456055,0.03646367968934955,0.1,Classifier Error ($p$)
69,Disparity,-18.947622553434595,twitter,spectral,99,99,99,630,548,100,0,3.6099042892456055,0.03646367968934955,0.1,Classifier Error ($p$)
69,Polarization,-26.64978661022389,twitter,spectral,99,99,99,630,548,100,0,3.6099042892456055,0.03646367968934955,0.1,Classifier Error ($p$)
69,$\|L_{t} - L_{0}\|_F$ / $\|L_{0}\|_F$,7.085862149447718,twitter,spectral,99,99,99,630,548,100,0,3.6099042892456055,0.03646367968934955,0.1,Classifier Error ($p$)
70,Surrogate,-12.770204122371458,twitter,spectral,99,99,99,630,548,100,0,3.6099042892456055,0.03646367968934955,0.1,Classifier Error ($p$)
70,Disparity,-19.016092288618054,twitter,spectral,99,99,99,630,548,100,0,3.6099042892456055,0.03646367968934955,0.1,Classifier Error ($p$)
70,Polarization,-26.67772209192624,twitter,spectral,99,99,99,630,548,100,0,3.6099042892456055,0.03646367968934955,0.1,Classifier Error ($p$)
70,$\|L_{t} - L_{0}\|_F$ / $\|L_{0}\|_F$,7.125782815465979,twitter,spectral,99,99,99,630,548,100,0,3.6099042892456055,0.03646367968934955,0.1,Classifier Error ($p$)
71,Surrogate,-13.281095863046612,twitter,spectral,99,99,99,630,548,100,0,3.6099042892456055,0.03646367968934955,0.1,Classifier Error ($p$)
71,Disparity,-19.799482759442938,twitter,spectral,99,99,99,630,548,100,0,3.6099042892456055,0.03646367968934955,0.1,Classifier Error ($p$)
71,Polarization,-27.057575307932936,twitter,spectral,99,99,99,630,548,100,0,3.6099042892456055,0.03646367968934955,0.1,Classifier Error ($p$)
71,$\|L_{t} - L_{0}\|_F$ / $\|L_{0}\|_F$,7.1786650460102575,twitter,spectral,99,99,99,630,548,100,0,3.6099042892456055,0.03646367968934955,0.1,Classifier Error ($p$)
72,Surrogate,-13.435762355236674,twitter,spectral,99,99,99,630,548,100,0,3.6099042892456055,0.03646367968934955,0.1,Classifier Error ($p$)
72,Disparity,-19.9191393307403,twitter,spectral,99,99,99,630,548,100,0,3.6099042892456055,0.03646367968934955,0.1,Classifier Error ($p$)
72,Polarization,-27.111490885164073,twitter,spectral,99,99,99,630,548,100,0,3.6099042892456055,0.03646367968934955,0.1,Classifier Error ($p$)
72,$\|L_{t} - L_{0}\|_F$ / $\|L_{0}\|_F$,7.224619475358289,twitter,spectral,99,99,99,630,548,100,0,3.6099042892456055,0.03646367968934955,0.1,Classifier Error ($p$)
73,Surrogate,-13.637057585994617,twitter,spectral,99,99,99,630,548,100,0,3.6099042892456055,0.03646367968934955,0.1,Classifier Error ($p$)
73,Disparity,-20.054484205365984,twitter,spectral,99,99,99,630,548,100,0,3.6099042892456055,0.03646367968934955,0.1,Classifier Error ($p$)
73,Polarization,-27.007834801350857,twitter,spectral,99,99,99,630,548,100,0,3.6099042892456055,0.03646367968934955,0.1,Classifier Error ($p$)
73,$\|L_{t} - L_{0}\|_F$ / $\|L_{0}\|_F$,7.276783470280362,twitter,spectral,99,99,99,630,548,100,0,3.6099042892456055,0.03646367968934955,0.1,Classifier Error ($p$)
74,Surrogate,-13.80285648939874,twitter,spectral,99,99,99,630,548,100,0,3.6099042892456055,0.03646367968934955,0.1,Classifier Error ($p$)
74,Disparity,-20.39620492174991,twitter,spectral,99,99,99,630,548,100,0,3.6099042892456055,0.03646367968934955,0.1,Classifier Error ($p$)
74,Polarization,-27.14148780891196,twitter,spectral,99,99,99,630,548,100,0,3.6099042892456055,0.03646367968934955,0.1,Classifier Error ($p$)
74,$\|L_{t} - L_{0}\|_F$ / $\|L_{0}\|_F$,7.354335750954966,twitter,spectral,99,99,99,630,548,100,0,3.6099042892456055,0.03646367968934955,0.1,Classifier Error ($p$)
75,Surrogate,-13.95020226600596,twitter,spectral,99,99,99,630,548,100,0,3.6099042892456055,0.03646367968934955,0.1,Classifier Error ($p$)
75,Disparity,-20.652809296299214,twitter,spectral,99,99,99,630,548,100,0,3.6099042892456055,0.03646367968934955,0.1,Classifier Error ($p$)
75,Polarization,-27.15589878653229,twitter,spectral,99,99,99,630,548,100,0,3.6099042892456055,0.03646367968934955,0.1,Classifier Error ($p$)
75,$\|L_{t} - L_{0}\|_F$ / $\|L_{0}\|_F$,7.38640888939181,twitter,spectral,99,99,99,630,548,100,0,3.6099042892456055,0.03646367968934955,0.1,Classifier Error ($p$)
76,Surrogate,-13.99544523408418,twitter,spectral,99,99,99,630,548,100,0,3.6099042892456055,0.03646367968934955,0.1,Classifier Error ($p$)
76,Disparity,-20.7227621527693,twitter,spectral,99,99,99,630,548,100,0,3.6099042892456055,0.03646367968934955,0.1,Classifier Error ($p$)
76,Polarization,-27.17219817059212,twitter,spectral,99,99,99,630,548,100,0,3.6099042892456055,0.03646367968934955,0.1,Classifier Error ($p$)
76,$\|L_{t} - L_{0}\|_F$ / $\|L_{0}\|_F$,7.481803399704004,twitter,spectral,99,99,99,630,548,100,0,3.6099042892456055,0.03646367968934955,0.1,Classifier Error ($p$)
77,Surrogate,-14.071174431505002,twitter,spectral,99,99,99,630,548,100,0,3.6099042892456055,0.03646367968934955,0.1,Classifier Error ($p$)
77,Disparity,-20.854528378469524,twitter,spectral,99,99,99,630,548,100,0,3.6099042892456055,0.03646367968934955,0.1,Classifier Error ($p$)
77,Polarization,-27.148505788535065,twitter,spectral,99,99,99,630,548,100,0,3.6099042892456055,0.03646367968934955,0.1,Classifier Error ($p$)
77,$\|L_{t} - L_{0}\|_F$ / $\|L_{0}\|_F$,7.532186483448323,twitter,spectral,99,99,99,630,548,100,0,3.6099042892456055,0.03646367968934955,0.1,Classifier Error ($p$)
78,Surrogate,-14.122917396780501,twitter,spectral,99,99,99,630,548,100,0,3.6099042892456055,0.03646367968934955,0.1,Classifier Error ($p$)
78,Disparity,-21.00503538499562,twitter,spectral,99,99,99,630,548,100,0,3.6099042892456055,0.03646367968934955,0.1,Classifier Error ($p$)
78,Polarization,-27.203629798179467,twitter,spectral,99,99,99,630,548,100,0,3.6099042892456055,0.03646367968934955,0.1,Classifier Error ($p$)
78,$\|L_{t} - L_{0}\|_F$ / $\|L_{0}\|_F$,7.693653184781861,twitter,spectral,99,99,99,630,548,100,0,3.6099042892456055,0.03646367968934955,0.1,Classifier Error ($p$)
79,Surrogate,-14.476192559480126,twitter,spectral,99,99,99,630,548,100,0,3.6099042892456055,0.03646367968934955,0.1,Classifier Error ($p$)
79,Disparity,-21.103699141024077,twitter,spectral,99,99,99,630,548,100,0,3.6099042892456055,0.03646367968934955,0.1,Classifier Error ($p$)
79,Polarization,-27.415113975227946,twitter,spectral,99,99,99,630,548,100,0,3.6099042892456055,0.03646367968934955,0.1,Classifier Error ($p$)
79,$\|L_{t} - L_{0}\|_F$ / $\|L_{0}\|_F$,7.887845318347778,twitter,spectral,99,99,99,630,548,100,0,3.6099042892456055,0.03646367968934955,0.1,Classifier Error ($p$)
80,Surrogate,-14.523745297944302,twitter,spectral,99,99,99,630,548,100,0,3.6099042892456055,0.03646367968934955,0.1,Classifier Error ($p$)
80,Disparity,-21.194434365854534,twitter,spectral,99,99,99,630,548,100,0,3.6099042892456055,0.03646367968934955,0.1,Classifier Error ($p$)
80,Polarization,-27.431899702708222,twitter,spectral,99,99,99,630,548,100,0,3.6099042892456055,0.03646367968934955,0.1,Classifier Error ($p$)
80,$\|L_{t} - L_{0}\|_F$ / $\|L_{0}\|_F$,7.96538365801122,twitter,spectral,99,99,99,630,548,100,0,3.6099042892456055,0.03646367968934955,0.1,Classifier Error ($p$)
81,Surrogate,-14.702161517262288,twitter,spectral,99,99,99,630,548,100,0,3.6099042892456055,0.03646367968934955,0.1,Classifier Error ($p$)
81,Disparity,-21.46929265787701,twitter,spectral,99,99,99,630,548,100,0,3.6099042892456055,0.03646367968934955,0.1,Classifier Error ($p$)
81,Polarization,-27.443162278143202,twitter,spectral,99,99,99,630,548,100,0,3.6099042892456055,0.03646367968934955,0.1,Classifier Error ($p$)
81,$\|L_{t} - L_{0}\|_F$ / $\|L_{0}\|_F$,8.07151484022395,twitter,spectral,99,99,99,630,548,100,0,3.6099042892456055,0.03646367968934955,0.1,Classifier Error ($p$)
82,Surrogate,-15.112373407624899,twitter,spectral,99,99,99,630,548,100,0,3.6099042892456055,0.03646367968934955,0.1,Classifier Error ($p$)
82,Disparity,-21.786647539353496,twitter,spectral,99,99,99,630,548,100,0,3.6099042892456055,0.03646367968934955,0.1,Classifier Error ($p$)
82,Polarization,-27.448527328994277,twitter,spectral,99,99,99,630,548,100,0,3.6099042892456055,0.03646367968934955,0.1,Classifier Error ($p$)
82,$\|L_{t} - L_{0}\|_F$ / $\|L_{0}\|_F$,8.164695587417443,twitter,spectral,99,99,99,630,548,100,0,3.6099042892456055,0.03646367968934955,0.1,Classifier Error ($p$)
83,Surrogate,-15.242956041605623,twitter,spectral,99,99,99,630,548,100,0,3.6099042892456055,0.03646367968934955,0.1,Classifier Error ($p$)
83,Disparity,-21.978002406295367,twitter,spectral,99,99,99,630,548,100,0,3.6099042892456055,0.03646367968934955,0.1,Classifier Error ($p$)
83,Polarization,-27.4802213656433,twitter,spectral,99,99,99,630,548,100,0,3.6099042892456055,0.03646367968934955,0.1,Classifier Error ($p$)
83,$\|L_{t} - L_{0}\|_F$ / $\|L_{0}\|_F$,8.228145253392185,twitter,spectral,99,99,99,630,548,100,0,3.6099042892456055,0.03646367968934955,0.1,Classifier Error ($p$)
84,Surrogate,-15.253539568540834,twitter,spectral,99,99,99,630,548,100,0,3.6099042892456055,0.03646367968934955,0.1,Classifier Error ($p$)
84,Disparity,-22.010642837544033,twitter,spectral,99,99,99,630,548,100,0,3.6099042892456055,0.03646367968934955,0.1,Classifier Error ($p$)
84,Polarization,-27.47847121457706,twitter,spectral,99,99,99,630,548,100,0,3.6099042892456055,0.03646367968934955,0.1,Classifier Error ($p$)
84,$\|L_{t} - L_{0}\|_F$ / $\|L_{0}\|_F$,8.291109370081108,twitter,spectral,99,99,99,630,548,100,0,3.6099042892456055,0.03646367968934955,0.1,Classifier Error ($p$)
85,Surrogate,-15.437845333138906,twitter,spectral,99,99,99,630,548,100,0,3.6099042892456055,0.03646367968934955,0.1,Classifier Error ($p$)
85,Disparity,-22.187876830245916,twitter,spectral,99,99,99,630,548,100,0,3.6099042892456055,0.03646367968934955,0.1,Classifier Error ($p$)
85,Polarization,-27.5203160382799,twitter,spectral,99,99,99,630,548,100,0,3.6099042892456055,0.03646367968934955,0.1,Classifier Error ($p$)
85,$\|L_{t} - L_{0}\|_F$ / $\|L_{0}\|_F$,8.398753834468089,twitter,spectral,99,99,99,630,548,100,0,3.6099042892456055,0.03646367968934955,0.1,Classifier Error ($p$)
86,Surrogate,-15.492494944685175,twitter,spectral,99,99,99,630,548,100,0,3.6099042892456055,0.03646367968934955,0.1,Classifier Error ($p$)
86,Disparity,-22.30165131820875,twitter,spectral,99,99,99,630,548,100,0,3.6099042892456055,0.03646367968934955,0.1,Classifier Error ($p$)
86,Polarization,-27.51000405890183,twitter,spectral,99,99,99,630,548,100,0,3.6099042892456055,0.03646367968934955,0.1,Classifier Error ($p$)
86,$\|L_{t} - L_{0}\|_F$ / $\|L_{0}\|_F$,8.505035999767317,twitter,spectral,99,99,99,630,548,100,0,3.6099042892456055,0.03646367968934955,0.1,Classifier Error ($p$)
87,Surrogate,-15.73235941784171,twitter,spectral,99,99,99,630,548,100,0,3.6099042892456055,0.03646367968934955,0.1,Classifier Error ($p$)
87,Disparity,-22.616111303973586,twitter,spectral,99,99,99,630,548,100,0,3.6099042892456055,0.03646367968934955,0.1,Classifier Error ($p$)
87,Polarization,-27.51999366896214,twitter,spectral,99,99,99,630,548,100,0,3.6099042892456055,0.03646367968934955,0.1,Classifier Error ($p$)
87,$\|L_{t} - L_{0}\|_F$ / $\|L_{0}\|_F$,8.543859319900747,twitter,spectral,99,99,99,630,548,100,0,3.6099042892456055,0.03646367968934955,0.1,Classifier Error ($p$)
88,Surrogate,-15.910919327593465,twitter,spectral,99,99,99,630,548,100,0,3.6099042892456055,0.03646367968934955,0.1,Classifier Error ($p$)
88,Disparity,-22.852958315223145,twitter,spectral,99,99,99,630,548,100,0,3.6099042892456055,0.03646367968934955,0.1,Classifier Error ($p$)
88,Polarization,-27.516353743811532,twitter,spectral,99,99,99,630,548,100,0,3.6099042892456055,0.03646367968934955,0.1,Classifier Error ($p$)
88,$\|L_{t} - L_{0}\|_F$ / $\|L_{0}\|_F$,8.59351729948666,twitter,spectral,99,99,99,630,548,100,0,3.6099042892456055,0.03646367968934955,0.1,Classifier Error ($p$)
89,Surrogate,-16.225814425935496,twitter,spectral,99,99,99,630,548,100,0,3.6099042892456055,0.03646367968934955,0.1,Classifier Error ($p$)
89,Disparity,-22.95088810006069,twitter,spectral,99,99,99,630,548,100,0,3.6099042892456055,0.03646367968934955,0.1,Classifier Error ($p$)
89,Polarization,-27.637888224095814,twitter,spectral,99,99,99,630,548,100,0,3.6099042892456055,0.03646367968934955,0.1,Classifier Error ($p$)
89,$\|L_{t} - L_{0}\|_F$ / $\|L_{0}\|_F$,8.691982200466114,twitter,spectral,99,99,99,630,548,100,0,3.6099042892456055,0.03646367968934955,0.1,Classifier Error ($p$)
90,Surrogate,-16.554411100865376,twitter,spectral,99,99,99,630,548,100,0,3.6099042892456055,0.03646367968934955,0.1,Classifier Error ($p$)
90,Disparity,-23.909529436370473,twitter,spectral,99,99,99,630,548,100,0,3.6099042892456055,0.03646367968934955,0.1,Classifier Error ($p$)
90,Polarization,-27.836785113047252,twitter,spectral,99,99,99,630,548,100,0,3.6099042892456055,0.03646367968934955,0.1,Classifier Error ($p$)
90,$\|L_{t} - L_{0}\|_F$ / $\|L_{0}\|_F$,8.757010405249533,twitter,spectral,99,99,99,630,548,100,0,3.6099042892456055,0.03646367968934955,0.1,Classifier Error ($p$)
91,Surrogate,-16.58586533756841,twitter,spectral,99,99,99,630,548,100,0,3.6099042892456055,0.03646367968934955,0.1,Classifier Error ($p$)
91,Disparity,-23.970804492627117,twitter,spectral,99,99,99,630,548,100,0,3.6099042892456055,0.03646367968934955,0.1,Classifier Error ($p$)
91,Polarization,-27.769621352386135,twitter,spectral,99,99,99,630,548,100,0,3.6099042892456055,0.03646367968934955,0.1,Classifier Error ($p$)
91,$\|L_{t} - L_{0}\|_F$ / $\|L_{0}\|_F$,8.783963409598233,twitter,spectral,99,99,99,630,548,100,0,3.6099042892456055,0.03646367968934955,0.1,Classifier Error ($p$)
92,Surrogate,-16.598865629828413,twitter,spectral,99,99,99,630,548,100,0,3.6099042892456055,0.03646367968934955,0.1,Classifier Error ($p$)
92,Disparity,-24.065673717595807,twitter,spectral,99,99,99,630,548,100,0,3.6099042892456055,0.03646367968934955,0.1,Classifier Error ($p$)
92,Polarization,-27.87721561040295,twitter,spectral,99,99,99,630,548,100,0,3.6099042892456055,0.03646367968934955,0.1,Classifier Error ($p$)
92,$\|L_{t} - L_{0}\|_F$ / $\|L_{0}\|_F$,8.832271546973757,twitter,spectral,99,99,99,630,548,100,0,3.6099042892456055,0.03646367968934955,0.1,Classifier Error ($p$)
93,Surrogate,-16.630164938198366,twitter,spectral,99,99,99,630,548,100,0,3.6099042892456055,0.03646367968934955,0.1,Classifier Error ($p$)
93,Disparity,-24.216018966019735,twitter,spectral,99,99,99,630,548,100,0,3.6099042892456055,0.03646367968934955,0.1,Classifier Error ($p$)
93,Polarization,-27.932986750042243,twitter,spectral,99,99,99,630,548,100,0,3.6099042892456055,0.03646367968934955,0.1,Classifier Error ($p$)
93,$\|L_{t} - L_{0}\|_F$ / $\|L_{0}\|_F$,8.96509511366401,twitter,spectral,99,99,99,630,548,100,0,3.6099042892456055,0.03646367968934955,0.1,Classifier Error ($p$)
94,Surrogate,-16.913017823612194,twitter,spectral,99,99,99,630,548,100,0,3.6099042892456055,0.03646367968934955,0.1,Classifier Error ($p$)
94,Disparity,-24.535314280825553,twitter,spectral,99,99,99,630,548,100,0,3.6099042892456055,0.03646367968934955,0.1,Classifier Error ($p$)
94,Polarization,-28.0691497205875,twitter,spectral,99,99,99,630,548,100,0,3.6099042892456055,0.03646367968934955,0.1,Classifier Error ($p$)
94,$\|L_{t} - L_{0}\|_F$ / $\|L_{0}\|_F$,9.02291807968845,twitter,spectral,99,99,99,630,548,100,0,3.6099042892456055,0.03646367968934955,0.1,Classifier Error ($p$)
95,Surrogate,-16.901867332081743,twitter,spectral,99,99,99,630,548,100,0,3.6099042892456055,0.03646367968934955,0.1,Classifier Error ($p$)
95,Disparity,-24.56006515731832,twitter,spectral,99,99,99,630,548,100,0,3.6099042892456055,0.03646367968934955,0.1,Classifier Error ($p$)
95,Polarization,-28.070258765689704,twitter,spectral,99,99,99,630,548,100,0,3.6099042892456055,0.03646367968934955,0.1,Classifier Error ($p$)
95,$\|L_{t} - L_{0}\|_F$ / $\|L_{0}\|_F$,9.090780149464619,twitter,spectral,99,99,99,630,548,100,0,3.6099042892456055,0.03646367968934955,0.1,Classifier Error ($p$)
96,Surrogate,-16.91967216137935,twitter,spectral,99,99,99,630,548,100,0,3.6099042892456055,0.03646367968934955,0.1,Classifier Error ($p$)
96,Disparity,-24.68339831160727,twitter,spectral,99,99,99,630,548,100,0,3.6099042892456055,0.03646367968934955,0.1,Classifier Error ($p$)
96,Polarization,-27.890487846814054,twitter,spectral,99,99,99,630,548,100,0,3.6099042892456055,0.03646367968934955,0.1,Classifier Error ($p$)
96,$\|L_{t} - L_{0}\|_F$ / $\|L_{0}\|_F$,9.142638985157621,twitter,spectral,99,99,99,630,548,100,0,3.6099042892456055,0.03646367968934955,0.1,Classifier Error ($p$)
97,Surrogate,-16.97510252321187,twitter,spectral,99,99,99,630,548,100,0,3.6099042892456055,0.03646367968934955,0.1,Classifier Error ($p$)
97,Disparity,-24.79224809218825,twitter,spectral,99,99,99,630,548,100,0,3.6099042892456055,0.03646367968934955,0.1,Classifier Error ($p$)
97,Polarization,-27.876985491420182,twitter,spectral,99,99,99,630,548,100,0,3.6099042892456055,0.03646367968934955,0.1,Classifier Error ($p$)
97,$\|L_{t} - L_{0}\|_F$ / $\|L_{0}\|_F$,9.209618920783596,twitter,spectral,99,99,99,630,548,100,0,3.6099042892456055,0.03646367968934955,0.1,Classifier Error ($p$)
98,Surrogate,-17.512083824534443,twitter,spectral,99,99,99,630,548,100,0,3.6099042892456055,0.03646367968934955,0.1,Classifier Error ($p$)
98,Disparity,-25.78630678415168,twitter,spectral,99,99,99,630,548,100,0,3.6099042892456055,0.03646367968934955,0.1,Classifier Error ($p$)
98,Polarization,-30.760545092318313,twitter,spectral,99,99,99,630,548,100,0,3.6099042892456055,0.03646367968934955,0.1,Classifier Error ($p$)
98,$\|L_{t} - L_{0}\|_F$ / $\|L_{0}\|_F$,9.276115227787248,twitter,spectral,99,99,99,630,548,100,0,3.6099042892456055,0.03646367968934955,0.1,Classifier Error ($p$)
0,Surrogate,-0.13259928822163378,twitter,spectral,99,99,99,630,548,100,0,2.9302189350128174,0.02959817106073553,0.2,Classifier Error ($p$)
0,Disparity,-0.22643489658287042,twitter,spectral,99,99,99,630,548,100,0,2.9302189350128174,0.02959817106073553,0.2,Classifier Error ($p$)
0,Polarization,0.009371464162335827,twitter,spectral,99,99,99,630,548,100,0,2.9302189350128174,0.02959817106073553,0.2,Classifier Error ($p$)
0,$\|L_{t} - L_{0}\|_F$ / $\|L_{0}\|_F$,0.6150004510645588,twitter,spectral,99,99,99,630,548,100,0,2.9302189350128174,0.02959817106073553,0.2,Classifier Error ($p$)
1,Surrogate,-0.32779212118345896,twitter,spectral,99,99,99,630,548,100,0,2.9302189350128174,0.02959817106073553,0.2,Classifier Error ($p$)
1,Disparity,-0.48750768371529796,twitter,spectral,99,99,99,630,548,100,0,2.9302189350128174,0.02959817106073553,0.2,Classifier Error ($p$)
1,Polarization,-0.1463791248295891,twitter,spectral,99,99,99,630,548,100,0,2.9302189350128174,0.02959817106073553,0.2,Classifier Error ($p$)
1,$\|L_{t} - L_{0}\|_F$ / $\|L_{0}\|_F$,0.8697419787610701,twitter,spectral,99,99,99,630,548,100,0,2.9302189350128174,0.02959817106073553,0.2,Classifier Error ($p$)
2,Surrogate,-0.6233047865011958,twitter,spectral,99,99,99,630,548,100,0,2.9302189350128174,0.02959817106073553,0.2,Classifier Error ($p$)
2,Disparity,-0.9773617132135932,twitter,spectral,99,99,99,630,548,100,0,2.9302189350128174,0.02959817106073553,0.2,Classifier Error ($p$)
2,Polarization,-0.26237518297688595,twitter,spectral,99,99,99,630,548,100,0,2.9302189350128174,0.02959817106073553,0.2,Classifier Error ($p$)
2,$\|L_{t} - L_{0}\|_F$ / $\|L_{0}\|_F$,1.1087078303733742,twitter,spectral,99,99,99,630,548,100,0,2.9302189350128174,0.02959817106073553,0.2,Classifier Error ($p$)
3,Surrogate,-2.8449900965123462,twitter,spectral,99,99,99,630,548,100,0,2.9302189350128174,0.02959817106073553,0.2,Classifier Error ($p$)
3,Disparity,-7.0538388093507365,twitter,spectral,99,99,99,630,548,100,0,2.9302189350128174,0.02959817106073553,0.2,Classifier Error ($p$)
3,Polarization,-9.574398346922807,twitter,spectral,99,99,99,630,548,100,0,2.9302189350128174,0.02959817106073553,0.2,Classifier Error ($p$)
3,$\|L_{t} - L_{0}\|_F$ / $\|L_{0}\|_F$,1.2678559097708406,twitter,spectral,99,99,99,630,548,100,0,2.9302189350128174,0.02959817106073553,0.2,Classifier Error ($p$)
4,Surrogate,-3.401493197450204,twitter,spectral,99,99,99,630,548,100,0,2.9302189350128174,0.02959817106073553,0.2,Classifier Error ($p$)
4,Disparity,-7.330580739025903,twitter,spectral,99,99,99,630,548,100,0,2.9302189350128174,0.02959817106073553,0.2,Classifier Error ($p$)
4,Polarization,-10.166277294243557,twitter,spectral,99,99,99,630,548,100,0,2.9302189350128174,0.02959817106073553,0.2,Classifier Error ($p$)
4,$\|L_{t} - L_{0}\|_F$ / $\|L_{0}\|_F$,1.4091430597176628,twitter,spectral,99,99,99,630,548,100,0,2.9302189350128174,0.02959817106073553,0.2,Classifier Error ($p$)
5,Surrogate,-3.5457317127667936,twitter,spectral,99,99,99,630,548,100,0,2.9302189350128174,0.02959817106073553,0.2,Classifier Error ($p$)
5,Disparity,-7.660386297074901,twitter,spectral,99,99,99,630,548,100,0,2.9302189350128174,0.02959817106073553,0.2,Classifier Error ($p$)
5,Polarization,-10.656148356547371,twitter,spectral,99,99,99,630,548,100,0,2.9302189350128174,0.02959817106073553,0.2,Classifier Error ($p$)
5,$\|L_{t} - L_{0}\|_F$ / $\|L_{0}\|_F$,1.537501127661397,twitter,spectral,99,99,99,630,548,100,0,2.9302189350128174,0.02959817106073553,0.2,Classifier Error ($p$)
6,Surrogate,-3.7714498605099624,twitter,spectral,99,99,99,630,548,100,0,2.9302189350128174,0.02959817106073553,0.2,Classifier Error ($p$)
6,Disparity,-7.991936087833775,twitter,spectral,99,99,99,630,548,100,0,2.9302189350128174,0.02959817106073553,0.2,Classifier Error ($p$)
6,Polarization,-10.60382459713414,twitter,spectral,99,99,99,630,548,100,0,2.9302189350128174,0.02959817106073553,0.2,Classifier Error ($p$)
6,$\|L_{t} - L_{0}\|_F$ / $\|L_{0}\|_F$,1.6842480996195546,twitter,spectral,99,99,99,630,548,100,0,2.9302189350128174,0.02959817106073553,0.2,Classifier Error ($p$)
7,Surrogate,-4.115070395931828,twitter,spectral,99,99,99,630,548,100,0,2.9302189350128174,0.02959817106073553,0.2,Classifier Error ($p$)
7,Disparity,-8.558208198532306,twitter,spectral,99,99,99,630,548,100,0,2.9302189350128174,0.02959817106073553,0.2,Classifier Error ($p$)
7,Polarization,-10.571954595607497,twitter,spectral,99,99,99,630,548,100,0,2.9302189350128174,0.02959817106073553,0.2,Classifier Error ($p$)
7,$\|L_{t} - L_{0}\|_F$ / $\|L_{0}\|_F$,1.8191958675700906,twitter,spectral,99,99,99,630,548,100,0,2.9302189350128174,0.02959817106073553,0.2,Classifier Error ($p$)
8,Surrogate,-5.191527340950806,twitter,spectral,99,99,99,630,548,100,0,2.9302189350128174,0.02959817106073553,0.2,Classifier Error ($p$)
8,Disparity,-10.651841647063756,twitter,spectral,99,99,99,630,548,100,0,2.9302189350128174,0.02959817106073553,0.2,Classifier Error ($p$)
8,Polarization,-13.747369101879958,twitter,spectral,99,99,99,630,548,100,0,2.9302189350128174,0.02959817106073553,0.2,Classifier Error ($p$)
8,$\|L_{t} - L_{0}\|_F$ / $\|L_{0}\|_F$,2.0164138251369224,twitter,spectral,99,99,99,630,548,100,0,2.9302189350128174,0.02959817106073553,0.2,Classifier Error ($p$)
9,Surrogate,-5.234992395535881,twitter,spectral,99,99,99,630,548,100,0,2.9302189350128174,0.02959817106073553,0.2,Classifier Error ($p$)
9,Disparity,-10.707394904805065,twitter,spectral,99,99,99,630,548,100,0,2.9302189350128174,0.02959817106073553,0.2,Classifier Error ($p$)
9,Polarization,-13.751096398518941,twitter,spectral,99,99,99,630,548,100,0,2.9302189350128174,0.02959817106073553,0.2,Classifier Error ($p$)
9,$\|L_{t} - L_{0}\|_F$ / $\|L_{0}\|_F$,2.10811533579473,twitter,spectral,99,99,99,630,548,100,0,2.9302189350128174,0.02959817106073553,0.2,Classifier Error ($p$)
10,Surrogate,-5.3595440110895565,twitter,spectral,99,99,99,630,548,100,0,2.9302189350128174,0.02959817106073553,0.2,Classifier Error ($p$)
10,Disparity,-10.94653891544744,twitter,spectral,99,99,99,630,548,100,0,2.9302189350128174,0.02959817106073553,0.2,Classifier Error ($p$)
10,Polarization,-13.756356583193677,twitter,spectral,99,99,99,630,548,100,0,2.9302189350128174,0.02959817106073553,0.2,Classifier Error ($p$)
10,$\|L_{t} - L_{0}\|_F$ / $\|L_{0}\|_F$,2.195990852399558,twitter,spectral,99,99,99,630,548,100,0,2.9302189350128174,0.02959817106073553,0.2,Classifier Error ($p$)
11,Surrogate,-5.503110226057991,twitter,spectral,99,99,99,630,548,100,0,2.9302189350128174,0.02959817106073553,0.2,Classifier Error ($p$)
11,Disparity,-11.118160136813318,twitter,spectral,99,99,99,630,548,100,0,2.9302189350128174,0.02959817106073553,0.2,Classifier Error ($p$)
11,Polarization,-13.838395537117195,twitter,spectral,99,99,99,630,548,100,0,2.9302189350128174,0.02959817106073553,0.2,Classifier Error ($p$)
11,$\|L_{t} - L_{0}\|_F$ / $\|L_{0}\|_F$,2.2804827073740657,twitter,spectral,99,99,99,630,548,100,0,2.9302189350128174,0.02959817106073553,0.2,Classifier Error ($p$)
12,Surrogate,-5.94505753156485,twitter,spectral,99,99,99,630,548,100,0,2.9302189350128174,0.02959817106073553,0.2,Classifier Error ($p$)
12,Disparity,-12.118693288534152,twitter,spectral,99,99,99,630,548,100,0,2.9302189350128174,0.02959817106073553,0.2,Classifier Error ($p$)
12,Polarization,-15.353386505804927,twitter,spectral,99,99,99,630,548,100,0,2.9302189350128174,0.02959817106073553,0.2,Classifier Error ($p$)
12,$\|L_{t} - L_{0}\|_F$ / $\|L_{0}\|_F$,2.3619540498159055,twitter,spectral,99,99,99,630,548,100,0,2.9302189350128174,0.02959817106073553,0.2,Classifier Error ($p$)
13,Surrogate,-5.995643557170077,twitter,spectral,99,99,99,630,548,100,0,2.9302189350128174,0.02959817106073553,0.2,Classifier Error ($p$)
13,Disparity,-12.2105068516437,twitter,spectral,99,99,99,630,548,100,0,2.9302189350128174,0.02959817106073553,0.2,Classifier Error ($p$)
13,Polarization,-15.357443428099568,twitter,spectral,99,99,99,630,548,100,0,2.9302189350128174,0.02959817106073553,0.2,Classifier Error ($p$)
13,$\|L_{t} - L_{0}\|_F$ / $\|L_{0}\|_F$,2.4407073745640564,twitter,spectral,99,99,99,630,548,100,0,2.9302189350128174,0.02959817106073553,0.2,Classifier Error ($p$)
14,Surrogate,-6.1265998876746925,twitter,spectral,99,99,99,630,548,100,0,2.9302189350128174,0.02959817106073553,0.2,Classifier Error ($p$)
14,Disparity,-12.351830073218268,twitter,spectral,99,99,99,630,548,100,0,2.9302189350128174,0.02959817106073553,0.2,Classifier Error ($p$)
14,Polarization,-15.485732907793562,twitter,spectral,99,99,99,630,548,100,0,2.9302189350128174,0.02959817106073553,0.2,Classifier Error ($p$)
14,$\|L_{t} - L_{0}\|_F$ / $\|L_{0}\|_F$,2.5357118195416812,twitter,spectral,99,99,99,630,548,100,0,2.9302189350128174,0.02959817106073553,0.2,Classifier Error ($p$)
15,Surrogate,-6.190917793424671,twitter,spectral,99,99,99,630,548,100,0,2.9302189350128174,0.02959817106073553,0.2,Classifier Error ($p$)
15,Disparity,-12.443286374928043,twitter,spectral,99,99,99,630,548,100,0,2.9302189350128174,0.02959817106073553,0.2,Classifier Error ($p$)
15,Polarization,-15.46407819012938,twitter,spectral,99,99,99,630,548,100,0,2.9302189350128174,0.02959817106073553,0.2,Classifier Error ($p$)
15,$\|L_{t} - L_{0}\|_F$ / $\|L_{0}\|_F$,2.645216959717633,twitter,spectral,99,99,99,630,548,100,0,2.9302189350128174,0.02959817106073553,0.2,Classifier Error ($p$)
16,Surrogate,-6.3077028159998205,twitter,spectral,99,99,99,630,548,100,0,2.9302189350128174,0.02959817106073553,0.2,Classifier Error ($p$)
16,Disparity,-12.603627033388479,twitter,spectral,99,99,99,630,548,100,0,2.9302189350128174,0.02959817106073553,0.2,Classifier Error ($p$)
16,Polarization,-15.359777382530135,twitter,spectral,99,99,99,630,548,100,0,2.9302189350128174,0.02959817106073553,0.2,Classifier Error ($p$)
16,$\|L_{t} - L_{0}\|_F$ / $\|L_{0}\|_F$,2.6983035281607974,twitter,spectral,99,99,99,630,548,100,0,2.9302189350128174,0.02959817106073553,0.2,Classifier Error ($p$)
17,Surrogate,-6.302714819451481,twitter,spectral,99,99,99,630,548,100,0,2.9302189350128174,0.02959817106073553,0.2,Classifier Error ($p$)
17,Disparity,-12.65691399667853,twitter,spectral,99,99,99,630,548,100,0,2.9302189350128174,0.02959817106073553,0.2,Classifier Error ($p$)
17,Polarization,-15.368143853574498,twitter,spectral,99,99,99,630,548,100,0,2.9302189350128174,0.02959817106073553,0.2,Classifier Error ($p$)
17,$\|L_{t} - L_{0}\|_F$ / $\|L_{0}\|_F$,2.7675020297905144,twitter,spectral,99,99,99,630,548,100,0,2.9302189350128174,0.02959817106073553,0.2,Classifier Error ($p$)
18,Surrogate,-6.321559817778294,twitter,spectral,99,99,99,630,548,100,0,2.9302189350128174,0.02959817106073553,0.2,Classifier Error ($p$)
18,Disparity,-12.715417080134243,twitter,spectral,99,99,99,630,548,100,0,2.9302189350128174,0.02959817106073553,0.2,Classifier Error ($p$)
18,Polarization,-15.451020574469338,twitter,spectral,99,99,99,630,548,100,0,2.9302189350128174,0.02959817106073553,0.2,Classifier Error ($p$)
18,$\|L_{t} - L_{0}\|_F$ / $\|L_{0}\|_F$,2.868171162449869,twitter,spectral,99,99,99,630,548,100,0,2.9302189350128174,0.02959817106073553,0.2,Classifier Error ($p$)
19,Surrogate,-7.247487362983055,twitter,spectral,99,99,99,630,548,100,0,2.9302189350128174,0.02959817106073553,0.2,Classifier Error ($p$)
19,Disparity,-14.94981629067026,twitter,spectral,99,99,99,630,548,100,0,2.9302189350128174,0.02959817106073553,0.2,Classifier Error ($p$)
19,Polarization,-17.522033546967943,twitter,spectral,99,99,99,630,548,100,0,2.9302189350128174,0.02959817106073553,0.2,Classifier Error ($p$)
19,$\|L_{t} - L_{0}\|_F$ / $\|L_{0}\|_F$,2.9494385500669527,twitter,spectral,99,99,99,630,548,100,0,2.9302189350128174,0.02959817106073553,0.2,Classifier Error ($p$)
20,Surrogate,-7.341273817925896,twitter,spectral,99,99,99,630,548,100,0,2.9302189350128174,0.02959817106073553,0.2,Classifier Error ($p$)
20,Disparity,-15.068296899625643,twitter,spectral,99,99,99,630,548,100,0,2.9302189350128174,0.02959817106073553,0.2,Classifier Error ($p$)
20,Polarization,-17.728083566259716,twitter,spectral,99,99,99,630,548,100,0,2.9302189350128174,0.02959817106073553,0.2,Classifier Error ($p$)
20,$\|L_{t} - L_{0}\|_F$ / $\|L_{0}\|_F$,3.044096925663745,twitter,spectral,99,99,99,630,548,100,0,2.9302189350128174,0.02959817106073553,0.2,Classifier Error ($p$)
21,Surrogate,-7.671466418745275,twitter,spectral,99,99,99,630,548,100,0,2.9302189350128174,0.02959817106073553,0.2,Classifier Error ($p$)
21,Disparity,-15.502941983589979,twitter,spectral,99,99,99,630,548,100,0,2.9302189350128174,0.02959817106073553,0.2,Classifier Error ($p$)
21,Polarization,-17.737614474540493,twitter,spectral,99,99,99,630,548,100,0,2.9302189350128174,0.02959817106073553,0.2,Classifier Error ($p$)
21,$\|L_{t} - L_{0}\|_F$ / $\|L_{0}\|_F$,3.1056000463107085,twitter,spectral,99,99,99,630,548,100,0,2.9302189350128174,0.02959817106073553,0.2,Classifier Error ($p$)
22,Surrogate,-7.730121686821501,twitter,spectral,99,99,99,630,548,100,0,2.9302189350128174,0.02959817106073553,0.2,Classifier Error ($p$)
22,Disparity,-15.587291446776428,twitter,spectral,99,99,99,630,548,100,0,2.9302189350128174,0.02959817106073553,0.2,Classifier Error ($p$)
22,Polarization,-17.78243483563448,twitter,spectral,99,99,99,630,548,100,0,2.9302189350128174,0.02959817106073553,0.2,Classifier Error ($p$)
22,$\|L_{t} - L_{0}\|_F$ / $\|L_{0}\|_F$,3.2397159051322224,twitter,spectral,99,99,99,630,548,100,0,2.9302189350128174,0.02959817106073553,0.2,Classifier Error ($p$)
23,Surrogate,-8.106391334029853,twitter,spectral,99,99,99,630,548,100,0,2.9302189350128174,0.02959817106073553,0.2,Classifier Error ($p$)
23,Disparity,-16.726562060496075,twitter,spectral,99,99,99,630,548,100,0,2.9302189350128174,0.02959817106073553,0.2,Classifier Error ($p$)
23,Polarization,-18.64655100145556,twitter,spectral,99,99,99,630,548,100,0,2.9302189350128174,0.02959817106073553,0.2,Classifier Error ($p$)
23,$\|L_{t} - L_{0}\|_F$ / $\|L_{0}\|_F$,3.2975725467040613,twitter,spectral,99,99,99,630,548,100,0,2.9302189350128174,0.02959817106073553,0.2,Classifier Error ($p$)
24,Surrogate,-8.510413666685025,twitter,spectral,99,99,99,630,548,100,0,2.9302189350128174,0.02959817106073553,0.2,Classifier Error ($p$)
24,Disparity,-18.04798783228193,twitter,spectral,99,99,99,630,548,100,0,2.9302189350128174,0.02959817106073553,0.2,Classifier Error ($p$)
24,Polarization,-19.220495159435888,twitter,spectral,99,99,99,630,548,100,0,2.9302189350128174,0.02959817106073553,0.2,Classifier Error ($p$)
24,$\|L_{t} - L_{0}\|_F$ / $\|L_{0}\|_F$,3.396451003870529,twitter,spectral,99,99,99,630,548,100,0,2.9302189350128174,0.02959817106073553,0.2,Classifier Error ($p$)
25,Surrogate,-8.733175601228771,twitter,spectral,99,99,99,630,548,100,0,2.9302189350128174,0.02959817106073553,0.2,Classifier Error ($p$)
25,Disparity,-18.269428547871275,twitter,spectral,99,99,99,630,548,100,0,2.9302189350128174,0.02959817106073553,0.2,Classifier Error ($p$)
25,Polarization,-19.213414737526755,twitter,spectral,99,99,99,630,548,100,0,2.9302189350128174,0.02959817106073553,0.2,Classifier Error ($p$)
25,$\|L_{t} - L_{0}\|_F$ / $\|L_{0}\|_F$,3.451681470892518,twitter,spectral,99,99,99,630,548,100,0,2.9302189350128174,0.02959817106073553,0.2,Classifier Error ($p$)
26,Surrogate,-8.967655841900921,twitter,spectral,99,99,99,630,548,100,0,2.9302189350128174,0.02959817106073553,0.2,Classifier Error ($p$)
26,Disparity,-18.85310099158621,twitter,spectral,99,99,99,630,548,100,0,2.9302189350128174,0.02959817106073553,0.2,Classifier Error ($p$)
26,Polarization,-19.78197773233483,twitter,spectral,99,99,99,630,548,100,0,2.9302189350128174,0.02959817106073553,0.2,Classifier Error ($p$)
26,$\|L_{t} - L_{0}\|_F$ / $\|L_{0}\|_F$,3.599197862333935,twitter,spectral,99,99,99,630,548,100,0,2.9302189350128174,0.02959817106073553,0.2,Classifier Error ($p$)
27,Surrogate,-9.0172292330668,twitter,spectral,99,99,99,630,548,100,0,2.9302189350128174,0.02959817106073553,0.2,Classifier Error ($p$)
27,Disparity,-18.988753495831443,twitter,spectral,99,99,99,630,548,100,0,2.9302189350128174,0.02959817106073553,0.2,Classifier Error ($p$)
27,Polarization,-19.831043297580603,twitter,spectral,99,99,99,630,548,100,0,2.9302189350128174,0.02959817106073553,0.2,Classifier Error ($p$)
27,$\|L_{t} - L_{0}\|_F$ / $\|L_{0}\|_F$,3.715539361997231,twitter,spectral,99,99,99,630,548,100,0,2.9302189350128174,0.02959817106073553,0.2,Classifier Error ($p$)
28,Surrogate,-9.664704608433793,twitter,spectral,99,99,99,630,548,100,0,2.9302189350128174,0.02959817106073553,0.2,Classifier Error ($p$)
28,Disparity,-19.30446094480981,twitter,spectral,99,99,99,630,548,100,0,2.9302189350128174,0.02959817106073553,0.2,Classifier Error ($p$)
28,Polarization,-20.163265198831223,twitter,spectral,99,99,99,630,548,100,0,2.9302189350128174,0.02959817106073553,0.2,Classifier Error ($p$)
28,$\|L_{t} - L_{0}\|_F$ / $\|L_{0}\|_F$,3.791117392374603,twitter,spectral,99,99,99,630,548,100,0,2.9302189350128174,0.02959817106073553,0.2,Classifier Error ($p$)
29,Surrogate,-9.90735632973912,twitter,spectral,99,99,99,630,548,100,0,2.9302189350128174,0.02959817106073553,0.2,Classifier Error ($p$)
29,Disparity,-19.582085708652908,twitter,spectral,99,99,99,630,548,100,0,2.9302189350128174,0.02959817106073553,0.2,Classifier Error ($p$)
29,Polarization,-20.809309212145205,twitter,spectral,99,99,99,630,548,100,0,2.9302189350128174,0.02959817106073553,0.2,Classifier Error ($p$)
29,$\|L_{t} - L_{0}\|_F$ / $\|L_{0}\|_F$,3.8529667823999234,twitter,spectral,99,99,99,630,548,100,0,2.9302189350128174,0.02959817106073553,0.2,Classifier Error ($p$)
30,Surrogate,-10.211263973503897,twitter,spectral,99,99,99,630,548,100,0,2.9302189350128174,0.02959817106073553,0.2,Classifier Error ($p$)
30,Disparity,-20.021759239678,twitter,spectral,99,99,99,630,548,100,0,2.9302189350128174,0.02959817106073553,0.2,Classifier Error ($p$)
30,Polarization,-21.0195623074024,twitter,spectral,99,99,99,630,548,100,0,2.9302189350128174,0.02959817106073553,0.2,Classifier Error ($p$)
30,$\|L_{t} - L_{0}\|_F$ / $\|L_{0}\|_F$,3.901740455372043,twitter,spectral,99,99,99,630,548,100,0,2.9302189350128174,0.02959817106073553,0.2,Classifier Error ($p$)
31,Surrogate,-10.777090295437805,twitter,spectral,99,99,99,630,548,100,0,2.9302189350128174,0.02959817106073553,0.2,Classifier Error ($p$)
31,Disparity,-20.30464056909645,twitter,spectral,99,99,99,630,548,100,0,2.9302189350128174,0.02959817106073553,0.2,Classifier Error ($p$)
31,Polarization,-21.269290890865623,twitter,spectral,99,99,99,630,548,100,0,2.9302189350128174,0.02959817106073553,0.2,Classifier Error ($p$)
31,$\|L_{t} - L_{0}\|_F$ / $\|L_{0}\|_F$,4.044533996088507,twitter,spectral,99,99,99,630,548,100,0,2.9302189350128174,0.02959817106073553,0.2,Classifier Error ($p$)
32,Surrogate,-11.310594696328048,twitter,spectral,99,99,99,630,548,100,0,2.9302189350128174,0.02959817106073553,0.2,Classifier Error ($p$)
32,Disparity,-20.532456510870908,twitter,spectral,99,99,99,630,548,100,0,2.9302189350128174,0.02959817106073553,0.2,Classifier Error ($p$)
32,Polarization,-21.78781172208131,twitter,spectral,99,99,99,630,548,100,0,2.9302189350128174,0.02959817106073553,0.2,Classifier Error ($p$)
32,$\|L_{t} - L_{0}\|_F$ / $\|L_{0}\|_F$,4.182455249006796,twitter,spectral,99,99,99,630,548,100,0,2.9302189350128174,0.02959817106073553,0.2,Classifier Error ($p$)
33,Surrogate,-11.395848436883764,twitter,spectral,99,99,99,630,548,100,0,2.9302189350128174,0.02959817106073553,0.2,Classifier Error ($p$)
33,Disparity,-20.623917813815144,twitter,spectral,99,99,99,630,548,100,0,2.9302189350128174,0.02959817106073553,0.2,Classifier Error ($p$)
33,Polarization,-21.788110750010887,twitter,spectral,99,99,99,630,548,100,0,2.9302189350128174,0.02959817106073553,0.2,Classifier Error ($p$)
33,$\|L_{t} - L_{0}\|_F$ / $\|L_{0}\|_F$,4.21623067158946,twitter,spectral,99,99,99,630,548,100,0,2.9302189350128174,0.02959817106073553,0.2,Classifier Error ($p$)
34,Surrogate,-11.847792431987873,twitter,spectral,99,99,99,630,548,100,0,2.9302189350128174,0.02959817106073553,0.2,Classifier Error ($p$)
34,Disparity,-20.795092756374498,twitter,spectral,99,99,99,630,548,100,0,2.9302189350128174,0.02959817106073553,0.2,Classifier Error ($p$)
34,Polarization,-22.20464912170229,twitter,spectral,99,99,99,630,548,100,0,2.9302189350128174,0.02959817106073553,0.2,Classifier Error ($p$)
34,$\|L_{t} - L_{0}\|_F$ / $\|L_{0}\|_F$,4.359568112689942,twitter,spectral,99,99,99,630,548,100,0,2.9302189350128174,0.02959817106073553,0.2,Classifier Error ($p$)
35,Surrogate,-11.972218368666718,twitter,spectral,99,99,99,630,548,100,0,2.9302189350128174,0.02959817106073553,0.2,Classifier Error ($p$)
35,Disparity,-20.868152608585355,twitter,spectral,99,99,99,630,548,100,0,2.9302189350128174,0.02959817106073553,0.2,Classifier Error ($p$)
35,Polarization,-22.397768337167772,twitter,spectral,99,99,99,630,548,100,0,2.9302189350128174,0.02959817106073553,0.2,Classifier Error ($p$)
35,$\|L_{t} - L_{0}\|_F$ / $\|L_{0}\|_F$,4.424157825100428,twitter,spectral,99,99,99,630,548,100,0,2.9302189350128174,0.02959817106073553,0.2,Classifier Error ($p$)
36,Surrogate,-12.362219371960553,twitter,spectral,99,99,99,630,548,100,0,2.9302189350128174,0.02959817106073553,0.2,Classifier Error ($p$)
36,Disparity,-21.005039835101563,twitter,spectral,99,99,99,630,548,100,0,2.9302189350128174,0.02959817106073553,0.2,Classifier Error ($p$)
36,Polarization,-22.73855540928798,twitter,spectral,99,99,99,630,548,100,0,2.9302189350128174,0.02959817106073553,0.2,Classifier Error ($p$)
36,$\|L_{t} - L_{0}\|_F$ / $\|L_{0}\|_F$,4.632958043782116,twitter,spectral,99,99,99,630,548,100,0,2.9302189350128174,0.02959817106073553,0.2,Classifier Error ($p$)
37,Surrogate,-12.65785934339075,twitter,spectral,99,99,99,630,548,100,0,2.9302189350128174,0.02959817106073553,0.2,Classifier Error ($p$)
37,Disparity,-21.245678653251293,twitter,spectral,99,99,99,630,548,100,0,2.9302189350128174,0.02959817106073553,0.2,Classifier Error ($p$)
37,Polarization,-23.028622112717947,twitter,spectral,99,99,99,630,548,100,0,2.9302189350128174,0.02959817106073553,0.2,Classifier Error ($p$)
37,$\|L_{t} - L_{0}\|_F$ / $\|L_{0}\|_F$,4.66347181845807,twitter,spectral,99,99,99,630,548,100,0,2.9302189350128174,0.02959817106073553,0.2,Classifier Error ($p$)
38,Surrogate,-12.812791875491309,twitter,spectral,99,99,99,630,548,100,0,2.9302189350128174,0.02959817106073553,0.2,Classifier Error ($p$)
38,Disparity,-21.52511202152954,twitter,spectral,99,99,99,630,548,100,0,2.9302189350128174,0.02959817106073553,0.2,Classifier Error ($p$)
38,Polarization,-23.049676491636387,twitter,spectral,99,99,99,630,548,100,0,2.9302189350128174,0.02959817106073553,0.2,Classifier Error ($p$)
38,$\|L_{t} - L_{0}\|_F$ / $\|L_{0}\|_F$,4.7339057999150596,twitter,spectral,99,99,99,630,548,100,0,2.9302189350128174,0.02959817106073553,0.2,Classifier Error ($p$)
39,Surrogate,-12.928568033731318,twitter,spectral,99,99,99,630,548,100,0,2.9302189350128174,0.02959817106073553,0.2,Classifier Error ($p$)
39,Disparity,-21.751569047846633,twitter,spectral,99,99,99,630,548,100,0,2.9302189350128174,0.02959817106073553,0.2,Classifier Error ($p$)
39,Polarization,-23.11103181552944,twitter,spectral,99,99,99,630,548,100,0,2.9302189350128174,0.02959817106073553,0.2,Classifier Error ($p$)
39,$\|L_{t} - L_{0}\|_F$ / $\|L_{0}\|_F$,4.723908099631811,twitter,spectral,99,99,99,630,548,100,0,2.9302189350128174,0.02959817106073553,0.2,Classifier Error ($p$)
40,Surrogate,-12.943863732835817,twitter,spectral,99,99,99,630,548,100,0,2.9302189350128174,0.02959817106073553,0.2,Classifier Error ($p$)
40,Disparity,-21.790001230601266,twitter,spectral,99,99,99,630,548,100,0,2.9302189350128174,0.02959817106073553,0.2,Classifier Error ($p$)
40,Polarization,-23.139371408048437,twitter,spectral,99,99,99,630,548,100,0,2.9302189350128174,0.02959817106073553,0.2,Classifier Error ($p$)
40,$\|L_{t} - L_{0}\|_F$ / $\|L_{0}\|_F$,4.7637730097661715,twitter,spectral,99,99,99,630,548,100,0,2.9302189350128174,0.02959817106073553,0.2,Classifier Error ($p$)
41,Surrogate,-12.98109639481424,twitter,spectral,99,99,99,630,548,100,0,2.9302189350128174,0.02959817106073553,0.2,Classifier Error ($p$)
41,Disparity,-21.861260480772856,twitter,spectral,99,99,99,630,548,100,0,2.9302189350128174,0.02959817106073553,0.2,Classifier Error ($p$)
41,Polarization,-23.158442468825562,twitter,spectral,99,99,99,630,548,100,0,2.9302189350128174,0.02959817106073553,0.2,Classifier Error ($p$)
41,$\|L_{t} - L_{0}\|_F$ / $\|L_{0}\|_F$,4.852271714042637,twitter,spectral,99,99,99,630,548,100,0,2.9302189350128174,0.02959817106073553,0.2,Classifier Error ($p$)
42,Surrogate,-13.087292748895335,twitter,spectral,99,99,99,630,548,100,0,2.9302189350128174,0.02959817106073553,0.2,Classifier Error ($p$)
42,Disparity,-22.0112058139648,twitter,spectral,99,99,99,630,548,100,0,2.9302189350128174,0.02959817106073553,0.2,Classifier Error ($p$)
42,Polarization,-23.191359556379386,twitter,spectral,99,99,99,630,548,100,0,2.9302189350128174,0.02959817106073553,0.2,Classifier Error ($p$)
42,$\|L_{t} - L_{0}\|_F$ / $\|L_{0}\|_F$,4.9200036085164705,twitter,spectral,99,99,99,630,548,100,0,2.9302189350128174,0.02959817106073553,0.2,Classifier Error ($p$)
43,Surrogate,-13.336325465459032,twitter,spectral,99,99,99,630,548,100,0,2.9302189350128174,0.02959817106073553,0.2,Classifier Error ($p$)
43,Disparity,-22.350020586813155,twitter,spectral,99,99,99,630,548,100,0,2.9302189350128174,0.02959817106073553,0.2,Classifier Error ($p$)
43,Polarization,-23.037163337623305,twitter,spectral,99,99,99,630,548,100,0,2.9302189350128174,0.02959817106073553,0.2,Classifier Error ($p$)
43,$\|L_{t} - L_{0}\|_F$ / $\|L_{0}\|_F$,4.977325972852241,twitter,spectral,99,99,99,630,548,100,0,2.9302189350128174,0.02959817106073553,0.2,Classifier Error ($p$)
44,Surrogate,-13.671597176907735,twitter,spectral,99,99,99,630,548,100,0,2.9302189350128174,0.02959817106073553,0.2,Classifier Error ($p$)
44,Disparity,-22.452089136004084,twitter,spectral,99,99,99,630,548,100,0,2.9302189350128174,0.02959817106073553,0.2,Classifier Error ($p$)
44,Polarization,-23.311026141995256,twitter,spectral,99,99,99,630,548,100,0,2.9302189350128174,0.02959817106073553,0.2,Classifier Error ($p$)
44,$\|L_{t} - L_{0}\|_F$ / $\|L_{0}\|_F$,5.163806891633105,twitter,spectral,99,99,99,630,548,100,0,2.9302189350128174,0.02959817106073553,0.2,Classifier Error ($p$)
45,Surrogate,-14.141223462771055,twitter,spectral,99,99,99,630,548,100,0,2.9302189350128174,0.02959817106073553,0.2,Classifier Error ($p$)
45,Disparity,-23.21107680755644,twitter,spectral,99,99,99,630,548,100,0,2.9302189350128174,0.02959817106073553,0.2,Classifier Error ($p$)
45,Polarization,-24.120472504116204,twitter,spectral,99,99,99,630,548,100,0,2.9302189350128174,0.02959817106073553,0.2,Classifier Error ($p$)
45,$\|L_{t} - L_{0}\|_F$ / $\|L_{0}\|_F$,5.245560895881315,twitter,spectral,99,99,99,630,548,100,0,2.9302189350128174,0.02959817106073553,0.2,Classifier Error ($p$)
46,Surrogate,-14.414769837682254,twitter,spectral,99,99,99,630,548,100,0,2.9302189350128174,0.02959817106073553,0.2,Classifier Error ($p$)
46,Disparity,-23.68093098233164,twitter,spectral,99,99,99,630,548,100,0,2.9302189350128174,0.02959817106073553,0.2,Classifier Error ($p$)
46,Polarization,-24.93450488942227,twitter,spectral,99,99,99,630,548,100,0,2.9302189350128174,0.02959817106073553,0.2,Classifier Error ($p$)
46,$\|L_{t} - L_{0}\|_F$ / $\|L_{0}\|_F$,5.290433919435266,twitter,spectral,99,99,99,630,548,100,0,2.9302189350128174,0.02959817106073553,0.2,Classifier Error ($p$)
47,Surrogate,-14.644065557014722,twitter,spectral,99,99,99,630,548,100,0,2.9302189350128174,0.02959817106073553,0.2,Classifier Error ($p$)
47,Disparity,-23.86434957227273,twitter,spectral,99,99,99,630,548,100,0,2.9302189350128174,0.02959817106073553,0.2,Classifier Error ($p$)
47,Polarization,-25.205932593742737,twitter,spectral,99,99,99,630,548,100,0,2.9302189350128174,0.02959817106073553,0.2,Classifier Error ($p$)
47,$\|L_{t} - L_{0}\|_F$ / $\|L_{0}\|_F$,5.31717596304828,twitter,spectral,99,99,99,630,548,100,0,2.9302189350128174,0.02959817106073553,0.2,Classifier Error ($p$)
48,Surrogate,-14.643972525147595,twitter,spectral,99,99,99,630,548,100,0,2.9302189350128174,0.02959817106073553,0.2,Classifier Error ($p$)
48,Disparity,-23.938119922872364,twitter,spectral,99,99,99,630,548,100,0,2.9302189350128174,0.02959817106073553,0.2,Classifier Error ($p$)
48,Polarization,-25.244293371463804,twitter,spectral,99,99,99,630,548,100,0,2.9302189350128174,0.02959817106073553,0.2,Classifier Error ($p$)
48,$\|L_{t} - L_{0}\|_F$ / $\|L_{0}\|_F$,5.34378418240535,twitter,spectral,99,99,99,630,548,100,0,2.9302189350128174,0.02959817106073553,0.2,Classifier Error ($p$)
49,Surrogate,-14.944167044701715,twitter,spectral,99,99,99,630,548,100,0,2.9302189350128174,0.02959817106073553,0.2,Classifier Error ($p$)
49,Disparity,-24.02739405541632,twitter,spectral,99,99,99,630,548,100,0,2.9302189350128174,0.02959817106073553,0.2,Classifier Error ($p$)
49,Polarization,-25.475703558419827,twitter,spectral,99,99,99,630,548,100,0,2.9302189350128174,0.02959817106073553,0.2,Classifier Error ($p$)
49,$\|L_{t} - L_{0}\|_F$ / $\|L_{0}\|_F$,5.560570034239806,twitter,spectral,99,99,99,630,548,100,0,2.9302189350128174,0.02959817106073553,0.2,Classifier Error ($p$)
50,Surrogate,-15.009099893987479,twitter,spectral,99,99,99,630,548,100,0,2.9302189350128174,0.02959817106073553,0.2,Classifier Error ($p$)
50,Disparity,-24.090327315965425,twitter,spectral,99,99,99,630,548,100,0,2.9302189350128174,0.02959817106073553,0.2,Classifier Error ($p$)
50,Polarization,-25.42123738574262,twitter,spectral,99,99,99,630,548,100,0,2.9302189350128174,0.02959817106073553,0.2,Classifier Error ($p$)
50,$\|L_{t} - L_{0}\|_F$ / $\|L_{0}\|_F$,5.6197716881206565,twitter,spectral,99,99,99,630,548,100,0,2.9302189350128174,0.02959817106073553,0.2,Classifier Error ($p$)
51,Surrogate,-15.474131334807478,twitter,spectral,99,99,99,630,548,100,0,2.9302189350128174,0.02959817106073553,0.2,Classifier Error ($p$)
51,Disparity,-24.533687994243433,twitter,spectral,99,99,99,630,548,100,0,2.9302189350128174,0.02959817106073553,0.2,Classifier Error ($p$)
51,Polarization,-25.419124071168316,twitter,spectral,99,99,99,630,548,100,0,2.9302189350128174,0.02959817106073553,0.2,Classifier Error ($p$)
51,$\|L_{t} - L_{0}\|_F$ / $\|L_{0}\|_F$,5.728094524336495,twitter,spectral,99,99,99,630,548,100,0,2.9302189350128174,0.02959817106073553,0.2,Classifier Error ($p$)
52,Surrogate,-15.502264638186873,twitter,spectral,99,99,99,630,548,100,0,2.9302189350128174,0.02959817106073553,0.2,Classifier Error ($p$)
52,Disparity,-24.63644287093797,twitter,spectral,99,99,99,630,548,100,0,2.9302189350128174,0.02959817106073553,0.2,Classifier Error ($p$)
52,Polarization,-25.379481237021633,twitter,spectral,99,99,99,630,548,100,0,2.9302189350128174,0.02959817106073553,0.2,Classifier Error ($p$)
52,$\|L_{t} - L_{0}\|_F$ / $\|L_{0}\|_F$,5.769215615943449,twitter,spectral,99,99,99,630,548,100,0,2.9302189350128174,0.02959817106073553,0.2,Classifier Error ($p$)
53,Surrogate,-15.873778958224486,twitter,spectral,99,99,99,630,548,100,0,2.9302189350128174,0.02959817106073553,0.2,Classifier Error ($p$)
53,Disparity,-25.560218992380058,twitter,spectral,99,99,99,630,548,100,0,2.9302189350128174,0.02959817106073553,0.2,Classifier Error ($p$)
53,Polarization,-25.604935148410828,twitter,spectral,99,99,99,630,548,100,0,2.9302189350128174,0.02959817106073553,0.2,Classifier Error ($p$)
53,$\|L_{t} - L_{0}\|_F$ / $\|L_{0}\|_F$,5.810045676821978,twitter,spectral,99,99,99,630,548,100,0,2.9302189350128174,0.02959817106073553,0.2,Classifier Error ($p$)
54,Surrogate,-16.030462150691132,twitter,spectral,99,99,99,630,548,100,0,2.9302189350128174,0.02959817106073553,0.2,Classifier Error ($p$)
54,Disparity,-25.746771953768892,twitter,spectral,99,99,99,630,548,100,0,2.9302189350128174,0.02959817106073553,0.2,Classifier Error ($p$)
54,Polarization,-25.79202804126126,twitter,spectral,99,99,99,630,548,100,0,2.9302189350128174,0.02959817106073553,0.2,Classifier Error ($p$)
54,$\|L_{t} - L_{0}\|_F$ / $\|L_{0}\|_F$,5.8667303915958655,twitter,spectral,99,99,99,630,548,100,0,2.9302189350128174,0.02959817106073553,0.2,Classifier Error ($p$)
55,Surrogate,-16.04630489877016,twitter,spectral,99,99,99,630,548,100,0,2.9302189350128174,0.02959817106073553,0.2,Classifier Error ($p$)
55,Disparity,-25.788829888320457,twitter,spectral,99,99,99,630,548,100,0,2.9302189350128174,0.02959817106073553,0.2,Classifier Error ($p$)
55,Polarization,-25.776336616434513,twitter,spectral,99,99,99,630,548,100,0,2.9302189350128174,0.02959817106073553,0.2,Classifier Error ($p$)
55,$\|L_{t} - L_{0}\|_F$ / $\|L_{0}\|_F$,5.882825704122075,twitter,spectral,99,99,99,630,548,100,0,2.9302189350128174,0.02959817106073553,0.2,Classifier Error ($p$)
56,Surrogate,-16.188597554712032,twitter,spectral,99,99,99,630,548,100,0,2.9302189350128174,0.02959817106073553,0.2,Classifier Error ($p$)
56,Disparity,-25.907702962205448,twitter,spectral,99,99,99,630,548,100,0,2.9302189350128174,0.02959817106073553,0.2,Classifier Error ($p$)
56,Polarization,-25.75683114406227,twitter,spectral,99,99,99,630,548,100,0,2.9302189350128174,0.02959817106073553,0.2,Classifier Error ($p$)
56,$\|L_{t} - L_{0}\|_F$ / $\|L_{0}\|_F$,5.962650597855236,twitter,spectral,99,99,99,630,548,100,0,2.9302189350128174,0.02959817106073553,0.2,Classifier Error ($p$)
57,Surrogate,-16.76528044184589,twitter,spectral,99,99,99,630,548,100,0,2.9302189350128174,0.02959817106073553,0.2,Classifier Error ($p$)
57,Disparity,-26.899744989155927,twitter,spectral,99,99,99,630,548,100,0,2.9302189350128174,0.02959817106073553,0.2,Classifier Error ($p$)
57,Polarization,-27.20080005950969,twitter,spectral,99,99,99,630,548,100,0,2.9302189350128174,0.02959817106073553,0.2,Classifier Error ($p$)
57,$\|L_{t} - L_{0}\|_F$ / $\|L_{0}\|_F$,6.0335901128950615,twitter,spectral,99,99,99,630,548,100,0,2.9302189350128174,0.02959817106073553,0.2,Classifier Error ($p$)
58,Surrogate,-16.92016083160792,twitter,spectral,99,99,99,630,548,100,0,2.9302189350128174,0.02959817106073553,0.2,Classifier Error ($p$)
58,Disparity,-27.102447411880128,twitter,spectral,99,99,99,630,548,100,0,2.9302189350128174,0.02959817106073553,0.2,Classifier Error ($p$)
58,Polarization,-27.549795445606694,twitter,spectral,99,99,99,630,548,100,0,2.9302189350128174,0.02959817106073553,0.2,Classifier Error ($p$)
58,$\|L_{t} - L_{0}\|_F$ / $\|L_{0}\|_F$,6.08819385132749,twitter,spectral,99,99,99,630,548,100,0,2.9302189350128174,0.02959817106073553,0.2,Classifier Error ($p$)
59,Surrogate,-13.052852397631842,twitter,spectral,99,99,99,630,548,100,0,2.9302189350128174,0.02959817106073553,0.2,Classifier Error ($p$)
59,Disparity,-22.015787536107084,twitter,spectral,99,99,99,630,548,100,0,2.9302189350128174,0.02959817106073553,0.2,Classifier Error ($p$)
59,Polarization,-25.585361986911252,twitter,spectral,99,99,99,630,548,100,0,2.9302189350128174,0.02959817106073553,0.2,Classifier Error ($p$)
59,$\|L_{t} - L_{0}\|_F$ / $\|L_{0}\|_F$,6.134610232407294,twitter,spectral,99,99,99,630,548,100,0,2.9302189350128174,0.02959817106073553,0.2,Classifier Error ($p$)
60,Surrogate,-13.076251075157499,twitter,spectral,99,99,99,630,548,100,0,2.9302189350128174,0.02959817106073553,0.2,Classifier Error ($p$)
60,Disparity,-22.12128764718108,twitter,spectral,99,99,99,630,548,100,0,2.9302189350128174,0.02959817106073553,0.2,Classifier Error ($p$)
60,Polarization,-25.577179007618682,twitter,spectral,99,99,99,630,548,100,0,2.9302189350128174,0.02959817106073553,0.2,Classifier Error ($p$)
60,$\|L_{t} - L_{0}\|_F$ / $\|L_{0}\|_F$,6.1730239467434656,twitter,spectral,99,99,99,630,548,100,0,2.9302189350128174,0.02959817106073553,0.2,Classifier Error ($p$)
61,Surrogate,-13.152927376037265,twitter,spectral,99,99,99,630,548,100,0,2.9302189350128174,0.02959817106073553,0.2,Classifier Error ($p$)
61,Disparity,-22.189479122755767,twitter,spectral,99,99,99,630,548,100,0,2.9302189350128174,0.02959817106073553,0.2,Classifier Error ($p$)
61,Polarization,-25.721551782054377,twitter,spectral,99,99,99,630,548,100,0,2.9302189350128174,0.02959817106073553,0.2,Classifier Error ($p$)
61,$\|L_{t} - L_{0}\|_F$ / $\|L_{0}\|_F$,6.256703998336081,twitter,spectral,99,99,99,630,548,100,0,2.9302189350128174,0.02959817106073553,0.2,Classifier Error ($p$)
62,Surrogate,-13.347058832191014,twitter,spectral,99,99,99,630,548,100,0,2.9302189350128174,0.02959817106073553,0.2,Classifier Error ($p$)
62,Disparity,-22.662832524890238,twitter,spectral,99,99,99,630,548,100,0,2.9302189350128174,0.02959817106073553,0.2,Classifier Error ($p$)
62,Polarization,-26.010037813231317,twitter,spectral,99,99,99,630,548,100,0,2.9302189350128174,0.02959817106073553,0.2,Classifier Error ($p$)
62,$\|L_{t} - L_{0}\|_F$ / $\|L_{0}\|_F$,6.346733142903012,twitter,spectral,99,99,99,630,548,100,0,2.9302189350128174,0.02959817106073553,0.2,Classifier Error ($p$)
63,Surrogate,-13.67948012774501,twitter,spectral,99,99,99,630,548,100,0,2.9302189350128174,0.02959817106073553,0.2,Classifier Error ($p$)
63,Disparity,-23.14313873856544,twitter,spectral,99,99,99,630,548,100,0,2.9302189350128174,0.02959817106073553,0.2,Classifier Error ($p$)
63,Polarization,-26.7062144879082,twitter,spectral,99,99,99,630,548,100,0,2.9302189350128174,0.02959817106073553,0.2,Classifier Error ($p$)
63,$\|L_{t} - L_{0}\|_F$ / $\|L_{0}\|_F$,6.442845228651296,twitter,spectral,99,99,99,630,548,100,0,2.9302189350128174,0.02959817106073553,0.2,Classifier Error ($p$)
64,Surrogate,-13.776041334082537,twitter,spectral,99,99,99,630,548,100,0,2.9302189350128174,0.02959817106073553,0.2,Classifier Error ($p$)
64,Disparity,-23.342263517520013,twitter,spectral,99,99,99,630,548,100,0,2.9302189350128174,0.02959817106073553,0.2,Classifier Error ($p$)
64,Polarization,-26.745070654023333,twitter,spectral,99,99,99,630,548,100,0,2.9302189350128174,0.02959817106073553,0.2,Classifier Error ($p$)
64,$\|L_{t} - L_{0}\|_F$ / $\|L_{0}\|_F$,6.515812959821576,twitter,spectral,99,99,99,630,548,100,0,2.9302189350128174,0.02959817106073553,0.2,Classifier Error ($p$)
65,Surrogate,-13.955877163179405,twitter,spectral,99,99,99,630,548,100,0,2.9302189350128174,0.02959817106073553,0.2,Classifier Error ($p$)
65,Disparity,-23.615178514655728,twitter,spectral,99,99,99,630,548,100,0,2.9302189350128174,0.02959817106073553,0.2,Classifier Error ($p$)
65,Polarization,-26.727619938269022,twitter,spectral,99,99,99,630,548,100,0,2.9302189350128174,0.02959817106073553,0.2,Classifier Error ($p$)
65,$\|L_{t} - L_{0}\|_F$ / $\|L_{0}\|_F$,6.595145093408123,twitter,spectral,99,99,99,630,548,100,0,2.9302189350128174,0.02959817106073553,0.2,Classifier Error ($p$)
66,Surrogate,-14.04431518001252,twitter,spectral,99,99,99,630,548,100,0,2.9302189350128174,0.02959817106073553,0.2,Classifier Error ($p$)
66,Disparity,-23.748933670693045,twitter,spectral,99,99,99,630,548,100,0,2.9302189350128174,0.02959817106073553,0.2,Classifier Error ($p$)
66,Polarization,-26.670877687553784,twitter,spectral,99,99,99,630,548,100,0,2.9302189350128174,0.02959817106073553,0.2,Classifier Error ($p$)
66,$\|L_{t} - L_{0}\|_F$ / $\|L_{0}\|_F$,6.694753785236532,twitter,spectral,99,99,99,630,548,100,0,2.9302189350128174,0.02959817106073553,0.2,Classifier Error ($p$)
67,Surrogate,-14.187282716463256,twitter,spectral,99,99,99,630,548,100,0,2.9302189350128174,0.02959817106073553,0.2,Classifier Error ($p$)
67,Disparity,-23.932591713613224,twitter,spectral,99,99,99,630,548,100,0,2.9302189350128174,0.02959817106073553,0.2,Classifier Error ($p$)
67,Polarization,-26.698707061370385,twitter,spectral,99,99,99,630,548,100,0,2.9302189350128174,0.02959817106073553,0.2,Classifier Error ($p$)
67,$\|L_{t} - L_{0}\|_F$ / $\|L_{0}\|_F$,6.7650049617101455,twitter,spectral,99,99,99,630,548,100,0,2.9302189350128174,0.02959817106073553,0.2,Classifier Error ($p$)
68,Surrogate,-14.287585197782906,twitter,spectral,99,99,99,630,548,100,0,2.9302189350128174,0.02959817106073553,0.2,Classifier Error ($p$)
68,Disparity,-24.20870494379071,twitter,spectral,99,99,99,630,548,100,0,2.9302189350128174,0.02959817106073553,0.2,Classifier Error ($p$)
68,Polarization,-26.659193442858463,twitter,spectral,99,99,99,630,548,100,0,2.9302189350128174,0.02959817106073553,0.2,Classifier Error ($p$)
68,$\|L_{t} - L_{0}\|_F$ / $\|L_{0}\|_F$,6.799858386427979,twitter,spectral,99,99,99,630,548,100,0,2.9302189350128174,0.02959817106073553,0.2,Classifier Error ($p$)
69,Surrogate,-14.398788734486326,twitter,spectral,99,99,99,630,548,100,0,2.9302189350128174,0.02959817106073553,0.2,Classifier Error ($p$)
69,Disparity,-24.368848746296802,twitter,spectral,99,99,99,630,548,100,0,2.9302189350128174,0.02959817106073553,0.2,Classifier Error ($p$)
69,Polarization,-26.720563569825057,twitter,spectral,99,99,99,630,548,100,0,2.9302189350128174,0.02959817106073553,0.2,Classifier Error ($p$)
69,$\|L_{t} - L_{0}\|_F$ / $\|L_{0}\|_F$,6.848355189123279,twitter,spectral,99,99,99,630,548,100,0,2.9302189350128174,0.02959817106073553,0.2,Classifier Error ($p$)
70,Surrogate,-14.634625812033859,twitter,spectral,99,99,99,630,548,100,0,2.9302189350128174,0.02959817106073553,0.2,Classifier Error ($p$)
70,Disparity,-24.669698052309165,twitter,spectral,99,99,99,630,548,100,0,2.9302189350128174,0.02959817106073553,0.2,Classifier Error ($p$)
70,Polarization,-26.800433105372935,twitter,spectral,99,99,99,630,548,100,0,2.9302189350128174,0.02959817106073553,0.2,Classifier Error ($p$)
70,$\|L_{t} - L_{0}\|_F$ / $\|L_{0}\|_F$,6.896510966953402,twitter,spectral,99,99,99,630,548,100,0,2.9302189350128174,0.02959817106073553,0.2,Classifier Error ($p$)
71,Surrogate,-14.730031281464129,twitter,spectral,99,99,99,630,548,100,0,2.9302189350128174,0.02959817106073553,0.2,Classifier Error ($p$)
71,Disparity,-24.763611462238373,twitter,spectral,99,99,99,630,548,100,0,2.9302189350128174,0.02959817106073553,0.2,Classifier Error ($p$)
71,Polarization,-26.80375659334896,twitter,spectral,99,99,99,630,548,100,0,2.9302189350128174,0.02959817106073553,0.2,Classifier Error ($p$)
71,$\|L_{t} - L_{0}\|_F$ / $\|L_{0}\|_F$,6.930703100033976,twitter,spectral,99,99,99,630,548,100,0,2.9302189350128174,0.02959817106073553,0.2,Classifier Error ($p$)
72,Surrogate,-14.906884115389172,twitter,spectral,99,99,99,630,548,100,0,2.9302189350128174,0.02959817106073553,0.2,Classifier Error ($p$)
72,Disparity,-25.04066956571257,twitter,spectral,99,99,99,630,548,100,0,2.9302189350128174,0.02959817106073553,0.2,Classifier Error ($p$)
72,Polarization,-27.265833807955108,twitter,spectral,99,99,99,630,548,100,0,2.9302189350128174,0.02959817106073553,0.2,Classifier Error ($p$)
72,$\|L_{t} - L_{0}\|_F$ / $\|L_{0}\|_F$,7.018823157335693,twitter,spectral,99,99,99,630,548,100,0,2.9302189350128174,0.02959817106073553,0.2,Classifier Error ($p$)
73,Surrogate,-15.10276094143744,twitter,spectral,99,99,99,630,548,100,0,2.9302189350128174,0.02959817106073553,0.2,Classifier Error ($p$)
73,Disparity,-25.10809826438212,twitter,spectral,99,99,99,630,548,100,0,2.9302189350128174,0.02959817106073553,0.2,Classifier Error ($p$)
73,Polarization,-27.601563058446672,twitter,spectral,99,99,99,630,548,100,0,2.9302189350128174,0.02959817106073553,0.2,Classifier Error ($p$)
73,$\|L_{t} - L_{0}\|_F$ / $\|L_{0}\|_F$,7.15227280575901,twitter,spectral,99,99,99,630,548,100,0,2.9302189350128174,0.02959817106073553,0.2,Classifier Error ($p$)
74,Surrogate,-15.189067277155369,twitter,spectral,99,99,99,630,548,100,0,2.9302189350128174,0.02959817106073553,0.2,Classifier Error ($p$)
74,Disparity,-25.19000870199113,twitter,spectral,99,99,99,630,548,100,0,2.9302189350128174,0.02959817106073553,0.2,Classifier Error ($p$)
74,Polarization,-27.648156687768026,twitter,spectral,99,99,99,630,548,100,0,2.9302189350128174,0.02959817106073553,0.2,Classifier Error ($p$)
74,$\|L_{t} - L_{0}\|_F$ / $\|L_{0}\|_F$,7.224619475358289,twitter,spectral,99,99,99,630,548,100,0,2.9302189350128174,0.02959817106073553,0.2,Classifier Error ($p$)
75,Surrogate,-15.272055158604903,twitter,spectral,99,99,99,630,548,100,0,2.9302189350128174,0.02959817106073553,0.2,Classifier Error ($p$)
75,Disparity,-25.23861153531209,twitter,spectral,99,99,99,630,548,100,0,2.9302189350128174,0.02959817106073553,0.2,Classifier Error ($p$)
75,Polarization,-27.75253864518544,twitter,spectral,99,99,99,630,548,100,0,2.9302189350128174,0.02959817106073553,0.2,Classifier Error ($p$)
75,$\|L_{t} - L_{0}\|_F$ / $\|L_{0}\|_F$,7.328576177059548,twitter,spectral,99,99,99,630,548,100,0,2.9302189350128174,0.02959817106073553,0.2,Classifier Error ($p$)
76,Surrogate,-15.40315025049206,twitter,spectral,99,99,99,630,548,100,0,2.9302189350128174,0.02959817106073553,0.2,Classifier Error ($p$)
76,Disparity,-25.461091402136564,twitter,spectral,99,99,99,630,548,100,0,2.9302189350128174,0.02959817106073553,0.2,Classifier Error ($p$)
76,Polarization,-27.788310493431982,twitter,spectral,99,99,99,630,548,100,0,2.9302189350128174,0.02959817106073553,0.2,Classifier Error ($p$)
76,$\|L_{t} - L_{0}\|_F$ / $\|L_{0}\|_F$,7.4437922982581926,twitter,spectral,99,99,99,630,548,100,0,2.9302189350128174,0.02959817106073553,0.2,Classifier Error ($p$)
77,Surrogate,-15.751894113528426,twitter,spectral,99,99,99,630,548,100,0,2.9302189350128174,0.02959817106073553,0.2,Classifier Error ($p$)
77,Disparity,-25.579340305743376,twitter,spectral,99,99,99,630,548,100,0,2.9302189350128174,0.02959817106073553,0.2,Classifier Error ($p$)
77,Polarization,-28.174998387868953,twitter,spectral,99,99,99,630,548,100,0,2.9302189350128174,0.02959817106073553,0.2,Classifier Error ($p$)
77,$\|L_{t} - L_{0}\|_F$ / $\|L_{0}\|_F$,7.550993470236139,twitter,spectral,99,99,99,630,548,100,0,2.9302189350128174,0.02959817106073553,0.2,Classifier Error ($p$)
78,Surrogate,-16.495435549255987,twitter,spectral,99,99,99,630,548,100,0,2.9302189350128174,0.02959817106073553,0.2,Classifier Error ($p$)
78,Disparity,-27.573042197499177,twitter,spectral,99,99,99,630,548,100,0,2.9302189350128174,0.02959817106073553,0.2,Classifier Error ($p$)
78,Polarization,-32.48601654111489,twitter,spectral,99,99,99,630,548,100,0,2.9302189350128174,0.02959817106073553,0.2,Classifier Error ($p$)
78,$\|L_{t} - L_{0}\|_F$ / $\|L_{0}\|_F$,7.594695326901904,twitter,spectral,99,99,99,630,548,100,0,2.9302189350128174,0.02959817106073553,0.2,Classifier Error ($p$)
79,Surrogate,-16.519030686727838,twitter,spectral,99,99,99,630,548,100,0,2.9302189350128174,0.02959817106073553,0.2,Classifier Error ($p$)
79,Disparity,-27.621769126573874,twitter,spectral,99,99,99,630,548,100,0,2.9302189350128174,0.02959817106073553,0.2,Classifier Error ($p$)
79,Polarization,-32.49393580997986,twitter,spectral,99,99,99,630,548,100,0,2.9302189350128174,0.02959817106073553,0.2,Classifier Error ($p$)
79,$\|L_{t} - L_{0}\|_F$ / $\|L_{0}\|_F$,7.65669386847154,twitter,spectral,99,99,99,630,548,100,0,2.9302189350128174,0.02959817106073553,0.2,Classifier Error ($p$)
80,Surrogate,-16.550619546422254,twitter,spectral,99,99,99,630,548,100,0,2.9302189350128174,0.02959817106073553,0.2,Classifier Error ($p$)
80,Disparity,-27.69322986218123,twitter,spectral,99,99,99,630,548,100,0,2.9302189350128174,0.02959817106073553,0.2,Classifier Error ($p$)
80,Polarization,-32.513563191491954,twitter,spectral,99,99,99,630,548,100,0,2.9302189350128174,0.02959817106073553,0.2,Classifier Error ($p$)
80,$\|L_{t} - L_{0}\|_F$ / $\|L_{0}\|_F$,7.712066421771229,twitter,spectral,99,99,99,630,548,100,0,2.9302189350128174,0.02959817106073553,0.2,Classifier Error ($p$)
81,Surrogate,-16.61669076074619,twitter,spectral,99,99,99,630,548,100,0,2.9302189350128174,0.02959817106073553,0.2,Classifier Error ($p$)
81,Disparity,-27.826039363016914,twitter,spectral,99,99,99,630,548,100,0,2.9302189350128174,0.02959817106073553,0.2,Classifier Error ($p$)
81,Polarization,-32.40521160362373,twitter,spectral,99,99,99,630,548,100,0,2.9302189350128174,0.02959817106073553,0.2,Classifier Error ($p$)
81,$\|L_{t} - L_{0}\|_F$ / $\|L_{0}\|_F$,7.791354281955257,twitter,spectral,99,99,99,630,548,100,0,2.9302189350128174,0.02959817106073553,0.2,Classifier Error ($p$)
82,Surrogate,-16.653298844464196,twitter,spectral,99,99,99,630,548,100,0,2.9302189350128174,0.02959817106073553,0.2,Classifier Error ($p$)
82,Disparity,-27.846967652609266,twitter,spectral,99,99,99,630,548,100,0,2.9302189350128174,0.02959817106073553,0.2,Classifier Error ($p$)
82,Polarization,-32.35808693536749,twitter,spectral,99,99,99,630,548,100,0,2.9302189350128174,0.02959817106073553,0.2,Classifier Error ($p$)
82,$\|L_{t} - L_{0}\|_F$ / $\|L_{0}\|_F$,7.839748252116374,twitter,spectral,99,99,99,630,548,100,0,2.9302189350128174,0.02959817106073553,0.2,Classifier Error ($p$)
83,Surrogate,-16.737768566530765,twitter,spectral,99,99,99,630,548,100,0,2.9302189350128174,0.02959817106073553,0.2,Classifier Error ($p$)
83,Disparity,-28.087115241468602,twitter,spectral,99,99,99,630,548,100,0,2.9302189350128174,0.02959817106073553,0.2,Classifier Error ($p$)
83,Polarization,-32.94448519090145,twitter,spectral,99,99,99,630,548,100,0,2.9302189350128174,0.02959817106073553,0.2,Classifier Error ($p$)
83,$\|L_{t} - L_{0}\|_F$ / $\|L_{0}\|_F$,7.875848588487222,twitter,spectral,99,99,99,630,548,100,0,2.9302189350128174,0.02959817106073553,0.2,Classifier Error ($p$)
84,Surrogate,-17.03626770226476,twitter,spectral,99,99,99,630,548,100,0,2.9302189350128174,0.02959817106073553,0.2,Classifier Error ($p$)
84,Disparity,-28.614961603598193,twitter,spectral,99,99,99,630,548,100,0,2.9302189350128174,0.02959817106073553,0.2,Classifier Error ($p$)
84,Polarization,-33.26278794315604,twitter,spectral,99,99,99,630,548,100,0,2.9302189350128174,0.02959817106073553,0.2,Classifier Error ($p$)
84,$\|L_{t} - L_{0}\|_F$ / $\|L_{0}\|_F$,7.929690945244827,twitter,spectral,99,99,99,630,548,100,0,2.9302189350128174,0.02959817106073553,0.2,Classifier Error ($p$)
85,Surrogate,-17.086157615481618,twitter,spectral,99,99,99,630,548,100,0,2.9302189350128174,0.02959817106073553,0.2,Classifier Error ($p$)
85,Disparity,-28.715989752990613,twitter,spectral,99,99,99,630,548,100,0,2.9302189350128174,0.02959817106073553,0.2,Classifier Error ($p$)
85,Polarization,-33.327970738327345,twitter,spectral,99,99,99,630,548,100,0,2.9302189350128174,0.02959817106073553,0.2,Classifier Error ($p$)
85,$\|L_{t} - L_{0}\|_F$ / $\|L_{0}\|_F$,7.959445987668349,twitter,spectral,99,99,99,630,548,100,0,2.9302189350128174,0.02959817106073553,0.2,Classifier Error ($p$)
86,Surrogate,-17.119673431137397,twitter,spectral,99,99,99,630,548,100,0,2.9302189350128174,0.02959817106073553,0.2,Classifier Error ($p$)
86,Disparity,-28.77040021307542,twitter,spectral,99,99,99,630,548,100,0,2.9302189350128174,0.02959817106073553,0.2,Classifier Error ($p$)
86,Polarization,-33.35283630829252,twitter,spectral,99,99,99,630,548,100,0,2.9302189350128174,0.02959817106073553,0.2,Classifier Error ($p$)
86,$\|L_{t} - L_{0}\|_F$ / $\|L_{0}\|_F$,8.000917144398297,twitter,spectral,99,99,99,630,548,100,0,2.9302189350128174,0.02959817106073553,0.2,Classifier Error ($p$)
87,Surrogate,-17.20960905866663,twitter,spectral,99,99,99,630,548,100,0,2.9302189350128174,0.02959817106073553,0.2,Classifier Error ($p$)
87,Disparity,-28.87652606681417,twitter,spectral,99,99,99,630,548,100,0,2.9302189350128174,0.02959817106073553,0.2,Classifier Error ($p$)
87,Polarization,-33.24714691682522,twitter,spectral,99,99,99,630,548,100,0,2.9302189350128174,0.02959817106073553,0.2,Classifier Error ($p$)
87,$\|L_{t} - L_{0}\|_F$ / $\|L_{0}\|_F$,8.030408276983096,twitter,spectral,99,99,99,630,548,100,0,2.9302189350128174,0.02959817106073553,0.2,Classifier Error ($p$)
88,Surrogate,-17.392312886262086,twitter,spectral,99,99,99,630,548,100,0,2.9302189350128174,0.02959817106073553,0.2,Classifier Error ($p$)
88,Disparity,-29.095029460980797,twitter,spectral,99,99,99,630,548,100,0,2.9302189350128174,0.02959817106073553,0.2,Classifier Error ($p$)
88,Polarization,-33.319415905507036,twitter,spectral,99,99,99,630,548,100,0,2.9302189350128174,0.02959817106073553,0.2,Classifier Error ($p$)
88,$\|L_{t} - L_{0}\|_F$ / $\|L_{0}\|_F$,8.100748962871734,twitter,spectral,99,99,99,630,548,100,0,2.9302189350128174,0.02959817106073553,0.2,Classifier Error ($p$)
89,Surrogate,-17.685485918589464,twitter,spectral,99,99,99,630,548,100,0,2.9302189350128174,0.02959817106073553,0.2,Classifier Error ($p$)
89,Disparity,-29.180810069376896,twitter,spectral,99,99,99,630,548,100,0,2.9302189350128174,0.02959817106073553,0.2,Classifier Error ($p$)
89,Polarization,-33.60964648634488,twitter,spectral,99,99,99,630,548,100,0,2.9302189350128174,0.02959817106073553,0.2,Classifier Error ($p$)
89,$\|L_{t} - L_{0}\|_F$ / $\|L_{0}\|_F$,8.285405131793155,twitter,spectral,99,99,99,630,548,100,0,2.9302189350128174,0.02959817106073553,0.2,Classifier Error ($p$)
90,Surrogate,-18.04088924369939,twitter,spectral,99,99,99,630,548,100,0,2.9302189350128174,0.02959817106073553,0.2,Classifier Error ($p$)
90,Disparity,-29.773165974640087,twitter,spectral,99,99,99,630,548,100,0,2.9302189350128174,0.02959817106073553,0.2,Classifier Error ($p$)
90,Polarization,-33.91131657954996,twitter,spectral,99,99,99,630,548,100,0,2.9302189350128174,0.02959817106073553,0.2,Classifier Error ($p$)
90,$\|L_{t} - L_{0}\|_F$ / $\|L_{0}\|_F$,8.359256620721462,twitter,spectral,99,99,99,630,548,100,0,2.9302189350128174,0.02959817106073553,0.2,Classifier Error ($p$)
91,Surrogate,-18.279641010788943,twitter,spectral,99,99,99,630,548,100,0,2.9302189350128174,0.02959817106073553,0.2,Classifier Error ($p$)
91,Disparity,-30.44982312789205,twitter,spectral,99,99,99,630,548,100,0,2.9302189350128174,0.02959817106073553,0.2,Classifier Error ($p$)
91,Polarization,-34.09541335865847,twitter,spectral,99,99,99,630,548,100,0,2.9302189350128174,0.02959817106073553,0.2,Classifier Error ($p$)
91,$\|L_{t} - L_{0}\|_F$ / $\|L_{0}\|_F$,8.460448347913887,twitter,spectral,99,99,99,630,548,100,0,2.9302189350128174,0.02959817106073553,0.2,Classifier Error ($p$)
92,Surrogate,-18.50302977720148,twitter,spectral,99,99,99,630,548,100,0,2.9302189350128174,0.02959817106073553,0.2,Classifier Error ($p$)
92,Disparity,-30.51332213307832,twitter,spectral,99,99,99,630,548,100,0,2.9302189350128174,0.02959817106073553,0.2,Classifier Error ($p$)
92,Polarization,-34.28017419325769,twitter,spectral,99,99,99,630,548,100,0,2.9302189350128174,0.02959817106073553,0.2,Classifier Error ($p$)
92,$\|L_{t} - L_{0}\|_F$ / $\|L_{0}\|_F$,8.637418056699335,twitter,spectral,99,99,99,630,548,100,0,2.9302189350128174,0.02959817106073553,0.2,Classifier Error ($p$)
93,Surrogate,-18.509161999563915,twitter,spectral,99,99,99,630,548,100,0,2.9302189350128174,0.02959817106073553,0.2,Classifier Error ($p$)
93,Disparity,-30.55352035764925,twitter,spectral,99,99,99,630,548,100,0,2.9302189350128174,0.02959817106073553,0.2,Classifier Error ($p$)
93,Polarization,-34.25356274054483,twitter,spectral,99,99,99,630,548,100,0,2.9302189350128174,0.02959817106073553,0.2,Classifier Error ($p$)
93,$\|L_{t} - L_{0}\|_F$ / $\|L_{0}\|_F$,8.691982200466114,twitter,spectral,99,99,99,630,548,100,0,2.9302189350128174,0.02959817106073553,0.2,Classifier Error ($p$)
94,Surrogate,-18.55018642185958,twitter,spectral,99,99,99,630,548,100,0,2.9302189350128174,0.02959817106073553,0.2,Classifier Error ($p$)
94,Disparity,-30.633741889037385,twitter,spectral,99,99,99,630,548,100,0,2.9302189350128174,0.02959817106073553,0.2,Classifier Error ($p$)
94,Polarization,-34.254558885534756,twitter,spectral,99,99,99,630,548,100,0,2.9302189350128174,0.02959817106073553,0.2,Classifier Error ($p$)
94,$\|L_{t} - L_{0}\|_F$ / $\|L_{0}\|_F$,8.713712189878052,twitter,spectral,99,99,99,630,548,100,0,2.9302189350128174,0.02959817106073553,0.2,Classifier Error ($p$)
95,Surrogate,-18.660218217469097,twitter,spectral,99,99,99,630,548,100,0,2.9302189350128174,0.02959817106073553,0.2,Classifier Error ($p$)
95,Disparity,-30.73049106009169,twitter,spectral,99,99,99,630,548,100,0,2.9302189350128174,0.02959817106073553,0.2,Classifier Error ($p$)
95,Polarization,-34.53696746128729,twitter,spectral,99,99,99,630,548,100,0,2.9302189350128174,0.02959817106073553,0.2,Classifier Error ($p$)
95,$\|L_{t} - L_{0}\|_F$ / $\|L_{0}\|_F$,8.773192144468043,twitter,spectral,99,99,99,630,548,100,0,2.9302189350128174,0.02959817106073553,0.2,Classifier Error ($p$)
96,Surrogate,-18.67852513878763,twitter,spectral,99,99,99,630,548,100,0,2.9302189350128174,0.02959817106073553,0.2,Classifier Error ($p$)
96,Disparity,-30.81172906215483,twitter,spectral,99,99,99,630,548,100,0,2.9302189350128174,0.02959817106073553,0.2,Classifier Error ($p$)
96,Polarization,-34.53657721963131,twitter,spectral,99,99,99,630,548,100,0,2.9302189350128174,0.02959817106073553,0.2,Classifier Error ($p$)
96,$\|L_{t} - L_{0}\|_F$ / $\|L_{0}\|_F$,8.853657223672704,twitter,spectral,99,99,99,630,548,100,0,2.9302189350128174,0.02959817106073553,0.2,Classifier Error ($p$)
97,Surrogate,-19.018409557523157,twitter,spectral,99,99,99,630,548,100,0,2.9302189350128174,0.02959817106073553,0.2,Classifier Error ($p$)
97,Disparity,-31.344224893977245,twitter,spectral,99,99,99,630,548,100,0,2.9302189350128174,0.02959817106073553,0.2,Classifier Error ($p$)
97,Polarization,-36.241503341400815,twitter,spectral,99,99,99,630,548,100,0,2.9302189350128174,0.02959817106073553,0.2,Classifier Error ($p$)
97,$\|L_{t} - L_{0}\|_F$ / $\|L_{0}\|_F$,8.890958382267272,twitter,spectral,99,99,99,630,548,100,0,2.9302189350128174,0.02959817106073553,0.2,Classifier Error ($p$)
98,Surrogate,-19.035152271631027,twitter,spectral,99,99,99,630,548,100,0,2.9302189350128174,0.02959817106073553,0.2,Classifier Error ($p$)
98,Disparity,-31.379264910159932,twitter,spectral,99,99,99,630,548,100,0,2.9302189350128174,0.02959817106073553,0.2,Classifier Error ($p$)
98,Polarization,-36.24851914150183,twitter,spectral,99,99,99,630,548,100,0,2.9302189350128174,0.02959817106073553,0.2,Classifier Error ($p$)
98,$\|L_{t} - L_{0}\|_F$ / $\|L_{0}\|_F$,8.943975896782854,twitter,spectral,99,99,99,630,548,100,0,2.9302189350128174,0.02959817106073553,0.2,Classifier Error ($p$)
0,Surrogate,-0.756987133661809,twitter,spectral,99,99,99,630,548,100,0,2.9277756214141846,0.029573491125395805,0.3,Classifier Error ($p$)
0,Disparity,-2.0449449269017137,twitter,spectral,99,99,99,630,548,100,0,2.9277756214141846,0.029573491125395805,0.3,Classifier Error ($p$)
0,Polarization,-1.8676718463127475,twitter,spectral,99,99,99,630,548,100,0,2.9277756214141846,0.029573491125395805,0.3,Classifier Error ($p$)
0,$\|L_{t} - L_{0}\|_F$ / $\|L_{0}\|_F$,0.6150004510645588,twitter,spectral,99,99,99,630,548,100,0,2.9277756214141846,0.029573491125395805,0.3,Classifier Error ($p$)
1,Surrogate,-0.954134227729829,twitter,spectral,99,99,99,630,548,100,0,2.9277756214141846,0.029573491125395805,0.3,Classifier Error ($p$)
1,Disparity,-2.3294183946322633,twitter,spectral,99,99,99,630,548,100,0,2.9277756214141846,0.029573491125395805,0.3,Classifier Error ($p$)
1,Polarization,-2.305837647484944,twitter,spectral,99,99,99,630,548,100,0,2.9277756214141846,0.029573491125395805,0.3,Classifier Error ($p$)
1,$\|L_{t} - L_{0}\|_F$ / $\|L_{0}\|_F$,0.8697419787610701,twitter,spectral,99,99,99,630,548,100,0,2.9277756214141846,0.029573491125395805,0.3,Classifier Error ($p$)
2,Surrogate,-1.1236524327221693,twitter,spectral,99,99,99,630,548,100,0,2.9277756214141846,0.029573491125395805,0.3,Classifier Error ($p$)
2,Disparity,-2.5420395987672335,twitter,spectral,99,99,99,630,548,100,0,2.9277756214141846,0.029573491125395805,0.3,Classifier Error ($p$)
2,Polarization,-2.4241245537218514,twitter,spectral,99,99,99,630,548,100,0,2.9277756214141846,0.029573491125395805,0.3,Classifier Error ($p$)
2,$\|L_{t} - L_{0}\|_F$ / $\|L_{0}\|_F$,1.0652120279215926,twitter,spectral,99,99,99,630,548,100,0,2.9277756214141846,0.029573491125395805,0.3,Classifier Error ($p$)
3,Surrogate,-1.8326716329921389,twitter,spectral,99,99,99,630,548,100,0,2.9277756214141846,0.029573491125395805,0.3,Classifier Error ($p$)
3,Disparity,-2.95677571353305,twitter,spectral,99,99,99,630,548,100,0,2.9277756214141846,0.029573491125395805,0.3,Classifier Error ($p$)
3,Polarization,-3.115338395460166,twitter,spectral,99,99,99,630,548,100,0,2.9277756214141846,0.029573491125395805,0.3,Classifier Error ($p$)
3,$\|L_{t} - L_{0}\|_F$ / $\|L_{0}\|_F$,1.2300009021291176,twitter,spectral,99,99,99,630,548,100,0,2.9277756214141846,0.029573491125395805,0.3,Classifier Error ($p$)
4,Surrogate,-2.1031642826769725,twitter,spectral,99,99,99,630,548,100,0,2.9277756214141846,0.029573491125395805,0.3,Classifier Error ($p$)
4,Disparity,-3.3907194501510927,twitter,spectral,99,99,99,630,548,100,0,2.9277756214141846,0.029573491125395805,0.3,Classifier Error ($p$)
4,Polarization,-3.800157043045157,twitter,spectral,99,99,99,630,548,100,0,2.9277756214141846,0.029573491125395805,0.3,Classifier Error ($p$)
4,$\|L_{t} - L_{0}\|_F$ / $\|L_{0}\|_F$,1.3751828147733864,twitter,spectral,99,99,99,630,548,100,0,2.9277756214141846,0.029573491125395805,0.3,Classifier Error ($p$)
5,Surrogate,-2.492683765738636,twitter,spectral,99,99,99,630,548,100,0,2.9277756214141846,0.029573491125395805,0.3,Classifier Error ($p$)
5,Disparity,-3.7947930490709285,twitter,spectral,99,99,99,630,548,100,0,2.9277756214141846,0.029573491125395805,0.3,Classifier Error ($p$)
5,Polarization,-3.818848673669721,twitter,spectral,99,99,99,630,548,100,0,2.9277756214141846,0.029573491125395805,0.3,Classifier Error ($p$)
5,$\|L_{t} - L_{0}\|_F$ / $\|L_{0}\|_F$,1.537501127661397,twitter,spectral,99,99,99,630,548,100,0,2.9277756214141846,0.029573491125395805,0.3,Classifier Error ($p$)
6,Surrogate,-2.6460733542325396,twitter,spectral,99,99,99,630,548,100,0,2.9277756214141846,0.029573491125395805,0.3,Classifier Error ($p$)
6,Disparity,-3.9770997909909367,twitter,spectral,99,99,99,630,548,100,0,2.9277756214141846,0.029573491125395805,0.3,Classifier Error ($p$)
6,Polarization,-4.51101421457093,twitter,spectral,99,99,99,630,548,100,0,2.9277756214141846,0.029573491125395805,0.3,Classifier Error ($p$)
6,$\|L_{t} - L_{0}\|_F$ / $\|L_{0}\|_F$,1.655939392722354,twitter,spectral,99,99,99,630,548,100,0,2.9277756214141846,0.029573491125395805,0.3,Classifier Error ($p$)
7,Surrogate,-3.0616727856894226,twitter,spectral,99,99,99,630,548,100,0,2.9277756214141846,0.029573491125395805,0.3,Classifier Error ($p$)
7,Disparity,-5.0608170912923365,twitter,spectral,99,99,99,630,548,100,0,2.9277756214141846,0.029573491125395805,0.3,Classifier Error ($p$)
7,Polarization,-6.0223822839182715,twitter,spectral,99,99,99,630,548,100,0,2.9277756214141846,0.029573491125395805,0.3,Classifier Error ($p$)
7,$\|L_{t} - L_{0}\|_F$ / $\|L_{0}\|_F$,1.7664543093947518,twitter,spectral,99,99,99,630,548,100,0,2.9277756214141846,0.029573491125395805,0.3,Classifier Error ($p$)
8,Surrogate,-3.2654317916563045,twitter,spectral,99,99,99,630,548,100,0,2.9277756214141846,0.029573491125395805,0.3,Classifier Error ($p$)
8,Disparity,-5.606525740340035,twitter,spectral,99,99,99,630,548,100,0,2.9277756214141846,0.029573491125395805,0.3,Classifier Error ($p$)
8,Polarization,-7.0237579490977184,twitter,spectral,99,99,99,630,548,100,0,2.9277756214141846,0.029573491125395805,0.3,Classifier Error ($p$)
8,$\|L_{t} - L_{0}\|_F$ / $\|L_{0}\|_F$,1.870450849926001,twitter,spectral,99,99,99,630,548,100,0,2.9277756214141846,0.029573491125395805,0.3,Classifier Error ($p$)
9,Surrogate,-3.8572743760798307,twitter,spectral,99,99,99,630,548,100,0,2.9277756214141846,0.029573491125395805,0.3,Classifier Error ($p$)
9,Disparity,-5.910356147995955,twitter,spectral,99,99,99,630,548,100,0,2.9277756214141846,0.029573491125395805,0.3,Classifier Error ($p$)
9,Polarization,-7.5183025661546985,twitter,spectral,99,99,99,630,548,100,0,2.9277756214141846,0.029573491125395805,0.3,Classifier Error ($p$)
9,$\|L_{t} - L_{0}\|_F$ / $\|L_{0}\|_F$,1.9928292263766387,twitter,spectral,99,99,99,630,548,100,0,2.9277756214141846,0.029573491125395805,0.3,Classifier Error ($p$)
10,Surrogate,-4.266190124256368,twitter,spectral,99,99,99,630,548,100,0,2.9277756214141846,0.029573491125395805,0.3,Classifier Error ($p$)
10,Disparity,-6.695580588517795,twitter,spectral,99,99,99,630,548,100,0,2.9277756214141846,0.029573491125395805,0.3,Classifier Error ($p$)
10,Polarization,-7.8921096300956535,twitter,spectral,99,99,99,630,548,100,0,2.9277756214141846,0.029573491125395805,0.3,Classifier Error ($p$)
10,$\|L_{t} - L_{0}\|_F$ / $\|L_{0}\|_F$,2.0855679994453604,twitter,spectral,99,99,99,630,548,100,0,2.9277756214141846,0.029573491125395805,0.3,Classifier Error ($p$)
11,Surrogate,-4.804710158863322,twitter,spectral,99,99,99,630,548,100,0,2.9277756214141846,0.029573491125395805,0.3,Classifier Error ($p$)
11,Disparity,-6.978138533815385,twitter,spectral,99,99,99,630,548,100,0,2.9277756214141846,0.029573491125395805,0.3,Classifier Error ($p$)
11,Polarization,-8.160166853351182,twitter,spectral,99,99,99,630,548,100,0,2.9277756214141846,0.029573491125395805,0.3,Classifier Error ($p$)
11,$\|L_{t} - L_{0}\|_F$ / $\|L_{0}\|_F$,2.2174156607467483,twitter,spectral,99,99,99,630,548,100,0,2.9277756214141846,0.029573491125395805,0.3,Classifier Error ($p$)
12,Surrogate,-4.887166337771191,twitter,spectral,99,99,99,630,548,100,0,2.9277756214141846,0.029573491125395805,0.3,Classifier Error ($p$)
12,Disparity,-7.067673464705942,twitter,spectral,99,99,99,630,548,100,0,2.9277756214141846,0.029573491125395805,0.3,Classifier Error ($p$)
12,Polarization,-8.593813556266742,twitter,spectral,99,99,99,630,548,100,0,2.9277756214141846,0.029573491125395805,0.3,Classifier Error ($p$)
12,$\|L_{t} - L_{0}\|_F$ / $\|L_{0}\|_F$,2.321575791577125,twitter,spectral,99,99,99,630,548,100,0,2.9277756214141846,0.029573491125395805,0.3,Classifier Error ($p$)
13,Surrogate,-5.067113432620611,twitter,spectral,99,99,99,630,548,100,0,2.9277756214141846,0.029573491125395805,0.3,Classifier Error ($p$)
13,Disparity,-7.173617091390155,twitter,spectral,99,99,99,630,548,100,0,2.9277756214141846,0.029573491125395805,0.3,Classifier Error ($p$)
13,Polarization,-8.606753511010375,twitter,spectral,99,99,99,630,548,100,0,2.9277756214141846,0.029573491125395805,0.3,Classifier Error ($p$)
13,$\|L_{t} - L_{0}\|_F$ / $\|L_{0}\|_F$,2.4600018042582352,twitter,spectral,99,99,99,630,548,100,0,2.9277756214141846,0.029573491125395805,0.3,Classifier Error ($p$)
14,Surrogate,-5.432076083056852,twitter,spectral,99,99,99,630,548,100,0,2.9277756214141846,0.029573491125395805,0.3,Classifier Error ($p$)
14,Disparity,-7.332989470824286,twitter,spectral,99,99,99,630,548,100,0,2.9277756214141846,0.029573491125395805,0.3,Classifier Error ($p$)
14,Polarization,-8.948341701499915,twitter,spectral,99,99,99,630,548,100,0,2.9277756214141846,0.029573491125395805,0.3,Classifier Error ($p$)
14,$\|L_{t} - L_{0}\|_F$ / $\|L_{0}\|_F$,2.6272830786337806,twitter,spectral,99,99,99,630,548,100,0,2.9277756214141846,0.029573491125395805,0.3,Classifier Error ($p$)
15,Surrogate,-5.518903731372533,twitter,spectral,99,99,99,630,548,100,0,2.9277756214141846,0.029573491125395805,0.3,Classifier Error ($p$)
15,Disparity,-7.52377866609247,twitter,spectral,99,99,99,630,548,100,0,2.9277756214141846,0.029573491125395805,0.3,Classifier Error ($p$)
15,Polarization,-9.241459002385021,twitter,spectral,99,99,99,630,548,100,0,2.9277756214141846,0.029573491125395805,0.3,Classifier Error ($p$)
15,$\|L_{t} - L_{0}\|_F$ / $\|L_{0}\|_F$,2.715768458242972,twitter,spectral,99,99,99,630,548,100,0,2.9277756214141846,0.029573491125395805,0.3,Classifier Error ($p$)
16,Surrogate,-5.797771284792757,twitter,spectral,99,99,99,630,548,100,0,2.9277756214141846,0.029573491125395805,0.3,Classifier Error ($p$)
16,Disparity,-7.807949531236896,twitter,spectral,99,99,99,630,548,100,0,2.9277756214141846,0.029573491125395805,0.3,Classifier Error ($p$)
16,Polarization,-9.38038329803478,twitter,spectral,99,99,99,630,548,100,0,2.9277756214141846,0.029573491125395805,0.3,Classifier Error ($p$)
16,$\|L_{t} - L_{0}\|_F$ / $\|L_{0}\|_F$,2.8182861194353257,twitter,spectral,99,99,99,630,548,100,0,2.9277756214141846,0.029573491125395805,0.3,Classifier Error ($p$)
17,Surrogate,-6.1766658533803955,twitter,spectral,99,99,99,630,548,100,0,2.9277756214141846,0.029573491125395805,0.3,Classifier Error ($p$)
17,Disparity,-8.98933618352869,twitter,spectral,99,99,99,630,548,100,0,2.9277756214141846,0.029573491125395805,0.3,Classifier Error ($p$)
17,Polarization,-10.110755970083869,twitter,spectral,99,99,99,630,548,100,0,2.9277756214141846,0.029573491125395805,0.3,Classifier Error ($p$)
17,$\|L_{t} - L_{0}\|_F$ / $\|L_{0}\|_F$,2.868171162449869,twitter,spectral,99,99,99,630,548,100,0,2.9277756214141846,0.029573491125395805,0.3,Classifier Error ($p$)
18,Surrogate,-6.416670344522555,twitter,spectral,99,99,99,630,548,100,0,2.9277756214141846,0.029573491125395805,0.3,Classifier Error ($p$)
18,Disparity,-8.998036072840057,twitter,spectral,99,99,99,630,548,100,0,2.9277756214141846,0.029573491125395805,0.3,Classifier Error ($p$)
18,Polarization,-10.364626283602918,twitter,spectral,99,99,99,630,548,100,0,2.9277756214141846,0.029573491125395805,0.3,Classifier Error ($p$)
18,$\|L_{t} - L_{0}\|_F$ / $\|L_{0}\|_F$,3.044096925663745,twitter,spectral,99,99,99,630,548,100,0,2.9277756214141846,0.029573491125395805,0.3,Classifier Error ($p$)
19,Surrogate,-6.605120478570448,twitter,spectral,99,99,99,630,548,100,0,2.9277756214141846,0.029573491125395805,0.3,Classifier Error ($p$)
19,Disparity,-9.352683364706492,twitter,spectral,99,99,99,630,548,100,0,2.9277756214141846,0.029573491125395805,0.3,Classifier Error ($p$)
19,Polarization,-10.908960548590342,twitter,spectral,99,99,99,630,548,100,0,2.9277756214141846,0.029573491125395805,0.3,Classifier Error ($p$)
19,$\|L_{t} - L_{0}\|_F$ / $\|L_{0}\|_F$,3.165908590350436,twitter,spectral,99,99,99,630,548,100,0,2.9277756214141846,0.029573491125395805,0.3,Classifier Error ($p$)
20,Surrogate,-6.7494744231442345,twitter,spectral,99,99,99,630,548,100,0,2.9277756214141846,0.029573491125395805,0.3,Classifier Error ($p$)
20,Disparity,-9.694062942854318,twitter,spectral,99,99,99,630,548,100,0,2.9277756214141846,0.029573491125395805,0.3,Classifier Error ($p$)
20,Polarization,-10.909907409294867,twitter,spectral,99,99,99,630,548,100,0,2.9277756214141846,0.029573491125395805,0.3,Classifier Error ($p$)
20,$\|L_{t} - L_{0}\|_F$ / $\|L_{0}\|_F$,3.2250895735257177,twitter,spectral,99,99,99,630,548,100,0,2.9277756214141846,0.029573491125395805,0.3,Classifier Error ($p$)
21,Surrogate,-6.910815929577234,twitter,spectral,99,99,99,630,548,100,0,2.9277756214141846,0.029573491125395805,0.3,Classifier Error ($p$)
21,Disparity,-9.827077321715324,twitter,spectral,99,99,99,630,548,100,0,2.9277756214141846,0.029573491125395805,0.3,Classifier Error ($p$)
21,Polarization,-11.18553483673593,twitter,spectral,99,99,99,630,548,100,0,2.9277756214141846,0.029573491125395805,0.3,Classifier Error ($p$)
21,$\|L_{t} - L_{0}\|_F$ / $\|L_{0}\|_F$,3.311878785444708,twitter,spectral,99,99,99,630,548,100,0,2.9277756214141846,0.029573491125395805,0.3,Classifier Error ($p$)
22,Surrogate,-7.089037387546809,twitter,spectral,99,99,99,630,548,100,0,2.9277756214141846,0.029573491125395805,0.3,Classifier Error ($p$)
22,Disparity,-10.110270805311279,twitter,spectral,99,99,99,630,548,100,0,2.9277756214141846,0.029573491125395805,0.3,Classifier Error ($p$)
22,Polarization,-11.223250702921524,twitter,spectral,99,99,99,630,548,100,0,2.9277756214141846,0.029573491125395805,0.3,Classifier Error ($p$)
22,$\|L_{t} - L_{0}\|_F$ / $\|L_{0}\|_F$,3.3825024808550728,twitter,spectral,99,99,99,630,548,100,0,2.9277756214141846,0.029573491125395805,0.3,Classifier Error ($p$)
23,Surrogate,-7.215956437828522,twitter,spectral,99,99,99,630,548,100,0,2.9277756214141846,0.029573491125395805,0.3,Classifier Error ($p$)
23,Disparity,-10.345501624144001,twitter,spectral,99,99,99,630,548,100,0,2.9277756214141846,0.029573491125395805,0.3,Classifier Error ($p$)
23,Polarization,-11.548912765548634,twitter,spectral,99,99,99,630,548,100,0,2.9277756214141846,0.029573491125395805,0.3,Classifier Error ($p$)
23,$\|L_{t} - L_{0}\|_F$ / $\|L_{0}\|_F$,3.437957036933466,twitter,spectral,99,99,99,630,548,100,0,2.9277756214141846,0.029573491125395805,0.3,Classifier Error ($p$)
24,Surrogate,-7.216641256800303,twitter,spectral,99,99,99,630,548,100,0,2.9277756214141846,0.029573491125395805,0.3,Classifier Error ($p$)
24,Disparity,-10.355989123949074,twitter,spectral,99,99,99,630,548,100,0,2.9277756214141846,0.029573491125395805,0.3,Classifier Error ($p$)
24,Polarization,-11.444414203108142,twitter,spectral,99,99,99,630,548,100,0,2.9277756214141846,0.029573491125395805,0.3,Classifier Error ($p$)
24,$\|L_{t} - L_{0}\|_F$ / $\|L_{0}\|_F$,3.4789679150442803,twitter,spectral,99,99,99,630,548,100,0,2.9277756214141846,0.029573491125395805,0.3,Classifier Error ($p$)
25,Surrogate,-7.610869075097239,twitter,spectral,99,99,99,630,548,100,0,2.9277756214141846,0.029573491125395805,0.3,Classifier Error ($p$)
25,Disparity,-10.536692325508772,twitter,spectral,99,99,99,630,548,100,0,2.9277756214141846,0.029573491125395805,0.3,Classifier Error ($p$)
25,Polarization,-11.919604471562653,twitter,spectral,99,99,99,630,548,100,0,2.9277756214141846,0.029573491125395805,0.3,Classifier Error ($p$)
25,$\|L_{t} - L_{0}\|_F$ / $\|L_{0}\|_F$,3.586038045465603,twitter,spectral,99,99,99,630,548,100,0,2.9277756214141846,0.029573491125395805,0.3,Classifier Error ($p$)
26,Surrogate,-8.3246325208801,twitter,spectral,99,99,99,630,548,100,0,2.9277756214141846,0.029573491125395805,0.3,Classifier Error ($p$)
26,Disparity,-12.600799168071442,twitter,spectral,99,99,99,630,548,100,0,2.9277756214141846,0.029573491125395805,0.3,Classifier Error ($p$)
26,Polarization,-15.706704448607619,twitter,spectral,99,99,99,630,548,100,0,2.9277756214141846,0.029573491125395805,0.3,Classifier Error ($p$)
26,$\|L_{t} - L_{0}\|_F$ / $\|L_{0}\|_F$,3.6513628698115967,twitter,spectral,99,99,99,630,548,100,0,2.9277756214141846,0.029573491125395805,0.3,Classifier Error ($p$)
27,Surrogate,-8.505786351739992,twitter,spectral,99,99,99,630,548,100,0,2.9277756214141846,0.029573491125395805,0.3,Classifier Error ($p$)
27,Disparity,-12.847348906560352,twitter,spectral,99,99,99,630,548,100,0,2.9277756214141846,0.029573491125395805,0.3,Classifier Error ($p$)
27,Polarization,-15.869007013280589,twitter,spectral,99,99,99,630,548,100,0,2.9277756214141846,0.029573491125395805,0.3,Classifier Error ($p$)
27,$\|L_{t} - L_{0}\|_F$ / $\|L_{0}\|_F$,3.728242097725575,twitter,spectral,99,99,99,630,548,100,0,2.9277756214141846,0.029573491125395805,0.3,Classifier Error ($p$)
28,Surrogate,-9.099965510309287,twitter,spectral,99,99,99,630,548,100,0,2.9277756214141846,0.029573491125395805,0.3,Classifier Error ($p$)
28,Disparity,-13.990241135045137,twitter,spectral,99,99,99,630,548,100,0,2.9277756214141846,0.029573491125395805,0.3,Classifier Error ($p$)
28,Polarization,-17.313324569919903,twitter,spectral,99,99,99,630,548,100,0,2.9277756214141846,0.029573491125395805,0.3,Classifier Error ($p$)
28,$\|L_{t} - L_{0}\|_F$ / $\|L_{0}\|_F$,3.778626032576233,twitter,spectral,99,99,99,630,548,100,0,2.9277756214141846,0.029573491125395805,0.3,Classifier Error ($p$)
29,Surrogate,-9.145741973000455,twitter,spectral,99,99,99,630,548,100,0,2.9277756214141846,0.029573491125395805,0.3,Classifier Error ($p$)
29,Disparity,-14.052779768124745,twitter,spectral,99,99,99,630,548,100,0,2.9277756214141846,0.029573491125395805,0.3,Classifier Error ($p$)
29,Polarization,-17.18199285994232,twitter,spectral,99,99,99,630,548,100,0,2.9277756214141846,0.029573491125395805,0.3,Classifier Error ($p$)
29,$\|L_{t} - L_{0}\|_F$ / $\|L_{0}\|_F$,3.877430309326271,twitter,spectral,99,99,99,630,548,100,0,2.9277756214141846,0.029573491125395805,0.3,Classifier Error ($p$)
30,Surrogate,-9.316128604019717,twitter,spectral,99,99,99,630,548,100,0,2.9277756214141846,0.029573491125395805,0.3,Classifier Error ($p$)
30,Disparity,-14.320047396197907,twitter,spectral,99,99,99,630,548,100,0,2.9277756214141846,0.029573491125395805,0.3,Classifier Error ($p$)
30,Polarization,-17.281706267390117,twitter,spectral,99,99,99,630,548,100,0,2.9277756214141846,0.029573491125395805,0.3,Classifier Error ($p$)
30,$\|L_{t} - L_{0}\|_F$ / $\|L_{0}\|_F$,3.937924294243611,twitter,spectral,99,99,99,630,548,100,0,2.9277756214141846,0.029573491125395805,0.3,Classifier Error ($p$)
31,Surrogate,-9.542625126327337,twitter,spectral,99,99,99,630,548,100,0,2.9277756214141846,0.029573491125395805,0.3,Classifier Error ($p$)
31,Disparity,-14.858986330675139,twitter,spectral,99,99,99,630,548,100,0,2.9277756214141846,0.029573491125395805,0.3,Classifier Error ($p$)
31,Polarization,-18.59091892669192,twitter,spectral,99,99,99,630,548,100,0,2.9277756214141846,0.029573491125395805,0.3,Classifier Error ($p$)
31,$\|L_{t} - L_{0}\|_F$ / $\|L_{0}\|_F$,4.009312419780786,twitter,spectral,99,99,99,630,548,100,0,2.9277756214141846,0.029573491125395805,0.3,Classifier Error ($p$)
32,Surrogate,-9.874852398978124,twitter,spectral,99,99,99,630,548,100,0,2.9277756214141846,0.029573491125395805,0.3,Classifier Error ($p$)
32,Disparity,-14.99207155559333,twitter,spectral,99,99,99,630,548,100,0,2.9277756214141846,0.029573491125395805,0.3,Classifier Error ($p$)
32,Polarization,-19.006467836517825,twitter,spectral,99,99,99,630,548,100,0,2.9277756214141846,0.029573491125395805,0.3,Classifier Error ($p$)
32,$\|L_{t} - L_{0}\|_F$ / $\|L_{0}\|_F$,4.1484048432906455,twitter,spectral,99,99,99,630,548,100,0,2.9277756214141846,0.029573491125395805,0.3,Classifier Error ($p$)
33,Surrogate,-10.11090482631415,twitter,spectral,99,99,99,630,548,100,0,2.9277756214141846,0.029573491125395805,0.3,Classifier Error ($p$)
33,Disparity,-15.08358385649624,twitter,spectral,99,99,99,630,548,100,0,2.9277756214141846,0.029573491125395805,0.3,Classifier Error ($p$)
33,Polarization,-19.302085686667155,twitter,spectral,99,99,99,630,548,100,0,2.9277756214141846,0.029573491125395805,0.3,Classifier Error ($p$)
33,$\|L_{t} - L_{0}\|_F$ / $\|L_{0}\|_F$,4.2719296599503735,twitter,spectral,99,99,99,630,548,100,0,2.9277756214141846,0.029573491125395805,0.3,Classifier Error ($p$)
34,Surrogate,-10.326811812606204,twitter,spectral,99,99,99,630,548,100,0,2.9277756214141846,0.029573491125395805,0.3,Classifier Error ($p$)
34,Disparity,-15.442891184177446,twitter,spectral,99,99,99,630,548,100,0,2.9277756214141846,0.029573491125395805,0.3,Classifier Error ($p$)
34,Polarization,-19.270627207835158,twitter,spectral,99,99,99,630,548,100,0,2.9277756214141846,0.029573491125395805,0.3,Classifier Error ($p$)
34,$\|L_{t} - L_{0}\|_F$ / $\|L_{0}\|_F$,4.282982536535273,twitter,spectral,99,99,99,630,548,100,0,2.9277756214141846,0.029573491125395805,0.3,Classifier Error ($p$)
35,Surrogate,-10.349028433067087,twitter,spectral,99,99,99,630,548,100,0,2.9277756214141846,0.029573491125395805,0.3,Classifier Error ($p$)
35,Disparity,-15.497609482480135,twitter,spectral,99,99,99,630,548,100,0,2.9277756214141846,0.029573491125395805,0.3,Classifier Error ($p$)
35,Polarization,-19.23802057182405,twitter,spectral,99,99,99,630,548,100,0,2.9277756214141846,0.029573491125395805,0.3,Classifier Error ($p$)
35,$\|L_{t} - L_{0}\|_F$ / $\|L_{0}\|_F$,4.34870989380535,twitter,spectral,99,99,99,630,548,100,0,2.9277756214141846,0.029573491125395805,0.3,Classifier Error ($p$)
36,Surrogate,-10.609923036278527,twitter,spectral,99,99,99,630,548,100,0,2.9277756214141846,0.029573491125395805,0.3,Classifier Error ($p$)
36,Disparity,-16.46551036362362,twitter,spectral,99,99,99,630,548,100,0,2.9277756214141846,0.029573491125395805,0.3,Classifier Error ($p$)
36,Polarization,-20.23353040191612,twitter,spectral,99,99,99,630,548,100,0,2.9277756214141846,0.029573491125395805,0.3,Classifier Error ($p$)
36,$\|L_{t} - L_{0}\|_F$ / $\|L_{0}\|_F$,4.445479191133636,twitter,spectral,99,99,99,630,548,100,0,2.9277756214141846,0.029573491125395805,0.3,Classifier Error ($p$)
37,Surrogate,-10.628823107322772,twitter,spectral,99,99,99,630,548,100,0,2.9277756214141846,0.029573491125395805,0.3,Classifier Error ($p$)
37,Disparity,-16.514501845267983,twitter,spectral,99,99,99,630,548,100,0,2.9277756214141846,0.029573491125395805,0.3,Classifier Error ($p$)
37,Polarization,-20.223093840789236,twitter,spectral,99,99,99,630,548,100,0,2.9277756214141846,0.029573491125395805,0.3,Classifier Error ($p$)
37,$\|L_{t} - L_{0}\|_F$ / $\|L_{0}\|_F$,4.519311890068994,twitter,spectral,99,99,99,630,548,100,0,2.9277756214141846,0.029573491125395805,0.3,Classifier Error ($p$)
38,Surrogate,-11.025333173638668,twitter,spectral,99,99,99,630,548,100,0,2.9277756214141846,0.029573491125395805,0.3,Classifier Error ($p$)
38,Disparity,-17.23213693745228,twitter,spectral,99,99,99,630,548,100,0,2.9277756214141846,0.029573491125395805,0.3,Classifier Error ($p$)
38,Polarization,-20.219504698529697,twitter,spectral,99,99,99,630,548,100,0,2.9277756214141846,0.029573491125395805,0.3,Classifier Error ($p$)
38,$\|L_{t} - L_{0}\|_F$ / $\|L_{0}\|_F$,4.581650171273817,twitter,spectral,99,99,99,630,548,100,0,2.9277756214141846,0.029573491125395805,0.3,Classifier Error ($p$)
39,Surrogate,-11.118666546549743,twitter,spectral,99,99,99,630,548,100,0,2.9277756214141846,0.029573491125395805,0.3,Classifier Error ($p$)
39,Disparity,-17.28635589005925,twitter,spectral,99,99,99,630,548,100,0,2.9277756214141846,0.029573491125395805,0.3,Classifier Error ($p$)
39,Polarization,-20.123567923757367,twitter,spectral,99,99,99,630,548,100,0,2.9277756214141846,0.029573491125395805,0.3,Classifier Error ($p$)
39,$\|L_{t} - L_{0}\|_F$ / $\|L_{0}\|_F$,4.653322792677315,twitter,spectral,99,99,99,630,548,100,0,2.9277756214141846,0.029573491125395805,0.3,Classifier Error ($p$)
40,Surrogate,-11.378474102388449,twitter,spectral,99,99,99,630,548,100,0,2.9277756214141846,0.029573491125395805,0.3,Classifier Error ($p$)
40,Disparity,-17.389060150801313,twitter,spectral,99,99,99,630,548,100,0,2.9277756214141846,0.029573491125395805,0.3,Classifier Error ($p$)
40,Polarization,-20.161691295595933,twitter,spectral,99,99,99,630,548,100,0,2.9277756214141846,0.029573491125395805,0.3,Classifier Error ($p$)
40,$\|L_{t} - L_{0}\|_F$ / $\|L_{0}\|_F$,4.832745390509774,twitter,spectral,99,99,99,630,548,100,0,2.9277756214141846,0.029573491125395805,0.3,Classifier Error ($p$)
41,Surrogate,-11.621726589620064,twitter,spectral,99,99,99,630,548,100,0,2.9277756214141846,0.029573491125395805,0.3,Classifier Error ($p$)
41,Disparity,-17.475780912060554,twitter,spectral,99,99,99,630,548,100,0,2.9277756214141846,0.029573491125395805,0.3,Classifier Error ($p$)
41,Polarization,-20.44481995155488,twitter,spectral,99,99,99,630,548,100,0,2.9277756214141846,0.029573491125395805,0.3,Classifier Error ($p$)
41,$\|L_{t} - L_{0}\|_F$ / $\|L_{0}\|_F$,5.015176905637439,twitter,spectral,99,99,99,630,548,100,0,2.9277756214141846,0.029573491125395805,0.3,Classifier Error ($p$)
42,Surrogate,-14.201819576638366,twitter,spectral,99,99,99,630,548,100,0,2.9277756214141846,0.029573491125395805,0.3,Classifier Error ($p$)
42,Disparity,-24.74396821730155,twitter,spectral,99,99,99,630,548,100,0,2.9277756214141846,0.029573491125395805,0.3,Classifier Error ($p$)
42,Polarization,-29.27566006388239,twitter,spectral,99,99,99,630,548,100,0,2.9277756214141846,0.029573491125395805,0.3,Classifier Error ($p$)
42,$\|L_{t} - L_{0}\|_F$ / $\|L_{0}\|_F$,5.062092584924848,twitter,spectral,99,99,99,630,548,100,0,2.9277756214141846,0.029573491125395805,0.3,Classifier Error ($p$)
43,Surrogate,-14.715320094355762,twitter,spectral,99,99,99,630,548,100,0,2.9277756214141846,0.029573491125395805,0.3,Classifier Error ($p$)
43,Disparity,-25.6591563417348,twitter,spectral,99,99,99,630,548,100,0,2.9277756214141846,0.029573491125395805,0.3,Classifier Error ($p$)
43,Polarization,-31.36824049921628,twitter,spectral,99,99,99,630,548,100,0,2.9277756214141846,0.029573491125395805,0.3,Classifier Error ($p$)
43,$\|L_{t} - L_{0}\|_F$ / $\|L_{0}\|_F$,5.108577422518244,twitter,spectral,99,99,99,630,548,100,0,2.9277756214141846,0.029573491125395805,0.3,Classifier Error ($p$)
44,Surrogate,-14.861004829599947,twitter,spectral,99,99,99,630,548,100,0,2.9277756214141846,0.029573491125395805,0.3,Classifier Error ($p$)
44,Disparity,-26.168233278145216,twitter,spectral,99,99,99,630,548,100,0,2.9277756214141846,0.029573491125395805,0.3,Classifier Error ($p$)
44,Polarization,-31.90764360107175,twitter,spectral,99,99,99,630,548,100,0,2.9277756214141846,0.029573491125395805,0.3,Classifier Error ($p$)
44,$\|L_{t} - L_{0}\|_F$ / $\|L_{0}\|_F$,5.191201284884335,twitter,spectral,99,99,99,630,548,100,0,2.9277756214141846,0.029573491125395805,0.3,Classifier Error ($p$)
45,Surrogate,-15.129700597277326,twitter,spectral,99,99,99,630,548,100,0,2.9277756214141846,0.029573491125395805,0.3,Classifier Error ($p$)
45,Disparity,-26.573310076762958,twitter,spectral,99,99,99,630,548,100,0,2.9277756214141846,0.029573491125395805,0.3,Classifier Error ($p$)
45,Polarization,-31.931492169118535,twitter,spectral,99,99,99,630,548,100,0,2.9277756214141846,0.029573491125395805,0.3,Classifier Error ($p$)
45,$\|L_{t} - L_{0}\|_F$ / $\|L_{0}\|_F$,5.263556011842563,twitter,spectral,99,99,99,630,548,100,0,2.9277756214141846,0.029573491125395805,0.3,Classifier Error ($p$)
46,Surrogate,-15.369749738841646,twitter,spectral,99,99,99,630,548,100,0,2.9277756214141846,0.029573491125395805,0.3,Classifier Error ($p$)
46,Disparity,-27.209904296851473,twitter,spectral,99,99,99,630,548,100,0,2.9277756214141846,0.029573491125395805,0.3,Classifier Error ($p$)
46,Polarization,-33.12343232768589,twitter,spectral,99,99,99,630,548,100,0,2.9277756214141846,0.029573491125395805,0.3,Classifier Error ($p$)
46,$\|L_{t} - L_{0}\|_F$ / $\|L_{0}\|_F$,5.326060139607964,twitter,spectral,99,99,99,630,548,100,0,2.9277756214141846,0.029573491125395805,0.3,Classifier Error ($p$)
47,Surrogate,-15.577084622159465,twitter,spectral,99,99,99,630,548,100,0,2.9277756214141846,0.029573491125395805,0.3,Classifier Error ($p$)
47,Disparity,-27.597103734464433,twitter,spectral,99,99,99,630,548,100,0,2.9277756214141846,0.029573491125395805,0.3,Classifier Error ($p$)
47,Polarization,-33.618046959897654,twitter,spectral,99,99,99,630,548,100,0,2.9277756214141846,0.029573491125395805,0.3,Classifier Error ($p$)
47,$\|L_{t} - L_{0}\|_F$ / $\|L_{0}\|_F$,5.3614496328446855,twitter,spectral,99,99,99,630,548,100,0,2.9277756214141846,0.029573491125395805,0.3,Classifier Error ($p$)
48,Surrogate,-15.671723854329034,twitter,spectral,99,99,99,630,548,100,0,2.9277756214141846,0.029573491125395805,0.3,Classifier Error ($p$)
48,Disparity,-27.723871652533955,twitter,spectral,99,99,99,630,548,100,0,2.9277756214141846,0.029573491125395805,0.3,Classifier Error ($p$)
48,Polarization,-33.61320227469465,twitter,spectral,99,99,99,630,548,100,0,2.9277756214141846,0.029573491125395805,0.3,Classifier Error ($p$)
48,$\|L_{t} - L_{0}\|_F$ / $\|L_{0}\|_F$,5.422825544533701,twitter,spectral,99,99,99,630,548,100,0,2.9277756214141846,0.029573491125395805,0.3,Classifier Error ($p$)
49,Surrogate,-15.852973535317949,twitter,spectral,99,99,99,630,548,100,0,2.9277756214141846,0.029573491125395805,0.3,Classifier Error ($p$)
49,Disparity,-27.777514855494573,twitter,spectral,99,99,99,630,548,100,0,2.9277756214141846,0.029573491125395805,0.3,Classifier Error ($p$)
49,Polarization,-33.7434579707833,twitter,spectral,99,99,99,630,548,100,0,2.9277756214141846,0.029573491125395805,0.3,Classifier Error ($p$)
49,$\|L_{t} - L_{0}\|_F$ / $\|L_{0}\|_F$,5.560570034239806,twitter,spectral,99,99,99,630,548,100,0,2.9277756214141846,0.029573491125395805,0.3,Classifier Error ($p$)
50,Surrogate,-16.043372619445233,twitter,spectral,99,99,99,630,548,100,0,2.9277756214141846,0.029573491125395805,0.3,Classifier Error ($p$)
50,Disparity,-28.164251227179065,twitter,spectral,99,99,99,630,548,100,0,2.9277756214141846,0.029573491125395805,0.3,Classifier Error ($p$)
50,Polarization,-33.88780947720054,twitter,spectral,99,99,99,630,548,100,0,2.9277756214141846,0.029573491125395805,0.3,Classifier Error ($p$)
50,$\|L_{t} - L_{0}\|_F$ / $\|L_{0}\|_F$,5.6029207605674465,twitter,spectral,99,99,99,630,548,100,0,2.9277756214141846,0.029573491125395805,0.3,Classifier Error ($p$)
51,Surrogate,-16.23728586685378,twitter,spectral,99,99,99,630,548,100,0,2.9277756214141846,0.029573491125395805,0.3,Classifier Error ($p$)
51,Disparity,-28.225673186383748,twitter,spectral,99,99,99,630,548,100,0,2.9277756214141846,0.029573491125395805,0.3,Classifier Error ($p$)
51,Polarization,-33.914022302548084,twitter,spectral,99,99,99,630,548,100,0,2.9277756214141846,0.029573491125395805,0.3,Classifier Error ($p$)
51,$\|L_{t} - L_{0}\|_F$ / $\|L_{0}\|_F$,5.744578283663522,twitter,spectral,99,99,99,630,548,100,0,2.9277756214141846,0.029573491125395805,0.3,Classifier Error ($p$)
52,Surrogate,-16.555567688100183,twitter,spectral,99,99,99,630,548,100,0,2.9277756214141846,0.029573491125395805,0.3,Classifier Error ($p$)
52,Disparity,-28.66872808666076,twitter,spectral,99,99,99,630,548,100,0,2.9277756214141846,0.029573491125395805,0.3,Classifier Error ($p$)
52,Polarization,-34.945914911516404,twitter,spectral,99,99,99,630,548,100,0,2.9277756214141846,0.029573491125395805,0.3,Classifier Error ($p$)
52,$\|L_{t} - L_{0}\|_F$ / $\|L_{0}\|_F$,5.858666153568761,twitter,spectral,99,99,99,630,548,100,0,2.9277756214141846,0.029573491125395805,0.3,Classifier Error ($p$)
53,Surrogate,-16.816848734770048,twitter,spectral,99,99,99,630,548,100,0,2.9277756214141846,0.029573491125395805,0.3,Classifier Error ($p$)
53,Disparity,-29.211370084583116,twitter,spectral,99,99,99,630,548,100,0,2.9277756214141846,0.029573491125395805,0.3,Classifier Error ($p$)
53,Polarization,-35.15086068817973,twitter,spectral,99,99,99,630,548,100,0,2.9277756214141846,0.029573491125395805,0.3,Classifier Error ($p$)
53,$\|L_{t} - L_{0}\|_F$ / $\|L_{0}\|_F$,5.882825704122075,twitter,spectral,99,99,99,630,548,100,0,2.9277756214141846,0.029573491125395805,0.3,Classifier Error ($p$)
54,Surrogate,-17.010411587006338,twitter,spectral,99,99,99,630,548,100,0,2.9277756214141846,0.029573491125395805,0.3,Classifier Error ($p$)
54,Disparity,-29.52971079962291,twitter,spectral,99,99,99,630,548,100,0,2.9277756214141846,0.029573491125395805,0.3,Classifier Error ($p$)
54,Polarization,-35.32904969135385,twitter,spectral,99,99,99,630,548,100,0,2.9277756214141846,0.029573491125395805,0.3,Classifier Error ($p$)
54,$\|L_{t} - L_{0}\|_F$ / $\|L_{0}\|_F$,5.930849567919743,twitter,spectral,99,99,99,630,548,100,0,2.9277756214141846,0.029573491125395805,0.3,Classifier Error ($p$)
55,Surrogate,-17.124137910813573,twitter,spectral,99,99,99,630,548,100,0,2.9277756214141846,0.029573491125395805,0.3,Classifier Error ($p$)
55,Disparity,-29.680797695382022,twitter,spectral,99,99,99,630,548,100,0,2.9277756214141846,0.029573491125395805,0.3,Classifier Error ($p$)
55,Polarization,-35.36266562026888,twitter,spectral,99,99,99,630,548,100,0,2.9277756214141846,0.029573491125395805,0.3,Classifier Error ($p$)
55,$\|L_{t} - L_{0}\|_F$ / $\|L_{0}\|_F$,5.978487679129916,twitter,spectral,99,99,99,630,548,100,0,2.9277756214141846,0.029573491125395805,0.3,Classifier Error ($p$)
56,Surrogate,-17.254325417564303,twitter,spectral,99,99,99,630,548,100,0,2.9277756214141846,0.029573491125395805,0.3,Classifier Error ($p$)
56,Disparity,-30.11963175160779,twitter,spectral,99,99,99,630,548,100,0,2.9277756214141846,0.029573491125395805,0.3,Classifier Error ($p$)
56,Polarization,-36.35757720296171,twitter,spectral,99,99,99,630,548,100,0,2.9277756214141846,0.029573491125395805,0.3,Classifier Error ($p$)
56,$\|L_{t} - L_{0}\|_F$ / $\|L_{0}\|_F$,6.0335901128950615,twitter,spectral,99,99,99,630,548,100,0,2.9277756214141846,0.029573491125395805,0.3,Classifier Error ($p$)
57,Surrogate,-17.43238221709154,twitter,spectral,99,99,99,630,548,100,0,2.9277756214141846,0.029573491125395805,0.3,Classifier Error ($p$)
57,Disparity,-30.161978452012644,twitter,spectral,99,99,99,630,548,100,0,2.9277756214141846,0.029573491125395805,0.3,Classifier Error ($p$)
57,Polarization,-36.534716037198436,twitter,spectral,99,99,99,630,548,100,0,2.9277756214141846,0.029573491125395805,0.3,Classifier Error ($p$)
57,$\|L_{t} - L_{0}\|_F$ / $\|L_{0}\|_F$,6.211200092621417,twitter,spectral,99,99,99,630,548,100,0,2.9277756214141846,0.029573491125395805,0.3,Classifier Error ($p$)
58,Surrogate,-17.596133576291106,twitter,spectral,99,99,99,630,548,100,0,2.9277756214141846,0.029573491125395805,0.3,Classifier Error ($p$)
58,Disparity,-30.20180914909124,twitter,spectral,99,99,99,630,548,100,0,2.9277756214141846,0.029573491125395805,0.3,Classifier Error ($p$)
58,Polarization,-36.666505643417494,twitter,spectral,99,99,99,630,548,100,0,2.9277756214141846,0.029573491125395805,0.3,Classifier Error ($p$)
58,$\|L_{t} - L_{0}\|_F$ / $\|L_{0}\|_F$,6.420793212232237,twitter,spectral,99,99,99,630,548,100,0,2.9277756214141846,0.029573491125395805,0.3,Classifier Error ($p$)
59,Surrogate,-16.237799953929958,twitter,spectral,99,99,99,630,548,100,0,2.9277756214141846,0.029573491125395805,0.3,Classifier Error ($p$)
59,Disparity,-28.425655021867406,twitter,spectral,99,99,99,630,548,100,0,2.9277756214141846,0.029573491125395805,0.3,Classifier Error ($p$)
59,Polarization,-33.513124420213444,twitter,spectral,99,99,99,630,548,100,0,2.9277756214141846,0.029573491125395805,0.3,Classifier Error ($p$)
59,$\|L_{t} - L_{0}\|_F$ / $\|L_{0}\|_F$,6.486724363850309,twitter,spectral,99,99,99,630,548,100,0,2.9277756214141846,0.029573491125395805,0.3,Classifier Error ($p$)
60,Surrogate,-16.46040088784021,twitter,spectral,99,99,99,630,548,100,0,2.9277756214141846,0.029573491125395805,0.3,Classifier Error ($p$)
60,Disparity,-28.68465059876514,twitter,spectral,99,99,99,630,548,100,0,2.9277756214141846,0.029573491125395805,0.3,Classifier Error ($p$)
60,Polarization,-34.210015048830634,twitter,spectral,99,99,99,630,548,100,0,2.9277756214141846,0.029573491125395805,0.3,Classifier Error ($p$)
60,$\|L_{t} - L_{0}\|_F$ / $\|L_{0}\|_F$,6.602309837610443,twitter,spectral,99,99,99,630,548,100,0,2.9277756214141846,0.029573491125395805,0.3,Classifier Error ($p$)
61,Surrogate,-16.623113344135003,twitter,spectral,99,99,99,630,548,100,0,2.9277756214141846,0.029573491125395805,0.3,Classifier Error ($p$)
61,Disparity,-28.84029542614053,twitter,spectral,99,99,99,630,548,100,0,2.9277756214141846,0.029573491125395805,0.3,Classifier Error ($p$)
61,Polarization,-34.70997681794931,twitter,spectral,99,99,99,630,548,100,0,2.9277756214141846,0.029573491125395805,0.3,Classifier Error ($p$)
61,$\|L_{t} - L_{0}\|_F$ / $\|L_{0}\|_F$,6.729971039198526,twitter,spectral,99,99,99,630,548,100,0,2.9277756214141846,0.029573491125395805,0.3,Classifier Error ($p$)
62,Surrogate,-16.675915290124813,twitter,spectral,99,99,99,630,548,100,0,2.9277756214141846,0.029573491125395805,0.3,Classifier Error ($p$)
62,Disparity,-28.911278757865887,twitter,spectral,99,99,99,630,548,100,0,2.9277756214141846,0.029573491125395805,0.3,Classifier Error ($p$)
62,Polarization,-34.682194156114754,twitter,spectral,99,99,99,630,548,100,0,2.9277756214141846,0.029573491125395805,0.3,Classifier Error ($p$)
62,$\|L_{t} - L_{0}\|_F$ / $\|L_{0}\|_F$,6.7580127066513045,twitter,spectral,99,99,99,630,548,100,0,2.9277756214141846,0.029573491125395805,0.3,Classifier Error ($p$)
63,Surrogate,-16.807738838836997,twitter,spectral,99,99,99,630,548,100,0,2.9277756214141846,0.029573491125395805,0.3,Classifier Error ($p$)
63,Disparity,-29.09182646207001,twitter,spectral,99,99,99,630,548,100,0,2.9277756214141846,0.029573491125395805,0.3,Classifier Error ($p$)
63,Polarization,-35.11988107937901,twitter,spectral,99,99,99,630,548,100,0,2.9277756214141846,0.029573491125395805,0.3,Classifier Error ($p$)
63,$\|L_{t} - L_{0}\|_F$ / $\|L_{0}\|_F$,6.77896783510349,twitter,spectral,99,99,99,630,548,100,0,2.9277756214141846,0.029573491125395805,0.3,Classifier Error ($p$)
64,Surrogate,-16.867424646780186,twitter,spectral,99,99,99,630,548,100,0,2.9277756214141846,0.029573491125395805,0.3,Classifier Error ($p$)
64,Disparity,-29.174870094756645,twitter,spectral,99,99,99,630,548,100,0,2.9277756214141846,0.029573491125395805,0.3,Classifier Error ($p$)
64,Polarization,-35.10359149427991,twitter,spectral,99,99,99,630,548,100,0,2.9277756214141846,0.029573491125395805,0.3,Classifier Error ($p$)
64,$\|L_{t} - L_{0}\|_F$ / $\|L_{0}\|_F$,6.827613025815429,twitter,spectral,99,99,99,630,548,100,0,2.9277756214141846,0.029573491125395805,0.3,Classifier Error ($p$)
65,Surrogate,-17.112400931600916,twitter,spectral,99,99,99,630,548,100,0,2.9277756214141846,0.029573491125395805,0.3,Classifier Error ($p$)
65,Disparity,-29.415785101330172,twitter,spectral,99,99,99,630,548,100,0,2.9277756214141846,0.029573491125395805,0.3,Classifier Error ($p$)
65,Polarization,-35.1570982305453,twitter,spectral,99,99,99,630,548,100,0,2.9277756214141846,0.029573491125395805,0.3,Classifier Error ($p$)
65,$\|L_{t} - L_{0}\|_F$ / $\|L_{0}\|_F$,6.944332814477239,twitter,spectral,99,99,99,630,548,100,0,2.9277756214141846,0.029573491125395805,0.3,Classifier Error ($p$)
66,Surrogate,-17.127580912244905,twitter,spectral,99,99,99,630,548,100,0,2.9277756214141846,0.029573491125395805,0.3,Classifier Error ($p$)
66,Disparity,-29.44807452027764,twitter,spectral,99,99,99,630,548,100,0,2.9277756214141846,0.029573491125395805,0.3,Classifier Error ($p$)
66,Polarization,-35.17115702692204,twitter,spectral,99,99,99,630,548,100,0,2.9277756214141846,0.029573491125395805,0.3,Classifier Error ($p$)
66,$\|L_{t} - L_{0}\|_F$ / $\|L_{0}\|_F$,7.018823157335693,twitter,spectral,99,99,99,630,548,100,0,2.9277756214141846,0.029573491125395805,0.3,Classifier Error ($p$)
67,Surrogate,-17.520594697176634,twitter,spectral,99,99,99,630,548,100,0,2.9277756214141846,0.029573491125395805,0.3,Classifier Error ($p$)
67,Disparity,-30.268233479300257,twitter,spectral,99,99,99,630,548,100,0,2.9277756214141846,0.029573491125395805,0.3,Classifier Error ($p$)
67,Polarization,-35.75088731350811,twitter,spectral,99,99,99,630,548,100,0,2.9277756214141846,0.029573491125395805,0.3,Classifier Error ($p$)
67,$\|L_{t} - L_{0}\|_F$ / $\|L_{0}\|_F$,7.092531197652797,twitter,spectral,99,99,99,630,548,100,0,2.9277756214141846,0.029573491125395805,0.3,Classifier Error ($p$)
68,Surrogate,-17.7884357087757,twitter,spectral,99,99,99,630,548,100,0,2.9277756214141846,0.029573491125395805,0.3,Classifier Error ($p$)
68,Disparity,-30.867873501961572,twitter,spectral,99,99,99,630,548,100,0,2.9277756214141846,0.029573491125395805,0.3,Classifier Error ($p$)
68,Polarization,-36.23227288533,twitter,spectral,99,99,99,630,548,100,0,2.9277756214141846,0.029573491125395805,0.3,Classifier Error ($p$)
68,$\|L_{t} - L_{0}\|_F$ / $\|L_{0}\|_F$,7.119144916665753,twitter,spectral,99,99,99,630,548,100,0,2.9277756214141846,0.029573491125395805,0.3,Classifier Error ($p$)
69,Surrogate,-18.015895490570767,twitter,spectral,99,99,99,630,548,100,0,2.9277756214141846,0.029573491125395805,0.3,Classifier Error ($p$)
69,Disparity,-31.25636569434641,twitter,spectral,99,99,99,630,548,100,0,2.9277756214141846,0.029573491125395805,0.3,Classifier Error ($p$)
69,Polarization,-36.51836033173964,twitter,spectral,99,99,99,630,548,100,0,2.9277756214141846,0.029573491125395805,0.3,Classifier Error ($p$)
69,$\|L_{t} - L_{0}\|_F$ / $\|L_{0}\|_F$,7.211519519929312,twitter,spectral,99,99,99,630,548,100,0,2.9277756214141846,0.029573491125395805,0.3,Classifier Error ($p$)
70,Surrogate,-18.178071830737103,twitter,spectral,99,99,99,630,548,100,0,2.9277756214141846,0.029573491125395805,0.3,Classifier Error ($p$)
70,Disparity,-31.30137625363042,twitter,spectral,99,99,99,630,548,100,0,2.9277756214141846,0.029573491125395805,0.3,Classifier Error ($p$)
70,Polarization,-36.78117478264748,twitter,spectral,99,99,99,630,548,100,0,2.9277756214141846,0.029573491125395805,0.3,Classifier Error ($p$)
70,$\|L_{t} - L_{0}\|_F$ / $\|L_{0}\|_F$,7.418343361209318,twitter,spectral,99,99,99,630,548,100,0,2.9277756214141846,0.029573491125395805,0.3,Classifier Error ($p$)
71,Surrogate,-18.24881462118581,twitter,spectral,99,99,99,630,548,100,0,2.9277756214141846,0.029573491125395805,0.3,Classifier Error ($p$)
71,Disparity,-31.48381684726035,twitter,spectral,99,99,99,630,548,100,0,2.9277756214141846,0.029573491125395805,0.3,Classifier Error ($p$)
71,Polarization,-36.77796349748775,twitter,spectral,99,99,99,630,548,100,0,2.9277756214141846,0.029573491125395805,0.3,Classifier Error ($p$)
71,$\|L_{t} - L_{0}\|_F$ / $\|L_{0}\|_F$,7.481803399704004,twitter,spectral,99,99,99,630,548,100,0,2.9277756214141846,0.029573491125395805,0.3,Classifier Error ($p$)
72,Surrogate,-18.403975918722306,twitter,spectral,99,99,99,630,548,100,0,2.9277756214141846,0.029573491125395805,0.3,Classifier Error ($p$)
72,Disparity,-31.59307652032839,twitter,spectral,99,99,99,630,548,100,0,2.9277756214141846,0.029573491125395805,0.3,Classifier Error ($p$)
72,Polarization,-36.79693592958114,twitter,spectral,99,99,99,630,548,100,0,2.9277756214141846,0.029573491125395805,0.3,Classifier Error ($p$)
72,$\|L_{t} - L_{0}\|_F$ / $\|L_{0}\|_F$,7.550993470236139,twitter,spectral,99,99,99,630,548,100,0,2.9277756214141846,0.029573491125395805,0.3,Classifier Error ($p$)
73,Surrogate,-18.60318160499586,twitter,spectral,99,99,99,630,548,100,0,2.9277756214141846,0.029573491125395805,0.3,Classifier Error ($p$)
73,Disparity,-31.98613234228874,twitter,spectral,99,99,99,630,548,100,0,2.9277756214141846,0.029573491125395805,0.3,Classifier Error ($p$)
73,Polarization,-37.01388214444864,twitter,spectral,99,99,99,630,548,100,0,2.9277756214141846,0.029573491125395805,0.3,Classifier Error ($p$)
73,$\|L_{t} - L_{0}\|_F$ / $\|L_{0}\|_F$,7.625757605115551,twitter,spectral,99,99,99,630,548,100,0,2.9277756214141846,0.029573491125395805,0.3,Classifier Error ($p$)
74,Surrogate,-18.780102038465024,twitter,spectral,99,99,99,630,548,100,0,2.9277756214141846,0.029573491125395805,0.3,Classifier Error ($p$)
74,Disparity,-32.03266376702914,twitter,spectral,99,99,99,630,548,100,0,2.9277756214141846,0.029573491125395805,0.3,Classifier Error ($p$)
74,Polarization,-36.98913162117054,twitter,spectral,99,99,99,630,548,100,0,2.9277756214141846,0.029573491125395805,0.3,Classifier Error ($p$)
74,$\|L_{t} - L_{0}\|_F$ / $\|L_{0}\|_F$,7.754860618652542,twitter,spectral,99,99,99,630,548,100,0,2.9277756214141846,0.029573491125395805,0.3,Classifier Error ($p$)
75,Surrogate,-18.929247446781684,twitter,spectral,99,99,99,630,548,100,0,2.9277756214141846,0.029573491125395805,0.3,Classifier Error ($p$)
75,Disparity,-32.23249408972293,twitter,spectral,99,99,99,630,548,100,0,2.9277756214141846,0.029573491125395805,0.3,Classifier Error ($p$)
75,Polarization,-36.957802651741254,twitter,spectral,99,99,99,630,548,100,0,2.9277756214141846,0.029573491125395805,0.3,Classifier Error ($p$)
75,$\|L_{t} - L_{0}\|_F$ / $\|L_{0}\|_F$,7.84577651002526,twitter,spectral,99,99,99,630,548,100,0,2.9277756214141846,0.029573491125395805,0.3,Classifier Error ($p$)
76,Surrogate,-19.0171262525505,twitter,spectral,99,99,99,630,548,100,0,2.9277756214141846,0.029573491125395805,0.3,Classifier Error ($p$)
76,Disparity,-32.334057980009796,twitter,spectral,99,99,99,630,548,100,0,2.9277756214141846,0.029573491125395805,0.3,Classifier Error ($p$)
76,Polarization,-37.243847901090064,twitter,spectral,99,99,99,630,548,100,0,2.9277756214141846,0.029573491125395805,0.3,Classifier Error ($p$)
76,$\|L_{t} - L_{0}\|_F$ / $\|L_{0}\|_F$,7.917757618776479,twitter,spectral,99,99,99,630,548,100,0,2.9277756214141846,0.029573491125395805,0.3,Classifier Error ($p$)
77,Surrogate,-19.193063010236987,twitter,spectral,99,99,99,630,548,100,0,2.9277756214141846,0.029573491125395805,0.3,Classifier Error ($p$)
77,Disparity,-32.58686660838445,twitter,spectral,99,99,99,630,548,100,0,2.9277756214141846,0.029573491125395805,0.3,Classifier Error ($p$)
77,Polarization,-37.34174847620464,twitter,spectral,99,99,99,630,548,100,0,2.9277756214141846,0.029573491125395805,0.3,Classifier Error ($p$)
77,$\|L_{t} - L_{0}\|_F$ / $\|L_{0}\|_F$,7.941606340313186,twitter,spectral,99,99,99,630,548,100,0,2.9277756214141846,0.029573491125395805,0.3,Classifier Error ($p$)
78,Surrogate,-19.325536920422987,twitter,spectral,99,99,99,630,548,100,0,2.9277756214141846,0.029573491125395805,0.3,Classifier Error ($p$)
78,Disparity,-32.74606579427756,twitter,spectral,99,99,99,630,548,100,0,2.9277756214141846,0.029573491125395805,0.3,Classifier Error ($p$)
78,Polarization,-37.35631663012937,twitter,spectral,99,99,99,630,548,100,0,2.9277756214141846,0.029573491125395805,0.3,Classifier Error ($p$)
78,$\|L_{t} - L_{0}\|_F$ / $\|L_{0}\|_F$,8.00682406077647,twitter,spectral,99,99,99,630,548,100,0,2.9277756214141846,0.029573491125395805,0.3,Classifier Error ($p$)
79,Surrogate,-19.400000932619573,twitter,spectral,99,99,99,630,548,100,0,2.9277756214141846,0.029573491125395805,0.3,Classifier Error ($p$)
79,Disparity,-32.88955733601743,twitter,spectral,99,99,99,630,548,100,0,2.9277756214141846,0.029573491125395805,0.3,Classifier Error ($p$)
79,Polarization,-37.46412962699553,twitter,spectral,99,99,99,630,548,100,0,2.9277756214141846,0.029573491125395805,0.3,Classifier Error ($p$)
79,$\|L_{t} - L_{0}\|_F$ / $\|L_{0}\|_F$,8.04805108465061,twitter,spectral,99,99,99,630,548,100,0,2.9277756214141846,0.029573491125395805,0.3,Classifier Error ($p$)
80,Surrogate,-19.503278008878876,twitter,spectral,99,99,99,630,548,100,0,2.9277756214141846,0.029573491125395805,0.3,Classifier Error ($p$)
80,Disparity,-32.98767885809421,twitter,spectral,99,99,99,630,548,100,0,2.9277756214141846,0.029573491125395805,0.3,Classifier Error ($p$)
80,Polarization,-37.466789124506455,twitter,spectral,99,99,99,630,548,100,0,2.9277756214141846,0.029573491125395805,0.3,Classifier Error ($p$)
80,$\|L_{t} - L_{0}\|_F$ / $\|L_{0}\|_F$,8.094910584482392,twitter,spectral,99,99,99,630,548,100,0,2.9277756214141846,0.029573491125395805,0.3,Classifier Error ($p$)
81,Surrogate,-19.58333727200236,twitter,spectral,99,99,99,630,548,100,0,2.9277756214141846,0.029573491125395805,0.3,Classifier Error ($p$)
81,Disparity,-33.17491757926352,twitter,spectral,99,99,99,630,548,100,0,2.9277756214141846,0.029573491125395805,0.3,Classifier Error ($p$)
81,Polarization,-37.453705188404086,twitter,spectral,99,99,99,630,548,100,0,2.9277756214141846,0.029573491125395805,0.3,Classifier Error ($p$)
81,$\|L_{t} - L_{0}\|_F$ / $\|L_{0}\|_F$,8.18204883884844,twitter,spectral,99,99,99,630,548,100,0,2.9277756214141846,0.029573491125395805,0.3,Classifier Error ($p$)
82,Surrogate,-19.599694639560315,twitter,spectral,99,99,99,630,548,100,0,2.9277756214141846,0.029573491125395805,0.3,Classifier Error ($p$)
82,Disparity,-33.211945711727296,twitter,spectral,99,99,99,630,548,100,0,2.9277756214141846,0.029573491125395805,0.3,Classifier Error ($p$)
82,Polarization,-37.382715743330536,twitter,spectral,99,99,99,630,548,100,0,2.9277756214141846,0.029573491125395805,0.3,Classifier Error ($p$)
82,$\|L_{t} - L_{0}\|_F$ / $\|L_{0}\|_F$,8.239629062544328,twitter,spectral,99,99,99,630,548,100,0,2.9277756214141846,0.029573491125395805,0.3,Classifier Error ($p$)
83,Surrogate,-19.64733322971988,twitter,spectral,99,99,99,630,548,100,0,2.9277756214141846,0.029573491125395805,0.3,Classifier Error ($p$)
83,Disparity,-33.286830243879535,twitter,spectral,99,99,99,630,548,100,0,2.9277756214141846,0.029573491125395805,0.3,Classifier Error ($p$)
83,Polarization,-37.389391145786945,twitter,spectral,99,99,99,630,548,100,0,2.9277756214141846,0.029573491125395805,0.3,Classifier Error ($p$)
83,$\|L_{t} - L_{0}\|_F$ / $\|L_{0}\|_F$,8.285405131793155,twitter,spectral,99,99,99,630,548,100,0,2.9277756214141846,0.029573491125395805,0.3,Classifier Error ($p$)
84,Surrogate,-19.71411245675387,twitter,spectral,99,99,99,630,548,100,0,2.9277756214141846,0.029573491125395805,0.3,Classifier Error ($p$)
84,Disparity,-33.39245291641056,twitter,spectral,99,99,99,630,548,100,0,2.9277756214141846,0.029573491125395805,0.3,Classifier Error ($p$)
84,Polarization,-37.30585137030063,twitter,spectral,99,99,99,630,548,100,0,2.9277756214141846,0.029573491125395805,0.3,Classifier Error ($p$)
84,$\|L_{t} - L_{0}\|_F$ / $\|L_{0}\|_F$,8.31388718599527,twitter,spectral,99,99,99,630,548,100,0,2.9277756214141846,0.029573491125395805,0.3,Classifier Error ($p$)
85,Surrogate,-19.870243714978404,twitter,spectral,99,99,99,630,548,100,0,2.9277756214141846,0.029573491125395805,0.3,Classifier Error ($p$)
85,Disparity,-33.558391620431756,twitter,spectral,99,99,99,630,548,100,0,2.9277756214141846,0.029573491125395805,0.3,Classifier Error ($p$)
85,Polarization,-37.460210890097414,twitter,spectral,99,99,99,630,548,100,0,2.9277756214141846,0.029573491125395805,0.3,Classifier Error ($p$)
85,$\|L_{t} - L_{0}\|_F$ / $\|L_{0}\|_F$,8.364910498013591,twitter,spectral,99,99,99,630,548,100,0,2.9277756214141846,0.029573491125395805,0.3,Classifier Error ($p$)
86,Surrogate,-20.040299002806666,twitter,spectral,99,99,99,630,548,100,0,2.9277756214141846,0.029573491125395805,0.3,Classifier Error ($p$)
86,Disparity,-33.819484963436246,twitter,spectral,99,99,99,630,548,100,0,2.9277756214141846,0.029573491125395805,0.3,Classifier Error ($p$)
86,Polarization,-37.62460937588797,twitter,spectral,99,99,99,630,548,100,0,2.9277756214141846,0.029573491125395805,0.3,Classifier Error ($p$)
86,$\|L_{t} - L_{0}\|_F$ / $\|L_{0}\|_F$,8.46603464654033,twitter,spectral,99,99,99,630,548,100,0,2.9277756214141846,0.029573491125395805,0.3,Classifier Error ($p$)
87,Surrogate,-20.125168903068893,twitter,spectral,99,99,99,630,548,100,0,2.9277756214141846,0.029573491125395805,0.3,Classifier Error ($p$)
87,Disparity,-33.90351500833919,twitter,spectral,99,99,99,630,548,100,0,2.9277756214141846,0.029573491125395805,0.3,Classifier Error ($p$)
87,Polarization,-37.602225260395954,twitter,spectral,99,99,99,630,548,100,0,2.9277756214141846,0.029573491125395805,0.3,Classifier Error ($p$)
87,$\|L_{t} - L_{0}\|_F$ / $\|L_{0}\|_F$,8.543859319900747,twitter,spectral,99,99,99,630,548,100,0,2.9277756214141846,0.029573491125395805,0.3,Classifier Error ($p$)
88,Surrogate,-20.142611128027657,twitter,spectral,99,99,99,630,548,100,0,2.9277756214141846,0.029573491125395805,0.3,Classifier Error ($p$)
88,Disparity,-33.966863315453786,twitter,spectral,99,99,99,630,548,100,0,2.9277756214141846,0.029573491125395805,0.3,Classifier Error ($p$)
88,Polarization,-37.64384968428908,twitter,spectral,99,99,99,630,548,100,0,2.9277756214141846,0.029573491125395805,0.3,Classifier Error ($p$)
88,$\|L_{t} - L_{0}\|_F$ / $\|L_{0}\|_F$,8.588013925691671,twitter,spectral,99,99,99,630,548,100,0,2.9277756214141846,0.029573491125395805,0.3,Classifier Error ($p$)
89,Surrogate,-20.282861413802113,twitter,spectral,99,99,99,630,548,100,0,2.9277756214141846,0.029573491125395805,0.3,Classifier Error ($p$)
89,Disparity,-34.140297358069176,twitter,spectral,99,99,99,630,548,100,0,2.9277756214141846,0.029573491125395805,0.3,Classifier Error ($p$)
89,Polarization,-37.932059449356075,twitter,spectral,99,99,99,630,548,100,0,2.9277756214141846,0.029573491125395805,0.3,Classifier Error ($p$)
89,$\|L_{t} - L_{0}\|_F$ / $\|L_{0}\|_F$,8.659284972848818,twitter,spectral,99,99,99,630,548,100,0,2.9277756214141846,0.029573491125395805,0.3,Classifier Error ($p$)
90,Surrogate,-20.440386718330195,twitter,spectral,99,99,99,630,548,100,0,2.9277756214141846,0.029573491125395805,0.3,Classifier Error ($p$)
90,Disparity,-34.19174641192356,twitter,spectral,99,99,99,630,548,100,0,2.9277756214141846,0.029573491125395805,0.3,Classifier Error ($p$)
90,Polarization,-38.10016522596173,twitter,spectral,99,99,99,630,548,100,0,2.9277756214141846,0.029573491125395805,0.3,Classifier Error ($p$)
90,$\|L_{t} - L_{0}\|_F$ / $\|L_{0}\|_F$,8.832271546973757,twitter,spectral,99,99,99,630,548,100,0,2.9277756214141846,0.029573491125395805,0.3,Classifier Error ($p$)
91,Surrogate,-20.46281719428827,twitter,spectral,99,99,99,630,548,100,0,2.9277756214141846,0.029573491125395805,0.3,Classifier Error ($p$)
91,Disparity,-34.25135400401988,twitter,spectral,99,99,99,630,548,100,0,2.9277756214141846,0.029573491125395805,0.3,Classifier Error ($p$)
91,Polarization,-38.10187226997392,twitter,spectral,99,99,99,630,548,100,0,2.9277756214141846,0.029573491125395805,0.3,Classifier Error ($p$)
91,$\|L_{t} - L_{0}\|_F$ / $\|L_{0}\|_F$,8.906896772800046,twitter,spectral,99,99,99,630,548,100,0,2.9277756214141846,0.029573491125395805,0.3,Classifier Error ($p$)
92,Surrogate,-20.589527132264813,twitter,spectral,99,99,99,630,548,100,0,2.9277756214141846,0.029573491125395805,0.3,Classifier Error ($p$)
92,Disparity,-34.501215971643376,twitter,spectral,99,99,99,630,548,100,0,2.9277756214141846,0.029573491125395805,0.3,Classifier Error ($p$)
92,Polarization,-38.501655125896804,twitter,spectral,99,99,99,630,548,100,0,2.9277756214141846,0.029573491125395805,0.3,Classifier Error ($p$)
92,$\|L_{t} - L_{0}\|_F$ / $\|L_{0}\|_F$,8.922806693379783,twitter,spectral,99,99,99,630,548,100,0,2.9277756214141846,0.029573491125395805,0.3,Classifier Error ($p$)
93,Surrogate,-20.69499647020606,twitter,spectral,99,99,99,630,548,100,0,2.9277756214141846,0.029573491125395805,0.3,Classifier Error ($p$)
93,Disparity,-34.69094715307984,twitter,spectral,99,99,99,630,548,100,0,2.9277756214141846,0.029573491125395805,0.3,Classifier Error ($p$)
93,Polarization,-38.550194630840856,twitter,spectral,99,99,99,630,548,100,0,2.9277756214141846,0.029573491125395805,0.3,Classifier Error ($p$)
93,$\|L_{t} - L_{0}\|_F$ / $\|L_{0}\|_F$,8.943975896782854,twitter,spectral,99,99,99,630,548,100,0,2.9277756214141846,0.029573491125395805,0.3,Classifier Error ($p$)
94,Surrogate,-20.706974346183337,twitter,spectral,99,99,99,630,548,100,0,2.9277756214141846,0.029573491125395805,0.3,Classifier Error ($p$)
94,Disparity,-34.75197475234535,twitter,spectral,99,99,99,630,548,100,0,2.9277756214141846,0.029573491125395805,0.3,Classifier Error ($p$)
94,Polarization,-38.517579370806075,twitter,spectral,99,99,99,630,548,100,0,2.9277756214141846,0.029573491125395805,0.3,Classifier Error ($p$)
94,$\|L_{t} - L_{0}\|_F$ / $\|L_{0}\|_F$,8.975636087456259,twitter,spectral,99,99,99,630,548,100,0,2.9277756214141846,0.029573491125395805,0.3,Classifier Error ($p$)
95,Surrogate,-20.718062647036234,twitter,spectral,99,99,99,630,548,100,0,2.9277756214141846,0.029573491125395805,0.3,Classifier Error ($p$)
95,Disparity,-34.775338808468184,twitter,spectral,99,99,99,630,548,100,0,2.9277756214141846,0.029573491125395805,0.3,Classifier Error ($p$)
95,Polarization,-38.50842821523784,twitter,spectral,99,99,99,630,548,100,0,2.9277756214141846,0.029573491125395805,0.3,Classifier Error ($p$)
95,$\|L_{t} - L_{0}\|_F$ / $\|L_{0}\|_F$,8.986164696457099,twitter,spectral,99,99,99,630,548,100,0,2.9277756214141846,0.029573491125395805,0.3,Classifier Error ($p$)
96,Surrogate,-20.789567575583927,twitter,spectral,99,99,99,630,548,100,0,2.9277756214141846,0.029573491125395805,0.3,Classifier Error ($p$)
96,Disparity,-34.909145287219886,twitter,spectral,99,99,99,630,548,100,0,2.9277756214141846,0.029573491125395805,0.3,Classifier Error ($p$)
96,Polarization,-38.558178081712974,twitter,spectral,99,99,99,630,548,100,0,2.9277756214141846,0.029573491125395805,0.3,Classifier Error ($p$)
96,$\|L_{t} - L_{0}\|_F$ / $\|L_{0}\|_F$,9.02291807968845,twitter,spectral,99,99,99,630,548,100,0,2.9277756214141846,0.029573491125395805,0.3,Classifier Error ($p$)
97,Surrogate,-20.862247073599303,twitter,spectral,99,99,99,630,548,100,0,2.9277756214141846,0.029573491125395805,0.3,Classifier Error ($p$)
97,Disparity,-35.01704719228363,twitter,spectral,99,99,99,630,548,100,0,2.9277756214141846,0.029573491125395805,0.3,Classifier Error ($p$)
97,Polarization,-38.542126180504404,twitter,spectral,99,99,99,630,548,100,0,2.9277756214141846,0.029573491125395805,0.3,Classifier Error ($p$)
97,$\|L_{t} - L_{0}\|_F$ / $\|L_{0}\|_F$,9.07516471254339,twitter,spectral,99,99,99,630,548,100,0,2.9277756214141846,0.029573491125395805,0.3,Classifier Error ($p$)
98,Surrogate,-21.038979558438534,twitter,spectral,99,99,99,630,548,100,0,2.9277756214141846,0.029573491125395805,0.3,Classifier Error ($p$)
98,Disparity,-35.07349842477363,twitter,spectral,99,99,99,630,548,100,0,2.9277756214141846,0.029573491125395805,0.3,Classifier Error ($p$)
98,Polarization,-38.78644223977694,twitter,spectral,99,99,99,630,548,100,0,2.9277756214141846,0.029573491125395805,0.3,Classifier Error ($p$)
98,$\|L_{t} - L_{0}\|_F$ / $\|L_{0}\|_F$,9.214751057666051,twitter,spectral,99,99,99,630,548,100,0,2.9277756214141846,0.029573491125395805,0.3,Classifier Error ($p$)
0,Surrogate,-0.24066409051675436,twitter,spectral,99,99,99,630,548,100,0,2.8989720344543457,0.02928254580256915,0.4,Classifier Error ($p$)
0,Disparity,-0.22506014703328192,twitter,spectral,99,99,99,630,548,100,0,2.8989720344543457,0.02928254580256915,0.4,Classifier Error ($p$)
0,Polarization,-0.32117187928771906,twitter,spectral,99,99,99,630,548,100,0,2.8989720344543457,0.02928254580256915,0.4,Classifier Error ($p$)
0,$\|L_{t} - L_{0}\|_F$ / $\|L_{0}\|_F$,0.6150004510645588,twitter,spectral,99,99,99,630,548,100,0,2.8989720344543457,0.02928254580256915,0.4,Classifier Error ($p$)
1,Surrogate,-0.4266906654196616,twitter,spectral,99,99,99,630,548,100,0,2.8989720344543457,0.02928254580256915,0.4,Classifier Error ($p$)
1,Disparity,-0.5196357270888501,twitter,spectral,99,99,99,630,548,100,0,2.8989720344543457,0.02928254580256915,0.4,Classifier Error ($p$)
1,Polarization,-0.31806369400572104,twitter,spectral,99,99,99,630,548,100,0,2.8989720344543457,0.02928254580256915,0.4,Classifier Error ($p$)
1,$\|L_{t} - L_{0}\|_F$ / $\|L_{0}\|_F$,0.8697419787610701,twitter,spectral,99,99,99,630,548,100,0,2.8989720344543457,0.02928254580256915,0.4,Classifier Error ($p$)
2,Surrogate,-1.1243292792168946,twitter,spectral,99,99,99,630,548,100,0,2.8989720344543457,0.02928254580256915,0.4,Classifier Error ($p$)
2,Disparity,-0.9474536792624099,twitter,spectral,99,99,99,630,548,100,0,2.8989720344543457,0.02928254580256915,0.4,Classifier Error ($p$)
2,Polarization,-0.9390300173377376,twitter,spectral,99,99,99,630,548,100,0,2.8989720344543457,0.02928254580256915,0.4,Classifier Error ($p$)
2,$\|L_{t} - L_{0}\|_F$ / $\|L_{0}\|_F$,1.0652120279215926,twitter,spectral,99,99,99,630,548,100,0,2.8989720344543457,0.02928254580256915,0.4,Classifier Error ($p$)
3,Surrogate,-1.4078550335249522,twitter,spectral,99,99,99,630,548,100,0,2.8989720344543457,0.02928254580256915,0.4,Classifier Error ($p$)
3,Disparity,-1.340657280487853,twitter,spectral,99,99,99,630,548,100,0,2.8989720344543457,0.02928254580256915,0.4,Classifier Error ($p$)
3,Polarization,-2.7920678896140414,twitter,spectral,99,99,99,630,548,100,0,2.8989720344543457,0.02928254580256915,0.4,Classifier Error ($p$)
3,$\|L_{t} - L_{0}\|_F$ / $\|L_{0}\|_F$,1.2300009021291176,twitter,spectral,99,99,99,630,548,100,0,2.8989720344543457,0.02928254580256915,0.4,Classifier Error ($p$)
4,Surrogate,-1.5743817096922987,twitter,spectral,99,99,99,630,548,100,0,2.8989720344543457,0.02928254580256915,0.4,Classifier Error ($p$)
4,Disparity,-1.6104239453908553,twitter,spectral,99,99,99,630,548,100,0,2.8989720344543457,0.02928254580256915,0.4,Classifier Error ($p$)
4,Polarization,-3.0240721375757045,twitter,spectral,99,99,99,630,548,100,0,2.8989720344543457,0.02928254580256915,0.4,Classifier Error ($p$)
4,$\|L_{t} - L_{0}\|_F$ / $\|L_{0}\|_F$,1.3751828147733864,twitter,spectral,99,99,99,630,548,100,0,2.8989720344543457,0.02928254580256915,0.4,Classifier Error ($p$)
5,Surrogate,-1.739280273944711,twitter,spectral,99,99,99,630,548,100,0,2.8989720344543457,0.02928254580256915,0.4,Classifier Error ($p$)
5,Disparity,-1.8580478459929273,twitter,spectral,99,99,99,630,548,100,0,2.8989720344543457,0.02928254580256915,0.4,Classifier Error ($p$)
5,Polarization,-2.989245163949035,twitter,spectral,99,99,99,630,548,100,0,2.8989720344543457,0.02928254580256915,0.4,Classifier Error ($p$)
5,$\|L_{t} - L_{0}\|_F$ / $\|L_{0}\|_F$,1.537501127661397,twitter,spectral,99,99,99,630,548,100,0,2.8989720344543457,0.02928254580256915,0.4,Classifier Error ($p$)
6,Surrogate,-2.1113815608704014,twitter,spectral,99,99,99,630,548,100,0,2.8989720344543457,0.02928254580256915,0.4,Classifier Error ($p$)
6,Disparity,-2.5349184572786316,twitter,spectral,99,99,99,630,548,100,0,2.8989720344543457,0.02928254580256915,0.4,Classifier Error ($p$)
6,Polarization,-2.960291201904117,twitter,spectral,99,99,99,630,548,100,0,2.8989720344543457,0.02928254580256915,0.4,Classifier Error ($p$)
6,$\|L_{t} - L_{0}\|_F$ / $\|L_{0}\|_F$,1.7120887972808196,twitter,spectral,99,99,99,630,548,100,0,2.8989720344543457,0.02928254580256915,0.4,Classifier Error ($p$)
7,Surrogate,-2.5422151665855477,twitter,spectral,99,99,99,630,548,100,0,2.8989720344543457,0.02928254580256915,0.4,Classifier Error ($p$)
7,Disparity,-3.7663271546914685,twitter,spectral,99,99,99,630,548,100,0,2.8989720344543457,0.02928254580256915,0.4,Classifier Error ($p$)
7,Polarization,-4.851657582468183,twitter,spectral,99,99,99,630,548,100,0,2.8989720344543457,0.02928254580256915,0.4,Classifier Error ($p$)
7,$\|L_{t} - L_{0}\|_F$ / $\|L_{0}\|_F$,1.845001353193676,twitter,spectral,99,99,99,630,548,100,0,2.8989720344543457,0.02928254580256915,0.4,Classifier Error ($p$)
8,Surrogate,-2.7292471494419694,twitter,spectral,99,99,99,630,548,100,0,2.8989720344543457,0.02928254580256915,0.4,Classifier Error ($p$)
8,Disparity,-4.474746664866606,twitter,spectral,99,99,99,630,548,100,0,2.8989720344543457,0.02928254580256915,0.4,Classifier Error ($p$)
8,Polarization,-5.648569379322274,twitter,spectral,99,99,99,630,548,100,0,2.8989720344543457,0.02928254580256915,0.4,Classifier Error ($p$)
8,$\|L_{t} - L_{0}\|_F$ / $\|L_{0}\|_F$,1.9448021873949308,twitter,spectral,99,99,99,630,548,100,0,2.8989720344543457,0.02928254580256915,0.4,Classifier Error ($p$)
9,Surrogate,-3.230084686717108,twitter,spectral,99,99,99,630,548,100,0,2.8989720344543457,0.02928254580256915,0.4,Classifier Error ($p$)
9,Disparity,-4.727461825953443,twitter,spectral,99,99,99,630,548,100,0,2.8989720344543457,0.02928254580256915,0.4,Classifier Error ($p$)
9,Polarization,-6.1376507354327,twitter,spectral,99,99,99,630,548,100,0,2.8989720344543457,0.02928254580256915,0.4,Classifier Error ($p$)
9,$\|L_{t} - L_{0}\|_F$ / $\|L_{0}\|_F$,2.0627742221600793,twitter,spectral,99,99,99,630,548,100,0,2.8989720344543457,0.02928254580256915,0.4,Classifier Error ($p$)
10,Surrogate,-3.6488323710087345,twitter,spectral,99,99,99,630,548,100,0,2.8989720344543457,0.02928254580256915,0.4,Classifier Error ($p$)
10,Disparity,-4.9360508203135725,twitter,spectral,99,99,99,630,548,100,0,2.8989720344543457,0.02928254580256915,0.4,Classifier Error ($p$)
10,Polarization,-6.549466156972622,twitter,spectral,99,99,99,630,548,100,0,2.8989720344543457,0.02928254580256915,0.4,Classifier Error ($p$)
10,$\|L_{t} - L_{0}\|_F$ / $\|L_{0}\|_F$,2.2174156607467483,twitter,spectral,99,99,99,630,548,100,0,2.8989720344543457,0.02928254580256915,0.4,Classifier Error ($p$)
11,Surrogate,-4.098390748584602,twitter,spectral,99,99,99,630,548,100,0,2.8989720344543457,0.02928254580256915,0.4,Classifier Error ($p$)
11,Disparity,-5.16893977991835,twitter,spectral,99,99,99,630,548,100,0,2.8989720344543457,0.02928254580256915,0.4,Classifier Error ($p$)
11,Polarization,-7.200159627945352,twitter,spectral,99,99,99,630,548,100,0,2.8989720344543457,0.02928254580256915,0.4,Classifier Error ($p$)
11,$\|L_{t} - L_{0}\|_F$ / $\|L_{0}\|_F$,2.3619540498159055,twitter,spectral,99,99,99,630,548,100,0,2.8989720344543457,0.02928254580256915,0.4,Classifier Error ($p$)
12,Surrogate,-4.327648247841709,twitter,spectral,99,99,99,630,548,100,0,2.8989720344543457,0.02928254580256915,0.4,Classifier Error ($p$)
12,Disparity,-5.556074497274942,twitter,spectral,99,99,99,630,548,100,0,2.8989720344543457,0.02928254580256915,0.4,Classifier Error ($p$)
12,Polarization,-7.728838545100945,twitter,spectral,99,99,99,630,548,100,0,2.8989720344543457,0.02928254580256915,0.4,Classifier Error ($p$)
12,$\|L_{t} - L_{0}\|_F$ / $\|L_{0}\|_F$,2.4407073745640564,twitter,spectral,99,99,99,630,548,100,0,2.8989720344543457,0.02928254580256915,0.4,Classifier Error ($p$)
13,Surrogate,-4.72967716585326,twitter,spectral,99,99,99,630,548,100,0,2.8989720344543457,0.02928254580256915,0.4,Classifier Error ($p$)
13,Disparity,-5.747776953379907,twitter,spectral,99,99,99,630,548,100,0,2.8989720344543457,0.02928254580256915,0.4,Classifier Error ($p$)
13,Polarization,-7.98775710120889,twitter,spectral,99,99,99,630,548,100,0,2.8989720344543457,0.02928254580256915,0.4,Classifier Error ($p$)
13,$\|L_{t} - L_{0}\|_F$ / $\|L_{0}\|_F$,2.6983035281607974,twitter,spectral,99,99,99,630,548,100,0,2.8989720344543457,0.02928254580256915,0.4,Classifier Error ($p$)
14,Surrogate,-4.847773519797919,twitter,spectral,99,99,99,630,548,100,0,2.8989720344543457,0.02928254580256915,0.4,Classifier Error ($p$)
14,Disparity,-5.983230305763578,twitter,spectral,99,99,99,630,548,100,0,2.8989720344543457,0.02928254580256915,0.4,Classifier Error ($p$)
14,Polarization,-8.239863857799797,twitter,spectral,99,99,99,630,548,100,0,2.8989720344543457,0.02928254580256915,0.4,Classifier Error ($p$)
14,$\|L_{t} - L_{0}\|_F$ / $\|L_{0}\|_F$,2.7675020297905144,twitter,spectral,99,99,99,630,548,100,0,2.8989720344543457,0.02928254580256915,0.4,Classifier Error ($p$)
15,Surrogate,-5.442444794532018,twitter,spectral,99,99,99,630,548,100,0,2.8989720344543457,0.02928254580256915,0.4,Classifier Error ($p$)
15,Disparity,-7.172353596619853,twitter,spectral,99,99,99,630,548,100,0,2.8989720344543457,0.02928254580256915,0.4,Classifier Error ($p$)
15,Polarization,-9.47456325930452,twitter,spectral,99,99,99,630,548,100,0,2.8989720344543457,0.02928254580256915,0.4,Classifier Error ($p$)
15,$\|L_{t} - L_{0}\|_F$ / $\|L_{0}\|_F$,2.8350119999224392,twitter,spectral,99,99,99,630,548,100,0,2.8989720344543457,0.02928254580256915,0.4,Classifier Error ($p$)
16,Surrogate,-5.712828114712232,twitter,spectral,99,99,99,630,548,100,0,2.8989720344543457,0.02928254580256915,0.4,Classifier Error ($p$)
16,Disparity,-7.265913135561859,twitter,spectral,99,99,99,630,548,100,0,2.8989720344543457,0.02928254580256915,0.4,Classifier Error ($p$)
16,Polarization,-9.72260100536678,twitter,spectral,99,99,99,630,548,100,0,2.8989720344543457,0.02928254580256915,0.4,Classifier Error ($p$)
16,$\|L_{t} - L_{0}\|_F$ / $\|L_{0}\|_F$,2.981325298927618,twitter,spectral,99,99,99,630,548,100,0,2.8989720344543457,0.02928254580256915,0.4,Classifier Error ($p$)
17,Surrogate,-5.9893738742483675,twitter,spectral,99,99,99,630,548,100,0,2.8989720344543457,0.02928254580256915,0.4,Classifier Error ($p$)
17,Disparity,-7.896395274433537,twitter,spectral,99,99,99,630,548,100,0,2.8989720344543457,0.02928254580256915,0.4,Classifier Error ($p$)
17,Polarization,-11.041415946421107,twitter,spectral,99,99,99,630,548,100,0,2.8989720344543457,0.02928254580256915,0.4,Classifier Error ($p$)
17,$\|L_{t} - L_{0}\|_F$ / $\|L_{0}\|_F$,3.059588613120703,twitter,spectral,99,99,99,630,548,100,0,2.8989720344543457,0.02928254580256915,0.4,Classifier Error ($p$)
18,Surrogate,-6.2959946897429635,twitter,spectral,99,99,99,630,548,100,0,2.8989720344543457,0.02928254580256915,0.4,Classifier Error ($p$)
18,Disparity,-8.028180405767682,twitter,spectral,99,99,99,630,548,100,0,2.8989720344543457,0.02928254580256915,0.4,Classifier Error ($p$)
18,Polarization,-11.428895520820411,twitter,spectral,99,99,99,630,548,100,0,2.8989720344543457,0.02928254580256915,0.4,Classifier Error ($p$)
18,$\|L_{t} - L_{0}\|_F$ / $\|L_{0}\|_F$,3.2397159051322224,twitter,spectral,99,99,99,630,548,100,0,2.8989720344543457,0.02928254580256915,0.4,Classifier Error ($p$)
19,Surrogate,-6.389521292609612,twitter,spectral,99,99,99,630,548,100,0,2.8989720344543457,0.02928254580256915,0.4,Classifier Error ($p$)
19,Disparity,-8.156476390332406,twitter,spectral,99,99,99,630,548,100,0,2.8989720344543457,0.02928254580256915,0.4,Classifier Error ($p$)
19,Polarization,-11.361752633196161,twitter,spectral,99,99,99,630,548,100,0,2.8989720344543457,0.02928254580256915,0.4,Classifier Error ($p$)
19,$\|L_{t} - L_{0}\|_F$ / $\|L_{0}\|_F$,3.2687722348569195,twitter,spectral,99,99,99,630,548,100,0,2.8989720344543457,0.02928254580256915,0.4,Classifier Error ($p$)
20,Surrogate,-6.415640629112188,twitter,spectral,99,99,99,630,548,100,0,2.8989720344543457,0.02928254580256915,0.4,Classifier Error ($p$)
20,Disparity,-8.22056865015486,twitter,spectral,99,99,99,630,548,100,0,2.8989720344543457,0.02928254580256915,0.4,Classifier Error ($p$)
20,Polarization,-11.354471976288096,twitter,spectral,99,99,99,630,548,100,0,2.8989720344543457,0.02928254580256915,0.4,Classifier Error ($p$)
20,$\|L_{t} - L_{0}\|_F$ / $\|L_{0}\|_F$,3.326123491120123,twitter,spectral,99,99,99,630,548,100,0,2.8989720344543457,0.02928254580256915,0.4,Classifier Error ($p$)
21,Surrogate,-6.587342189895063,twitter,spectral,99,99,99,630,548,100,0,2.8989720344543457,0.02928254580256915,0.4,Classifier Error ($p$)
21,Disparity,-8.475058075319799,twitter,spectral,99,99,99,630,548,100,0,2.8989720344543457,0.02928254580256915,0.4,Classifier Error ($p$)
21,Polarization,-11.347127239126664,twitter,spectral,99,99,99,630,548,100,0,2.8989720344543457,0.02928254580256915,0.4,Classifier Error ($p$)
21,$\|L_{t} - L_{0}\|_F$ / $\|L_{0}\|_F$,3.396451003870529,twitter,spectral,99,99,99,630,548,100,0,2.8989720344543457,0.02928254580256915,0.4,Classifier Error ($p$)
22,Surrogate,-6.718008064829753,twitter,spectral,99,99,99,630,548,100,0,2.8989720344543457,0.02928254580256915,0.4,Classifier Error ($p$)
22,Disparity,-8.817383824054351,twitter,spectral,99,99,99,630,548,100,0,2.8989720344543457,0.02928254580256915,0.4,Classifier Error ($p$)
22,Polarization,-11.323768349068978,twitter,spectral,99,99,99,630,548,100,0,2.8989720344543457,0.02928254580256915,0.4,Classifier Error ($p$)
22,$\|L_{t} - L_{0}\|_F$ / $\|L_{0}\|_F$,3.492531194221456,twitter,spectral,99,99,99,630,548,100,0,2.8989720344543457,0.02928254580256915,0.4,Classifier Error ($p$)
23,Surrogate,-6.978843573077036,twitter,spectral,99,99,99,630,548,100,0,2.8989720344543457,0.02928254580256915,0.4,Classifier Error ($p$)
23,Disparity,-9.076723093443144,twitter,spectral,99,99,99,630,548,100,0,2.8989720344543457,0.02928254580256915,0.4,Classifier Error ($p$)
23,Polarization,-11.395499695719383,twitter,spectral,99,99,99,630,548,100,0,2.8989720344543457,0.02928254580256915,0.4,Classifier Error ($p$)
23,$\|L_{t} - L_{0}\|_F$ / $\|L_{0}\|_F$,3.5462655988263987,twitter,spectral,99,99,99,630,548,100,0,2.8989720344543457,0.02928254580256915,0.4,Classifier Error ($p$)
24,Surrogate,-7.189795982799504,twitter,spectral,99,99,99,630,548,100,0,2.8989720344543457,0.02928254580256915,0.4,Classifier Error ($p$)
24,Disparity,-9.425208721292762,twitter,spectral,99,99,99,630,548,100,0,2.8989720344543457,0.02928254580256915,0.4,Classifier Error ($p$)
24,Polarization,-11.72749211922834,twitter,spectral,99,99,99,630,548,100,0,2.8989720344543457,0.02928254580256915,0.4,Classifier Error ($p$)
24,$\|L_{t} - L_{0}\|_F$ / $\|L_{0}\|_F$,3.586038045465603,twitter,spectral,99,99,99,630,548,100,0,2.8989720344543457,0.02928254580256915,0.4,Classifier Error ($p$)
25,Surrogate,-7.460938826903413,twitter,spectral,99,99,99,630,548,100,0,2.8989720344543457,0.02928254580256915,0.4,Classifier Error ($p$)
25,Disparity,-9.530700491690933,twitter,spectral,99,99,99,630,548,100,0,2.8989720344543457,0.02928254580256915,0.4,Classifier Error ($p$)
25,Polarization,-11.952897451803063,twitter,spectral,99,99,99,630,548,100,0,2.8989720344543457,0.02928254580256915,0.4,Classifier Error ($p$)
25,$\|L_{t} - L_{0}\|_F$ / $\|L_{0}\|_F$,3.7027930487469036,twitter,spectral,99,99,99,630,548,100,0,2.8989720344543457,0.02928254580256915,0.4,Classifier Error ($p$)
26,Surrogate,-7.672486513166349,twitter,spectral,99,99,99,630,548,100,0,2.8989720344543457,0.02928254580256915,0.4,Classifier Error ($p$)
26,Disparity,-9.852166511161023,twitter,spectral,99,99,99,630,548,100,0,2.8989720344543457,0.02928254580256915,0.4,Classifier Error ($p$)
26,Polarization,-12.291239827491774,twitter,spectral,99,99,99,630,548,100,0,2.8989720344543457,0.02928254580256915,0.4,Classifier Error ($p$)
26,$\|L_{t} - L_{0}\|_F$ / $\|L_{0}\|_F$,3.7660932417241617,twitter,spectral,99,99,99,630,548,100,0,2.8989720344543457,0.02928254580256915,0.4,Classifier Error ($p$)
27,Surrogate,-7.833892674749472,twitter,spectral,99,99,99,630,548,100,0,2.8989720344543457,0.02928254580256915,0.4,Classifier Error ($p$)
27,Disparity,-10.147655642390067,twitter,spectral,99,99,99,630,548,100,0,2.8989720344543457,0.02928254580256915,0.4,Classifier Error ($p$)
27,Polarization,-12.491637673262986,twitter,spectral,99,99,99,630,548,100,0,2.8989720344543457,0.02928254580256915,0.4,Classifier Error ($p$)
27,$\|L_{t} - L_{0}\|_F$ / $\|L_{0}\|_F$,3.8529667823999234,twitter,spectral,99,99,99,630,548,100,0,2.8989720344543457,0.02928254580256915,0.4,Classifier Error ($p$)
28,Surrogate,-7.983353193552406,twitter,spectral,99,99,99,630,548,100,0,2.8989720344543457,0.02928254580256915,0.4,Classifier Error ($p$)
28,Disparity,-10.40502592286128,twitter,spectral,99,99,99,630,548,100,0,2.8989720344543457,0.02928254580256915,0.4,Classifier Error ($p$)
28,Polarization,-13.122568428372425,twitter,spectral,99,99,99,630,548,100,0,2.8989720344543457,0.02928254580256915,0.4,Classifier Error ($p$)
28,$\|L_{t} - L_{0}\|_F$ / $\|L_{0}\|_F$,3.9618632642481297,twitter,spectral,99,99,99,630,548,100,0,2.8989720344543457,0.02928254580256915,0.4,Classifier Error ($p$)
29,Surrogate,-8.09075566174246,twitter,spectral,99,99,99,630,548,100,0,2.8989720344543457,0.02928254580256915,0.4,Classifier Error ($p$)
29,Disparity,-10.514883650311157,twitter,spectral,99,99,99,630,548,100,0,2.8989720344543457,0.02928254580256915,0.4,Classifier Error ($p$)
29,Polarization,-13.48936979003041,twitter,spectral,99,99,99,630,548,100,0,2.8989720344543457,0.02928254580256915,0.4,Classifier Error ($p$)
29,$\|L_{t} - L_{0}\|_F$ / $\|L_{0}\|_F$,4.009312419780786,twitter,spectral,99,99,99,630,548,100,0,2.8989720344543457,0.02928254580256915,0.4,Classifier Error ($p$)
30,Surrogate,-8.256484888327106,twitter,spectral,99,99,99,630,548,100,0,2.8989720344543457,0.02928254580256915,0.4,Classifier Error ($p$)
30,Disparity,-10.770744670843177,twitter,spectral,99,99,99,630,548,100,0,2.8989720344543457,0.02928254580256915,0.4,Classifier Error ($p$)
30,Polarization,-13.459347062159654,twitter,spectral,99,99,99,630,548,100,0,2.8989720344543457,0.02928254580256915,0.4,Classifier Error ($p$)
30,$\|L_{t} - L_{0}\|_F$ / $\|L_{0}\|_F$,4.09102441942422,twitter,spectral,99,99,99,630,548,100,0,2.8989720344543457,0.02928254580256915,0.4,Classifier Error ($p$)
31,Surrogate,-8.467780940123992,twitter,spectral,99,99,99,630,548,100,0,2.8989720344543457,0.02928254580256915,0.4,Classifier Error ($p$)
31,Disparity,-11.029343448869366,twitter,spectral,99,99,99,630,548,100,0,2.8989720344543457,0.02928254580256915,0.4,Classifier Error ($p$)
31,Polarization,-13.546709266267076,twitter,spectral,99,99,99,630,548,100,0,2.8989720344543457,0.02928254580256915,0.4,Classifier Error ($p$)
31,$\|L_{t} - L_{0}\|_F$ / $\|L_{0}\|_F$,4.1484048432906455,twitter,spectral,99,99,99,630,548,100,0,2.8989720344543457,0.02928254580256915,0.4,Classifier Error ($p$)
32,Surrogate,-9.020251334887352,twitter,spectral,99,99,99,630,548,100,0,2.8989720344543457,0.02928254580256915,0.4,Classifier Error ($p$)
32,Disparity,-12.067800149941501,twitter,spectral,99,99,99,630,548,100,0,2.8989720344543457,0.02928254580256915,0.4,Classifier Error ($p$)
32,Polarization,-15.522231059576336,twitter,spectral,99,99,99,630,548,100,0,2.8989720344543457,0.02928254580256915,0.4,Classifier Error ($p$)
32,$\|L_{t} - L_{0}\|_F$ / $\|L_{0}\|_F$,4.205002340944568,twitter,spectral,99,99,99,630,548,100,0,2.8989720344543457,0.02928254580256915,0.4,Classifier Error ($p$)
33,Surrogate,-9.172093438728202,twitter,spectral,99,99,99,630,548,100,0,2.8989720344543457,0.02928254580256915,0.4,Classifier Error ($p$)
33,Disparity,-12.188903126367208,twitter,spectral,99,99,99,630,548,100,0,2.8989720344543457,0.02928254580256915,0.4,Classifier Error ($p$)
33,Polarization,-15.71160465915943,twitter,spectral,99,99,99,630,548,100,0,2.8989720344543457,0.02928254580256915,0.4,Classifier Error ($p$)
33,$\|L_{t} - L_{0}\|_F$ / $\|L_{0}\|_F$,4.2719296599503735,twitter,spectral,99,99,99,630,548,100,0,2.8989720344543457,0.02928254580256915,0.4,Classifier Error ($p$)
34,Surrogate,-9.426086260018161,twitter,spectral,99,99,99,630,548,100,0,2.8989720344543457,0.02928254580256915,0.4,Classifier Error ($p$)
34,Disparity,-12.28599274068234,twitter,spectral,99,99,99,630,548,100,0,2.8989720344543457,0.02928254580256915,0.4,Classifier Error ($p$)
34,Polarization,-15.842057834396932,twitter,spectral,99,99,99,630,548,100,0,2.8989720344543457,0.02928254580256915,0.4,Classifier Error ($p$)
34,$\|L_{t} - L_{0}\|_F$ / $\|L_{0}\|_F$,4.487818043728129,twitter,spectral,99,99,99,630,548,100,0,2.8989720344543457,0.02928254580256915,0.4,Classifier Error ($p$)
35,Surrogate,-9.473614393329498,twitter,spectral,99,99,99,630,548,100,0,2.8989720344543457,0.02928254580256915,0.4,Classifier Error ($p$)
35,Disparity,-12.344984821419414,twitter,spectral,99,99,99,630,548,100,0,2.8989720344543457,0.02928254580256915,0.4,Classifier Error ($p$)
35,Polarization,-15.89426515530471,twitter,spectral,99,99,99,630,548,100,0,2.8989720344543457,0.02928254580256915,0.4,Classifier Error ($p$)
35,$\|L_{t} - L_{0}\|_F$ / $\|L_{0}\|_F$,4.529761180064726,twitter,spectral,99,99,99,630,548,100,0,2.8989720344543457,0.02928254580256915,0.4,Classifier Error ($p$)
36,Surrogate,-9.633588321677648,twitter,spectral,99,99,99,630,548,100,0,2.8989720344543457,0.02928254580256915,0.4,Classifier Error ($p$)
36,Disparity,-12.559357820540672,twitter,spectral,99,99,99,630,548,100,0,2.8989720344543457,0.02928254580256915,0.4,Classifier Error ($p$)
36,Polarization,-16.710216041131705,twitter,spectral,99,99,99,630,548,100,0,2.8989720344543457,0.02928254580256915,0.4,Classifier Error ($p$)
36,$\|L_{t} - L_{0}\|_F$ / $\|L_{0}\|_F$,4.591957608758578,twitter,spectral,99,99,99,630,548,100,0,2.8989720344543457,0.02928254580256915,0.4,Classifier Error ($p$)
37,Surrogate,-9.857212972756363,twitter,spectral,99,99,99,630,548,100,0,2.8989720344543457,0.02928254580256915,0.4,Classifier Error ($p$)
37,Disparity,-12.644814609902308,twitter,spectral,99,99,99,630,548,100,0,2.8989720344543457,0.02928254580256915,0.4,Classifier Error ($p$)
37,Polarization,-16.81715757013832,twitter,spectral,99,99,99,630,548,100,0,2.8989720344543457,0.02928254580256915,0.4,Classifier Error ($p$)
37,$\|L_{t} - L_{0}\|_F$ / $\|L_{0}\|_F$,4.7339057999150596,twitter,spectral,99,99,99,630,548,100,0,2.8989720344543457,0.02928254580256915,0.4,Classifier Error ($p$)
38,Surrogate,-10.066365531098217,twitter,spectral,99,99,99,630,548,100,0,2.8989720344543457,0.02928254580256915,0.4,Classifier Error ($p$)
38,Disparity,-13.073927200680593,twitter,spectral,99,99,99,630,548,100,0,2.8989720344543457,0.02928254580256915,0.4,Classifier Error ($p$)
38,Polarization,-17.38521759223037,twitter,spectral,99,99,99,630,548,100,0,2.8989720344543457,0.02928254580256915,0.4,Classifier Error ($p$)
38,$\|L_{t} - L_{0}\|_F$ / $\|L_{0}\|_F$,4.852271714042637,twitter,spectral,99,99,99,630,548,100,0,2.8989720344543457,0.02928254580256915,0.4,Classifier Error ($p$)
39,Surrogate,-10.310865865961208,twitter,spectral,99,99,99,630,548,100,0,2.8989720344543457,0.02928254580256915,0.4,Classifier Error ($p$)
39,Disparity,-13.192283199069173,twitter,spectral,99,99,99,630,548,100,0,2.8989720344543457,0.02928254580256915,0.4,Classifier Error ($p$)
39,Polarization,-17.392368845711843,twitter,spectral,99,99,99,630,548,100,0,2.8989720344543457,0.02928254580256915,0.4,Classifier Error ($p$)
39,$\|L_{t} - L_{0}\|_F$ / $\|L_{0}\|_F$,4.9962872833169145,twitter,spectral,99,99,99,630,548,100,0,2.8989720344543457,0.02928254580256915,0.4,Classifier Error ($p$)
40,Surrogate,-10.449630781532965,twitter,spectral,99,99,99,630,548,100,0,2.8989720344543457,0.02928254580256915,0.4,Classifier Error ($p$)
40,Disparity,-13.332662074658083,twitter,spectral,99,99,99,630,548,100,0,2.8989720344543457,0.02928254580256915,0.4,Classifier Error ($p$)
40,Polarization,-17.504927341551294,twitter,spectral,99,99,99,630,548,100,0,2.8989720344543457,0.02928254580256915,0.4,Classifier Error ($p$)
40,$\|L_{t} - L_{0}\|_F$ / $\|L_{0}\|_F$,5.099314355201172,twitter,spectral,99,99,99,630,548,100,0,2.8989720344543457,0.02928254580256915,0.4,Classifier Error ($p$)
41,Surrogate,-10.509682490463256,twitter,spectral,99,99,99,630,548,100,0,2.8989720344543457,0.02928254580256915,0.4,Classifier Error ($p$)
41,Disparity,-13.472809759249637,twitter,spectral,99,99,99,630,548,100,0,2.8989720344543457,0.02928254580256915,0.4,Classifier Error ($p$)
41,Polarization,-17.50826203983618,twitter,spectral,99,99,99,630,548,100,0,2.8989720344543457,0.02928254580256915,0.4,Classifier Error ($p$)
41,$\|L_{t} - L_{0}\|_F$ / $\|L_{0}\|_F$,5.1454629370614215,twitter,spectral,99,99,99,630,548,100,0,2.8989720344543457,0.02928254580256915,0.4,Classifier Error ($p$)
42,Surrogate,-10.704734108439862,twitter,spectral,99,99,99,630,548,100,0,2.8989720344543457,0.02928254580256915,0.4,Classifier Error ($p$)
42,Disparity,-13.688956173962552,twitter,spectral,99,99,99,630,548,100,0,2.8989720344543457,0.02928254580256915,0.4,Classifier Error ($p$)
42,Polarization,-17.688956796598575,twitter,spectral,99,99,99,630,548,100,0,2.8989720344543457,0.02928254580256915,0.4,Classifier Error ($p$)
42,$\|L_{t} - L_{0}\|_F$ / $\|L_{0}\|_F$,5.22750383404875,twitter,spectral,99,99,99,630,548,100,0,2.8989720344543457,0.02928254580256915,0.4,Classifier Error ($p$)
43,Surrogate,-11.532528090062371,twitter,spectral,99,99,99,630,548,100,0,2.8989720344543457,0.02928254580256915,0.4,Classifier Error ($p$)
43,Disparity,-16.221361412374947,twitter,spectral,99,99,99,630,548,100,0,2.8989720344543457,0.02928254580256915,0.4,Classifier Error ($p$)
43,Polarization,-22.09808130178425,twitter,spectral,99,99,99,630,548,100,0,2.8989720344543457,0.02928254580256915,0.4,Classifier Error ($p$)
43,$\|L_{t} - L_{0}\|_F$ / $\|L_{0}\|_F$,5.30827691754264,twitter,spectral,99,99,99,630,548,100,0,2.8989720344543457,0.02928254580256915,0.4,Classifier Error ($p$)
44,Surrogate,-11.684264497253762,twitter,spectral,99,99,99,630,548,100,0,2.8989720344543457,0.02928254580256915,0.4,Classifier Error ($p$)
44,Disparity,-16.51018999534665,twitter,spectral,99,99,99,630,548,100,0,2.8989720344543457,0.02928254580256915,0.4,Classifier Error ($p$)
44,Polarization,-22.67822032001868,twitter,spectral,99,99,99,630,548,100,0,2.8989720344543457,0.02928254580256915,0.4,Classifier Error ($p$)
44,$\|L_{t} - L_{0}\|_F$ / $\|L_{0}\|_F$,5.379057068198405,twitter,spectral,99,99,99,630,548,100,0,2.8989720344543457,0.02928254580256915,0.4,Classifier Error ($p$)
45,Surrogate,-12.02191806492395,twitter,spectral,99,99,99,630,548,100,0,2.8989720344543457,0.02928254580256915,0.4,Classifier Error ($p$)
45,Disparity,-17.004734151741918,twitter,spectral,99,99,99,630,548,100,0,2.8989720344543457,0.02928254580256915,0.4,Classifier Error ($p$)
45,Polarization,-23.735904103335308,twitter,spectral,99,99,99,630,548,100,0,2.8989720344543457,0.02928254580256915,0.4,Classifier Error ($p$)
45,$\|L_{t} - L_{0}\|_F$ / $\|L_{0}\|_F$,5.457587602710271,twitter,spectral,99,99,99,630,548,100,0,2.8989720344543457,0.02928254580256915,0.4,Classifier Error ($p$)
46,Surrogate,-12.121202107014108,twitter,spectral,99,99,99,630,548,100,0,2.8989720344543457,0.02928254580256915,0.4,Classifier Error ($p$)
46,Disparity,-17.191599864568925,twitter,spectral,99,99,99,630,548,100,0,2.8989720344543457,0.02928254580256915,0.4,Classifier Error ($p$)
46,Polarization,-23.709404212442003,twitter,spectral,99,99,99,630,548,100,0,2.8989720344543457,0.02928254580256915,0.4,Classifier Error ($p$)
46,$\|L_{t} - L_{0}\|_F$ / $\|L_{0}\|_F$,5.483514530605719,twitter,spectral,99,99,99,630,548,100,0,2.8989720344543457,0.02928254580256915,0.4,Classifier Error ($p$)
47,Surrogate,-12.280885048259572,twitter,spectral,99,99,99,630,548,100,0,2.8989720344543457,0.02928254580256915,0.4,Classifier Error ($p$)
47,Disparity,-17.38375407722446,twitter,spectral,99,99,99,630,548,100,0,2.8989720344543457,0.02928254580256915,0.4,Classifier Error ($p$)
47,Polarization,-24.243827951584805,twitter,spectral,99,99,99,630,548,100,0,2.8989720344543457,0.02928254580256915,0.4,Classifier Error ($p$)
47,$\|L_{t} - L_{0}\|_F$ / $\|L_{0}\|_F$,5.594476263288216,twitter,spectral,99,99,99,630,548,100,0,2.8989720344543457,0.02928254580256915,0.4,Classifier Error ($p$)
48,Surrogate,-12.615730274871991,twitter,spectral,99,99,99,630,548,100,0,2.8989720344543457,0.02928254580256915,0.4,Classifier Error ($p$)
48,Disparity,-17.927764958205522,twitter,spectral,99,99,99,630,548,100,0,2.8989720344543457,0.02928254580256915,0.4,Classifier Error ($p$)
48,Polarization,-24.742910532404803,twitter,spectral,99,99,99,630,548,100,0,2.8989720344543457,0.02928254580256915,0.4,Classifier Error ($p$)
48,$\|L_{t} - L_{0}\|_F$ / $\|L_{0}\|_F$,5.653322861946955,twitter,spectral,99,99,99,630,548,100,0,2.8989720344543457,0.02928254580256915,0.4,Classifier Error ($p$)
49,Surrogate,-12.685035659165859,twitter,spectral,99,99,99,630,548,100,0,2.8989720344543457,0.02928254580256915,0.4,Classifier Error ($p$)
49,Disparity,-17.987186357536192,twitter,spectral,99,99,99,630,548,100,0,2.8989720344543457,0.02928254580256915,0.4,Classifier Error ($p$)
49,Polarization,-24.95047147744618,twitter,spectral,99,99,99,630,548,100,0,2.8989720344543457,0.02928254580256915,0.4,Classifier Error ($p$)
49,$\|L_{t} - L_{0}\|_F$ / $\|L_{0}\|_F$,5.686676088561905,twitter,spectral,99,99,99,630,548,100,0,2.8989720344543457,0.02928254580256915,0.4,Classifier Error ($p$)
50,Surrogate,-12.82282246967342,twitter,spectral,99,99,99,630,548,100,0,2.8989720344543457,0.02928254580256915,0.4,Classifier Error ($p$)
50,Disparity,-18.260986638495314,twitter,spectral,99,99,99,630,548,100,0,2.8989720344543457,0.02928254580256915,0.4,Classifier Error ($p$)
50,Polarization,-24.946406994945267,twitter,spectral,99,99,99,630,548,100,0,2.8989720344543457,0.02928254580256915,0.4,Classifier Error ($p$)
50,$\|L_{t} - L_{0}\|_F$ / $\|L_{0}\|_F$,5.744578283663522,twitter,spectral,99,99,99,630,548,100,0,2.8989720344543457,0.02928254580256915,0.4,Classifier Error ($p$)
51,Surrogate,-13.034344390997568,twitter,spectral,99,99,99,630,548,100,0,2.8989720344543457,0.02928254580256915,0.4,Classifier Error ($p$)
51,Disparity,-18.691643654574214,twitter,spectral,99,99,99,630,548,100,0,2.8989720344543457,0.02928254580256915,0.4,Classifier Error ($p$)
51,Polarization,-25.283882656688338,twitter,spectral,99,99,99,630,548,100,0,2.8989720344543457,0.02928254580256915,0.4,Classifier Error ($p$)
51,$\|L_{t} - L_{0}\|_F$ / $\|L_{0}\|_F$,5.801902651549348,twitter,spectral,99,99,99,630,548,100,0,2.8989720344543457,0.02928254580256915,0.4,Classifier Error ($p$)
52,Surrogate,-13.210534988101394,twitter,spectral,99,99,99,630,548,100,0,2.8989720344543457,0.02928254580256915,0.4,Classifier Error ($p$)
52,Disparity,-18.93183343383927,twitter,spectral,99,99,99,630,548,100,0,2.8989720344543457,0.02928254580256915,0.4,Classifier Error ($p$)
52,Polarization,-25.277453352882112,twitter,spectral,99,99,99,630,548,100,0,2.8989720344543457,0.02928254580256915,0.4,Classifier Error ($p$)
52,$\|L_{t} - L_{0}\|_F$ / $\|L_{0}\|_F$,5.842504285113308,twitter,spectral,99,99,99,630,548,100,0,2.8989720344543457,0.02928254580256915,0.4,Classifier Error ($p$)
53,Surrogate,-13.347927246314798,twitter,spectral,99,99,99,630,548,100,0,2.8989720344543457,0.02928254580256915,0.4,Classifier Error ($p$)
53,Disparity,-19.11629940529483,twitter,spectral,99,99,99,630,548,100,0,2.8989720344543457,0.02928254580256915,0.4,Classifier Error ($p$)
53,Polarization,-25.474672093719192,twitter,spectral,99,99,99,630,548,100,0,2.8989720344543457,0.02928254580256915,0.4,Classifier Error ($p$)
53,$\|L_{t} - L_{0}\|_F$ / $\|L_{0}\|_F$,5.906886441365415,twitter,spectral,99,99,99,630,548,100,0,2.8989720344543457,0.02928254580256915,0.4,Classifier Error ($p$)
54,Surrogate,-13.571435280651576,twitter,spectral,99,99,99,630,548,100,0,2.8989720344543457,0.02928254580256915,0.4,Classifier Error ($p$)
54,Disparity,-19.591066644747904,twitter,spectral,99,99,99,630,548,100,0,2.8989720344543457,0.02928254580256915,0.4,Classifier Error ($p$)
54,Polarization,-25.558201481771775,twitter,spectral,99,99,99,630,548,100,0,2.8989720344543457,0.02928254580256915,0.4,Classifier Error ($p$)
54,$\|L_{t} - L_{0}\|_F$ / $\|L_{0}\|_F$,5.954716262207714,twitter,spectral,99,99,99,630,548,100,0,2.8989720344543457,0.02928254580256915,0.4,Classifier Error ($p$)
55,Surrogate,-13.805197487944842,twitter,spectral,99,99,99,630,548,100,0,2.8989720344543457,0.02928254580256915,0.4,Classifier Error ($p$)
55,Disparity,-19.845415556908254,twitter,spectral,99,99,99,630,548,100,0,2.8989720344543457,0.02928254580256915,0.4,Classifier Error ($p$)
55,Polarization,-25.603971525642027,twitter,spectral,99,99,99,630,548,100,0,2.8989720344543457,0.02928254580256915,0.4,Classifier Error ($p$)
55,$\|L_{t} - L_{0}\|_F$ / $\|L_{0}\|_F$,5.994282918491003,twitter,spectral,99,99,99,630,548,100,0,2.8989720344543457,0.02928254580256915,0.4,Classifier Error ($p$)
56,Surrogate,-13.98952489413769,twitter,spectral,99,99,99,630,548,100,0,2.8989720344543457,0.02928254580256915,0.4,Classifier Error ($p$)
56,Disparity,-20.239822459283623,twitter,spectral,99,99,99,630,548,100,0,2.8989720344543457,0.02928254580256915,0.4,Classifier Error ($p$)
56,Polarization,-25.72075500918111,twitter,spectral,99,99,99,630,548,100,0,2.8989720344543457,0.02928254580256915,0.4,Classifier Error ($p$)
56,$\|L_{t} - L_{0}\|_F$ / $\|L_{0}\|_F$,6.017898044418851,twitter,spectral,99,99,99,630,548,100,0,2.8989720344543457,0.02928254580256915,0.4,Classifier Error ($p$)
57,Surrogate,-14.040798169127008,twitter,spectral,99,99,99,630,548,100,0,2.8989720344543457,0.02928254580256915,0.4,Classifier Error ($p$)
57,Disparity,-20.319895067006193,twitter,spectral,99,99,99,630,548,100,0,2.8989720344543457,0.02928254580256915,0.4,Classifier Error ($p$)
57,Polarization,-25.72331345408312,twitter,spectral,99,99,99,630,548,100,0,2.8989720344543457,0.02928254580256915,0.4,Classifier Error ($p$)
57,$\|L_{t} - L_{0}\|_F$ / $\|L_{0}\|_F$,6.080423339097324,twitter,spectral,99,99,99,630,548,100,0,2.8989720344543457,0.02928254580256915,0.4,Classifier Error ($p$)
58,Surrogate,-14.368821279667065,twitter,spectral,99,99,99,630,548,100,0,2.8989720344543457,0.02928254580256915,0.4,Classifier Error ($p$)
58,Disparity,-21.265115462066504,twitter,spectral,99,99,99,630,548,100,0,2.8989720344543457,0.02928254580256915,0.4,Classifier Error ($p$)
58,Polarization,-26.426079199074447,twitter,spectral,99,99,99,630,548,100,0,2.8989720344543457,0.02928254580256915,0.4,Classifier Error ($p$)
58,$\|L_{t} - L_{0}\|_F$ / $\|L_{0}\|_F$,6.111446108528575,twitter,spectral,99,99,99,630,548,100,0,2.8989720344543457,0.02928254580256915,0.4,Classifier Error ($p$)
59,Surrogate,-13.455058135272427,twitter,spectral,99,99,99,630,548,100,0,2.8989720344543457,0.02928254580256915,0.4,Classifier Error ($p$)
59,Disparity,-19.86308912986207,twitter,spectral,99,99,99,630,548,100,0,2.8989720344543457,0.02928254580256915,0.4,Classifier Error ($p$)
59,Polarization,-22.908746761329937,twitter,spectral,99,99,99,630,548,100,0,2.8989720344543457,0.02928254580256915,0.4,Classifier Error ($p$)
59,$\|L_{t} - L_{0}\|_F$ / $\|L_{0}\|_F$,6.150004510645588,twitter,spectral,99,99,99,630,548,100,0,2.8989720344543457,0.02928254580256915,0.4,Classifier Error ($p$)
60,Surrogate,-16.417115754594178,twitter,spectral,99,99,99,630,548,100,0,2.8989720344543457,0.02928254580256915,0.4,Classifier Error ($p$)
60,Disparity,-28.560527142509358,twitter,spectral,99,99,99,630,548,100,0,2.8989720344543457,0.02928254580256915,0.4,Classifier Error ($p$)
60,Polarization,-32.005710257555634,twitter,spectral,99,99,99,630,548,100,0,2.8989720344543457,0.02928254580256915,0.4,Classifier Error ($p$)
60,$\|L_{t} - L_{0}\|_F$ / $\|L_{0}\|_F$,6.226405011560451,twitter,spectral,99,99,99,630,548,100,0,2.8989720344543457,0.02928254580256915,0.4,Classifier Error ($p$)
61,Surrogate,-16.617995290794823,twitter,spectral,99,99,99,630,548,100,0,2.8989720344543457,0.02928254580256915,0.4,Classifier Error ($p$)
61,Disparity,-29.115302272677358,twitter,spectral,99,99,99,630,548,100,0,2.8989720344543457,0.02928254580256915,0.4,Classifier Error ($p$)
61,Polarization,-33.027723586184294,twitter,spectral,99,99,99,630,548,100,0,2.8989720344543457,0.02928254580256915,0.4,Classifier Error ($p$)
61,$\|L_{t} - L_{0}\|_F$ / $\|L_{0}\|_F$,6.301879343101478,twitter,spectral,99,99,99,630,548,100,0,2.8989720344543457,0.02928254580256915,0.4,Classifier Error ($p$)
62,Surrogate,-16.743377471395824,twitter,spectral,99,99,99,630,548,100,0,2.8989720344543457,0.02928254580256915,0.4,Classifier Error ($p$)
62,Disparity,-29.308565686029187,twitter,spectral,99,99,99,630,548,100,0,2.8989720344543457,0.02928254580256915,0.4,Classifier Error ($p$)
62,Polarization,-33.18017873040879,twitter,spectral,99,99,99,630,548,100,0,2.8989720344543457,0.02928254580256915,0.4,Classifier Error ($p$)
62,$\|L_{t} - L_{0}\|_F$ / $\|L_{0}\|_F$,6.391272167529557,twitter,spectral,99,99,99,630,548,100,0,2.8989720344543457,0.02928254580256915,0.4,Classifier Error ($p$)
63,Surrogate,-16.907305127300766,twitter,spectral,99,99,99,630,548,100,0,2.8989720344543457,0.02928254580256915,0.4,Classifier Error ($p$)
63,Disparity,-29.531322269610026,twitter,spectral,99,99,99,630,548,100,0,2.8989720344543457,0.02928254580256915,0.4,Classifier Error ($p$)
63,Polarization,-33.3783291235857,twitter,spectral,99,99,99,630,548,100,0,2.8989720344543457,0.02928254580256915,0.4,Classifier Error ($p$)
63,$\|L_{t} - L_{0}\|_F$ / $\|L_{0}\|_F$,6.486724363850309,twitter,spectral,99,99,99,630,548,100,0,2.8989720344543457,0.02928254580256915,0.4,Classifier Error ($p$)
64,Surrogate,-17.03330501330748,twitter,spectral,99,99,99,630,548,100,0,2.8989720344543457,0.02928254580256915,0.4,Classifier Error ($p$)
64,Disparity,-29.724328710839192,twitter,spectral,99,99,99,630,548,100,0,2.8989720344543457,0.02928254580256915,0.4,Classifier Error ($p$)
64,Polarization,-33.44316139379058,twitter,spectral,99,99,99,630,548,100,0,2.8989720344543457,0.02928254580256915,0.4,Classifier Error ($p$)
64,$\|L_{t} - L_{0}\|_F$ / $\|L_{0}\|_F$,6.515812959821576,twitter,spectral,99,99,99,630,548,100,0,2.8989720344543457,0.02928254580256915,0.4,Classifier Error ($p$)
65,Surrogate,-17.26473613901685,twitter,spectral,99,99,99,630,548,100,0,2.8989720344543457,0.02928254580256915,0.4,Classifier Error ($p$)
65,Disparity,-29.81478060787863,twitter,spectral,99,99,99,630,548,100,0,2.8989720344543457,0.02928254580256915,0.4,Classifier Error ($p$)
65,Polarization,-33.7535340584046,twitter,spectral,99,99,99,630,548,100,0,2.8989720344543457,0.02928254580256915,0.4,Classifier Error ($p$)
65,$\|L_{t} - L_{0}\|_F$ / $\|L_{0}\|_F$,6.666446031442034,twitter,spectral,99,99,99,630,548,100,0,2.8989720344543457,0.02928254580256915,0.4,Classifier Error ($p$)
66,Surrogate,-17.534489408674478,twitter,spectral,99,99,99,630,548,100,0,2.8989720344543457,0.02928254580256915,0.4,Classifier Error ($p$)
66,Disparity,-30.317213446007024,twitter,spectral,99,99,99,630,548,100,0,2.8989720344543457,0.02928254580256915,0.4,Classifier Error ($p$)
66,Polarization,-33.98335524149189,twitter,spectral,99,99,99,630,548,100,0,2.8989720344543457,0.02928254580256915,0.4,Classifier Error ($p$)
66,$\|L_{t} - L_{0}\|_F$ / $\|L_{0}\|_F$,6.7088628710343805,twitter,spectral,99,99,99,630,548,100,0,2.8989720344543457,0.02928254580256915,0.4,Classifier Error ($p$)
67,Surrogate,-17.940707369266455,twitter,spectral,99,99,99,630,548,100,0,2.8989720344543457,0.02928254580256915,0.4,Classifier Error ($p$)
67,Disparity,-31.30710168935665,twitter,spectral,99,99,99,630,548,100,0,2.8989720344543457,0.02928254580256915,0.4,Classifier Error ($p$)
67,Polarization,-36.01014232362942,twitter,spectral,99,99,99,630,548,100,0,2.8989720344543457,0.02928254580256915,0.4,Classifier Error ($p$)
67,$\|L_{t} - L_{0}\|_F$ / $\|L_{0}\|_F$,6.792902007741058,twitter,spectral,99,99,99,630,548,100,0,2.8989720344543457,0.02928254580256915,0.4,Classifier Error ($p$)
68,Surrogate,-19.38006286871719,twitter,spectral,99,99,99,630,548,100,0,2.8989720344543457,0.02928254580256915,0.4,Classifier Error ($p$)
68,Disparity,-34.306937728165074,twitter,spectral,99,99,99,630,548,100,0,2.8989720344543457,0.02928254580256915,0.4,Classifier Error ($p$)
68,Polarization,-39.228222252587784,twitter,spectral,99,99,99,630,548,100,0,2.8989720344543457,0.02928254580256915,0.4,Classifier Error ($p$)
68,$\|L_{t} - L_{0}\|_F$ / $\|L_{0}\|_F$,6.903362941785036,twitter,spectral,99,99,99,630,548,100,0,2.8989720344543457,0.02928254580256915,0.4,Classifier Error ($p$)
69,Surrogate,-19.502677964917336,twitter,spectral,99,99,99,630,548,100,0,2.8989720344543457,0.02928254580256915,0.4,Classifier Error ($p$)
69,Disparity,-34.452939601849515,twitter,spectral,99,99,99,630,548,100,0,2.8989720344543457,0.02928254580256915,0.4,Classifier Error ($p$)
69,Polarization,-39.26412481134312,twitter,spectral,99,99,99,630,548,100,0,2.8989720344543457,0.02928254580256915,0.4,Classifier Error ($p$)
69,$\|L_{t} - L_{0}\|_F$ / $\|L_{0}\|_F$,6.964727374731374,twitter,spectral,99,99,99,630,548,100,0,2.8989720344543457,0.02928254580256915,0.4,Classifier Error ($p$)
70,Surrogate,-19.635823971190796,twitter,spectral,99,99,99,630,548,100,0,2.8989720344543457,0.02928254580256915,0.4,Classifier Error ($p$)
70,Disparity,-34.679241627395,twitter,spectral,99,99,99,630,548,100,0,2.8989720344543457,0.02928254580256915,0.4,Classifier Error ($p$)
70,Polarization,-39.50773276694821,twitter,spectral,99,99,99,630,548,100,0,2.8989720344543457,0.02928254580256915,0.4,Classifier Error ($p$)
70,$\|L_{t} - L_{0}\|_F$ / $\|L_{0}\|_F$,7.07918681857411,twitter,spectral,99,99,99,630,548,100,0,2.8989720344543457,0.02928254580256915,0.4,Classifier Error ($p$)
71,Surrogate,-19.797763097659217,twitter,spectral,99,99,99,630,548,100,0,2.8989720344543457,0.02928254580256915,0.4,Classifier Error ($p$)
71,Disparity,-34.92805991298092,twitter,spectral,99,99,99,630,548,100,0,2.8989720344543457,0.02928254580256915,0.4,Classifier Error ($p$)
71,Polarization,-39.61601308561625,twitter,spectral,99,99,99,630,548,100,0,2.8989720344543457,0.02928254580256915,0.4,Classifier Error ($p$)
71,$\|L_{t} - L_{0}\|_F$ / $\|L_{0}\|_F$,7.172076090931206,twitter,spectral,99,99,99,630,548,100,0,2.8989720344543457,0.02928254580256915,0.4,Classifier Error ($p$)
72,Surrogate,-20.00488778433364,twitter,spectral,99,99,99,630,548,100,0,2.8989720344543457,0.02928254580256915,0.4,Classifier Error ($p$)
72,Disparity,-35.339015784244694,twitter,spectral,99,99,99,630,548,100,0,2.8989720344543457,0.02928254580256915,0.4,Classifier Error ($p$)
72,Polarization,-39.716857700208486,twitter,spectral,99,99,99,630,548,100,0,2.8989720344543457,0.02928254580256915,0.4,Classifier Error ($p$)
72,$\|L_{t} - L_{0}\|_F$ / $\|L_{0}\|_F$,7.19839572466787,twitter,spectral,99,99,99,630,548,100,0,2.8989720344543457,0.02928254580256915,0.4,Classifier Error ($p$)
73,Surrogate,-20.14183796297832,twitter,spectral,99,99,99,630,548,100,0,2.8989720344543457,0.02928254580256915,0.4,Classifier Error ($p$)
73,Disparity,-35.60886373461616,twitter,spectral,99,99,99,630,548,100,0,2.8989720344543457,0.02928254580256915,0.4,Classifier Error ($p$)
73,Polarization,-40.13427979846404,twitter,spectral,99,99,99,630,548,100,0,2.8989720344543457,0.02928254580256915,0.4,Classifier Error ($p$)
73,$\|L_{t} - L_{0}\|_F$ / $\|L_{0}\|_F$,7.28327770046206,twitter,spectral,99,99,99,630,548,100,0,2.8989720344543457,0.02928254580256915,0.4,Classifier Error ($p$)
74,Surrogate,-20.253306239498883,twitter,spectral,99,99,99,630,548,100,0,2.8989720344543457,0.02928254580256915,0.4,Classifier Error ($p$)
74,Disparity,-35.822185297503765,twitter,spectral,99,99,99,630,548,100,0,2.8989720344543457,0.02928254580256915,0.4,Classifier Error ($p$)
74,Polarization,-40.15911525965913,twitter,spectral,99,99,99,630,548,100,0,2.8989720344543457,0.02928254580256915,0.4,Classifier Error ($p$)
74,$\|L_{t} - L_{0}\|_F$ / $\|L_{0}\|_F$,7.32212212369217,twitter,spectral,99,99,99,630,548,100,0,2.8989720344543457,0.02928254580256915,0.4,Classifier Error ($p$)
75,Surrogate,-20.337577345945075,twitter,spectral,99,99,99,630,548,100,0,2.8989720344543457,0.02928254580256915,0.4,Classifier Error ($p$)
75,Disparity,-35.95293388848836,twitter,spectral,99,99,99,630,548,100,0,2.8989720344543457,0.02928254580256915,0.4,Classifier Error ($p$)
75,Polarization,-40.4781152843125,twitter,spectral,99,99,99,630,548,100,0,2.8989720344543457,0.02928254580256915,0.4,Classifier Error ($p$)
75,$\|L_{t} - L_{0}\|_F$ / $\|L_{0}\|_F$,7.380005412774704,twitter,spectral,99,99,99,630,548,100,0,2.8989720344543457,0.02928254580256915,0.4,Classifier Error ($p$)
76,Surrogate,-20.607647379711896,twitter,spectral,99,99,99,630,548,100,0,2.8989720344543457,0.02928254580256915,0.4,Classifier Error ($p$)
76,Disparity,-36.70447170147633,twitter,spectral,99,99,99,630,548,100,0,2.8989720344543457,0.02928254580256915,0.4,Classifier Error ($p$)
76,Polarization,-41.75681522633275,twitter,spectral,99,99,99,630,548,100,0,2.8989720344543457,0.02928254580256915,0.4,Classifier Error ($p$)
76,$\|L_{t} - L_{0}\|_F$ / $\|L_{0}\|_F$,7.4944309249753704,twitter,spectral,99,99,99,630,548,100,0,2.8989720344543457,0.02928254580256915,0.4,Classifier Error ($p$)
77,Surrogate,-20.70448514482669,twitter,spectral,99,99,99,630,548,100,0,2.8989720344543457,0.02928254580256915,0.4,Classifier Error ($p$)
77,Disparity,-36.96972939863418,twitter,spectral,99,99,99,630,548,100,0,2.8989720344543457,0.02928254580256915,0.4,Classifier Error ($p$)
77,Polarization,-42.03434120056262,twitter,spectral,99,99,99,630,548,100,0,2.8989720344543457,0.02928254580256915,0.4,Classifier Error ($p$)
77,$\|L_{t} - L_{0}\|_F$ / $\|L_{0}\|_F$,7.532186483448323,twitter,spectral,99,99,99,630,548,100,0,2.8989720344543457,0.02928254580256915,0.4,Classifier Error ($p$)
78,Surrogate,-20.863416604996385,twitter,spectral,99,99,99,630,548,100,0,2.8989720344543457,0.02928254580256915,0.4,Classifier Error ($p$)
78,Disparity,-37.0213509898197,twitter,spectral,99,99,99,630,548,100,0,2.8989720344543457,0.02928254580256915,0.4,Classifier Error ($p$)
78,Polarization,-42.10096103599769,twitter,spectral,99,99,99,630,548,100,0,2.8989720344543457,0.02928254580256915,0.4,Classifier Error ($p$)
78,$\|L_{t} - L_{0}\|_F$ / $\|L_{0}\|_F$,7.650516623522052,twitter,spectral,99,99,99,630,548,100,0,2.8989720344543457,0.02928254580256915,0.4,Classifier Error ($p$)
79,Surrogate,-21.026947140467787,twitter,spectral,99,99,99,630,548,100,0,2.8989720344543457,0.02928254580256915,0.4,Classifier Error ($p$)
79,Disparity,-37.40173803887911,twitter,spectral,99,99,99,630,548,100,0,2.8989720344543457,0.02928254580256915,0.4,Classifier Error ($p$)
79,Polarization,-42.24387730135358,twitter,spectral,99,99,99,630,548,100,0,2.8989720344543457,0.02928254580256915,0.4,Classifier Error ($p$)
79,$\|L_{t} - L_{0}\|_F$ / $\|L_{0}\|_F$,7.748761631772248,twitter,spectral,99,99,99,630,548,100,0,2.8989720344543457,0.02928254580256915,0.4,Classifier Error ($p$)
80,Surrogate,-21.208396119372157,twitter,spectral,99,99,99,630,548,100,0,2.8989720344543457,0.02928254580256915,0.4,Classifier Error ($p$)
80,Disparity,-37.4879832514508,twitter,spectral,99,99,99,630,548,100,0,2.8989720344543457,0.02928254580256915,0.4,Classifier Error ($p$)
80,Polarization,-42.17410325103466,twitter,spectral,99,99,99,630,548,100,0,2.8989720344543457,0.02928254580256915,0.4,Classifier Error ($p$)
80,$\|L_{t} - L_{0}\|_F$ / $\|L_{0}\|_F$,7.887845318347778,twitter,spectral,99,99,99,630,548,100,0,2.8989720344543457,0.02928254580256915,0.4,Classifier Error ($p$)
81,Surrogate,-21.287496907394132,twitter,spectral,99,99,99,630,548,100,0,2.8989720344543457,0.02928254580256915,0.4,Classifier Error ($p$)
81,Disparity,-37.66096745448414,twitter,spectral,99,99,99,630,548,100,0,2.8989720344543457,0.02928254580256915,0.4,Classifier Error ($p$)
81,Polarization,-42.15822286181583,twitter,spectral,99,99,99,630,548,100,0,2.8989720344543457,0.02928254580256915,0.4,Classifier Error ($p$)
81,$\|L_{t} - L_{0}\|_F$ / $\|L_{0}\|_F$,7.941606340313186,twitter,spectral,99,99,99,630,548,100,0,2.8989720344543457,0.02928254580256915,0.4,Classifier Error ($p$)
82,Surrogate,-21.4015268295313,twitter,spectral,99,99,99,630,548,100,0,2.8989720344543457,0.02928254580256915,0.4,Classifier Error ($p$)
82,Disparity,-37.787414707037826,twitter,spectral,99,99,99,630,548,100,0,2.8989720344543457,0.02928254580256915,0.4,Classifier Error ($p$)
82,Polarization,-42.19308804197471,twitter,spectral,99,99,99,630,548,100,0,2.8989720344543457,0.02928254580256915,0.4,Classifier Error ($p$)
82,$\|L_{t} - L_{0}\|_F$ / $\|L_{0}\|_F$,7.9890902094119465,twitter,spectral,99,99,99,630,548,100,0,2.8989720344543457,0.02928254580256915,0.4,Classifier Error ($p$)
83,Surrogate,-21.55489972634178,twitter,spectral,99,99,99,630,548,100,0,2.8989720344543457,0.02928254580256915,0.4,Classifier Error ($p$)
83,Disparity,-38.015890019154305,twitter,spectral,99,99,99,630,548,100,0,2.8989720344543457,0.02928254580256915,0.4,Classifier Error ($p$)
83,Polarization,-42.15808605936239,twitter,spectral,99,99,99,630,548,100,0,2.8989720344543457,0.02928254580256915,0.4,Classifier Error ($p$)
83,$\|L_{t} - L_{0}\|_F$ / $\|L_{0}\|_F$,8.030408276983096,twitter,spectral,99,99,99,630,548,100,0,2.8989720344543457,0.02928254580256915,0.4,Classifier Error ($p$)
84,Surrogate,-21.65047035455982,twitter,spectral,99,99,99,630,548,100,0,2.8989720344543457,0.02928254580256915,0.4,Classifier Error ($p$)
84,Disparity,-38.184672948038425,twitter,spectral,99,99,99,630,548,100,0,2.8989720344543457,0.02928254580256915,0.4,Classifier Error ($p$)
84,Polarization,-42.21794722413348,twitter,spectral,99,99,99,630,548,100,0,2.8989720344543457,0.02928254580256915,0.4,Classifier Error ($p$)
84,$\|L_{t} - L_{0}\|_F$ / $\|L_{0}\|_F$,8.100748962871734,twitter,spectral,99,99,99,630,548,100,0,2.8989720344543457,0.02928254580256915,0.4,Classifier Error ($p$)
85,Surrogate,-21.700597549133416,twitter,spectral,99,99,99,630,548,100,0,2.8989720344543457,0.02928254580256915,0.4,Classifier Error ($p$)
85,Disparity,-38.22008341442106,twitter,spectral,99,99,99,630,548,100,0,2.8989720344543457,0.02928254580256915,0.4,Classifier Error ($p$)
85,Polarization,-42.26422962516964,twitter,spectral,99,99,99,630,548,100,0,2.8989720344543457,0.02928254580256915,0.4,Classifier Error ($p$)
85,$\|L_{t} - L_{0}\|_F$ / $\|L_{0}\|_F$,8.124060518870909,twitter,spectral,99,99,99,630,548,100,0,2.8989720344543457,0.02928254580256915,0.4,Classifier Error ($p$)
86,Surrogate,-22.28857605888244,twitter,spectral,99,99,99,630,548,100,0,2.8989720344543457,0.02928254580256915,0.4,Classifier Error ($p$)
86,Disparity,-39.911870143423556,twitter,spectral,99,99,99,630,548,100,0,2.8989720344543457,0.02928254580256915,0.4,Classifier Error ($p$)
86,Polarization,-44.12683009182592,twitter,spectral,99,99,99,630,548,100,0,2.8989720344543457,0.02928254580256915,0.4,Classifier Error ($p$)
86,$\|L_{t} - L_{0}\|_F$ / $\|L_{0}\|_F$,8.141500382631218,twitter,spectral,99,99,99,630,548,100,0,2.8989720344543457,0.02928254580256915,0.4,Classifier Error ($p$)
87,Surrogate,-22.35564800898698,twitter,spectral,99,99,99,630,548,100,0,2.8989720344543457,0.02928254580256915,0.4,Classifier Error ($p$)
87,Disparity,-40.099620494981174,twitter,spectral,99,99,99,630,548,100,0,2.8989720344543457,0.02928254580256915,0.4,Classifier Error ($p$)
87,Polarization,-44.55970713796863,twitter,spectral,99,99,99,630,548,100,0,2.8989720344543457,0.02928254580256915,0.4,Classifier Error ($p$)
87,$\|L_{t} - L_{0}\|_F$ / $\|L_{0}\|_F$,8.170484099727279,twitter,spectral,99,99,99,630,548,100,0,2.8989720344543457,0.02928254580256915,0.4,Classifier Error ($p$)
88,Surrogate,-22.45194746895111,twitter,spectral,99,99,99,630,548,100,0,2.8989720344543457,0.02928254580256915,0.4,Classifier Error ($p$)
88,Disparity,-40.210911686576935,twitter,spectral,99,99,99,630,548,100,0,2.8989720344543457,0.02928254580256915,0.4,Classifier Error ($p$)
88,Polarization,-44.52776207166744,twitter,spectral,99,99,99,630,548,100,0,2.8989720344543457,0.02928254580256915,0.4,Classifier Error ($p$)
88,$\|L_{t} - L_{0}\|_F$ / $\|L_{0}\|_F$,8.222397334246132,twitter,spectral,99,99,99,630,548,100,0,2.8989720344543457,0.02928254580256915,0.4,Classifier Error ($p$)
89,Surrogate,-22.605983363980076,twitter,spectral,99,99,99,630,548,100,0,2.8989720344543457,0.02928254580256915,0.4,Classifier Error ($p$)
89,Disparity,-40.36445495911268,twitter,spectral,99,99,99,630,548,100,0,2.8989720344543457,0.02928254580256915,0.4,Classifier Error ($p$)
89,Polarization,-44.6700133665785,twitter,spectral,99,99,99,630,548,100,0,2.8989720344543457,0.02928254580256915,0.4,Classifier Error ($p$)
89,$\|L_{t} - L_{0}\|_F$ / $\|L_{0}\|_F$,8.27969696361177,twitter,spectral,99,99,99,630,548,100,0,2.8989720344543457,0.02928254580256915,0.4,Classifier Error ($p$)
90,Surrogate,-22.718107275547066,twitter,spectral,99,99,99,630,548,100,0,2.8989720344543457,0.02928254580256915,0.4,Classifier Error ($p$)
90,Disparity,-40.43614990834994,twitter,spectral,99,99,99,630,548,100,0,2.8989720344543457,0.02928254580256915,0.4,Classifier Error ($p$)
90,Polarization,-44.74391322817708,twitter,spectral,99,99,99,630,548,100,0,2.8989720344543457,0.02928254580256915,0.4,Classifier Error ($p$)
90,$\|L_{t} - L_{0}\|_F$ / $\|L_{0}\|_F$,8.342271997781442,twitter,spectral,99,99,99,630,548,100,0,2.8989720344543457,0.02928254580256915,0.4,Classifier Error ($p$)
91,Surrogate,-22.828235699927788,twitter,spectral,99,99,99,630,548,100,0,2.8989720344543457,0.02928254580256915,0.4,Classifier Error ($p$)
91,Disparity,-40.56330726210097,twitter,spectral,99,99,99,630,548,100,0,2.8989720344543457,0.02928254580256915,0.4,Classifier Error ($p$)
91,Polarization,-45.059461579064575,twitter,spectral,99,99,99,630,548,100,0,2.8989720344543457,0.02928254580256915,0.4,Classifier Error ($p$)
91,$\|L_{t} - L_{0}\|_F$ / $\|L_{0}\|_F$,8.381849247384803,twitter,spectral,99,99,99,630,548,100,0,2.8989720344543457,0.02928254580256915,0.4,Classifier Error ($p$)
92,Surrogate,-22.930920073431686,twitter,spectral,99,99,99,630,548,100,0,2.8989720344543457,0.02928254580256915,0.4,Classifier Error ($p$)
92,Disparity,-40.66592461771994,twitter,spectral,99,99,99,630,548,100,0,2.8989720344543457,0.02928254580256915,0.4,Classifier Error ($p$)
92,Polarization,-45.33764457765406,twitter,spectral,99,99,99,630,548,100,0,2.8989720344543457,0.02928254580256915,0.4,Classifier Error ($p$)
92,$\|L_{t} - L_{0}\|_F$ / $\|L_{0}\|_F$,8.438066170213956,twitter,spectral,99,99,99,630,548,100,0,2.8989720344543457,0.02928254580256915,0.4,Classifier Error ($p$)
93,Surrogate,-23.11077888759105,twitter,spectral,99,99,99,630,548,100,0,2.8989720344543457,0.02928254580256915,0.4,Classifier Error ($p$)
93,Disparity,-41.26600272458227,twitter,spectral,99,99,99,630,548,100,0,2.8989720344543457,0.02928254580256915,0.4,Classifier Error ($p$)
93,Polarization,-45.94415546515839,twitter,spectral,99,99,99,630,548,100,0,2.8989720344543457,0.02928254580256915,0.4,Classifier Error ($p$)
93,$\|L_{t} - L_{0}\|_F$ / $\|L_{0}\|_F$,8.48277146942722,twitter,spectral,99,99,99,630,548,100,0,2.8989720344543457,0.02928254580256915,0.4,Classifier Error ($p$)
94,Surrogate,-23.283696000621976,twitter,spectral,99,99,99,630,548,100,0,2.8989720344543457,0.02928254580256915,0.4,Classifier Error ($p$)
94,Disparity,-41.321589520688335,twitter,spectral,99,99,99,630,548,100,0,2.8989720344543457,0.02928254580256915,0.4,Classifier Error ($p$)
94,Polarization,-46.138715059075544,twitter,spectral,99,99,99,630,548,100,0,2.8989720344543457,0.02928254580256915,0.4,Classifier Error ($p$)
94,$\|L_{t} - L_{0}\|_F$ / $\|L_{0}\|_F$,8.61549564049487,twitter,spectral,99,99,99,630,548,100,0,2.8989720344543457,0.02928254580256915,0.4,Classifier Error ($p$)
95,Surrogate,-23.386193886764428,twitter,spectral,99,99,99,630,548,100,0,2.8989720344543457,0.02928254580256915,0.4,Classifier Error ($p$)
95,Disparity,-41.49750390101972,twitter,spectral,99,99,99,630,548,100,0,2.8989720344543457,0.02928254580256915,0.4,Classifier Error ($p$)
95,Polarization,-46.928969789931635,twitter,spectral,99,99,99,630,548,100,0,2.8989720344543457,0.02928254580256915,0.4,Classifier Error ($p$)
95,$\|L_{t} - L_{0}\|_F$ / $\|L_{0}\|_F$,8.637418056699335,twitter,spectral,99,99,99,630,548,100,0,2.8989720344543457,0.02928254580256915,0.4,Classifier Error ($p$)
96,Surrogate,-23.49647343494483,twitter,spectral,99,99,99,630,548,100,0,2.8989720344543457,0.02928254580256915,0.4,Classifier Error ($p$)
96,Disparity,-41.63968920635839,twitter,spectral,99,99,99,630,548,100,0,2.8989720344543457,0.02928254580256915,0.4,Classifier Error ($p$)
96,Polarization,-46.93923036380014,twitter,spectral,99,99,99,630,548,100,0,2.8989720344543457,0.02928254580256915,0.4,Classifier Error ($p$)
96,$\|L_{t} - L_{0}\|_F$ / $\|L_{0}\|_F$,8.686541209510109,twitter,spectral,99,99,99,630,548,100,0,2.8989720344543457,0.02928254580256915,0.4,Classifier Error ($p$)
97,Surrogate,-23.657547200879247,twitter,spectral,99,99,99,630,548,100,0,2.8989720344543457,0.02928254580256915,0.4,Classifier Error ($p$)
97,Disparity,-41.86399565228726,twitter,spectral,99,99,99,630,548,100,0,2.8989720344543457,0.02928254580256915,0.4,Classifier Error ($p$)
97,Polarization,-46.91764035259766,twitter,spectral,99,99,99,630,548,100,0,2.8989720344543457,0.02928254580256915,0.4,Classifier Error ($p$)
97,$\|L_{t} - L_{0}\|_F$ / $\|L_{0}\|_F$,8.767801549707508,twitter,spectral,99,99,99,630,548,100,0,2.8989720344543457,0.02928254580256915,0.4,Classifier Error ($p$)
98,Surrogate,-23.69257162651877,twitter,spectral,99,99,99,630,548,100,0,2.8989720344543457,0.02928254580256915,0.4,Classifier Error ($p$)
98,Disparity,-41.92494952034442,twitter,spectral,99,99,99,630,548,100,0,2.8989720344543457,0.02928254580256915,0.4,Classifier Error ($p$)
98,Polarization,-46.96748422452682,twitter,spectral,99,99,99,630,548,100,0,2.8989720344543457,0.02928254580256915,0.4,Classifier Error ($p$)
98,$\|L_{t} - L_{0}\|_F$ / $\|L_{0}\|_F$,8.800095587393798,twitter,spectral,99,99,99,630,548,100,0,2.8989720344543457,0.02928254580256915,0.4,Classifier Error ($p$)
0,Surrogate,-0.6838482156566109,twitter,spectral,99,99,99,630,548,100,0,2.822906017303467,0.028514202194984514,0.5,Classifier Error ($p$)
0,Disparity,-0.41692327531247214,twitter,spectral,99,99,99,630,548,100,0,2.822906017303467,0.028514202194984514,0.5,Classifier Error ($p$)
0,Polarization,-0.5668105320898399,twitter,spectral,99,99,99,630,548,100,0,2.822906017303467,0.028514202194984514,0.5,Classifier Error ($p$)
0,$\|L_{t} - L_{0}\|_F$ / $\|L_{0}\|_F$,0.6150004510645588,twitter,spectral,99,99,99,630,548,100,0,2.822906017303467,0.028514202194984514,0.5,Classifier Error ($p$)
1,Surrogate,-3.7522265482745683,twitter,spectral,99,99,99,630,548,100,0,2.822906017303467,0.028514202194984514,0.5,Classifier Error ($p$)
1,Disparity,-9.522104001891798,twitter,spectral,99,99,99,630,548,100,0,2.822906017303467,0.028514202194984514,0.5,Classifier Error ($p$)
1,Polarization,-9.867797570573899,twitter,spectral,99,99,99,630,548,100,0,2.822906017303467,0.028514202194984514,0.5,Classifier Error ($p$)
1,$\|L_{t} - L_{0}\|_F$ / $\|L_{0}\|_F$,0.922500676596838,twitter,spectral,99,99,99,630,548,100,0,2.822906017303467,0.028514202194984514,0.5,Classifier Error ($p$)
2,Surrogate,-3.886715274435311,twitter,spectral,99,99,99,630,548,100,0,2.822906017303467,0.028514202194984514,0.5,Classifier Error ($p$)
2,Disparity,-9.807860644742947,twitter,spectral,99,99,99,630,548,100,0,2.822906017303467,0.028514202194984514,0.5,Classifier Error ($p$)
2,Polarization,-9.952123204064291,twitter,spectral,99,99,99,630,548,100,0,2.822906017303467,0.028514202194984514,0.5,Classifier Error ($p$)
2,$\|L_{t} - L_{0}\|_F$ / $\|L_{0}\|_F$,1.1087078303733742,twitter,spectral,99,99,99,630,548,100,0,2.822906017303467,0.028514202194984514,0.5,Classifier Error ($p$)
3,Surrogate,-5.377020012280263,twitter,spectral,99,99,99,630,548,100,0,2.822906017303467,0.028514202194984514,0.5,Classifier Error ($p$)
3,Disparity,-12.94316503363013,twitter,spectral,99,99,99,630,548,100,0,2.822906017303467,0.028514202194984514,0.5,Classifier Error ($p$)
3,Polarization,-13.286962938609332,twitter,spectral,99,99,99,630,548,100,0,2.822906017303467,0.028514202194984514,0.5,Classifier Error ($p$)
3,$\|L_{t} - L_{0}\|_F$ / $\|L_{0}\|_F$,1.4423039039858623,twitter,spectral,99,99,99,630,548,100,0,2.822906017303467,0.028514202194984514,0.5,Classifier Error ($p$)
4,Surrogate,-5.601113393534431,twitter,spectral,99,99,99,630,548,100,0,2.822906017303467,0.028514202194984514,0.5,Classifier Error ($p$)
4,Disparity,-13.318497331862941,twitter,spectral,99,99,99,630,548,100,0,2.822906017303467,0.028514202194984514,0.5,Classifier Error ($p$)
4,Polarization,-13.823329501927734,twitter,spectral,99,99,99,630,548,100,0,2.822906017303467,0.028514202194984514,0.5,Classifier Error ($p$)
4,$\|L_{t} - L_{0}\|_F$ / $\|L_{0}\|_F$,1.5978180418823893,twitter,spectral,99,99,99,630,548,100,0,2.822906017303467,0.028514202194984514,0.5,Classifier Error ($p$)
5,Surrogate,-5.763135208578906,twitter,spectral,99,99,99,630,548,100,0,2.822906017303467,0.028514202194984514,0.5,Classifier Error ($p$)
5,Disparity,-13.535468428144931,twitter,spectral,99,99,99,630,548,100,0,2.822906017303467,0.028514202194984514,0.5,Classifier Error ($p$)
5,Polarization,-13.93527006166419,twitter,spectral,99,99,99,630,548,100,0,2.822906017303467,0.028514202194984514,0.5,Classifier Error ($p$)
5,$\|L_{t} - L_{0}\|_F$ / $\|L_{0}\|_F$,1.7930190227328016,twitter,spectral,99,99,99,630,548,100,0,2.822906017303467,0.028514202194984514,0.5,Classifier Error ($p$)
6,Surrogate,-6.0646859453218,twitter,spectral,99,99,99,630,548,100,0,2.822906017303467,0.028514202194984514,0.5,Classifier Error ($p$)
6,Disparity,-14.005139012677482,twitter,spectral,99,99,99,630,548,100,0,2.822906017303467,0.028514202194984514,0.5,Classifier Error ($p$)
6,Polarization,-14.08701390510079,twitter,spectral,99,99,99,630,548,100,0,2.822906017303467,0.028514202194984514,0.5,Classifier Error ($p$)
6,$\|L_{t} - L_{0}\|_F$ / $\|L_{0}\|_F$,1.9203382929561408,twitter,spectral,99,99,99,630,548,100,0,2.822906017303467,0.028514202194984514,0.5,Classifier Error ($p$)
7,Surrogate,-6.62866444045623,twitter,spectral,99,99,99,630,548,100,0,2.822906017303467,0.028514202194984514,0.5,Classifier Error ($p$)
7,Disparity,-14.331834623020775,twitter,spectral,99,99,99,630,548,100,0,2.822906017303467,0.028514202194984514,0.5,Classifier Error ($p$)
7,Polarization,-14.47601778219176,twitter,spectral,99,99,99,630,548,100,0,2.822906017303467,0.028514202194984514,0.5,Classifier Error ($p$)
7,$\|L_{t} - L_{0}\|_F$ / $\|L_{0}\|_F$,2.195990852399558,twitter,spectral,99,99,99,630,548,100,0,2.822906017303467,0.028514202194984514,0.5,Classifier Error ($p$)
8,Surrogate,-6.684130867639928,twitter,spectral,99,99,99,630,548,100,0,2.822906017303467,0.028514202194984514,0.5,Classifier Error ($p$)
8,Disparity,-14.434634842140614,twitter,spectral,99,99,99,630,548,100,0,2.822906017303467,0.028514202194984514,0.5,Classifier Error ($p$)
8,Polarization,-15.017607429480307,twitter,spectral,99,99,99,630,548,100,0,2.822906017303467,0.028514202194984514,0.5,Classifier Error ($p$)
8,$\|L_{t} - L_{0}\|_F$ / $\|L_{0}\|_F$,2.2804827073740657,twitter,spectral,99,99,99,630,548,100,0,2.822906017303467,0.028514202194984514,0.5,Classifier Error ($p$)
9,Surrogate,-6.997255916832855,twitter,spectral,99,99,99,630,548,100,0,2.822906017303467,0.028514202194984514,0.5,Classifier Error ($p$)
9,Disparity,-15.304361892974761,twitter,spectral,99,99,99,630,548,100,0,2.822906017303467,0.028514202194984514,0.5,Classifier Error ($p$)
9,Polarization,-15.490170579258347,twitter,spectral,99,99,99,630,548,100,0,2.822906017303467,0.028514202194984514,0.5,Classifier Error ($p$)
9,$\|L_{t} - L_{0}\|_F$ / $\|L_{0}\|_F$,2.3619540498159055,twitter,spectral,99,99,99,630,548,100,0,2.822906017303467,0.028514202194984514,0.5,Classifier Error ($p$)
10,Surrogate,-7.223364714734366,twitter,spectral,99,99,99,630,548,100,0,2.822906017303467,0.028514202194984514,0.5,Classifier Error ($p$)
10,Disparity,-15.515900948599654,twitter,spectral,99,99,99,630,548,100,0,2.822906017303467,0.028514202194984514,0.5,Classifier Error ($p$)
10,Polarization,-15.68646024327637,twitter,spectral,99,99,99,630,548,100,0,2.822906017303467,0.028514202194984514,0.5,Classifier Error ($p$)
10,$\|L_{t} - L_{0}\|_F$ / $\|L_{0}\|_F$,2.4600018042582352,twitter,spectral,99,99,99,630,548,100,0,2.822906017303467,0.028514202194984514,0.5,Classifier Error ($p$)
11,Surrogate,-7.4036207249512875,twitter,spectral,99,99,99,630,548,100,0,2.822906017303467,0.028514202194984514,0.5,Classifier Error ($p$)
11,Disparity,-15.793636497081447,twitter,spectral,99,99,99,630,548,100,0,2.822906017303467,0.028514202194984514,0.5,Classifier Error ($p$)
11,Polarization,-15.74197851801102,twitter,spectral,99,99,99,630,548,100,0,2.822906017303467,0.028514202194984514,0.5,Classifier Error ($p$)
11,$\|L_{t} - L_{0}\|_F$ / $\|L_{0}\|_F$,2.591042955620495,twitter,spectral,99,99,99,630,548,100,0,2.822906017303467,0.028514202194984514,0.5,Classifier Error ($p$)
12,Surrogate,-8.284783747157942,twitter,spectral,99,99,99,630,548,100,0,2.822906017303467,0.028514202194984514,0.5,Classifier Error ($p$)
12,Disparity,-17.245584616966728,twitter,spectral,99,99,99,630,548,100,0,2.822906017303467,0.028514202194984514,0.5,Classifier Error ($p$)
12,Polarization,-17.27339296358597,twitter,spectral,99,99,99,630,548,100,0,2.822906017303467,0.028514202194984514,0.5,Classifier Error ($p$)
12,$\|L_{t} - L_{0}\|_F$ / $\|L_{0}\|_F$,2.851639778865246,twitter,spectral,99,99,99,630,548,100,0,2.822906017303467,0.028514202194984514,0.5,Classifier Error ($p$)
13,Surrogate,-8.38262290339963,twitter,spectral,99,99,99,630,548,100,0,2.822906017303467,0.028514202194984514,0.5,Classifier Error ($p$)
13,Disparity,-17.449932706398098,twitter,spectral,99,99,99,630,548,100,0,2.822906017303467,0.028514202194984514,0.5,Classifier Error ($p$)
13,Polarization,-17.255448869398272,twitter,spectral,99,99,99,630,548,100,0,2.822906017303467,0.028514202194984514,0.5,Classifier Error ($p$)
13,$\|L_{t} - L_{0}\|_F$ / $\|L_{0}\|_F$,2.9172032810923962,twitter,spectral,99,99,99,630,548,100,0,2.822906017303467,0.028514202194984514,0.5,Classifier Error ($p$)
14,Surrogate,-8.930089239542474,twitter,spectral,99,99,99,630,548,100,0,2.822906017303467,0.028514202194984514,0.5,Classifier Error ($p$)
14,Disparity,-19.102983255921345,twitter,spectral,99,99,99,630,548,100,0,2.822906017303467,0.028514202194984514,0.5,Classifier Error ($p$)
14,Polarization,-19.49132613373755,twitter,spectral,99,99,99,630,548,100,0,2.822906017303467,0.028514202194984514,0.5,Classifier Error ($p$)
14,$\|L_{t} - L_{0}\|_F$ / $\|L_{0}\|_F$,2.981325298927618,twitter,spectral,99,99,99,630,548,100,0,2.822906017303467,0.028514202194984514,0.5,Classifier Error ($p$)
15,Surrogate,-9.024391725360852,twitter,spectral,99,99,99,630,548,100,0,2.822906017303467,0.028514202194984514,0.5,Classifier Error ($p$)
15,Disparity,-19.261187628937353,twitter,spectral,99,99,99,630,548,100,0,2.822906017303467,0.028514202194984514,0.5,Classifier Error ($p$)
15,Polarization,-20.23053339021295,twitter,spectral,99,99,99,630,548,100,0,2.822906017303467,0.028514202194984514,0.5,Classifier Error ($p$)
15,$\|L_{t} - L_{0}\|_F$ / $\|L_{0}\|_F$,3.044096925663745,twitter,spectral,99,99,99,630,548,100,0,2.822906017303467,0.028514202194984514,0.5,Classifier Error ($p$)
16,Surrogate,-9.140869214927124,twitter,spectral,99,99,99,630,548,100,0,2.822906017303467,0.028514202194984514,0.5,Classifier Error ($p$)
16,Disparity,-19.441415376042144,twitter,spectral,99,99,99,630,548,100,0,2.822906017303467,0.028514202194984514,0.5,Classifier Error ($p$)
16,Polarization,-20.383517285397932,twitter,spectral,99,99,99,630,548,100,0,2.822906017303467,0.028514202194984514,0.5,Classifier Error ($p$)
16,$\|L_{t} - L_{0}\|_F$ / $\|L_{0}\|_F$,3.135899300846549,twitter,spectral,99,99,99,630,548,100,0,2.822906017303467,0.028514202194984514,0.5,Classifier Error ($p$)
17,Surrogate,-9.366541621452834,twitter,spectral,99,99,99,630,548,100,0,2.822906017303467,0.028514202194984514,0.5,Classifier Error ($p$)
17,Disparity,-19.817688801565904,twitter,spectral,99,99,99,630,548,100,0,2.822906017303467,0.028514202194984514,0.5,Classifier Error ($p$)
17,Polarization,-20.742195369181616,twitter,spectral,99,99,99,630,548,100,0,2.822906017303467,0.028514202194984514,0.5,Classifier Error ($p$)
17,$\|L_{t} - L_{0}\|_F$ / $\|L_{0}\|_F$,3.2103966061161184,twitter,spectral,99,99,99,630,548,100,0,2.822906017303467,0.028514202194984514,0.5,Classifier Error ($p$)
18,Surrogate,-9.795178190536467,twitter,spectral,99,99,99,630,548,100,0,2.822906017303467,0.028514202194984514,0.5,Classifier Error ($p$)
18,Disparity,-21.0639396956094,twitter,spectral,99,99,99,630,548,100,0,2.822906017303467,0.028514202194984514,0.5,Classifier Error ($p$)
18,Polarization,-22.054671200793184,twitter,spectral,99,99,99,630,548,100,0,2.822906017303467,0.028514202194984514,0.5,Classifier Error ($p$)
18,$\|L_{t} - L_{0}\|_F$ / $\|L_{0}\|_F$,3.311878785444708,twitter,spectral,99,99,99,630,548,100,0,2.822906017303467,0.028514202194984514,0.5,Classifier Error ($p$)
19,Surrogate,-10.282589043618835,twitter,spectral,99,99,99,630,548,100,0,2.822906017303467,0.028514202194984514,0.5,Classifier Error ($p$)
19,Disparity,-21.338174621920007,twitter,spectral,99,99,99,630,548,100,0,2.822906017303467,0.028514202194984514,0.5,Classifier Error ($p$)
19,Polarization,-22.644068918022654,twitter,spectral,99,99,99,630,548,100,0,2.822906017303467,0.028514202194984514,0.5,Classifier Error ($p$)
19,$\|L_{t} - L_{0}\|_F$ / $\|L_{0}\|_F$,3.410342476994874,twitter,spectral,99,99,99,630,548,100,0,2.822906017303467,0.028514202194984514,0.5,Classifier Error ($p$)
20,Surrogate,-10.486819243392183,twitter,spectral,99,99,99,630,548,100,0,2.822906017303467,0.028514202194984514,0.5,Classifier Error ($p$)
20,Disparity,-21.667161786196605,twitter,spectral,99,99,99,630,548,100,0,2.822906017303467,0.028514202194984514,0.5,Classifier Error ($p$)
20,Polarization,-22.998526193327514,twitter,spectral,99,99,99,630,548,100,0,2.822906017303467,0.028514202194984514,0.5,Classifier Error ($p$)
20,$\|L_{t} - L_{0}\|_F$ / $\|L_{0}\|_F$,3.5060420036434747,twitter,spectral,99,99,99,630,548,100,0,2.822906017303467,0.028514202194984514,0.5,Classifier Error ($p$)
21,Surrogate,-10.612150128953244,twitter,spectral,99,99,99,630,548,100,0,2.822906017303467,0.028514202194984514,0.5,Classifier Error ($p$)
21,Disparity,-21.92771083789046,twitter,spectral,99,99,99,630,548,100,0,2.822906017303467,0.028514202194984514,0.5,Classifier Error ($p$)
21,Polarization,-23.207878522305037,twitter,spectral,99,99,99,630,548,100,0,2.822906017303467,0.028514202194984514,0.5,Classifier Error ($p$)
21,$\|L_{t} - L_{0}\|_F$ / $\|L_{0}\|_F$,3.5728297573246284,twitter,spectral,99,99,99,630,548,100,0,2.822906017303467,0.028514202194984514,0.5,Classifier Error ($p$)
22,Surrogate,-11.418296238502759,twitter,spectral,99,99,99,630,548,100,0,2.822906017303467,0.028514202194984514,0.5,Classifier Error ($p$)
22,Disparity,-23.684692588112714,twitter,spectral,99,99,99,630,548,100,0,2.822906017303467,0.028514202194984514,0.5,Classifier Error ($p$)
22,Polarization,-26.141992073532972,twitter,spectral,99,99,99,630,548,100,0,2.822906017303467,0.028514202194984514,0.5,Classifier Error ($p$)
22,$\|L_{t} - L_{0}\|_F$ / $\|L_{0}\|_F$,3.638391735140181,twitter,spectral,99,99,99,630,548,100,0,2.822906017303467,0.028514202194984514,0.5,Classifier Error ($p$)
23,Surrogate,-11.883961515502586,twitter,spectral,99,99,99,630,548,100,0,2.822906017303467,0.028514202194984514,0.5,Classifier Error ($p$)
23,Disparity,-23.925497469567834,twitter,spectral,99,99,99,630,548,100,0,2.822906017303467,0.028514202194984514,0.5,Classifier Error ($p$)
23,Polarization,-26.470928816487348,twitter,spectral,99,99,99,630,548,100,0,2.822906017303467,0.028514202194984514,0.5,Classifier Error ($p$)
23,$\|L_{t} - L_{0}\|_F$ / $\|L_{0}\|_F$,3.753518604810425,twitter,spectral,99,99,99,630,548,100,0,2.822906017303467,0.028514202194984514,0.5,Classifier Error ($p$)
24,Surrogate,-12.28760099228758,twitter,spectral,99,99,99,630,548,100,0,2.822906017303467,0.028514202194984514,0.5,Classifier Error ($p$)
24,Disparity,-24.09634118537133,twitter,spectral,99,99,99,630,548,100,0,2.822906017303467,0.028514202194984514,0.5,Classifier Error ($p$)
24,Polarization,-27.018230123930454,twitter,spectral,99,99,99,630,548,100,0,2.822906017303467,0.028514202194984514,0.5,Classifier Error ($p$)
24,$\|L_{t} - L_{0}\|_F$ / $\|L_{0}\|_F$,3.8406765859122816,twitter,spectral,99,99,99,630,548,100,0,2.822906017303467,0.028514202194984514,0.5,Classifier Error ($p$)
25,Surrogate,-12.647439326757368,twitter,spectral,99,99,99,630,548,100,0,2.822906017303467,0.028514202194984514,0.5,Classifier Error ($p$)
25,Disparity,-24.63996676206821,twitter,spectral,99,99,99,630,548,100,0,2.822906017303467,0.028514202194984514,0.5,Classifier Error ($p$)
25,Polarization,-27.446099194284518,twitter,spectral,99,99,99,630,548,100,0,2.822906017303467,0.028514202194984514,0.5,Classifier Error ($p$)
25,$\|L_{t} - L_{0}\|_F$ / $\|L_{0}\|_F$,3.901740455372043,twitter,spectral,99,99,99,630,548,100,0,2.822906017303467,0.028514202194984514,0.5,Classifier Error ($p$)
26,Surrogate,-12.93252708615491,twitter,spectral,99,99,99,630,548,100,0,2.822906017303467,0.028514202194984514,0.5,Classifier Error ($p$)
26,Disparity,-25.286589710204115,twitter,spectral,99,99,99,630,548,100,0,2.822906017303467,0.028514202194984514,0.5,Classifier Error ($p$)
26,Polarization,-28.526159339451603,twitter,spectral,99,99,99,630,548,100,0,2.822906017303467,0.028514202194984514,0.5,Classifier Error ($p$)
26,$\|L_{t} - L_{0}\|_F$ / $\|L_{0}\|_F$,3.94991191495411,twitter,spectral,99,99,99,630,548,100,0,2.822906017303467,0.028514202194984514,0.5,Classifier Error ($p$)
27,Surrogate,-13.307192855473577,twitter,spectral,99,99,99,630,548,100,0,2.822906017303467,0.028514202194984514,0.5,Classifier Error ($p$)
27,Disparity,-26.056312315937745,twitter,spectral,99,99,99,630,548,100,0,2.822906017303467,0.028514202194984514,0.5,Classifier Error ($p$)
27,Polarization,-29.06113683807051,twitter,spectral,99,99,99,630,548,100,0,2.822906017303467,0.028514202194984514,0.5,Classifier Error ($p$)
27,$\|L_{t} - L_{0}\|_F$ / $\|L_{0}\|_F$,3.9975029319196316,twitter,spectral,99,99,99,630,548,100,0,2.822906017303467,0.028514202194984514,0.5,Classifier Error ($p$)
28,Surrogate,-13.645505125091667,twitter,spectral,99,99,99,630,548,100,0,2.822906017303467,0.028514202194984514,0.5,Classifier Error ($p$)
28,Disparity,-26.200702196947866,twitter,spectral,99,99,99,630,548,100,0,2.822906017303467,0.028514202194984514,0.5,Classifier Error ($p$)
28,Polarization,-29.278109796691044,twitter,spectral,99,99,99,630,548,100,0,2.822906017303467,0.028514202194984514,0.5,Classifier Error ($p$)
28,$\|L_{t} - L_{0}\|_F$ / $\|L_{0}\|_F$,4.1484048432906455,twitter,spectral,99,99,99,630,548,100,0,2.822906017303467,0.028514202194984514,0.5,Classifier Error ($p$)
29,Surrogate,-13.76547282556197,twitter,spectral,99,99,99,630,548,100,0,2.822906017303467,0.028514202194984514,0.5,Classifier Error ($p$)
29,Disparity,-26.402567582313548,twitter,spectral,99,99,99,630,548,100,0,2.822906017303467,0.028514202194984514,0.5,Classifier Error ($p$)
29,Polarization,-30.36589968677939,twitter,spectral,99,99,99,630,548,100,0,2.822906017303467,0.028514202194984514,0.5,Classifier Error ($p$)
29,$\|L_{t} - L_{0}\|_F$ / $\|L_{0}\|_F$,4.193743947673355,twitter,spectral,99,99,99,630,548,100,0,2.822906017303467,0.028514202194984514,0.5,Classifier Error ($p$)
30,Surrogate,-13.904393820050712,twitter,spectral,99,99,99,630,548,100,0,2.822906017303467,0.028514202194984514,0.5,Classifier Error ($p$)
30,Disparity,-26.559077345413357,twitter,spectral,99,99,99,630,548,100,0,2.822906017303467,0.028514202194984514,0.5,Classifier Error ($p$)
30,Polarization,-30.75879036083562,twitter,spectral,99,99,99,630,548,100,0,2.822906017303467,0.028514202194984514,0.5,Classifier Error ($p$)
30,$\|L_{t} - L_{0}\|_F$ / $\|L_{0}\|_F$,4.227429179152988,twitter,spectral,99,99,99,630,548,100,0,2.822906017303467,0.028514202194984514,0.5,Classifier Error ($p$)
31,Surrogate,-14.176569872617776,twitter,spectral,99,99,99,630,548,100,0,2.822906017303467,0.028514202194984514,0.5,Classifier Error ($p$)
31,Disparity,-26.672751597318634,twitter,spectral,99,99,99,630,548,100,0,2.822906017303467,0.028514202194984514,0.5,Classifier Error ($p$)
31,Polarization,-30.89729273110923,twitter,spectral,99,99,99,630,548,100,0,2.822906017303467,0.028514202194984514,0.5,Classifier Error ($p$)
31,$\|L_{t} - L_{0}\|_F$ / $\|L_{0}\|_F$,4.359568112689942,twitter,spectral,99,99,99,630,548,100,0,2.822906017303467,0.028514202194984514,0.5,Classifier Error ($p$)
32,Surrogate,-14.335140157760263,twitter,spectral,99,99,99,630,548,100,0,2.822906017303467,0.028514202194984514,0.5,Classifier Error ($p$)
32,Disparity,-26.799600006463862,twitter,spectral,99,99,99,630,548,100,0,2.822906017303467,0.028514202194984514,0.5,Classifier Error ($p$)
32,Polarization,-30.988893980801567,twitter,spectral,99,99,99,630,548,100,0,2.822906017303467,0.028514202194984514,0.5,Classifier Error ($p$)
32,$\|L_{t} - L_{0}\|_F$ / $\|L_{0}\|_F$,4.424157825100428,twitter,spectral,99,99,99,630,548,100,0,2.822906017303467,0.028514202194984514,0.5,Classifier Error ($p$)
33,Surrogate,-14.493013133336389,twitter,spectral,99,99,99,630,548,100,0,2.822906017303467,0.028514202194984514,0.5,Classifier Error ($p$)
33,Disparity,-27.01990646007197,twitter,spectral,99,99,99,630,548,100,0,2.822906017303467,0.028514202194984514,0.5,Classifier Error ($p$)
33,Polarization,-31.167489357776894,twitter,spectral,99,99,99,630,548,100,0,2.822906017303467,0.028514202194984514,0.5,Classifier Error ($p$)
33,$\|L_{t} - L_{0}\|_F$ / $\|L_{0}\|_F$,4.477270865707074,twitter,spectral,99,99,99,630,548,100,0,2.822906017303467,0.028514202194984514,0.5,Classifier Error ($p$)
34,Surrogate,-14.610265391871854,twitter,spectral,99,99,99,630,548,100,0,2.822906017303467,0.028514202194984514,0.5,Classifier Error ($p$)
34,Disparity,-27.153691169408777,twitter,spectral,99,99,99,630,548,100,0,2.822906017303467,0.028514202194984514,0.5,Classifier Error ($p$)
34,Polarization,-31.195378742828517,twitter,spectral,99,99,99,630,548,100,0,2.822906017303467,0.028514202194984514,0.5,Classifier Error ($p$)
34,$\|L_{t} - L_{0}\|_F$ / $\|L_{0}\|_F$,4.529761180064726,twitter,spectral,99,99,99,630,548,100,0,2.822906017303467,0.028514202194984514,0.5,Classifier Error ($p$)
35,Surrogate,-15.350759218916258,twitter,spectral,99,99,99,630,548,100,0,2.822906017303467,0.028514202194984514,0.5,Classifier Error ($p$)
35,Disparity,-29.475705372052136,twitter,spectral,99,99,99,630,548,100,0,2.822906017303467,0.028514202194984514,0.5,Classifier Error ($p$)
35,Polarization,-34.07894795975934,twitter,spectral,99,99,99,630,548,100,0,2.822906017303467,0.028514202194984514,0.5,Classifier Error ($p$)
35,$\|L_{t} - L_{0}\|_F$ / $\|L_{0}\|_F$,4.5713194925788105,twitter,spectral,99,99,99,630,548,100,0,2.822906017303467,0.028514202194984514,0.5,Classifier Error ($p$)
36,Surrogate,-15.586891363527164,twitter,spectral,99,99,99,630,548,100,0,2.822906017303467,0.028514202194984514,0.5,Classifier Error ($p$)
36,Disparity,-29.527947620249172,twitter,spectral,99,99,99,630,548,100,0,2.822906017303467,0.028514202194984514,0.5,Classifier Error ($p$)
36,Polarization,-34.2315598364276,twitter,spectral,99,99,99,630,548,100,0,2.822906017303467,0.028514202194984514,0.5,Classifier Error ($p$)
36,$\|L_{t} - L_{0}\|_F$ / $\|L_{0}\|_F$,4.753838123019571,twitter,spectral,99,99,99,630,548,100,0,2.822906017303467,0.028514202194984514,0.5,Classifier Error ($p$)
37,Surrogate,-15.734252288206246,twitter,spectral,99,99,99,630,548,100,0,2.822906017303467,0.028514202194984514,0.5,Classifier Error ($p$)
37,Disparity,-29.67339463641566,twitter,spectral,99,99,99,630,548,100,0,2.822906017303467,0.028514202194984514,0.5,Classifier Error ($p$)
37,Polarization,-34.30162387420389,twitter,spectral,99,99,99,630,548,100,0,2.822906017303467,0.028514202194984514,0.5,Classifier Error ($p$)
37,$\|L_{t} - L_{0}\|_F$ / $\|L_{0}\|_F$,4.822952583303206,twitter,spectral,99,99,99,630,548,100,0,2.822906017303467,0.028514202194984514,0.5,Classifier Error ($p$)
38,Surrogate,-16.30886833098471,twitter,spectral,99,99,99,630,548,100,0,2.822906017303467,0.028514202194984514,0.5,Classifier Error ($p$)
38,Disparity,-30.4613865067822,twitter,spectral,99,99,99,630,548,100,0,2.822906017303467,0.028514202194984514,0.5,Classifier Error ($p$)
38,Polarization,-35.13679534473867,twitter,spectral,99,99,99,630,548,100,0,2.822906017303467,0.028514202194984514,0.5,Classifier Error ($p$)
38,$\|L_{t} - L_{0}\|_F$ / $\|L_{0}\|_F$,5.043378685062854,twitter,spectral,99,99,99,630,548,100,0,2.822906017303467,0.028514202194984514,0.5,Classifier Error ($p$)
39,Surrogate,-16.50244055731487,twitter,spectral,99,99,99,630,548,100,0,2.822906017303467,0.028514202194984514,0.5,Classifier Error ($p$)
39,Disparity,-30.870418572627244,twitter,spectral,99,99,99,630,548,100,0,2.822906017303467,0.028514202194984514,0.5,Classifier Error ($p$)
39,Polarization,-35.56069609023575,twitter,spectral,99,99,99,630,548,100,0,2.822906017303467,0.028514202194984514,0.5,Classifier Error ($p$)
39,$\|L_{t} - L_{0}\|_F$ / $\|L_{0}\|_F$,5.117823724061385,twitter,spectral,99,99,99,630,548,100,0,2.822906017303467,0.028514202194984514,0.5,Classifier Error ($p$)
40,Surrogate,-16.655268294166977,twitter,spectral,99,99,99,630,548,100,0,2.822906017303467,0.028514202194984514,0.5,Classifier Error ($p$)
40,Disparity,-31.175794099434427,twitter,spectral,99,99,99,630,548,100,0,2.822906017303467,0.028514202194984514,0.5,Classifier Error ($p$)
40,Polarization,-36.04805152249899,twitter,spectral,99,99,99,630,548,100,0,2.822906017303467,0.028514202194984514,0.5,Classifier Error ($p$)
40,$\|L_{t} - L_{0}\|_F$ / $\|L_{0}\|_F$,5.163806891633105,twitter,spectral,99,99,99,630,548,100,0,2.822906017303467,0.028514202194984514,0.5,Classifier Error ($p$)
41,Surrogate,-16.792619785731052,twitter,spectral,99,99,99,630,548,100,0,2.822906017303467,0.028514202194984514,0.5,Classifier Error ($p$)
41,Disparity,-31.264525885356676,twitter,spectral,99,99,99,630,548,100,0,2.822906017303467,0.028514202194984514,0.5,Classifier Error ($p$)
41,Polarization,-36.03290805751989,twitter,spectral,99,99,99,630,548,100,0,2.822906017303467,0.028514202194984514,0.5,Classifier Error ($p$)
41,$\|L_{t} - L_{0}\|_F$ / $\|L_{0}\|_F$,5.28148981511929,twitter,spectral,99,99,99,630,548,100,0,2.822906017303467,0.028514202194984514,0.5,Classifier Error ($p$)
42,Surrogate,-17.01601034294728,twitter,spectral,99,99,99,630,548,100,0,2.822906017303467,0.028514202194984514,0.5,Classifier Error ($p$)
42,Disparity,-31.550786492001357,twitter,spectral,99,99,99,630,548,100,0,2.822906017303467,0.028514202194984514,0.5,Classifier Error ($p$)
42,Polarization,-36.908294005178625,twitter,spectral,99,99,99,630,548,100,0,2.822906017303467,0.028514202194984514,0.5,Classifier Error ($p$)
42,$\|L_{t} - L_{0}\|_F$ / $\|L_{0}\|_F$,5.31717596304828,twitter,spectral,99,99,99,630,548,100,0,2.822906017303467,0.028514202194984514,0.5,Classifier Error ($p$)
43,Surrogate,-17.257525522586604,twitter,spectral,99,99,99,630,548,100,0,2.822906017303467,0.028514202194984514,0.5,Classifier Error ($p$)
43,Disparity,-31.818066025263587,twitter,spectral,99,99,99,630,548,100,0,2.822906017303467,0.028514202194984514,0.5,Classifier Error ($p$)
43,Polarization,-37.161161038271345,twitter,spectral,99,99,99,630,548,100,0,2.822906017303467,0.028514202194984514,0.5,Classifier Error ($p$)
43,$\|L_{t} - L_{0}\|_F$ / $\|L_{0}\|_F$,5.326060139607964,twitter,spectral,99,99,99,630,548,100,0,2.822906017303467,0.028514202194984514,0.5,Classifier Error ($p$)
44,Surrogate,-17.627883170629946,twitter,spectral,99,99,99,630,548,100,0,2.822906017303467,0.028514202194984514,0.5,Classifier Error ($p$)
44,Disparity,-32.71492612760978,twitter,spectral,99,99,99,630,548,100,0,2.822906017303467,0.028514202194984514,0.5,Classifier Error ($p$)
44,Polarization,-38.444259234972634,twitter,spectral,99,99,99,630,548,100,0,2.822906017303467,0.028514202194984514,0.5,Classifier Error ($p$)
44,$\|L_{t} - L_{0}\|_F$ / $\|L_{0}\|_F$,5.414100155865685,twitter,spectral,99,99,99,630,548,100,0,2.822906017303467,0.028514202194984514,0.5,Classifier Error ($p$)
45,Surrogate,-17.707891928083523,twitter,spectral,99,99,99,630,548,100,0,2.822906017303467,0.028514202194984514,0.5,Classifier Error ($p$)
45,Disparity,-32.81415528592848,twitter,spectral,99,99,99,630,548,100,0,2.822906017303467,0.028514202194984514,0.5,Classifier Error ($p$)
45,Polarization,-38.41228612940954,twitter,spectral,99,99,99,630,548,100,0,2.822906017303467,0.028514202194984514,0.5,Classifier Error ($p$)
45,$\|L_{t} - L_{0}\|_F$ / $\|L_{0}\|_F$,5.474885863528266,twitter,spectral,99,99,99,630,548,100,0,2.822906017303467,0.028514202194984514,0.5,Classifier Error ($p$)
46,Surrogate,-18.109094687838017,twitter,spectral,99,99,99,630,548,100,0,2.822906017303467,0.028514202194984514,0.5,Classifier Error ($p$)
46,Disparity,-33.28912757708268,twitter,spectral,99,99,99,630,548,100,0,2.822906017303467,0.028514202194984514,0.5,Classifier Error ($p$)
46,Polarization,-38.92812311661462,twitter,spectral,99,99,99,630,548,100,0,2.822906017303467,0.028514202194984514,0.5,Classifier Error ($p$)
46,$\|L_{t} - L_{0}\|_F$ / $\|L_{0}\|_F$,5.661679589142652,twitter,spectral,99,99,99,630,548,100,0,2.822906017303467,0.028514202194984514,0.5,Classifier Error ($p$)
47,Surrogate,-18.379204429789777,twitter,spectral,99,99,99,630,548,100,0,2.822906017303467,0.028514202194984514,0.5,Classifier Error ($p$)
47,Disparity,-33.71676656312067,twitter,spectral,99,99,99,630,548,100,0,2.822906017303467,0.028514202194984514,0.5,Classifier Error ($p$)
47,Polarization,-38.906470866068,twitter,spectral,99,99,99,630,548,100,0,2.822906017303467,0.028514202194984514,0.5,Classifier Error ($p$)
47,$\|L_{t} - L_{0}\|_F$ / $\|L_{0}\|_F$,5.736342324899738,twitter,spectral,99,99,99,630,548,100,0,2.822906017303467,0.028514202194984514,0.5,Classifier Error ($p$)
48,Surrogate,-18.440932550481904,twitter,spectral,99,99,99,630,548,100,0,2.822906017303467,0.028514202194984514,0.5,Classifier Error ($p$)
48,Disparity,-33.79290448136027,twitter,spectral,99,99,99,630,548,100,0,2.822906017303467,0.028514202194984514,0.5,Classifier Error ($p$)
48,Polarization,-38.93853830289326,twitter,spectral,99,99,99,630,548,100,0,2.822906017303467,0.028514202194984514,0.5,Classifier Error ($p$)
48,$\|L_{t} - L_{0}\|_F$ / $\|L_{0}\|_F$,5.769215615943449,twitter,spectral,99,99,99,630,548,100,0,2.822906017303467,0.028514202194984514,0.5,Classifier Error ($p$)
49,Surrogate,-18.699013602125838,twitter,spectral,99,99,99,630,548,100,0,2.822906017303467,0.028514202194984514,0.5,Classifier Error ($p$)
49,Disparity,-34.37396675463673,twitter,spectral,99,99,99,630,548,100,0,2.822906017303467,0.028514202194984514,0.5,Classifier Error ($p$)
49,Polarization,-39.566078952529864,twitter,spectral,99,99,99,630,548,100,0,2.822906017303467,0.028514202194984514,0.5,Classifier Error ($p$)
49,$\|L_{t} - L_{0}\|_F$ / $\|L_{0}\|_F$,5.8344065621847925,twitter,spectral,99,99,99,630,548,100,0,2.822906017303467,0.028514202194984514,0.5,Classifier Error ($p$)
50,Surrogate,-18.902995024384136,twitter,spectral,99,99,99,630,548,100,0,2.822906017303467,0.028514202194984514,0.5,Classifier Error ($p$)
50,Disparity,-34.725036109868945,twitter,spectral,99,99,99,630,548,100,0,2.822906017303467,0.028514202194984514,0.5,Classifier Error ($p$)
50,Polarization,-39.638053530969025,twitter,spectral,99,99,99,630,548,100,0,2.822906017303467,0.028514202194984514,0.5,Classifier Error ($p$)
50,$\|L_{t} - L_{0}\|_F$ / $\|L_{0}\|_F$,5.874783559960059,twitter,spectral,99,99,99,630,548,100,0,2.822906017303467,0.028514202194984514,0.5,Classifier Error ($p$)
51,Surrogate,-19.083335275744368,twitter,spectral,99,99,99,630,548,100,0,2.822906017303467,0.028514202194984514,0.5,Classifier Error ($p$)
51,Disparity,-34.954195574967635,twitter,spectral,99,99,99,630,548,100,0,2.822906017303467,0.028514202194984514,0.5,Classifier Error ($p$)
51,Polarization,-39.515883072024764,twitter,spectral,99,99,99,630,548,100,0,2.822906017303467,0.028514202194984514,0.5,Classifier Error ($p$)
51,$\|L_{t} - L_{0}\|_F$ / $\|L_{0}\|_F$,5.986390508328923,twitter,spectral,99,99,99,630,548,100,0,2.822906017303467,0.028514202194984514,0.5,Classifier Error ($p$)
52,Surrogate,-19.24954788856263,twitter,spectral,99,99,99,630,548,100,0,2.822906017303467,0.028514202194984514,0.5,Classifier Error ($p$)
52,Disparity,-35.40738655229567,twitter,spectral,99,99,99,630,548,100,0,2.822906017303467,0.028514202194984514,0.5,Classifier Error ($p$)
52,Polarization,-40.64587932172996,twitter,spectral,99,99,99,630,548,100,0,2.822906017303467,0.028514202194984514,0.5,Classifier Error ($p$)
52,$\|L_{t} - L_{0}\|_F$ / $\|L_{0}\|_F$,6.057051990575303,twitter,spectral,99,99,99,630,548,100,0,2.822906017303467,0.028514202194984514,0.5,Classifier Error ($p$)
53,Surrogate,-19.353535839962856,twitter,spectral,99,99,99,630,548,100,0,2.822906017303467,0.028514202194984514,0.5,Classifier Error ($p$)
53,Disparity,-35.706270801345426,twitter,spectral,99,99,99,630,548,100,0,2.822906017303467,0.028514202194984514,0.5,Classifier Error ($p$)
53,Polarization,-41.10379632287078,twitter,spectral,99,99,99,630,548,100,0,2.822906017303467,0.028514202194984514,0.5,Classifier Error ($p$)
53,$\|L_{t} - L_{0}\|_F$ / $\|L_{0}\|_F$,6.10370519838128,twitter,spectral,99,99,99,630,548,100,0,2.822906017303467,0.028514202194984514,0.5,Classifier Error ($p$)
54,Surrogate,-19.477690983859727,twitter,spectral,99,99,99,630,548,100,0,2.822906017303467,0.028514202194984514,0.5,Classifier Error ($p$)
54,Disparity,-35.87744537714562,twitter,spectral,99,99,99,630,548,100,0,2.822906017303467,0.028514202194984514,0.5,Classifier Error ($p$)
54,Polarization,-41.1219492489765,twitter,spectral,99,99,99,630,548,100,0,2.822906017303467,0.028514202194984514,0.5,Classifier Error ($p$)
54,$\|L_{t} - L_{0}\|_F$ / $\|L_{0}\|_F$,6.157687217589367,twitter,spectral,99,99,99,630,548,100,0,2.822906017303467,0.028514202194984514,0.5,Classifier Error ($p$)
55,Surrogate,-19.75293574496373,twitter,spectral,99,99,99,630,548,100,0,2.822906017303467,0.028514202194984514,0.5,Classifier Error ($p$)
55,Disparity,-36.676146246316186,twitter,spectral,99,99,99,630,548,100,0,2.822906017303467,0.028514202194984514,0.5,Classifier Error ($p$)
55,Polarization,-42.481606462211424,twitter,spectral,99,99,99,630,548,100,0,2.822906017303467,0.028514202194984514,0.5,Classifier Error ($p$)
55,$\|L_{t} - L_{0}\|_F$ / $\|L_{0}\|_F$,6.195957860829549,twitter,spectral,99,99,99,630,548,100,0,2.822906017303467,0.028514202194984514,0.5,Classifier Error ($p$)
56,Surrogate,-19.824604285791324,twitter,spectral,99,99,99,630,548,100,0,2.822906017303467,0.028514202194984514,0.5,Classifier Error ($p$)
56,Disparity,-36.758610193843744,twitter,spectral,99,99,99,630,548,100,0,2.822906017303467,0.028514202194984514,0.5,Classifier Error ($p$)
56,Polarization,-42.54423447285474,twitter,spectral,99,99,99,630,548,100,0,2.822906017303467,0.028514202194984514,0.5,Classifier Error ($p$)
56,$\|L_{t} - L_{0}\|_F$ / $\|L_{0}\|_F$,6.226405011560451,twitter,spectral,99,99,99,630,548,100,0,2.822906017303467,0.028514202194984514,0.5,Classifier Error ($p$)
57,Surrogate,-19.996474699554735,twitter,spectral,99,99,99,630,548,100,0,2.822906017303467,0.028514202194984514,0.5,Classifier Error ($p$)
57,Disparity,-36.92014452185142,twitter,spectral,99,99,99,630,548,100,0,2.822906017303467,0.028514202194984514,0.5,Classifier Error ($p$)
57,Polarization,-42.78389170947547,twitter,spectral,99,99,99,630,548,100,0,2.822906017303467,0.028514202194984514,0.5,Classifier Error ($p$)
57,$\|L_{t} - L_{0}\|_F$ / $\|L_{0}\|_F$,6.301879343101478,twitter,spectral,99,99,99,630,548,100,0,2.822906017303467,0.028514202194984514,0.5,Classifier Error ($p$)
58,Surrogate,-20.19016378081544,twitter,spectral,99,99,99,630,548,100,0,2.822906017303467,0.028514202194984514,0.5,Classifier Error ($p$)
58,Disparity,-37.44906047990174,twitter,spectral,99,99,99,630,548,100,0,2.822906017303467,0.028514202194984514,0.5,Classifier Error ($p$)
58,Polarization,-43.64158294867699,twitter,spectral,99,99,99,630,548,100,0,2.822906017303467,0.028514202194984514,0.5,Classifier Error ($p$)
58,$\|L_{t} - L_{0}\|_F$ / $\|L_{0}\|_F$,6.331817180700872,twitter,spectral,99,99,99,630,548,100,0,2.822906017303467,0.028514202194984514,0.5,Classifier Error ($p$)
59,Surrogate,-19.417836949182274,twitter,spectral,99,99,99,630,548,100,0,2.822906017303467,0.028514202194984514,0.5,Classifier Error ($p$)
59,Disparity,-36.75176185985462,twitter,spectral,99,99,99,630,548,100,0,2.822906017303467,0.028514202194984514,0.5,Classifier Error ($p$)
59,Polarization,-41.68256795029311,twitter,spectral,99,99,99,630,548,100,0,2.822906017303467,0.028514202194984514,0.5,Classifier Error ($p$)
59,$\|L_{t} - L_{0}\|_F$ / $\|L_{0}\|_F$,6.369041588287107,twitter,spectral,99,99,99,630,548,100,0,2.822906017303467,0.028514202194984514,0.5,Classifier Error ($p$)
60,Surrogate,-19.648254152361694,twitter,spectral,99,99,99,630,548,100,0,2.822906017303467,0.028514202194984514,0.5,Classifier Error ($p$)
60,Disparity,-36.84496489608127,twitter,spectral,99,99,99,630,548,100,0,2.822906017303467,0.028514202194984514,0.5,Classifier Error ($p$)
60,Polarization,-41.91270624713802,twitter,spectral,99,99,99,630,548,100,0,2.822906017303467,0.028514202194984514,0.5,Classifier Error ($p$)
60,$\|L_{t} - L_{0}\|_F$ / $\|L_{0}\|_F$,6.501284930686703,twitter,spectral,99,99,99,630,548,100,0,2.822906017303467,0.028514202194984514,0.5,Classifier Error ($p$)
61,Surrogate,-19.869934427579377,twitter,spectral,99,99,99,630,548,100,0,2.822906017303467,0.028514202194984514,0.5,Classifier Error ($p$)
61,Disparity,-37.125536820392455,twitter,spectral,99,99,99,630,548,100,0,2.822906017303467,0.028514202194984514,0.5,Classifier Error ($p$)
61,Polarization,-42.238302476699836,twitter,spectral,99,99,99,630,548,100,0,2.822906017303467,0.028514202194984514,0.5,Classifier Error ($p$)
61,$\|L_{t} - L_{0}\|_F$ / $\|L_{0}\|_F$,6.609466815145533,twitter,spectral,99,99,99,630,548,100,0,2.822906017303467,0.028514202194984514,0.5,Classifier Error ($p$)
62,Surrogate,-19.991443784595166,twitter,spectral,99,99,99,630,548,100,0,2.822906017303467,0.028514202194984514,0.5,Classifier Error ($p$)
62,Disparity,-37.29687193531078,twitter,spectral,99,99,99,630,548,100,0,2.822906017303467,0.028514202194984514,0.5,Classifier Error ($p$)
62,Polarization,-42.35156960338371,twitter,spectral,99,99,99,630,548,100,0,2.822906017303467,0.028514202194984514,0.5,Classifier Error ($p$)
62,$\|L_{t} - L_{0}\|_F$ / $\|L_{0}\|_F$,6.659350291239144,twitter,spectral,99,99,99,630,548,100,0,2.822906017303467,0.028514202194984514,0.5,Classifier Error ($p$)
63,Surrogate,-20.129362465876248,twitter,spectral,99,99,99,630,548,100,0,2.822906017303467,0.028514202194984514,0.5,Classifier Error ($p$)
63,Disparity,-37.4899584141411,twitter,spectral,99,99,99,630,548,100,0,2.822906017303467,0.028514202194984514,0.5,Classifier Error ($p$)
63,Polarization,-42.61861035572998,twitter,spectral,99,99,99,630,548,100,0,2.822906017303467,0.028514202194984514,0.5,Classifier Error ($p$)
63,$\|L_{t} - L_{0}\|_F$ / $\|L_{0}\|_F$,6.736992398478218,twitter,spectral,99,99,99,630,548,100,0,2.822906017303467,0.028514202194984514,0.5,Classifier Error ($p$)
64,Surrogate,-20.207219232471896,twitter,spectral,99,99,99,630,548,100,0,2.822906017303467,0.028514202194984514,0.5,Classifier Error ($p$)
64,Disparity,-37.55529111921994,twitter,spectral,99,99,99,630,548,100,0,2.822906017303467,0.028514202194984514,0.5,Classifier Error ($p$)
64,Polarization,-42.83624177506758,twitter,spectral,99,99,99,630,548,100,0,2.822906017303467,0.028514202194984514,0.5,Classifier Error ($p$)
64,$\|L_{t} - L_{0}\|_F$ / $\|L_{0}\|_F$,6.78593849795812,twitter,spectral,99,99,99,630,548,100,0,2.822906017303467,0.028514202194984514,0.5,Classifier Error ($p$)
65,Surrogate,-20.357744574663265,twitter,spectral,99,99,99,630,548,100,0,2.822906017303467,0.028514202194984514,0.5,Classifier Error ($p$)
65,Disparity,-37.86280739426323,twitter,spectral,99,99,99,630,548,100,0,2.822906017303467,0.028514202194984514,0.5,Classifier Error ($p$)
65,Polarization,-43.04871473108104,twitter,spectral,99,99,99,630,548,100,0,2.822906017303467,0.028514202194984514,0.5,Classifier Error ($p$)
65,$\|L_{t} - L_{0}\|_F$ / $\|L_{0}\|_F$,6.834534074754981,twitter,spectral,99,99,99,630,548,100,0,2.822906017303467,0.028514202194984514,0.5,Classifier Error ($p$)
66,Surrogate,-20.50410368969007,twitter,spectral,99,99,99,630,548,100,0,2.822906017303467,0.028514202194984514,0.5,Classifier Error ($p$)
66,Disparity,-38.133638013219795,twitter,spectral,99,99,99,630,548,100,0,2.822906017303467,0.028514202194984514,0.5,Classifier Error ($p$)
66,Polarization,-42.9278648115792,twitter,spectral,99,99,99,630,548,100,0,2.822906017303467,0.028514202194984514,0.5,Classifier Error ($p$)
66,$\|L_{t} - L_{0}\|_F$ / $\|L_{0}\|_F$,6.869034718393767,twitter,spectral,99,99,99,630,548,100,0,2.822906017303467,0.028514202194984514,0.5,Classifier Error ($p$)
67,Surrogate,-20.756749161021965,twitter,spectral,99,99,99,630,548,100,0,2.822906017303467,0.028514202194984514,0.5,Classifier Error ($p$)
67,Disparity,-39.08294243513248,twitter,spectral,99,99,99,630,548,100,0,2.822906017303467,0.028514202194984514,0.5,Classifier Error ($p$)
67,Polarization,-44.00534824478797,twitter,spectral,99,99,99,630,548,100,0,2.822906017303467,0.028514202194984514,0.5,Classifier Error ($p$)
67,$\|L_{t} - L_{0}\|_F$ / $\|L_{0}\|_F$,6.923878181490354,twitter,spectral,99,99,99,630,548,100,0,2.822906017303467,0.028514202194984514,0.5,Classifier Error ($p$)
68,Surrogate,-20.90415940147794,twitter,spectral,99,99,99,630,548,100,0,2.822906017303467,0.028514202194984514,0.5,Classifier Error ($p$)
68,Disparity,-39.27641943825061,twitter,spectral,99,99,99,630,548,100,0,2.822906017303467,0.028514202194984514,0.5,Classifier Error ($p$)
68,Polarization,-44.14767029942313,twitter,spectral,99,99,99,630,548,100,0,2.822906017303467,0.028514202194984514,0.5,Classifier Error ($p$)
68,$\|L_{t} - L_{0}\|_F$ / $\|L_{0}\|_F$,6.978290634656699,twitter,spectral,99,99,99,630,548,100,0,2.822906017303467,0.028514202194984514,0.5,Classifier Error ($p$)
69,Surrogate,-21.220912927444566,twitter,spectral,99,99,99,630,548,100,0,2.822906017303467,0.028514202194984514,0.5,Classifier Error ($p$)
69,Disparity,-39.984507437429365,twitter,spectral,99,99,99,630,548,100,0,2.822906017303467,0.028514202194984514,0.5,Classifier Error ($p$)
69,Polarization,-44.55084524252159,twitter,spectral,99,99,99,630,548,100,0,2.822906017303467,0.028514202194984514,0.5,Classifier Error ($p$)
69,$\|L_{t} - L_{0}\|_F$ / $\|L_{0}\|_F$,7.025555842967458,twitter,spectral,99,99,99,630,548,100,0,2.822906017303467,0.028514202194984514,0.5,Classifier Error ($p$)
70,Surrogate,-21.326528777356334,twitter,spectral,99,99,99,630,548,100,0,2.822906017303467,0.028514202194984514,0.5,Classifier Error ($p$)
70,Disparity,-40.11417907698092,twitter,spectral,99,99,99,630,548,100,0,2.822906017303467,0.028514202194984514,0.5,Classifier Error ($p$)
70,Polarization,-44.56903942569153,twitter,spectral,99,99,99,630,548,100,0,2.822906017303467,0.028514202194984514,0.5,Classifier Error ($p$)
70,$\|L_{t} - L_{0}\|_F$ / $\|L_{0}\|_F$,7.045715298588314,twitter,spectral,99,99,99,630,548,100,0,2.822906017303467,0.028514202194984514,0.5,Classifier Error ($p$)
71,Surrogate,-21.383901106360625,twitter,spectral,99,99,99,630,548,100,0,2.822906017303467,0.028514202194984514,0.5,Classifier Error ($p$)
71,Disparity,-40.13406150013419,twitter,spectral,99,99,99,630,548,100,0,2.822906017303467,0.028514202194984514,0.5,Classifier Error ($p$)
71,Polarization,-44.88818566296586,twitter,spectral,99,99,99,630,548,100,0,2.822906017303467,0.028514202194984514,0.5,Classifier Error ($p$)
71,$\|L_{t} - L_{0}\|_F$ / $\|L_{0}\|_F$,7.125782815465979,twitter,spectral,99,99,99,630,548,100,0,2.822906017303467,0.028514202194984514,0.5,Classifier Error ($p$)
72,Surrogate,-21.53459281299573,twitter,spectral,99,99,99,630,548,100,0,2.822906017303467,0.028514202194984514,0.5,Classifier Error ($p$)
72,Disparity,-40.45860444359938,twitter,spectral,99,99,99,630,548,100,0,2.822906017303467,0.028514202194984514,0.5,Classifier Error ($p$)
72,Polarization,-44.962620976354536,twitter,spectral,99,99,99,630,548,100,0,2.822906017303467,0.028514202194984514,0.5,Classifier Error ($p$)
72,$\|L_{t} - L_{0}\|_F$ / $\|L_{0}\|_F$,7.19839572466787,twitter,spectral,99,99,99,630,548,100,0,2.822906017303467,0.028514202194984514,0.5,Classifier Error ($p$)
73,Surrogate,-21.750043917912205,twitter,spectral,99,99,99,630,548,100,0,2.822906017303467,0.028514202194984514,0.5,Classifier Error ($p$)
73,Disparity,-40.95280237944371,twitter,spectral,99,99,99,630,548,100,0,2.822906017303467,0.028514202194984514,0.5,Classifier Error ($p$)
73,Polarization,-45.30621101320639,twitter,spectral,99,99,99,630,548,100,0,2.822906017303467,0.028514202194984514,0.5,Classifier Error ($p$)
73,$\|L_{t} - L_{0}\|_F$ / $\|L_{0}\|_F$,7.270283439085652,twitter,spectral,99,99,99,630,548,100,0,2.822906017303467,0.028514202194984514,0.5,Classifier Error ($p$)
74,Surrogate,-21.982206274641648,twitter,spectral,99,99,99,630,548,100,0,2.822906017303467,0.028514202194984514,0.5,Classifier Error ($p$)
74,Disparity,-41.00855032999321,twitter,spectral,99,99,99,630,548,100,0,2.822906017303467,0.028514202194984514,0.5,Classifier Error ($p$)
74,Polarization,-45.34437690396798,twitter,spectral,99,99,99,630,548,100,0,2.822906017303467,0.028514202194984514,0.5,Classifier Error ($p$)
74,$\|L_{t} - L_{0}\|_F$ / $\|L_{0}\|_F$,7.360761558865818,twitter,spectral,99,99,99,630,548,100,0,2.822906017303467,0.028514202194984514,0.5,Classifier Error ($p$)
75,Surrogate,-22.189176907345875,twitter,spectral,99,99,99,630,548,100,0,2.822906017303467,0.028514202194984514,0.5,Classifier Error ($p$)
75,Disparity,-41.3554178402584,twitter,spectral,99,99,99,630,548,100,0,2.822906017303467,0.028514202194984514,0.5,Classifier Error ($p$)
75,Polarization,-45.32320806616298,twitter,spectral,99,99,99,630,548,100,0,2.822906017303467,0.028514202194984514,0.5,Classifier Error ($p$)
75,$\|L_{t} - L_{0}\|_F$ / $\|L_{0}\|_F$,7.360761558865818,twitter,spectral,99,99,99,630,548,100,0,2.822906017303467,0.028514202194984514,0.5,Classifier Error ($p$)
76,Surrogate,-22.380030401778686,twitter,spectral,99,99,99,630,548,100,0,2.822906017303467,0.028514202194984514,0.5,Classifier Error ($p$)
76,Disparity,-41.75141567009417,twitter,spectral,99,99,99,630,548,100,0,2.822906017303467,0.028514202194984514,0.5,Classifier Error ($p$)
76,Polarization,-45.404429590679676,twitter,spectral,99,99,99,630,548,100,0,2.822906017303467,0.028514202194984514,0.5,Classifier Error ($p$)
76,$\|L_{t} - L_{0}\|_F$ / $\|L_{0}\|_F$,7.405586097493807,twitter,spectral,99,99,99,630,548,100,0,2.822906017303467,0.028514202194984514,0.5,Classifier Error ($p$)
77,Surrogate,-22.49286687959705,twitter,spectral,99,99,99,630,548,100,0,2.822906017303467,0.028514202194984514,0.5,Classifier Error ($p$)
77,Disparity,-42.00052373200026,twitter,spectral,99,99,99,630,548,100,0,2.822906017303467,0.028514202194984514,0.5,Classifier Error ($p$)
77,Polarization,-45.43073656922792,twitter,spectral,99,99,99,630,548,100,0,2.822906017303467,0.028514202194984514,0.5,Classifier Error ($p$)
77,$\|L_{t} - L_{0}\|_F$ / $\|L_{0}\|_F$,7.462822049715186,twitter,spectral,99,99,99,630,548,100,0,2.822906017303467,0.028514202194984514,0.5,Classifier Error ($p$)
78,Surrogate,-22.603645599102116,twitter,spectral,99,99,99,630,548,100,0,2.822906017303467,0.028514202194984514,0.5,Classifier Error ($p$)
78,Disparity,-42.11426371774728,twitter,spectral,99,99,99,630,548,100,0,2.822906017303467,0.028514202194984514,0.5,Classifier Error ($p$)
78,Polarization,-45.96444146481588,twitter,spectral,99,99,99,630,548,100,0,2.822906017303467,0.028514202194984514,0.5,Classifier Error ($p$)
78,$\|L_{t} - L_{0}\|_F$ / $\|L_{0}\|_F$,7.50073671567864,twitter,spectral,99,99,99,630,548,100,0,2.822906017303467,0.028514202194984514,0.5,Classifier Error ($p$)
79,Surrogate,-22.693827447378226,twitter,spectral,99,99,99,630,548,100,0,2.822906017303467,0.028514202194984514,0.5,Classifier Error ($p$)
79,Disparity,-42.29229226189727,twitter,spectral,99,99,99,630,548,100,0,2.822906017303467,0.028514202194984514,0.5,Classifier Error ($p$)
79,Polarization,-46.50966750347066,twitter,spectral,99,99,99,630,548,100,0,2.822906017303467,0.028514202194984514,0.5,Classifier Error ($p$)
79,$\|L_{t} - L_{0}\|_F$ / $\|L_{0}\|_F$,7.607135458625043,twitter,spectral,99,99,99,630,548,100,0,2.822906017303467,0.028514202194984514,0.5,Classifier Error ($p$)
80,Surrogate,-22.89268908498725,twitter,spectral,99,99,99,630,548,100,0,2.822906017303467,0.028514202194984514,0.5,Classifier Error ($p$)
80,Disparity,-42.36200846322716,twitter,spectral,99,99,99,630,548,100,0,2.822906017303467,0.028514202194984514,0.5,Classifier Error ($p$)
80,Polarization,-46.759377519568815,twitter,spectral,99,99,99,630,548,100,0,2.822906017303467,0.028514202194984514,0.5,Classifier Error ($p$)
80,$\|L_{t} - L_{0}\|_F$ / $\|L_{0}\|_F$,7.712066421771229,twitter,spectral,99,99,99,630,548,100,0,2.822906017303467,0.028514202194984514,0.5,Classifier Error ($p$)
81,Surrogate,-23.009605629924195,twitter,spectral,99,99,99,630,548,100,0,2.822906017303467,0.028514202194984514,0.5,Classifier Error ($p$)
81,Disparity,-42.48040507070204,twitter,spectral,99,99,99,630,548,100,0,2.822906017303467,0.028514202194984514,0.5,Classifier Error ($p$)
81,Polarization,-47.03403007862371,twitter,spectral,99,99,99,630,548,100,0,2.822906017303467,0.028514202194984514,0.5,Classifier Error ($p$)
81,$\|L_{t} - L_{0}\|_F$ / $\|L_{0}\|_F$,7.785283884242124,twitter,spectral,99,99,99,630,548,100,0,2.822906017303467,0.028514202194984514,0.5,Classifier Error ($p$)
82,Surrogate,-23.13936724754529,twitter,spectral,99,99,99,630,548,100,0,2.822906017303467,0.028514202194984514,0.5,Classifier Error ($p$)
82,Disparity,-42.6092330549663,twitter,spectral,99,99,99,630,548,100,0,2.822906017303467,0.028514202194984514,0.5,Classifier Error ($p$)
82,Polarization,-47.15119841724696,twitter,spectral,99,99,99,630,548,100,0,2.822906017303467,0.028514202194984514,0.5,Classifier Error ($p$)
82,$\|L_{t} - L_{0}\|_F$ / $\|L_{0}\|_F$,7.84577651002526,twitter,spectral,99,99,99,630,548,100,0,2.822906017303467,0.028514202194984514,0.5,Classifier Error ($p$)
83,Surrogate,-23.250423208636782,twitter,spectral,99,99,99,630,548,100,0,2.822906017303467,0.028514202194984514,0.5,Classifier Error ($p$)
83,Disparity,-42.68992452285437,twitter,spectral,99,99,99,630,548,100,0,2.822906017303467,0.028514202194984514,0.5,Classifier Error ($p$)
83,Polarization,-47.14225119327578,twitter,spectral,99,99,99,630,548,100,0,2.822906017303467,0.028514202194984514,0.5,Classifier Error ($p$)
83,$\|L_{t} - L_{0}\|_F$ / $\|L_{0}\|_F$,7.941606340313186,twitter,spectral,99,99,99,630,548,100,0,2.822906017303467,0.028514202194984514,0.5,Classifier Error ($p$)
84,Surrogate,-23.364283997484968,twitter,spectral,99,99,99,630,548,100,0,2.822906017303467,0.028514202194984514,0.5,Classifier Error ($p$)
84,Disparity,-42.88545906997276,twitter,spectral,99,99,99,630,548,100,0,2.822906017303467,0.028514202194984514,0.5,Classifier Error ($p$)
84,Polarization,-47.435571906757126,twitter,spectral,99,99,99,630,548,100,0,2.822906017303467,0.028514202194984514,0.5,Classifier Error ($p$)
84,$\|L_{t} - L_{0}\|_F$ / $\|L_{0}\|_F$,8.000917144398297,twitter,spectral,99,99,99,630,548,100,0,2.822906017303467,0.028514202194984514,0.5,Classifier Error ($p$)
85,Surrogate,-23.4562126158894,twitter,spectral,99,99,99,630,548,100,0,2.822906017303467,0.028514202194984514,0.5,Classifier Error ($p$)
85,Disparity,-43.016446277466606,twitter,spectral,99,99,99,630,548,100,0,2.822906017303467,0.028514202194984514,0.5,Classifier Error ($p$)
85,Polarization,-47.383000517027895,twitter,spectral,99,99,99,630,548,100,0,2.822906017303467,0.028514202194984514,0.5,Classifier Error ($p$)
85,$\|L_{t} - L_{0}\|_F$ / $\|L_{0}\|_F$,8.135691248546856,twitter,spectral,99,99,99,630,548,100,0,2.822906017303467,0.028514202194984514,0.5,Classifier Error ($p$)
86,Surrogate,-23.553272905966367,twitter,spectral,99,99,99,630,548,100,0,2.822906017303467,0.028514202194984514,0.5,Classifier Error ($p$)
86,Disparity,-43.21841807224096,twitter,spectral,99,99,99,630,548,100,0,2.822906017303467,0.028514202194984514,0.5,Classifier Error ($p$)
86,Polarization,-47.70669609683575,twitter,spectral,99,99,99,630,548,100,0,2.822906017303467,0.028514202194984514,0.5,Classifier Error ($p$)
86,$\|L_{t} - L_{0}\|_F$ / $\|L_{0}\|_F$,8.18204883884844,twitter,spectral,99,99,99,630,548,100,0,2.822906017303467,0.028514202194984514,0.5,Classifier Error ($p$)
87,Surrogate,-23.691586372855156,twitter,spectral,99,99,99,630,548,100,0,2.822906017303467,0.028514202194984514,0.5,Classifier Error ($p$)
87,Disparity,-43.69166797547607,twitter,spectral,99,99,99,630,548,100,0,2.822906017303467,0.028514202194984514,0.5,Classifier Error ($p$)
87,Polarization,-48.198226299207704,twitter,spectral,99,99,99,630,548,100,0,2.822906017303467,0.028514202194984514,0.5,Classifier Error ($p$)
87,$\|L_{t} - L_{0}\|_F$ / $\|L_{0}\|_F$,8.262548798230165,twitter,spectral,99,99,99,630,548,100,0,2.822906017303467,0.028514202194984514,0.5,Classifier Error ($p$)
88,Surrogate,-23.85834253050298,twitter,spectral,99,99,99,630,548,100,0,2.822906017303467,0.028514202194984514,0.5,Classifier Error ($p$)
88,Disparity,-43.92784316483566,twitter,spectral,99,99,99,630,548,100,0,2.822906017303467,0.028514202194984514,0.5,Classifier Error ($p$)
88,Polarization,-48.52484465292524,twitter,spectral,99,99,99,630,548,100,0,2.822906017303467,0.028514202194984514,0.5,Classifier Error ($p$)
88,$\|L_{t} - L_{0}\|_F$ / $\|L_{0}\|_F$,8.330929678467077,twitter,spectral,99,99,99,630,548,100,0,2.822906017303467,0.028514202194984514,0.5,Classifier Error ($p$)
89,Surrogate,-24.009547398589437,twitter,spectral,99,99,99,630,548,100,0,2.822906017303467,0.028514202194984514,0.5,Classifier Error ($p$)
89,Disparity,-43.95791010893324,twitter,spectral,99,99,99,630,548,100,0,2.822906017303467,0.028514202194984514,0.5,Classifier Error ($p$)
89,Polarization,-48.597643155649514,twitter,spectral,99,99,99,630,548,100,0,2.822906017303467,0.028514202194984514,0.5,Classifier Error ($p$)
89,$\|L_{t} - L_{0}\|_F$ / $\|L_{0}\|_F$,8.415624465130298,twitter,spectral,99,99,99,630,548,100,0,2.822906017303467,0.028514202194984514,0.5,Classifier Error ($p$)
90,Surrogate,-24.110932465305464,twitter,spectral,99,99,99,630,548,100,0,2.822906017303467,0.028514202194984514,0.5,Classifier Error ($p$)
90,Disparity,-44.062591895009604,twitter,spectral,99,99,99,630,548,100,0,2.822906017303467,0.028514202194984514,0.5,Classifier Error ($p$)
90,Polarization,-48.58737998913688,twitter,spectral,99,99,99,630,548,100,0,2.822906017303467,0.028514202194984514,0.5,Classifier Error ($p$)
90,$\|L_{t} - L_{0}\|_F$ / $\|L_{0}\|_F$,8.449264670390793,twitter,spectral,99,99,99,630,548,100,0,2.822906017303467,0.028514202194984514,0.5,Classifier Error ($p$)
91,Surrogate,-24.27163191200301,twitter,spectral,99,99,99,630,548,100,0,2.822906017303467,0.028514202194984514,0.5,Classifier Error ($p$)
91,Disparity,-44.37104217761744,twitter,spectral,99,99,99,630,548,100,0,2.822906017303467,0.028514202194984514,0.5,Classifier Error ($p$)
91,Polarization,-49.00249784805767,twitter,spectral,99,99,99,630,548,100,0,2.822906017303467,0.028514202194984514,0.5,Classifier Error ($p$)
91,$\|L_{t} - L_{0}\|_F$ / $\|L_{0}\|_F$,8.48277146942722,twitter,spectral,99,99,99,630,548,100,0,2.822906017303467,0.028514202194984514,0.5,Classifier Error ($p$)
92,Surrogate,-24.44175642676867,twitter,spectral,99,99,99,630,548,100,0,2.822906017303467,0.028514202194984514,0.5,Classifier Error ($p$)
92,Disparity,-44.42744534013086,twitter,spectral,99,99,99,630,548,100,0,2.822906017303467,0.028514202194984514,0.5,Classifier Error ($p$)
92,Polarization,-49.07253437984372,twitter,spectral,99,99,99,630,548,100,0,2.822906017303467,0.028514202194984514,0.5,Classifier Error ($p$)
92,$\|L_{t} - L_{0}\|_F$ / $\|L_{0}\|_F$,8.565965073070545,twitter,spectral,99,99,99,630,548,100,0,2.822906017303467,0.028514202194984514,0.5,Classifier Error ($p$)
93,Surrogate,-24.589763704587494,twitter,spectral,99,99,99,630,548,100,0,2.822906017303467,0.028514202194984514,0.5,Classifier Error ($p$)
93,Disparity,-44.654606020827806,twitter,spectral,99,99,99,630,548,100,0,2.822906017303467,0.028514202194984514,0.5,Classifier Error ($p$)
93,Polarization,-49.184532719464485,twitter,spectral,99,99,99,630,548,100,0,2.822906017303467,0.028514202194984514,0.5,Classifier Error ($p$)
93,$\|L_{t} - L_{0}\|_F$ / $\|L_{0}\|_F$,8.62646381252428,twitter,spectral,99,99,99,630,548,100,0,2.822906017303467,0.028514202194984514,0.5,Classifier Error ($p$)
94,Surrogate,-24.699714511719918,twitter,spectral,99,99,99,630,548,100,0,2.822906017303467,0.028514202194984514,0.5,Classifier Error ($p$)
94,Disparity,-44.81035469257948,twitter,spectral,99,99,99,630,548,100,0,2.822906017303467,0.028514202194984514,0.5,Classifier Error ($p$)
94,Polarization,-49.31938575880249,twitter,spectral,99,99,99,630,548,100,0,2.822906017303467,0.028514202194984514,0.5,Classifier Error ($p$)
94,$\|L_{t} - L_{0}\|_F$ / $\|L_{0}\|_F$,8.67564899054316,twitter,spectral,99,99,99,630,548,100,0,2.822906017303467,0.028514202194984514,0.5,Classifier Error ($p$)
95,Surrogate,-24.96497029662027,twitter,spectral,99,99,99,630,548,100,0,2.822906017303467,0.028514202194984514,0.5,Classifier Error ($p$)
95,Disparity,-45.18050658735297,twitter,spectral,99,99,99,630,548,100,0,2.822906017303467,0.028514202194984514,0.5,Classifier Error ($p$)
95,Polarization,-50.21150742287078,twitter,spectral,99,99,99,630,548,100,0,2.822906017303467,0.028514202194984514,0.5,Classifier Error ($p$)
95,$\|L_{t} - L_{0}\|_F$ / $\|L_{0}\|_F$,8.72455688877287,twitter,spectral,99,99,99,630,548,100,0,2.822906017303467,0.028514202194984514,0.5,Classifier Error ($p$)
96,Surrogate,-25.124968104507328,twitter,spectral,99,99,99,630,548,100,0,2.822906017303467,0.028514202194984514,0.5,Classifier Error ($p$)
96,Disparity,-45.345293293854596,twitter,spectral,99,99,99,630,548,100,0,2.822906017303467,0.028514202194984514,0.5,Classifier Error ($p$)
96,Polarization,-50.82696810254268,twitter,spectral,99,99,99,630,548,100,0,2.822906017303467,0.028514202194984514,0.5,Classifier Error ($p$)
96,$\|L_{t} - L_{0}\|_F$ / $\|L_{0}\|_F$,8.773192144468043,twitter,spectral,99,99,99,630,548,100,0,2.822906017303467,0.028514202194984514,0.5,Classifier Error ($p$)
97,Surrogate,-25.237087253441707,twitter,spectral,99,99,99,630,548,100,0,2.822906017303467,0.028514202194984514,0.5,Classifier Error ($p$)
97,Disparity,-45.54796373879778,twitter,spectral,99,99,99,630,548,100,0,2.822906017303467,0.028514202194984514,0.5,Classifier Error ($p$)
97,Polarization,-50.89900948621899,twitter,spectral,99,99,99,630,548,100,0,2.822906017303467,0.028514202194984514,0.5,Classifier Error ($p$)
97,$\|L_{t} - L_{0}\|_F$ / $\|L_{0}\|_F$,8.805466412176598,twitter,spectral,99,99,99,630,548,100,0,2.822906017303467,0.028514202194984514,0.5,Classifier Error ($p$)
98,Surrogate,-25.3284937274758,twitter,spectral,99,99,99,630,548,100,0,2.822906017303467,0.028514202194984514,0.5,Classifier Error ($p$)
98,Disparity,-45.70369350435052,twitter,spectral,99,99,99,630,548,100,0,2.822906017303467,0.028514202194984514,0.5,Classifier Error ($p$)
98,Polarization,-50.96487447586205,twitter,spectral,99,99,99,630,548,100,0,2.822906017303467,0.028514202194984514,0.5,Classifier Error ($p$)
98,$\|L_{t} - L_{0}\|_F$ / $\|L_{0}\|_F$,8.890958382267272,twitter,spectral,99,99,99,630,548,100,0,2.822906017303467,0.028514202194984514,0.5,Classifier Error ($p$)
0,Surrogate,-0.035244413180267414,polblogs,spectral,99,99,99,710,1222,100,0,7.742507457733154,0.07820714603770863,0.1,Classifier Error ($p$)
0,Disparity,-0.09355278470894832,polblogs,spectral,99,99,99,710,1222,100,0,7.742507457733154,0.07820714603770863,0.1,Classifier Error ($p$)
0,Polarization,-0.10577641647479892,polblogs,spectral,99,99,99,710,1222,100,0,7.742507457733154,0.07820714603770863,0.1,Classifier Error ($p$)
0,$\|L_{t} - L_{0}\|_F$ / $\|L_{0}\|_F$,0.17056348819447048,polblogs,spectral,99,99,99,710,1222,100,0,7.742507457733154,0.07820714603770863,0.1,Classifier Error ($p$)
1,Surrogate,-0.08160556892934791,polblogs,spectral,99,99,99,710,1222,100,0,7.742507457733154,0.07820714603770863,0.1,Classifier Error ($p$)
1,Disparity,-0.16863620062016849,polblogs,spectral,99,99,99,710,1222,100,0,7.742507457733154,0.07820714603770863,0.1,Classifier Error ($p$)
1,Polarization,-0.2069797460280944,polblogs,spectral,99,99,99,710,1222,100,0,7.742507457733154,0.07820714603770863,0.1,Classifier Error ($p$)
1,$\|L_{t} - L_{0}\|_F$ / $\|L_{0}\|_F$,0.2412131982502834,polblogs,spectral,99,99,99,710,1222,100,0,7.742507457733154,0.07820714603770863,0.1,Classifier Error ($p$)
2,Surrogate,-0.09323767211281551,polblogs,spectral,99,99,99,710,1222,100,0,7.742507457733154,0.07820714603770863,0.1,Classifier Error ($p$)
2,Disparity,-0.2072799092474161,polblogs,spectral,99,99,99,710,1222,100,0,7.742507457733154,0.07820714603770863,0.1,Classifier Error ($p$)
2,Polarization,-0.2573665670512369,polblogs,spectral,99,99,99,710,1222,100,0,7.742507457733154,0.07820714603770863,0.1,Classifier Error ($p$)
2,$\|L_{t} - L_{0}\|_F$ / $\|L_{0}\|_F$,0.29542462746899717,polblogs,spectral,99,99,99,710,1222,100,0,7.742507457733154,0.07820714603770863,0.1,Classifier Error ($p$)
3,Surrogate,-0.10565296622979023,polblogs,spectral,99,99,99,710,1222,100,0,7.742507457733154,0.07820714603770863,0.1,Classifier Error ($p$)
3,Disparity,-0.27054138503211494,polblogs,spectral,99,99,99,710,1222,100,0,7.742507457733154,0.07820714603770863,0.1,Classifier Error ($p$)
3,Polarization,-0.33751107525313256,polblogs,spectral,99,99,99,710,1222,100,0,7.742507457733154,0.07820714603770863,0.1,Classifier Error ($p$)
3,$\|L_{t} - L_{0}\|_F$ / $\|L_{0}\|_F$,0.3516256388497963,polblogs,spectral,99,99,99,710,1222,100,0,7.742507457733154,0.07820714603770863,0.1,Classifier Error ($p$)
4,Surrogate,-0.1285287981449645,polblogs,spectral,99,99,99,710,1222,100,0,7.742507457733154,0.07820714603770863,0.1,Classifier Error ($p$)
4,Disparity,-0.30730522111453584,polblogs,spectral,99,99,99,710,1222,100,0,7.742507457733154,0.07820714603770863,0.1,Classifier Error ($p$)
4,Polarization,-0.38744501285801947,polblogs,spectral,99,99,99,710,1222,100,0,7.742507457733154,0.07820714603770863,0.1,Classifier Error ($p$)
4,$\|L_{t} - L_{0}\|_F$ / $\|L_{0}\|_F$,0.3908100477234338,polblogs,spectral,99,99,99,710,1222,100,0,7.742507457733154,0.07820714603770863,0.1,Classifier Error ($p$)
5,Surrogate,-0.14362380434329725,polblogs,spectral,99,99,99,710,1222,100,0,7.742507457733154,0.07820714603770863,0.1,Classifier Error ($p$)
5,Disparity,-0.34070665287629176,polblogs,spectral,99,99,99,710,1222,100,0,7.742507457733154,0.07820714603770863,0.1,Classifier Error ($p$)
5,Polarization,-0.4356715545743884,polblogs,spectral,99,99,99,710,1222,100,0,7.742507457733154,0.07820714603770863,0.1,Classifier Error ($p$)
5,$\|L_{t} - L_{0}\|_F$ / $\|L_{0}\|_F$,0.41779351482567506,polblogs,spectral,99,99,99,710,1222,100,0,7.742507457733154,0.07820714603770863,0.1,Classifier Error ($p$)
6,Surrogate,-0.17574175220479257,polblogs,spectral,99,99,99,710,1222,100,0,7.742507457733154,0.07820714603770863,0.1,Classifier Error ($p$)
6,Disparity,-0.39535402135857006,polblogs,spectral,99,99,99,710,1222,100,0,7.742507457733154,0.07820714603770863,0.1,Classifier Error ($p$)
6,Polarization,-0.5123298347671272,polblogs,spectral,99,99,99,710,1222,100,0,7.742507457733154,0.07820714603770863,0.1,Classifier Error ($p$)
6,$\|L_{t} - L_{0}\|_F$ / $\|L_{0}\|_F$,0.45126857251026997,polblogs,spectral,99,99,99,710,1222,100,0,7.742507457733154,0.07820714603770863,0.1,Classifier Error ($p$)
7,Surrogate,-0.28021190395921536,polblogs,spectral,99,99,99,710,1222,100,0,7.742507457733154,0.07820714603770863,0.1,Classifier Error ($p$)
7,Disparity,-0.5833940861821562,polblogs,spectral,99,99,99,710,1222,100,0,7.742507457733154,0.07820714603770863,0.1,Classifier Error ($p$)
7,Polarization,-0.7801053159264736,polblogs,spectral,99,99,99,710,1222,100,0,7.742507457733154,0.07820714603770863,0.1,Classifier Error ($p$)
7,$\|L_{t} - L_{0}\|_F$ / $\|L_{0}\|_F$,0.4899063215725925,polblogs,spectral,99,99,99,710,1222,100,0,7.742507457733154,0.07820714603770863,0.1,Classifier Error ($p$)
8,Surrogate,-0.3052077319408685,polblogs,spectral,99,99,99,710,1222,100,0,7.742507457733154,0.07820714603770863,0.1,Classifier Error ($p$)
8,Disparity,-0.6517559003222554,polblogs,spectral,99,99,99,710,1222,100,0,7.742507457733154,0.07820714603770863,0.1,Classifier Error ($p$)
8,Polarization,-0.8814173532172466,polblogs,spectral,99,99,99,710,1222,100,0,7.742507457733154,0.07820714603770863,0.1,Classifier Error ($p$)
8,$\|L_{t} - L_{0}\|_F$ / $\|L_{0}\|_F$,0.5187485975131437,polblogs,spectral,99,99,99,710,1222,100,0,7.742507457733154,0.07820714603770863,0.1,Classifier Error ($p$)
9,Surrogate,-0.3421493440319277,polblogs,spectral,99,99,99,710,1222,100,0,7.742507457733154,0.07820714603770863,0.1,Classifier Error ($p$)
9,Disparity,-0.7303339702985233,polblogs,spectral,99,99,99,710,1222,100,0,7.742507457733154,0.07820714603770863,0.1,Classifier Error ($p$)
9,Polarization,-0.9891836448473779,polblogs,spectral,99,99,99,710,1222,100,0,7.742507457733154,0.07820714603770863,0.1,Classifier Error ($p$)
9,$\|L_{t} - L_{0}\|_F$ / $\|L_{0}\|_F$,0.5460696026395527,polblogs,spectral,99,99,99,710,1222,100,0,7.742507457733154,0.07820714603770863,0.1,Classifier Error ($p$)
10,Surrogate,-0.388302980077594,polblogs,spectral,99,99,99,710,1222,100,0,7.742507457733154,0.07820714603770863,0.1,Classifier Error ($p$)
10,Disparity,-0.7948197380281895,polblogs,spectral,99,99,99,710,1222,100,0,7.742507457733154,0.07820714603770863,0.1,Classifier Error ($p$)
10,Polarization,-1.0859139031957998,polblogs,spectral,99,99,99,710,1222,100,0,7.742507457733154,0.07820714603770863,0.1,Classifier Error ($p$)
10,$\|L_{t} - L_{0}\|_F$ / $\|L_{0}\|_F$,0.5720873311234782,polblogs,spectral,99,99,99,710,1222,100,0,7.742507457733154,0.07820714603770863,0.1,Classifier Error ($p$)
11,Surrogate,-0.4007158306101582,polblogs,spectral,99,99,99,710,1222,100,0,7.742507457733154,0.07820714603770863,0.1,Classifier Error ($p$)
11,Disparity,-0.8447469614667963,polblogs,spectral,99,99,99,710,1222,100,0,7.742507457733154,0.07820714603770863,0.1,Classifier Error ($p$)
11,Polarization,-1.1547240428271874,polblogs,spectral,99,99,99,710,1222,100,0,7.742507457733154,0.07820714603770863,0.1,Classifier Error ($p$)
11,$\|L_{t} - L_{0}\|_F$ / $\|L_{0}\|_F$,0.6030329956257084,polblogs,spectral,99,99,99,710,1222,100,0,7.742507457733154,0.07820714603770863,0.1,Classifier Error ($p$)
12,Surrogate,-0.43271286865073555,polblogs,spectral,99,99,99,710,1222,100,0,7.742507457733154,0.07820714603770863,0.1,Classifier Error ($p$)
12,Disparity,-0.9186418289948486,polblogs,spectral,99,99,99,710,1222,100,0,7.742507457733154,0.07820714603770863,0.1,Classifier Error ($p$)
12,Polarization,-1.2436860216974215,polblogs,spectral,99,99,99,710,1222,100,0,7.742507457733154,0.07820714603770863,0.1,Classifier Error ($p$)
12,$\|L_{t} - L_{0}\|_F$ / $\|L_{0}\|_F$,0.6266902722385126,polblogs,spectral,99,99,99,710,1222,100,0,7.742507457733154,0.07820714603770863,0.1,Classifier Error ($p$)
13,Surrogate,-0.44943176117254646,polblogs,spectral,99,99,99,710,1222,100,0,7.742507457733154,0.07820714603770863,0.1,Classifier Error ($p$)
13,Disparity,-0.96046771009213,polblogs,spectral,99,99,99,710,1222,100,0,7.742507457733154,0.07820714603770863,0.1,Classifier Error ($p$)
13,Polarization,-1.2960309388432905,polblogs,spectral,99,99,99,710,1222,100,0,7.742507457733154,0.07820714603770863,0.1,Classifier Error ($p$)
13,$\|L_{t} - L_{0}\|_F$ / $\|L_{0}\|_F$,0.6381901355167703,polblogs,spectral,99,99,99,710,1222,100,0,7.742507457733154,0.07820714603770863,0.1,Classifier Error ($p$)
14,Surrogate,-0.512329264067977,polblogs,spectral,99,99,99,710,1222,100,0,7.742507457733154,0.07820714603770863,0.1,Classifier Error ($p$)
14,Disparity,-1.032887636589107,polblogs,spectral,99,99,99,710,1222,100,0,7.742507457733154,0.07820714603770863,0.1,Classifier Error ($p$)
14,Polarization,-1.3626452210855111,polblogs,spectral,99,99,99,710,1222,100,0,7.742507457733154,0.07820714603770863,0.1,Classifier Error ($p$)
14,$\|L_{t} - L_{0}\|_F$ / $\|L_{0}\|_F$,0.6660717141961857,polblogs,spectral,99,99,99,710,1222,100,0,7.742507457733154,0.07820714603770863,0.1,Classifier Error ($p$)
15,Surrogate,-0.5388670277178517,polblogs,spectral,99,99,99,710,1222,100,0,7.742507457733154,0.07820714603770863,0.1,Classifier Error ($p$)
15,Disparity,-1.0571406633000535,polblogs,spectral,99,99,99,710,1222,100,0,7.742507457733154,0.07820714603770863,0.1,Classifier Error ($p$)
15,Polarization,-1.3918390472735451,polblogs,spectral,99,99,99,710,1222,100,0,7.742507457733154,0.07820714603770863,0.1,Classifier Error ($p$)
15,$\|L_{t} - L_{0}\|_F$ / $\|L_{0}\|_F$,0.6822539527778819,polblogs,spectral,99,99,99,710,1222,100,0,7.742507457733154,0.07820714603770863,0.1,Classifier Error ($p$)
16,Surrogate,-0.5488076026722679,polblogs,spectral,99,99,99,710,1222,100,0,7.742507457733154,0.07820714603770863,0.1,Classifier Error ($p$)
16,Disparity,-1.0892975988784546,polblogs,spectral,99,99,99,710,1222,100,0,7.742507457733154,0.07820714603770863,0.1,Classifier Error ($p$)
16,Polarization,-1.4335990941069923,polblogs,spectral,99,99,99,710,1222,100,0,7.742507457733154,0.07820714603770863,0.1,Classifier Error ($p$)
16,$\|L_{t} - L_{0}\|_F$ / $\|L_{0}\|_F$,0.7185967486810029,polblogs,spectral,99,99,99,710,1222,100,0,7.742507457733154,0.07820714603770863,0.1,Classifier Error ($p$)
17,Surrogate,-0.5854403254452687,polblogs,spectral,99,99,99,710,1222,100,0,7.742507457733154,0.07820714603770863,0.1,Classifier Error ($p$)
17,Disparity,-1.158457929816378,polblogs,spectral,99,99,99,710,1222,100,0,7.742507457733154,0.07820714603770863,0.1,Classifier Error ($p$)
17,Polarization,-1.511776744080228,polblogs,spectral,99,99,99,710,1222,100,0,7.742507457733154,0.07820714603770863,0.1,Classifier Error ($p$)
17,$\|L_{t} - L_{0}\|_F$ / $\|L_{0}\|_F$,0.7483442673479275,polblogs,spectral,99,99,99,710,1222,100,0,7.742507457733154,0.07820714603770863,0.1,Classifier Error ($p$)
18,Surrogate,-0.6104003878376706,polblogs,spectral,99,99,99,710,1222,100,0,7.742507457733154,0.07820714603770863,0.1,Classifier Error ($p$)
18,Disparity,-1.2212228905362974,polblogs,spectral,99,99,99,710,1222,100,0,7.742507457733154,0.07820714603770863,0.1,Classifier Error ($p$)
18,Polarization,-1.6000210317307535,polblogs,spectral,99,99,99,710,1222,100,0,7.742507457733154,0.07820714603770863,0.1,Classifier Error ($p$)
18,$\|L_{t} - L_{0}\|_F$ / $\|L_{0}\|_F$,0.7627831081646376,polblogs,spectral,99,99,99,710,1222,100,0,7.742507457733154,0.07820714603770863,0.1,Classifier Error ($p$)
19,Surrogate,-0.6287716887989959,polblogs,spectral,99,99,99,710,1222,100,0,7.742507457733154,0.07820714603770863,0.1,Classifier Error ($p$)
19,Disparity,-1.2531958444346907,polblogs,spectral,99,99,99,710,1222,100,0,7.742507457733154,0.07820714603770863,0.1,Classifier Error ($p$)
19,Polarization,-1.6447640688639096,polblogs,spectral,99,99,99,710,1222,100,0,7.742507457733154,0.07820714603770863,0.1,Classifier Error ($p$)
19,$\|L_{t} - L_{0}\|_F$ / $\|L_{0}\|_F$,0.7816200954468676,polblogs,spectral,99,99,99,710,1222,100,0,7.742507457733154,0.07820714603770863,0.1,Classifier Error ($p$)
20,Surrogate,-0.6510011132343636,polblogs,spectral,99,99,99,710,1222,100,0,7.742507457733154,0.07820714603770863,0.1,Classifier Error ($p$)
20,Disparity,-1.290805183086373,polblogs,spectral,99,99,99,710,1222,100,0,7.742507457733154,0.07820714603770863,0.1,Classifier Error ($p$)
20,Polarization,-1.707110048149995,polblogs,spectral,99,99,99,710,1222,100,0,7.742507457733154,0.07820714603770863,0.1,Classifier Error ($p$)
20,$\|L_{t} - L_{0}\|_F$ / $\|L_{0}\|_F$,0.7954551535034327,polblogs,spectral,99,99,99,710,1222,100,0,7.742507457733154,0.07820714603770863,0.1,Classifier Error ($p$)
21,Surrogate,-0.6873717950589915,polblogs,spectral,99,99,99,710,1222,100,0,7.742507457733154,0.07820714603770863,0.1,Classifier Error ($p$)
21,Disparity,-1.3384265431520335,polblogs,spectral,99,99,99,710,1222,100,0,7.742507457733154,0.07820714603770863,0.1,Classifier Error ($p$)
21,Polarization,-1.7725914136671694,polblogs,spectral,99,99,99,710,1222,100,0,7.742507457733154,0.07820714603770863,0.1,Classifier Error ($p$)
21,$\|L_{t} - L_{0}\|_F$ / $\|L_{0}\|_F$,0.8179937534092183,polblogs,spectral,99,99,99,710,1222,100,0,7.742507457733154,0.07820714603770863,0.1,Classifier Error ($p$)
22,Surrogate,-0.6830156958150843,polblogs,spectral,99,99,99,710,1222,100,0,7.742507457733154,0.07820714603770863,0.1,Classifier Error ($p$)
22,Disparity,-1.3447776079490377,polblogs,spectral,99,99,99,710,1222,100,0,7.742507457733154,0.07820714603770863,0.1,Classifier Error ($p$)
22,Polarization,-1.7783946378694764,polblogs,spectral,99,99,99,710,1222,100,0,7.742507457733154,0.07820714603770863,0.1,Classifier Error ($p$)
22,$\|L_{t} - L_{0}\|_F$ / $\|L_{0}\|_F$,0.8485426399129069,polblogs,spectral,99,99,99,710,1222,100,0,7.742507457733154,0.07820714603770863,0.1,Classifier Error ($p$)
23,Surrogate,-0.7284711158485611,polblogs,spectral,99,99,99,710,1222,100,0,7.742507457733154,0.07820714603770863,0.1,Classifier Error ($p$)
23,Disparity,-1.4089189000717728,polblogs,spectral,99,99,99,710,1222,100,0,7.742507457733154,0.07820714603770863,0.1,Classifier Error ($p$)
23,Polarization,-1.85785326192949,polblogs,spectral,99,99,99,710,1222,100,0,7.742507457733154,0.07820714603770863,0.1,Classifier Error ($p$)
23,$\|L_{t} - L_{0}\|_F$ / $\|L_{0}\|_F$,0.8780292950034352,polblogs,spectral,99,99,99,710,1222,100,0,7.742507457733154,0.07820714603770863,0.1,Classifier Error ($p$)
24,Surrogate,-0.7269321538971376,polblogs,spectral,99,99,99,710,1222,100,0,7.742507457733154,0.07820714603770863,0.1,Classifier Error ($p$)
24,Disparity,-1.4487837911741808,polblogs,spectral,99,99,99,710,1222,100,0,7.742507457733154,0.07820714603770863,0.1,Classifier Error ($p$)
24,Polarization,-1.8867870496720884,polblogs,spectral,99,99,99,710,1222,100,0,7.742507457733154,0.07820714603770863,0.1,Classifier Error ($p$)
24,$\|L_{t} - L_{0}\|_F$ / $\|L_{0}\|_F$,0.906557374917933,polblogs,spectral,99,99,99,710,1222,100,0,7.742507457733154,0.07820714603770863,0.1,Classifier Error ($p$)
25,Surrogate,-0.8369977188241879,polblogs,spectral,99,99,99,710,1222,100,0,7.742507457733154,0.07820714603770863,0.1,Classifier Error ($p$)
25,Disparity,-1.573697136878879,polblogs,spectral,99,99,99,710,1222,100,0,7.742507457733154,0.07820714603770863,0.1,Classifier Error ($p$)
25,Polarization,-2.0254937230510293,polblogs,spectral,99,99,99,710,1222,100,0,7.742507457733154,0.07820714603770863,0.1,Classifier Error ($p$)
25,$\|L_{t} - L_{0}\|_F$ / $\|L_{0}\|_F$,0.9263968660349761,polblogs,spectral,99,99,99,710,1222,100,0,7.742507457733154,0.07820714603770863,0.1,Classifier Error ($p$)
26,Surrogate,-0.9405861711952287,polblogs,spectral,99,99,99,710,1222,100,0,7.742507457733154,0.07820714603770863,0.1,Classifier Error ($p$)
26,Disparity,-1.7512277767328592,polblogs,spectral,99,99,99,710,1222,100,0,7.742507457733154,0.07820714603770863,0.1,Classifier Error ($p$)
26,Polarization,-2.228866535534325,polblogs,spectral,99,99,99,710,1222,100,0,7.742507457733154,0.07820714603770863,0.1,Classifier Error ($p$)
26,$\|L_{t} - L_{0}\|_F$ / $\|L_{0}\|_F$,0.9419676517293416,polblogs,spectral,99,99,99,710,1222,100,0,7.742507457733154,0.07820714603770863,0.1,Classifier Error ($p$)
27,Surrogate,-0.9584393493286328,polblogs,spectral,99,99,99,710,1222,100,0,7.742507457733154,0.07820714603770863,0.1,Classifier Error ($p$)
27,Disparity,-1.7807562573751063,polblogs,spectral,99,99,99,710,1222,100,0,7.742507457733154,0.07820714603770863,0.1,Classifier Error ($p$)
27,Polarization,-2.2629556166313933,polblogs,spectral,99,99,99,710,1222,100,0,7.742507457733154,0.07820714603770863,0.1,Classifier Error ($p$)
27,$\|L_{t} - L_{0}\|_F$ / $\|L_{0}\|_F$,0.9610764466398197,polblogs,spectral,99,99,99,710,1222,100,0,7.742507457733154,0.07820714603770863,0.1,Classifier Error ($p$)
28,Surrogate,-1.1989074755836313,polblogs,spectral,99,99,99,710,1222,100,0,7.742507457733154,0.07820714603770863,0.1,Classifier Error ($p$)
28,Disparity,-2.0589430190869566,polblogs,spectral,99,99,99,710,1222,100,0,7.742507457733154,0.07820714603770863,0.1,Classifier Error ($p$)
28,Polarization,-2.671652953728767,polblogs,spectral,99,99,99,710,1222,100,0,7.742507457733154,0.07820714603770863,0.1,Classifier Error ($p$)
28,$\|L_{t} - L_{0}\|_F$ / $\|L_{0}\|_F$,0.9760941756771666,polblogs,spectral,99,99,99,710,1222,100,0,7.742507457733154,0.07820714603770863,0.1,Classifier Error ($p$)
29,Surrogate,-1.366623358846412,polblogs,spectral,99,99,99,710,1222,100,0,7.742507457733154,0.07820714603770863,0.1,Classifier Error ($p$)
29,Disparity,-2.3113622818993966,polblogs,spectral,99,99,99,710,1222,100,0,7.742507457733154,0.07820714603770863,0.1,Classifier Error ($p$)
29,Polarization,-3.0373722978183526,polblogs,spectral,99,99,99,710,1222,100,0,7.742507457733154,0.07820714603770863,0.1,Classifier Error ($p$)
29,$\|L_{t} - L_{0}\|_F$ / $\|L_{0}\|_F$,0.9872075604550881,polblogs,spectral,99,99,99,710,1222,100,0,7.742507457733154,0.07820714603770863,0.1,Classifier Error ($p$)
30,Surrogate,-1.4489329921668024,polblogs,spectral,99,99,99,710,1222,100,0,7.742507457733154,0.07820714603770863,0.1,Classifier Error ($p$)
30,Disparity,-2.4487982764345926,polblogs,spectral,99,99,99,710,1222,100,0,7.742507457733154,0.07820714603770863,0.1,Classifier Error ($p$)
30,Polarization,-3.2358396426496525,polblogs,spectral,99,99,99,710,1222,100,0,7.742507457733154,0.07820714603770863,0.1,Classifier Error ($p$)
30,$\|L_{t} - L_{0}\|_F$ / $\|L_{0}\|_F$,1.0126646031897977,polblogs,spectral,99,99,99,710,1222,100,0,7.742507457733154,0.07820714603770863,0.1,Classifier Error ($p$)
31,Surrogate,-1.4991762342938921,polblogs,spectral,99,99,99,710,1222,100,0,7.742507457733154,0.07820714603770863,0.1,Classifier Error ($p$)
31,Disparity,-2.5469471745389365,polblogs,spectral,99,99,99,710,1222,100,0,7.742507457733154,0.07820714603770863,0.1,Classifier Error ($p$)
31,Polarization,-3.388874571491296,polblogs,spectral,99,99,99,710,1222,100,0,7.742507457733154,0.07820714603770863,0.1,Classifier Error ($p$)
31,$\|L_{t} - L_{0}\|_F$ / $\|L_{0}\|_F$,1.0339861961414902,polblogs,spectral,99,99,99,710,1222,100,0,7.742507457733154,0.07820714603770863,0.1,Classifier Error ($p$)
32,Surrogate,-1.5169165110045473,polblogs,spectral,99,99,99,710,1222,100,0,7.742507457733154,0.07820714603770863,0.1,Classifier Error ($p$)
32,Disparity,-2.579552530700606,polblogs,spectral,99,99,99,710,1222,100,0,7.742507457733154,0.07820714603770863,0.1,Classifier Error ($p$)
32,Polarization,-3.4350708368611436,polblogs,spectral,99,99,99,710,1222,100,0,7.742507457733154,0.07820714603770863,0.1,Classifier Error ($p$)
32,$\|L_{t} - L_{0}\|_F$ / $\|L_{0}\|_F$,1.0514239550212274,polblogs,spectral,99,99,99,710,1222,100,0,7.742507457733154,0.07820714603770863,0.1,Classifier Error ($p$)
33,Surrogate,-1.5788563183675262,polblogs,spectral,99,99,99,710,1222,100,0,7.742507457733154,0.07820714603770863,0.1,Classifier Error ($p$)
33,Disparity,-2.6639637640563643,polblogs,spectral,99,99,99,710,1222,100,0,7.742507457733154,0.07820714603770863,0.1,Classifier Error ($p$)
33,Polarization,-3.539966102527676,polblogs,spectral,99,99,99,710,1222,100,0,7.742507457733154,0.07820714603770863,0.1,Classifier Error ($p$)
33,$\|L_{t} - L_{0}\|_F$ / $\|L_{0}\|_F$,1.065168642374317,polblogs,spectral,99,99,99,710,1222,100,0,7.742507457733154,0.07820714603770863,0.1,Classifier Error ($p$)
34,Surrogate,-1.6228479751057734,polblogs,spectral,99,99,99,710,1222,100,0,7.742507457733154,0.07820714603770863,0.1,Classifier Error ($p$)
34,Disparity,-2.735614905704187,polblogs,spectral,99,99,99,710,1222,100,0,7.742507457733154,0.07820714603770863,0.1,Classifier Error ($p$)
34,Polarization,-3.625731432728043,polblogs,spectral,99,99,99,710,1222,100,0,7.742507457733154,0.07820714603770863,0.1,Classifier Error ($p$)
34,$\|L_{t} - L_{0}\|_F$ / $\|L_{0}\|_F$,1.0921392052791055,polblogs,spectral,99,99,99,710,1222,100,0,7.742507457733154,0.07820714603770863,0.1,Classifier Error ($p$)
35,Surrogate,-1.6620205277111932,polblogs,spectral,99,99,99,710,1222,100,0,7.742507457733154,0.07820714603770863,0.1,Classifier Error ($p$)
35,Disparity,-2.8257849339700014,polblogs,spectral,99,99,99,710,1222,100,0,7.742507457733154,0.07820714603770863,0.1,Classifier Error ($p$)
35,Polarization,-3.7517119429180936,polblogs,spectral,99,99,99,710,1222,100,0,7.742507457733154,0.07820714603770863,0.1,Classifier Error ($p$)
35,$\|L_{t} - L_{0}\|_F$ / $\|L_{0}\|_F$,1.1119379024771452,polblogs,spectral,99,99,99,710,1222,100,0,7.742507457733154,0.07820714603770863,0.1,Classifier Error ($p$)
36,Surrogate,-1.6676204451595078,polblogs,spectral,99,99,99,710,1222,100,0,7.742507457733154,0.07820714603770863,0.1,Classifier Error ($p$)
36,Disparity,-2.8759580196666064,polblogs,spectral,99,99,99,710,1222,100,0,7.742507457733154,0.07820714603770863,0.1,Classifier Error ($p$)
36,Polarization,-3.8058440152948925,polblogs,spectral,99,99,99,710,1222,100,0,7.742507457733154,0.07820714603770863,0.1,Classifier Error ($p$)
36,$\|L_{t} - L_{0}\|_F$ / $\|L_{0}\|_F$,1.1313901865505425,polblogs,spectral,99,99,99,710,1222,100,0,7.742507457733154,0.07820714603770863,0.1,Classifier Error ($p$)
37,Surrogate,-1.6989677006885182,polblogs,spectral,99,99,99,710,1222,100,0,7.742507457733154,0.07820714603770863,0.1,Classifier Error ($p$)
37,Disparity,-2.925806888933345,polblogs,spectral,99,99,99,710,1222,100,0,7.742507457733154,0.07820714603770863,0.1,Classifier Error ($p$)
37,Polarization,-3.875782307448476,polblogs,spectral,99,99,99,710,1222,100,0,7.742507457733154,0.07820714603770863,0.1,Classifier Error ($p$)
37,$\|L_{t} - L_{0}\|_F$ / $\|L_{0}\|_F$,1.1693243625008707,polblogs,spectral,99,99,99,710,1222,100,0,7.742507457733154,0.07820714603770863,0.1,Classifier Error ($p$)
38,Surrogate,-1.7305909249403273,polblogs,spectral,99,99,99,710,1222,100,0,7.742507457733154,0.07820714603770863,0.1,Classifier Error ($p$)
38,Disparity,-2.991377761004083,polblogs,spectral,99,99,99,710,1222,100,0,7.742507457733154,0.07820714603770863,0.1,Classifier Error ($p$)
38,Polarization,-3.957917441130799,polblogs,spectral,99,99,99,710,1222,100,0,7.742507457733154,0.07820714603770863,0.1,Classifier Error ($p$)
38,$\|L_{t} - L_{0}\|_F$ / $\|L_{0}\|_F$,1.1908947459250676,polblogs,spectral,99,99,99,710,1222,100,0,7.742507457733154,0.07820714603770863,0.1,Classifier Error ($p$)
39,Surrogate,-1.8611424340025384,polblogs,spectral,99,99,99,710,1222,100,0,7.742507457733154,0.07820714603770863,0.1,Classifier Error ($p$)
39,Disparity,-3.1698036929199,polblogs,spectral,99,99,99,710,1222,100,0,7.742507457733154,0.07820714603770863,0.1,Classifier Error ($p$)
39,Polarization,-4.2040925204431385,polblogs,spectral,99,99,99,710,1222,100,0,7.742507457733154,0.07820714603770863,0.1,Classifier Error ($p$)
39,$\|L_{t} - L_{0}\|_F$ / $\|L_{0}\|_F$,1.206065991251417,polblogs,spectral,99,99,99,710,1222,100,0,7.742507457733154,0.07820714603770863,0.1,Classifier Error ($p$)
40,Surrogate,-1.8092933245067488,polblogs,spectral,99,99,99,710,1222,100,0,7.742507457733154,0.07820714603770863,0.1,Classifier Error ($p$)
40,Disparity,-3.116459922479955,polblogs,spectral,99,99,99,710,1222,100,0,7.742507457733154,0.07820714603770863,0.1,Classifier Error ($p$)
40,Polarization,-4.132313031633489,polblogs,spectral,99,99,99,710,1222,100,0,7.742507457733154,0.07820714603770863,0.1,Classifier Error ($p$)
40,$\|L_{t} - L_{0}\|_F$ / $\|L_{0}\|_F$,1.22995080481432,polblogs,spectral,99,99,99,710,1222,100,0,7.742507457733154,0.07820714603770863,0.1,Classifier Error ($p$)
41,Surrogate,-1.8124494821939376,polblogs,spectral,99,99,99,710,1222,100,0,7.742507457733154,0.07820714603770863,0.1,Classifier Error ($p$)
41,Disparity,-3.1436708857907196,polblogs,spectral,99,99,99,710,1222,100,0,7.742507457733154,0.07820714603770863,0.1,Classifier Error ($p$)
41,Polarization,-4.1622227855277,polblogs,spectral,99,99,99,710,1222,100,0,7.742507457733154,0.07820714603770863,0.1,Classifier Error ($p$)
41,$\|L_{t} - L_{0}\|_F$ / $\|L_{0}\|_F$,1.2591698618637825,polblogs,spectral,99,99,99,710,1222,100,0,7.742507457733154,0.07820714603770863,0.1,Classifier Error ($p$)
42,Surrogate,-1.818122110591883,polblogs,spectral,99,99,99,710,1222,100,0,7.742507457733154,0.07820714603770863,0.1,Classifier Error ($p$)
42,Disparity,-3.1631809358247014,polblogs,spectral,99,99,99,710,1222,100,0,7.742507457733154,0.07820714603770863,0.1,Classifier Error ($p$)
42,Polarization,-4.196793100539767,polblogs,spectral,99,99,99,710,1222,100,0,7.742507457733154,0.07820714603770863,0.1,Classifier Error ($p$)
42,$\|L_{t} - L_{0}\|_F$ / $\|L_{0}\|_F$,1.2763802710335406,polblogs,spectral,99,99,99,710,1222,100,0,7.742507457733154,0.07820714603770863,0.1,Classifier Error ($p$)
43,Surrogate,-1.7990104085302896,polblogs,spectral,99,99,99,710,1222,100,0,7.742507457733154,0.07820714603770863,0.1,Classifier Error ($p$)
43,Disparity,-3.143294064669924,polblogs,spectral,99,99,99,710,1222,100,0,7.742507457733154,0.07820714603770863,0.1,Classifier Error ($p$)
43,Polarization,-4.16459273628388,polblogs,spectral,99,99,99,710,1222,100,0,7.742507457733154,0.07820714603770863,0.1,Classifier Error ($p$)
43,$\|L_{t} - L_{0}\|_F$ / $\|L_{0}\|_F$,1.2933616862816264,polblogs,spectral,99,99,99,710,1222,100,0,7.742507457733154,0.07820714603770863,0.1,Classifier Error ($p$)
44,Surrogate,-1.9201187833637694,polblogs,spectral,99,99,99,710,1222,100,0,7.742507457733154,0.07820714603770863,0.1,Classifier Error ($p$)
44,Disparity,-3.339512311955284,polblogs,spectral,99,99,99,710,1222,100,0,7.742507457733154,0.07820714603770863,0.1,Classifier Error ($p$)
44,Polarization,-4.4733409216507605,polblogs,spectral,99,99,99,710,1222,100,0,7.742507457733154,0.07820714603770863,0.1,Classifier Error ($p$)
44,$\|L_{t} - L_{0}\|_F$ / $\|L_{0}\|_F$,1.3073443811492762,polblogs,spectral,99,99,99,710,1222,100,0,7.742507457733154,0.07820714603770863,0.1,Classifier Error ($p$)
45,Surrogate,-1.931661621692931,polblogs,spectral,99,99,99,710,1222,100,0,7.742507457733154,0.07820714603770863,0.1,Classifier Error ($p$)
45,Disparity,-3.370653434825715,polblogs,spectral,99,99,99,710,1222,100,0,7.742507457733154,0.07820714603770863,0.1,Classifier Error ($p$)
45,Polarization,-4.5208049542511075,polblogs,spectral,99,99,99,710,1222,100,0,7.742507457733154,0.07820714603770863,0.1,Classifier Error ($p$)
45,$\|L_{t} - L_{0}\|_F$ / $\|L_{0}\|_F$,1.3184237689103036,polblogs,spectral,99,99,99,710,1222,100,0,7.742507457733154,0.07820714603770863,0.1,Classifier Error ($p$)
46,Surrogate,-1.9874770293171913,polblogs,spectral,99,99,99,710,1222,100,0,7.742507457733154,0.07820714603770863,0.1,Classifier Error ($p$)
46,Disparity,-3.480910625914546,polblogs,spectral,99,99,99,710,1222,100,0,7.742507457733154,0.07820714603770863,0.1,Classifier Error ($p$)
46,Polarization,-4.677642339522834,polblogs,spectral,99,99,99,710,1222,100,0,7.742507457733154,0.07820714603770863,0.1,Classifier Error ($p$)
46,$\|L_{t} - L_{0}\|_F$ / $\|L_{0}\|_F$,1.3321434283923714,polblogs,spectral,99,99,99,710,1222,100,0,7.742507457733154,0.07820714603770863,0.1,Classifier Error ($p$)
47,Surrogate,-2.0029897388094313,polblogs,spectral,99,99,99,710,1222,100,0,7.742507457733154,0.07820714603770863,0.1,Classifier Error ($p$)
47,Disparity,-3.504771589340257,polblogs,spectral,99,99,99,710,1222,100,0,7.742507457733154,0.07820714603770863,0.1,Classifier Error ($p$)
47,Polarization,-4.710042777325559,polblogs,spectral,99,99,99,710,1222,100,0,7.742507457733154,0.07820714603770863,0.1,Classifier Error ($p$)
47,$\|L_{t} - L_{0}\|_F$ / $\|L_{0}\|_F$,1.3564891804564376,polblogs,spectral,99,99,99,710,1222,100,0,7.742507457733154,0.07820714603770863,0.1,Classifier Error ($p$)
48,Surrogate,-2.1381305682367406,polblogs,spectral,99,99,99,710,1222,100,0,7.742507457733154,0.07820714603770863,0.1,Classifier Error ($p$)
48,Disparity,-3.659654071105388,polblogs,spectral,99,99,99,710,1222,100,0,7.742507457733154,0.07820714603770863,0.1,Classifier Error ($p$)
48,Polarization,-4.924361146745343,polblogs,spectral,99,99,99,710,1222,100,0,7.742507457733154,0.07820714603770863,0.1,Classifier Error ($p$)
48,$\|L_{t} - L_{0}\|_F$ / $\|L_{0}\|_F$,1.3804056213960354,polblogs,spectral,99,99,99,710,1222,100,0,7.742507457733154,0.07820714603770863,0.1,Classifier Error ($p$)
49,Surrogate,-2.2524447823855045,polblogs,spectral,99,99,99,710,1222,100,0,7.742507457733154,0.07820714603770863,0.1,Classifier Error ($p$)
49,Disparity,-3.8667552708979342,polblogs,spectral,99,99,99,710,1222,100,0,7.742507457733154,0.07820714603770863,0.1,Classifier Error ($p$)
49,Polarization,-5.214547225397262,polblogs,spectral,99,99,99,710,1222,100,0,7.742507457733154,0.07820714603770863,0.1,Classifier Error ($p$)
49,$\|L_{t} - L_{0}\|_F$ / $\|L_{0}\|_F$,1.3909031537410648,polblogs,spectral,99,99,99,710,1222,100,0,7.742507457733154,0.07820714603770863,0.1,Classifier Error ($p$)
50,Surrogate,-2.2897960202447356,polblogs,spectral,99,99,99,710,1222,100,0,7.742507457733154,0.07820714603770863,0.1,Classifier Error ($p$)
50,Disparity,-3.9229797421700052,polblogs,spectral,99,99,99,710,1222,100,0,7.742507457733154,0.07820714603770863,0.1,Classifier Error ($p$)
50,Polarization,-5.282846503714536,polblogs,spectral,99,99,99,710,1222,100,0,7.742507457733154,0.07820714603770863,0.1,Classifier Error ($p$)
50,$\|L_{t} - L_{0}\|_F$ / $\|L_{0}\|_F$,1.4116640500122437,polblogs,spectral,99,99,99,710,1222,100,0,7.742507457733154,0.07820714603770863,0.1,Classifier Error ($p$)
51,Surrogate,-2.3059668972120306,polblogs,spectral,99,99,99,710,1222,100,0,7.742507457733154,0.07820714603770863,0.1,Classifier Error ($p$)
51,Disparity,-3.9666375105716947,polblogs,spectral,99,99,99,710,1222,100,0,7.742507457733154,0.07820714603770863,0.1,Classifier Error ($p$)
51,Polarization,-5.341465826681992,polblogs,spectral,99,99,99,710,1222,100,0,7.742507457733154,0.07820714603770863,0.1,Classifier Error ($p$)
51,$\|L_{t} - L_{0}\|_F$ / $\|L_{0}\|_F$,1.4270365255853013,polblogs,spectral,99,99,99,710,1222,100,0,7.742507457733154,0.07820714603770863,0.1,Classifier Error ($p$)
52,Surrogate,-2.3091391973455857,polblogs,spectral,99,99,99,710,1222,100,0,7.742507457733154,0.07820714603770863,0.1,Classifier Error ($p$)
52,Disparity,-3.9903042253943166,polblogs,spectral,99,99,99,710,1222,100,0,7.742507457733154,0.07820714603770863,0.1,Classifier Error ($p$)
52,Polarization,-5.367580659457365,polblogs,spectral,99,99,99,710,1222,100,0,7.742507457733154,0.07820714603770863,0.1,Classifier Error ($p$)
52,$\|L_{t} - L_{0}\|_F$ / $\|L_{0}\|_F$,1.457295081947978,polblogs,spectral,99,99,99,710,1222,100,0,7.742507457733154,0.07820714603770863,0.1,Classifier Error ($p$)
53,Surrogate,-2.325620492833724,polblogs,spectral,99,99,99,710,1222,100,0,7.742507457733154,0.07820714603770863,0.1,Classifier Error ($p$)
53,Disparity,-4.023812216222252,polblogs,spectral,99,99,99,710,1222,100,0,7.742507457733154,0.07820714603770863,0.1,Classifier Error ($p$)
53,Polarization,-5.413776545943503,polblogs,spectral,99,99,99,710,1222,100,0,7.742507457733154,0.07820714603770863,0.1,Classifier Error ($p$)
53,$\|L_{t} - L_{0}\|_F$ / $\|L_{0}\|_F$,1.4918212420184571,polblogs,spectral,99,99,99,710,1222,100,0,7.742507457733154,0.07820714603770863,0.1,Classifier Error ($p$)
54,Surrogate,-2.356468708749531,polblogs,spectral,99,99,99,710,1222,100,0,7.742507457733154,0.07820714603770863,0.1,Classifier Error ($p$)
54,Disparity,-4.086415245943265,polblogs,spectral,99,99,99,710,1222,100,0,7.742507457733154,0.07820714603770863,0.1,Classifier Error ($p$)
54,Polarization,-5.48626092722419,polblogs,spectral,99,99,99,710,1222,100,0,7.742507457733154,0.07820714603770863,0.1,Classifier Error ($p$)
54,$\|L_{t} - L_{0}\|_F$ / $\|L_{0}\|_F$,1.50154004996289,polblogs,spectral,99,99,99,710,1222,100,0,7.742507457733154,0.07820714603770863,0.1,Classifier Error ($p$)
55,Surrogate,-2.377272683880045,polblogs,spectral,99,99,99,710,1222,100,0,7.742507457733154,0.07820714603770863,0.1,Classifier Error ($p$)
55,Disparity,-4.138135490340512,polblogs,spectral,99,99,99,710,1222,100,0,7.742507457733154,0.07820714603770863,0.1,Classifier Error ($p$)
55,Polarization,-5.494330738229919,polblogs,spectral,99,99,99,710,1222,100,0,7.742507457733154,0.07820714603770863,0.1,Classifier Error ($p$)
55,$\|L_{t} - L_{0}\|_F$ / $\|L_{0}\|_F$,1.527948054182958,polblogs,spectral,99,99,99,710,1222,100,0,7.742507457733154,0.07820714603770863,0.1,Classifier Error ($p$)
56,Surrogate,-2.382795297557482,polblogs,spectral,99,99,99,710,1222,100,0,7.742507457733154,0.07820714603770863,0.1,Classifier Error ($p$)
56,Disparity,-4.1510284690623775,polblogs,spectral,99,99,99,710,1222,100,0,7.742507457733154,0.07820714603770863,0.1,Classifier Error ($p$)
56,Polarization,-5.5146984805189385,polblogs,spectral,99,99,99,710,1222,100,0,7.742507457733154,0.07820714603770863,0.1,Classifier Error ($p$)
56,$\|L_{t} - L_{0}\|_F$ / $\|L_{0}\|_F$,1.535071393750234,polblogs,spectral,99,99,99,710,1222,100,0,7.742507457733154,0.07820714603770863,0.1,Classifier Error ($p$)
57,Surrogate,-2.4172485903286614,polblogs,spectral,99,99,99,710,1222,100,0,7.742507457733154,0.07820714603770863,0.1,Classifier Error ($p$)
57,Disparity,-4.200330763218217,polblogs,spectral,99,99,99,710,1222,100,0,7.742507457733154,0.07820714603770863,0.1,Classifier Error ($p$)
57,Polarization,-5.580015328812939,polblogs,spectral,99,99,99,710,1222,100,0,7.742507457733154,0.07820714603770863,0.1,Classifier Error ($p$)
57,$\|L_{t} - L_{0}\|_F$ / $\|L_{0}\|_F$,1.5632401908937352,polblogs,spectral,99,99,99,710,1222,100,0,7.742507457733154,0.07820714603770863,0.1,Classifier Error ($p$)
58,Surrogate,-2.4675753981637705,polblogs,spectral,99,99,99,710,1222,100,0,7.742507457733154,0.07820714603770863,0.1,Classifier Error ($p$)
58,Disparity,-4.273682727667006,polblogs,spectral,99,99,99,710,1222,100,0,7.742507457733154,0.07820714603770863,0.1,Classifier Error ($p$)
58,Polarization,-5.667795778995888,polblogs,spectral,99,99,99,710,1222,100,0,7.742507457733154,0.07820714603770863,0.1,Classifier Error ($p$)
58,$\|L_{t} - L_{0}\|_F$ / $\|L_{0}\|_F$,1.577135932531841,polblogs,spectral,99,99,99,710,1222,100,0,7.742507457733154,0.07820714603770863,0.1,Classifier Error ($p$)
59,Surrogate,-2.491777841014809,polblogs,spectral,99,99,99,710,1222,100,0,7.742507457733154,0.07820714603770863,0.1,Classifier Error ($p$)
59,Disparity,-4.338508925856638,polblogs,spectral,99,99,99,710,1222,100,0,7.742507457733154,0.07820714603770863,0.1,Classifier Error ($p$)
59,Polarization,-5.742677458857272,polblogs,spectral,99,99,99,710,1222,100,0,7.742507457733154,0.07820714603770863,0.1,Classifier Error ($p$)
59,$\|L_{t} - L_{0}\|_F$ / $\|L_{0}\|_F$,1.5931944579419501,polblogs,spectral,99,99,99,710,1222,100,0,7.742507457733154,0.07820714603770863,0.1,Classifier Error ($p$)
60,Surrogate,-2.502270036939996,polblogs,spectral,99,99,99,710,1222,100,0,7.742507457733154,0.07820714603770863,0.1,Classifier Error ($p$)
60,Disparity,-4.369888607506377,polblogs,spectral,99,99,99,710,1222,100,0,7.742507457733154,0.07820714603770863,0.1,Classifier Error ($p$)
60,Polarization,-5.7732339333113964,polblogs,spectral,99,99,99,710,1222,100,0,7.742507457733154,0.07820714603770863,0.1,Classifier Error ($p$)
60,$\|L_{t} - L_{0}\|_F$ / $\|L_{0}\|_F$,1.6181073250733011,polblogs,spectral,99,99,99,710,1222,100,0,7.742507457733154,0.07820714603770863,0.1,Classifier Error ($p$)
61,Surrogate,-2.6552951414397294,polblogs,spectral,99,99,99,710,1222,100,0,7.742507457733154,0.07820714603770863,0.1,Classifier Error ($p$)
61,Disparity,-4.608434807175599,polblogs,spectral,99,99,99,710,1222,100,0,7.742507457733154,0.07820714603770863,0.1,Classifier Error ($p$)
61,Polarization,-6.051540919781046,polblogs,spectral,99,99,99,710,1222,100,0,7.742507457733154,0.07820714603770863,0.1,Classifier Error ($p$)
61,$\|L_{t} - L_{0}\|_F$ / $\|L_{0}\|_F$,1.6248354510794847,polblogs,spectral,99,99,99,710,1222,100,0,7.742507457733154,0.07820714603770863,0.1,Classifier Error ($p$)
62,Surrogate,-2.6647158781134683,polblogs,spectral,99,99,99,710,1222,100,0,7.742507457733154,0.07820714603770863,0.1,Classifier Error ($p$)
62,Disparity,-4.643516323193109,polblogs,spectral,99,99,99,710,1222,100,0,7.742507457733154,0.07820714603770863,0.1,Classifier Error ($p$)
62,Polarization,-6.099081429412605,polblogs,spectral,99,99,99,710,1222,100,0,7.742507457733154,0.07820714603770863,0.1,Classifier Error ($p$)
62,$\|L_{t} - L_{0}\|_F$ / $\|L_{0}\|_F$,1.6624472421647551,polblogs,spectral,99,99,99,710,1222,100,0,7.742507457733154,0.07820714603770863,0.1,Classifier Error ($p$)
63,Surrogate,-2.693496630178419,polblogs,spectral,99,99,99,710,1222,100,0,7.742507457733154,0.07820714603770863,0.1,Classifier Error ($p$)
63,Disparity,-4.691135911972038,polblogs,spectral,99,99,99,710,1222,100,0,7.742507457733154,0.07820714603770863,0.1,Classifier Error ($p$)
63,Polarization,-6.167999926606804,polblogs,spectral,99,99,99,710,1222,100,0,7.742507457733154,0.07820714603770863,0.1,Classifier Error ($p$)
63,$\|L_{t} - L_{0}\|_F$ / $\|L_{0}\|_F$,1.684179501046092,polblogs,spectral,99,99,99,710,1222,100,0,7.742507457733154,0.07820714603770863,0.1,Classifier Error ($p$)
64,Surrogate,-2.714899653404921,polblogs,spectral,99,99,99,710,1222,100,0,7.742507457733154,0.07820714603770863,0.1,Classifier Error ($p$)
64,Disparity,-4.733301918323724,polblogs,spectral,99,99,99,710,1222,100,0,7.742507457733154,0.07820714603770863,0.1,Classifier Error ($p$)
64,Polarization,-6.2346922205485065,polblogs,spectral,99,99,99,710,1222,100,0,7.742507457733154,0.07820714603770863,0.1,Classifier Error ($p$)
64,$\|L_{t} - L_{0}\|_F$ / $\|L_{0}\|_F$,1.7056348819447047,polblogs,spectral,99,99,99,710,1222,100,0,7.742507457733154,0.07820714603770863,0.1,Classifier Error ($p$)
65,Surrogate,-2.748385055657686,polblogs,spectral,99,99,99,710,1222,100,0,7.742507457733154,0.07820714603770863,0.1,Classifier Error ($p$)
65,Disparity,-4.820871938785352,polblogs,spectral,99,99,99,710,1222,100,0,7.742507457733154,0.07820714603770863,0.1,Classifier Error ($p$)
65,Polarization,-6.345745415245789,polblogs,spectral,99,99,99,710,1222,100,0,7.742507457733154,0.07820714603770863,0.1,Classifier Error ($p$)
65,$\|L_{t} - L_{0}\|_F$ / $\|L_{0}\|_F$,1.7141418418589496,polblogs,spectral,99,99,99,710,1222,100,0,7.742507457733154,0.07820714603770863,0.1,Classifier Error ($p$)
66,Surrogate,-2.7842058224615167,polblogs,spectral,99,99,99,710,1222,100,0,7.742507457733154,0.07820714603770863,0.1,Classifier Error ($p$)
66,Disparity,-4.957159235125506,polblogs,spectral,99,99,99,710,1222,100,0,7.742507457733154,0.07820714603770863,0.1,Classifier Error ($p$)
66,Polarization,-6.498070977318116,polblogs,spectral,99,99,99,710,1222,100,0,7.742507457733154,0.07820714603770863,0.1,Classifier Error ($p$)
66,$\|L_{t} - L_{0}\|_F$ / $\|L_{0}\|_F$,1.7226067913243164,polblogs,spectral,99,99,99,710,1222,100,0,7.742507457733154,0.07820714603770863,0.1,Classifier Error ($p$)
67,Surrogate,-2.803638897426301,polblogs,spectral,99,99,99,710,1222,100,0,7.742507457733154,0.07820714603770863,0.1,Classifier Error ($p$)
67,Disparity,-4.982742446035974,polblogs,spectral,99,99,99,710,1222,100,0,7.742507457733154,0.07820714603770863,0.1,Classifier Error ($p$)
67,Polarization,-6.534494383746391,polblogs,spectral,99,99,99,710,1222,100,0,7.742507457733154,0.07820714603770863,0.1,Classifier Error ($p$)
67,$\|L_{t} - L_{0}\|_F$ / $\|L_{0}\|_F$,1.7394131092201146,polblogs,spectral,99,99,99,710,1222,100,0,7.742507457733154,0.07820714603770863,0.1,Classifier Error ($p$)
68,Surrogate,-2.833994905038916,polblogs,spectral,99,99,99,710,1222,100,0,7.742507457733154,0.07820714603770863,0.1,Classifier Error ($p$)
68,Disparity,-5.018856607691661,polblogs,spectral,99,99,99,710,1222,100,0,7.742507457733154,0.07820714603770863,0.1,Classifier Error ($p$)
68,Polarization,-6.581788356221405,polblogs,spectral,99,99,99,710,1222,100,0,7.742507457733154,0.07820714603770863,0.1,Classifier Error ($p$)
68,$\|L_{t} - L_{0}\|_F$ / $\|L_{0}\|_F$,1.7477556659990698,polblogs,spectral,99,99,99,710,1222,100,0,7.742507457733154,0.07820714603770863,0.1,Classifier Error ($p$)
69,Surrogate,-2.8891159588357236,polblogs,spectral,99,99,99,710,1222,100,0,7.742507457733154,0.07820714603770863,0.1,Classifier Error ($p$)
69,Disparity,-5.0972674966552365,polblogs,spectral,99,99,99,710,1222,100,0,7.742507457733154,0.07820714603770863,0.1,Classifier Error ($p$)
69,Polarization,-6.696141594508524,polblogs,spectral,99,99,99,710,1222,100,0,7.742507457733154,0.07820714603770863,0.1,Classifier Error ($p$)
69,$\|L_{t} - L_{0}\|_F$ / $\|L_{0}\|_F$,1.7766461466199681,polblogs,spectral,99,99,99,710,1222,100,0,7.742507457733154,0.07820714603770863,0.1,Classifier Error ($p$)
70,Surrogate,-3.1449588023397492,polblogs,spectral,99,99,99,710,1222,100,0,7.742507457733154,0.07820714603770863,0.1,Classifier Error ($p$)
70,Disparity,-5.401014814227642,polblogs,spectral,99,99,99,710,1222,100,0,7.742507457733154,0.07820714603770863,0.1,Classifier Error ($p$)
70,Polarization,-7.09941929200491,polblogs,spectral,99,99,99,710,1222,100,0,7.742507457733154,0.07820714603770863,0.1,Classifier Error ($p$)
70,$\|L_{t} - L_{0}\|_F$ / $\|L_{0}\|_F$,1.7848146777199716,polblogs,spectral,99,99,99,710,1222,100,0,7.742507457733154,0.07820714603770863,0.1,Classifier Error ($p$)
71,Surrogate,-3.151888446430099,polblogs,spectral,99,99,99,710,1222,100,0,7.742507457733154,0.07820714603770863,0.1,Classifier Error ($p$)
71,Disparity,-5.422086070064591,polblogs,spectral,99,99,99,710,1222,100,0,7.742507457733154,0.07820714603770863,0.1,Classifier Error ($p$)
71,Polarization,-7.132020431283212,polblogs,spectral,99,99,99,710,1222,100,0,7.742507457733154,0.07820714603770863,0.1,Classifier Error ($p$)
71,$\|L_{t} - L_{0}\|_F$ / $\|L_{0}\|_F$,1.82311545861849,polblogs,spectral,99,99,99,710,1222,100,0,7.742507457733154,0.07820714603770863,0.1,Classifier Error ($p$)
72,Surrogate,-3.1511306847857434,polblogs,spectral,99,99,99,710,1222,100,0,7.742507457733154,0.07820714603770863,0.1,Classifier Error ($p$)
72,Disparity,-5.466929307266554,polblogs,spectral,99,99,99,710,1222,100,0,7.742507457733154,0.07820714603770863,0.1,Classifier Error ($p$)
72,Polarization,-7.1967249207178465,polblogs,spectral,99,99,99,710,1222,100,0,7.742507457733154,0.07820714603770863,0.1,Classifier Error ($p$)
72,$\|L_{t} - L_{0}\|_F$ / $\|L_{0}\|_F$,1.8290896377932124,polblogs,spectral,99,99,99,710,1222,100,0,7.742507457733154,0.07820714603770863,0.1,Classifier Error ($p$)
73,Surrogate,-3.175302550110005,polblogs,spectral,99,99,99,710,1222,100,0,7.742507457733154,0.07820714603770863,0.1,Classifier Error ($p$)
73,Disparity,-5.530076120556917,polblogs,spectral,99,99,99,710,1222,100,0,7.742507457733154,0.07820714603770863,0.1,Classifier Error ($p$)
73,Polarization,-7.256846233596333,polblogs,spectral,99,99,99,710,1222,100,0,7.742507457733154,0.07820714603770863,0.1,Classifier Error ($p$)
73,$\|L_{t} - L_{0}\|_F$ / $\|L_{0}\|_F$,1.842954078162657,polblogs,spectral,99,99,99,710,1222,100,0,7.742507457733154,0.07820714603770863,0.1,Classifier Error ($p$)
74,Surrogate,-3.3303103995037096,polblogs,spectral,99,99,99,710,1222,100,0,7.742507457733154,0.07820714603770863,0.1,Classifier Error ($p$)
74,Disparity,-5.772461180766988,polblogs,spectral,99,99,99,710,1222,100,0,7.742507457733154,0.07820714603770863,0.1,Classifier Error ($p$)
74,Polarization,-7.583340001591623,polblogs,spectral,99,99,99,710,1222,100,0,7.742507457733154,0.07820714603770863,0.1,Classifier Error ($p$)
74,$\|L_{t} - L_{0}\|_F$ / $\|L_{0}\|_F$,1.862581405732118,polblogs,spectral,99,99,99,710,1222,100,0,7.742507457733154,0.07820714603770863,0.1,Classifier Error ($p$)
75,Surrogate,-3.3375274653636806,polblogs,spectral,99,99,99,710,1222,100,0,7.742507457733154,0.07820714603770863,0.1,Classifier Error ($p$)
75,Disparity,-5.791640771938026,polblogs,spectral,99,99,99,710,1222,100,0,7.742507457733154,0.07820714603770863,0.1,Classifier Error ($p$)
75,Polarization,-7.608438532663326,polblogs,spectral,99,99,99,710,1222,100,0,7.742507457733154,0.07820714603770863,0.1,Classifier Error ($p$)
75,$\|L_{t} - L_{0}\|_F$ / $\|L_{0}\|_F$,1.906957770411594,polblogs,spectral,99,99,99,710,1222,100,0,7.742507457733154,0.07820714603770863,0.1,Classifier Error ($p$)
76,Surrogate,-3.340879504113782,polblogs,spectral,99,99,99,710,1222,100,0,7.742507457733154,0.07820714603770863,0.1,Classifier Error ($p$)
76,Disparity,-5.812076660936503,polblogs,spectral,99,99,99,710,1222,100,0,7.742507457733154,0.07820714603770863,0.1,Classifier Error ($p$)
76,Polarization,-7.619144428247379,polblogs,spectral,99,99,99,710,1222,100,0,7.742507457733154,0.07820714603770863,0.1,Classifier Error ($p$)
76,$\|L_{t} - L_{0}\|_F$ / $\|L_{0}\|_F$,1.9164688407366528,polblogs,spectral,99,99,99,710,1222,100,0,7.742507457733154,0.07820714603770863,0.1,Classifier Error ($p$)
77,Surrogate,-3.377413547479128,polblogs,spectral,99,99,99,710,1222,100,0,7.742507457733154,0.07820714603770863,0.1,Classifier Error ($p$)
77,Disparity,-5.863714531949963,polblogs,spectral,99,99,99,710,1222,100,0,7.742507457733154,0.07820714603770863,0.1,Classifier Error ($p$)
77,Polarization,-7.682352353551298,polblogs,spectral,99,99,99,710,1222,100,0,7.742507457733154,0.07820714603770863,0.1,Classifier Error ($p$)
77,$\|L_{t} - L_{0}\|_F$ / $\|L_{0}\|_F$,1.9521883513543332,polblogs,spectral,99,99,99,710,1222,100,0,7.742507457733154,0.07820714603770863,0.1,Classifier Error ($p$)
78,Surrogate,-3.4238018041453855,polblogs,spectral,99,99,99,710,1222,100,0,7.742507457733154,0.07820714603770863,0.1,Classifier Error ($p$)
78,Disparity,-5.946917577255581,polblogs,spectral,99,99,99,710,1222,100,0,7.742507457733154,0.07820714603770863,0.1,Classifier Error ($p$)
78,Polarization,-7.803866406492413,polblogs,spectral,99,99,99,710,1222,100,0,7.742507457733154,0.07820714603770863,0.1,Classifier Error ($p$)
78,$\|L_{t} - L_{0}\|_F$ / $\|L_{0}\|_F$,1.9762560678097896,polblogs,spectral,99,99,99,710,1222,100,0,7.742507457733154,0.07820714603770863,0.1,Classifier Error ($p$)
79,Surrogate,-3.4726159119362694,polblogs,spectral,99,99,99,710,1222,100,0,7.742507457733154,0.07820714603770863,0.1,Classifier Error ($p$)
79,Disparity,-6.041004871227144,polblogs,spectral,99,99,99,710,1222,100,0,7.742507457733154,0.07820714603770863,0.1,Classifier Error ($p$)
79,Polarization,-7.945386766186938,polblogs,spectral,99,99,99,710,1222,100,0,7.742507457733154,0.07820714603770863,0.1,Classifier Error ($p$)
79,$\|L_{t} - L_{0}\|_F$ / $\|L_{0}\|_F$,1.9927480594499163,polblogs,spectral,99,99,99,710,1222,100,0,7.742507457733154,0.07820714603770863,0.1,Classifier Error ($p$)
80,Surrogate,-3.503437036181531,polblogs,spectral,99,99,99,710,1222,100,0,7.742507457733154,0.07820714603770863,0.1,Classifier Error ($p$)
80,Disparity,-6.087433403593285,polblogs,spectral,99,99,99,710,1222,100,0,7.742507457733154,0.07820714603770863,0.1,Classifier Error ($p$)
80,Polarization,-8.009234117769672,polblogs,spectral,99,99,99,710,1222,100,0,7.742507457733154,0.07820714603770863,0.1,Classifier Error ($p$)
80,$\|L_{t} - L_{0}\|_F$ / $\|L_{0}\|_F$,2.021735007972526,polblogs,spectral,99,99,99,710,1222,100,0,7.742507457733154,0.07820714603770863,0.1,Classifier Error ($p$)
81,Surrogate,-3.5536572070586097,polblogs,spectral,99,99,99,710,1222,100,0,7.742507457733154,0.07820714603770863,0.1,Classifier Error ($p$)
81,Disparity,-6.156517213703,polblogs,spectral,99,99,99,710,1222,100,0,7.742507457733154,0.07820714603770863,0.1,Classifier Error ($p$)
81,Polarization,-8.097769117742313,polblogs,spectral,99,99,99,710,1222,100,0,7.742507457733154,0.07820714603770863,0.1,Classifier Error ($p$)
81,$\|L_{t} - L_{0}\|_F$ / $\|L_{0}\|_F$,2.053856374782439,polblogs,spectral,99,99,99,710,1222,100,0,7.742507457733154,0.07820714603770863,0.1,Classifier Error ($p$)
82,Surrogate,-3.592028380891812,polblogs,spectral,99,99,99,710,1222,100,0,7.742507457733154,0.07820714603770863,0.1,Classifier Error ($p$)
82,Disparity,-6.206393922912986,polblogs,spectral,99,99,99,710,1222,100,0,7.742507457733154,0.07820714603770863,0.1,Classifier Error ($p$)
82,Polarization,-8.158626437657638,polblogs,spectral,99,99,99,710,1222,100,0,7.742507457733154,0.07820714603770863,0.1,Classifier Error ($p$)
82,$\|L_{t} - L_{0}\|_F$ / $\|L_{0}\|_F$,2.0854830553153043,polblogs,spectral,99,99,99,710,1222,100,0,7.742507457733154,0.07820714603770863,0.1,Classifier Error ($p$)
83,Surrogate,-3.607605072132712,polblogs,spectral,99,99,99,710,1222,100,0,7.742507457733154,0.07820714603770863,0.1,Classifier Error ($p$)
83,Disparity,-6.264264522468217,polblogs,spectral,99,99,99,710,1222,100,0,7.742507457733154,0.07820714603770863,0.1,Classifier Error ($p$)
83,Polarization,-8.230950871619354,polblogs,spectral,99,99,99,710,1222,100,0,7.742507457733154,0.07820714603770863,0.1,Classifier Error ($p$)
83,$\|L_{t} - L_{0}\|_F$ / $\|L_{0}\|_F$,2.1097538330987775,polblogs,spectral,99,99,99,710,1222,100,0,7.742507457733154,0.07820714603770863,0.1,Classifier Error ($p$)
84,Surrogate,-3.703544247286484,polblogs,spectral,99,99,99,710,1222,100,0,7.742507457733154,0.07820714603770863,0.1,Classifier Error ($p$)
84,Disparity,-6.389843192497299,polblogs,spectral,99,99,99,710,1222,100,0,7.742507457733154,0.07820714603770863,0.1,Classifier Error ($p$)
84,Polarization,-8.400260687292901,polblogs,spectral,99,99,99,710,1222,100,0,7.742507457733154,0.07820714603770863,0.1,Classifier Error ($p$)
84,$\|L_{t} - L_{0}\|_F$ / $\|L_{0}\|_F$,2.114918476893089,polblogs,spectral,99,99,99,710,1222,100,0,7.742507457733154,0.07820714603770863,0.1,Classifier Error ($p$)
85,Surrogate,-3.7222342584857917,polblogs,spectral,99,99,99,710,1222,100,0,7.742507457733154,0.07820714603770863,0.1,Classifier Error ($p$)
85,Disparity,-6.4363330820963505,polblogs,spectral,99,99,99,710,1222,100,0,7.742507457733154,0.07820714603770863,0.1,Classifier Error ($p$)
85,Polarization,-8.45544038405629,polblogs,spectral,99,99,99,710,1222,100,0,7.742507457733154,0.07820714603770863,0.1,Classifier Error ($p$)
85,$\|L_{t} - L_{0}\|_F$ / $\|L_{0}\|_F$,2.126920542718427,polblogs,spectral,99,99,99,710,1222,100,0,7.742507457733154,0.07820714603770863,0.1,Classifier Error ($p$)
86,Surrogate,-3.7375872732195337,polblogs,spectral,99,99,99,710,1222,100,0,7.742507457733154,0.07820714603770863,0.1,Classifier Error ($p$)
86,Disparity,-6.458268024676526,polblogs,spectral,99,99,99,710,1222,100,0,7.742507457733154,0.07820714603770863,0.1,Classifier Error ($p$)
86,Polarization,-8.489403907660403,polblogs,spectral,99,99,99,710,1222,100,0,7.742507457733154,0.07820714603770863,0.1,Classifier Error ($p$)
86,$\|L_{t} - L_{0}\|_F$ / $\|L_{0}\|_F$,2.1439498020710075,polblogs,spectral,99,99,99,710,1222,100,0,7.742507457733154,0.07820714603770863,0.1,Classifier Error ($p$)
87,Surrogate,-3.8366186243887586,polblogs,spectral,99,99,99,710,1222,100,0,7.742507457733154,0.07820714603770863,0.1,Classifier Error ($p$)
87,Disparity,-6.534415113615114,polblogs,spectral,99,99,99,710,1222,100,0,7.742507457733154,0.07820714603770863,0.1,Classifier Error ($p$)
87,Polarization,-8.595997646844843,polblogs,spectral,99,99,99,710,1222,100,0,7.742507457733154,0.07820714603770863,0.1,Classifier Error ($p$)
87,$\|L_{t} - L_{0}\|_F$ / $\|L_{0}\|_F$,2.1574764334310683,polblogs,spectral,99,99,99,710,1222,100,0,7.742507457733154,0.07820714603770863,0.1,Classifier Error ($p$)
88,Surrogate,-3.8905252867778573,polblogs,spectral,99,99,99,710,1222,100,0,7.742507457733154,0.07820714603770863,0.1,Classifier Error ($p$)
88,Disparity,-6.617603661487707,polblogs,spectral,99,99,99,710,1222,100,0,7.742507457733154,0.07820714603770863,0.1,Classifier Error ($p$)
88,Polarization,-8.70316683579081,polblogs,spectral,99,99,99,710,1222,100,0,7.742507457733154,0.07820714603770863,0.1,Classifier Error ($p$)
88,$\|L_{t} - L_{0}\|_F$ / $\|L_{0}\|_F$,2.175938256350435,polblogs,spectral,99,99,99,710,1222,100,0,7.742507457733154,0.07820714603770863,0.1,Classifier Error ($p$)
89,Surrogate,-3.9416530345003844,polblogs,spectral,99,99,99,710,1222,100,0,7.742507457733154,0.07820714603770863,0.1,Classifier Error ($p$)
89,Disparity,-6.683752474152432,polblogs,spectral,99,99,99,710,1222,100,0,7.742507457733154,0.07820714603770863,0.1,Classifier Error ($p$)
89,Polarization,-8.802067970794162,polblogs,spectral,99,99,99,710,1222,100,0,7.742507457733154,0.07820714603770863,0.1,Classifier Error ($p$)
89,$\|L_{t} - L_{0}\|_F$ / $\|L_{0}\|_F$,2.192586840745888,polblogs,spectral,99,99,99,710,1222,100,0,7.742507457733154,0.07820714603770863,0.1,Classifier Error ($p$)
90,Surrogate,-4.011051491020438,polblogs,spectral,99,99,99,710,1222,100,0,7.742507457733154,0.07820714603770863,0.1,Classifier Error ($p$)
90,Disparity,-6.779663781955087,polblogs,spectral,99,99,99,710,1222,100,0,7.742507457733154,0.07820714603770863,0.1,Classifier Error ($p$)
90,Polarization,-8.908424448886548,polblogs,spectral,99,99,99,710,1222,100,0,7.742507457733154,0.07820714603770863,0.1,Classifier Error ($p$)
90,$\|L_{t} - L_{0}\|_F$ / $\|L_{0}\|_F$,2.204166029441952,polblogs,spectral,99,99,99,710,1222,100,0,7.742507457733154,0.07820714603770863,0.1,Classifier Error ($p$)
91,Surrogate,-4.050744771210932,polblogs,spectral,99,99,99,710,1222,100,0,7.742507457733154,0.07820714603770863,0.1,Classifier Error ($p$)
91,Disparity,-6.857031772803059,polblogs,spectral,99,99,99,710,1222,100,0,7.742507457733154,0.07820714603770863,0.1,Classifier Error ($p$)
91,Polarization,-9.00124895836942,polblogs,spectral,99,99,99,710,1222,100,0,7.742507457733154,0.07820714603770863,0.1,Classifier Error ($p$)
91,$\|L_{t} - L_{0}\|_F$ / $\|L_{0}\|_F$,2.2189647739953635,polblogs,spectral,99,99,99,710,1222,100,0,7.742507457733154,0.07820714603770863,0.1,Classifier Error ($p$)
92,Surrogate,-4.069076297250026,polblogs,spectral,99,99,99,710,1222,100,0,7.742507457733154,0.07820714603770863,0.1,Classifier Error ($p$)
92,Disparity,-6.905675838131716,polblogs,spectral,99,99,99,710,1222,100,0,7.742507457733154,0.07820714603770863,0.1,Classifier Error ($p$)
92,Polarization,-9.079351217839141,polblogs,spectral,99,99,99,710,1222,100,0,7.742507457733154,0.07820714603770863,0.1,Classifier Error ($p$)
92,$\|L_{t} - L_{0}\|_F$ / $\|L_{0}\|_F$,2.235292917493132,polblogs,spectral,99,99,99,710,1222,100,0,7.742507457733154,0.07820714603770863,0.1,Classifier Error ($p$)
93,Surrogate,-4.097599428192102,polblogs,spectral,99,99,99,710,1222,100,0,7.742507457733154,0.07820714603770863,0.1,Classifier Error ($p$)
93,Disparity,-6.959788505236217,polblogs,spectral,99,99,99,710,1222,100,0,7.742507457733154,0.07820714603770863,0.1,Classifier Error ($p$)
93,Polarization,-9.131920806964096,polblogs,spectral,99,99,99,710,1222,100,0,7.742507457733154,0.07820714603770863,0.1,Classifier Error ($p$)
93,$\|L_{t} - L_{0}\|_F$ / $\|L_{0}\|_F$,2.253117209919157,polblogs,spectral,99,99,99,710,1222,100,0,7.742507457733154,0.07820714603770863,0.1,Classifier Error ($p$)
94,Surrogate,-4.111190758080803,polblogs,spectral,99,99,99,710,1222,100,0,7.742507457733154,0.07820714603770863,0.1,Classifier Error ($p$)
94,Disparity,-6.981252019132604,polblogs,spectral,99,99,99,710,1222,100,0,7.742507457733154,0.07820714603770863,0.1,Classifier Error ($p$)
94,Polarization,-9.159545589027681,polblogs,spectral,99,99,99,710,1222,100,0,7.742507457733154,0.07820714603770863,0.1,Classifier Error ($p$)
94,$\|L_{t} - L_{0}\|_F$ / $\|L_{0}\|_F$,2.232036844508268,polblogs,spectral,99,99,99,710,1222,100,0,7.742507457733154,0.07820714603770863,0.1,Classifier Error ($p$)
95,Surrogate,-4.1282784972565265,polblogs,spectral,99,99,99,710,1222,100,0,7.742507457733154,0.07820714603770863,0.1,Classifier Error ($p$)
95,Disparity,-7.032730010135753,polblogs,spectral,99,99,99,710,1222,100,0,7.742507457733154,0.07820714603770863,0.1,Classifier Error ($p$)
95,Polarization,-9.224298549572922,polblogs,spectral,99,99,99,710,1222,100,0,7.742507457733154,0.07820714603770863,0.1,Classifier Error ($p$)
95,$\|L_{t} - L_{0}\|_F$ / $\|L_{0}\|_F$,2.257953960837707,polblogs,spectral,99,99,99,710,1222,100,0,7.742507457733154,0.07820714603770863,0.1,Classifier Error ($p$)
96,Surrogate,-4.145793598253561,polblogs,spectral,99,99,99,710,1222,100,0,7.742507457733154,0.07820714603770863,0.1,Classifier Error ($p$)
96,Disparity,-7.083354522471892,polblogs,spectral,99,99,99,710,1222,100,0,7.742507457733154,0.07820714603770863,0.1,Classifier Error ($p$)
96,Polarization,-9.274203580659066,polblogs,spectral,99,99,99,710,1222,100,0,7.742507457733154,0.07820714603770863,0.1,Classifier Error ($p$)
96,$\|L_{t} - L_{0}\|_F$ / $\|L_{0}\|_F$,2.232036844508268,polblogs,spectral,99,99,99,710,1222,100,0,7.742507457733154,0.07820714603770863,0.1,Classifier Error ($p$)
97,Surrogate,-4.15903182960837,polblogs,spectral,99,99,99,710,1222,100,0,7.742507457733154,0.07820714603770863,0.1,Classifier Error ($p$)
97,Disparity,-7.1006692601676535,polblogs,spectral,99,99,99,710,1222,100,0,7.742507457733154,0.07820714603770863,0.1,Classifier Error ($p$)
97,Polarization,-9.300107139960314,polblogs,spectral,99,99,99,710,1222,100,0,7.742507457733154,0.07820714603770863,0.1,Classifier Error ($p$)
97,$\|L_{t} - L_{0}\|_F$ / $\|L_{0}\|_F$,2.257953960837707,polblogs,spectral,99,99,99,710,1222,100,0,7.742507457733154,0.07820714603770863,0.1,Classifier Error ($p$)
98,Surrogate,-4.183063122100657,polblogs,spectral,99,99,99,710,1222,100,0,7.742507457733154,0.07820714603770863,0.1,Classifier Error ($p$)
98,Disparity,-7.128159982703042,polblogs,spectral,99,99,99,710,1222,100,0,7.742507457733154,0.07820714603770863,0.1,Classifier Error ($p$)
98,Polarization,-9.334465708010631,polblogs,spectral,99,99,99,710,1222,100,0,7.742507457733154,0.07820714603770863,0.1,Classifier Error ($p$)
98,$\|L_{t} - L_{0}\|_F$ / $\|L_{0}\|_F$,2.277198234624707,polblogs,spectral,99,99,99,710,1222,100,0,7.742507457733154,0.07820714603770863,0.1,Classifier Error ($p$)
0,Surrogate,-0.03691045644396683,polblogs,spectral,99,99,99,710,1222,100,0,8.185305118560791,0.08267984968243224,0.2,Classifier Error ($p$)
0,Disparity,-0.06158144408050753,polblogs,spectral,99,99,99,710,1222,100,0,8.185305118560791,0.08267984968243224,0.2,Classifier Error ($p$)
0,Polarization,-0.1305944366582282,polblogs,spectral,99,99,99,710,1222,100,0,8.185305118560791,0.08267984968243224,0.2,Classifier Error ($p$)
0,$\|L_{t} - L_{0}\|_F$ / $\|L_{0}\|_F$,0.17056348819447048,polblogs,spectral,99,99,99,710,1222,100,0,8.185305118560791,0.08267984968243224,0.2,Classifier Error ($p$)
1,Surrogate,-0.0683038766172286,polblogs,spectral,99,99,99,710,1222,100,0,8.185305118560791,0.08267984968243224,0.2,Classifier Error ($p$)
1,Disparity,-0.10600190398594105,polblogs,spectral,99,99,99,710,1222,100,0,8.185305118560791,0.08267984968243224,0.2,Classifier Error ($p$)
1,Polarization,-0.2162242630766534,polblogs,spectral,99,99,99,710,1222,100,0,8.185305118560791,0.08267984968243224,0.2,Classifier Error ($p$)
1,$\|L_{t} - L_{0}\|_F$ / $\|L_{0}\|_F$,0.2412131982502834,polblogs,spectral,99,99,99,710,1222,100,0,8.185305118560791,0.08267984968243224,0.2,Classifier Error ($p$)
2,Surrogate,-0.08308763213791022,polblogs,spectral,99,99,99,710,1222,100,0,8.185305118560791,0.08267984968243224,0.2,Classifier Error ($p$)
2,Disparity,-0.1461391125947997,polblogs,spectral,99,99,99,710,1222,100,0,8.185305118560791,0.08267984968243224,0.2,Classifier Error ($p$)
2,Polarization,-0.29125088952754047,polblogs,spectral,99,99,99,710,1222,100,0,8.185305118560791,0.08267984968243224,0.2,Classifier Error ($p$)
2,$\|L_{t} - L_{0}\|_F$ / $\|L_{0}\|_F$,0.29542462746899717,polblogs,spectral,99,99,99,710,1222,100,0,8.185305118560791,0.08267984968243224,0.2,Classifier Error ($p$)
3,Surrogate,-0.1519505092928403,polblogs,spectral,99,99,99,710,1222,100,0,8.185305118560791,0.08267984968243224,0.2,Classifier Error ($p$)
3,Disparity,-0.27347774938100433,polblogs,spectral,99,99,99,710,1222,100,0,8.185305118560791,0.08267984968243224,0.2,Classifier Error ($p$)
3,Polarization,-0.5639272709319433,polblogs,spectral,99,99,99,710,1222,100,0,8.185305118560791,0.08267984968243224,0.2,Classifier Error ($p$)
3,$\|L_{t} - L_{0}\|_F$ / $\|L_{0}\|_F$,0.3516256388497963,polblogs,spectral,99,99,99,710,1222,100,0,8.185305118560791,0.08267984968243224,0.2,Classifier Error ($p$)
4,Surrogate,-0.16523782292842512,polblogs,spectral,99,99,99,710,1222,100,0,8.185305118560791,0.08267984968243224,0.2,Classifier Error ($p$)
4,Disparity,-0.29521231720579033,polblogs,spectral,99,99,99,710,1222,100,0,8.185305118560791,0.08267984968243224,0.2,Classifier Error ($p$)
4,Polarization,-0.6100029081819043,polblogs,spectral,99,99,99,710,1222,100,0,8.185305118560791,0.08267984968243224,0.2,Classifier Error ($p$)
4,$\|L_{t} - L_{0}\|_F$ / $\|L_{0}\|_F$,0.40899687670460916,polblogs,spectral,99,99,99,710,1222,100,0,8.185305118560791,0.08267984968243224,0.2,Classifier Error ($p$)
5,Surrogate,-0.17192584679204811,polblogs,spectral,99,99,99,710,1222,100,0,8.185305118560791,0.08267984968243224,0.2,Classifier Error ($p$)
5,Disparity,-0.31236249699159596,polblogs,spectral,99,99,99,710,1222,100,0,8.185305118560791,0.08267984968243224,0.2,Classifier Error ($p$)
5,Polarization,-0.6463660569198979,polblogs,spectral,99,99,99,710,1222,100,0,8.185305118560791,0.08267984968243224,0.2,Classifier Error ($p$)
5,$\|L_{t} - L_{0}\|_F$ / $\|L_{0}\|_F$,0.45126857251026997,polblogs,spectral,99,99,99,710,1222,100,0,8.185305118560791,0.08267984968243224,0.2,Classifier Error ($p$)
6,Surrogate,-0.2926580604944415,polblogs,spectral,99,99,99,710,1222,100,0,8.185305118560791,0.08267984968243224,0.2,Classifier Error ($p$)
6,Disparity,-0.4802835260469075,polblogs,spectral,99,99,99,710,1222,100,0,8.185305118560791,0.08267984968243224,0.2,Classifier Error ($p$)
6,Polarization,-1.0269481472774344,polblogs,spectral,99,99,99,710,1222,100,0,8.185305118560791,0.08267984968243224,0.2,Classifier Error ($p$)
6,$\|L_{t} - L_{0}\|_F$ / $\|L_{0}\|_F$,0.4824263965005668,polblogs,spectral,99,99,99,710,1222,100,0,8.185305118560791,0.08267984968243224,0.2,Classifier Error ($p$)
7,Surrogate,-0.3668039777814398,polblogs,spectral,99,99,99,710,1222,100,0,8.185305118560791,0.08267984968243224,0.2,Classifier Error ($p$)
7,Disparity,-0.5773020341385832,polblogs,spectral,99,99,99,710,1222,100,0,8.185305118560791,0.08267984968243224,0.2,Classifier Error ($p$)
7,Polarization,-1.242908464831062,polblogs,spectral,99,99,99,710,1222,100,0,8.185305118560791,0.08267984968243224,0.2,Classifier Error ($p$)
7,$\|L_{t} - L_{0}\|_F$ / $\|L_{0}\|_F$,0.5116904645834113,polblogs,spectral,99,99,99,710,1222,100,0,8.185305118560791,0.08267984968243224,0.2,Classifier Error ($p$)
8,Surrogate,-0.4326869215497065,polblogs,spectral,99,99,99,710,1222,100,0,8.185305118560791,0.08267984968243224,0.2,Classifier Error ($p$)
8,Disparity,-0.677722244765928,polblogs,spectral,99,99,99,710,1222,100,0,8.185305118560791,0.08267984968243224,0.2,Classifier Error ($p$)
8,Polarization,-1.444876542513427,polblogs,spectral,99,99,99,710,1222,100,0,8.185305118560791,0.08267984968243224,0.2,Classifier Error ($p$)
8,$\|L_{t} - L_{0}\|_F$ / $\|L_{0}\|_F$,0.5393691083577671,polblogs,spectral,99,99,99,710,1222,100,0,8.185305118560791,0.08267984968243224,0.2,Classifier Error ($p$)
9,Surrogate,-0.5032218830264823,polblogs,spectral,99,99,99,710,1222,100,0,8.185305118560791,0.08267984968243224,0.2,Classifier Error ($p$)
9,Disparity,-0.7981426682946096,polblogs,spectral,99,99,99,710,1222,100,0,8.185305118560791,0.08267984968243224,0.2,Classifier Error ($p$)
9,Polarization,-1.6528951633662388,polblogs,spectral,99,99,99,710,1222,100,0,8.185305118560791,0.08267984968243224,0.2,Classifier Error ($p$)
9,$\|L_{t} - L_{0}\|_F$ / $\|L_{0}\|_F$,0.5656950932752712,polblogs,spectral,99,99,99,710,1222,100,0,8.185305118560791,0.08267984968243224,0.2,Classifier Error ($p$)
10,Surrogate,-0.5676425115311118,polblogs,spectral,99,99,99,710,1222,100,0,8.185305118560791,0.08267984968243224,0.2,Classifier Error ($p$)
10,Disparity,-0.8756651890124836,polblogs,spectral,99,99,99,710,1222,100,0,8.185305118560791,0.08267984968243224,0.2,Classifier Error ($p$)
10,Polarization,-1.8267033629055494,polblogs,spectral,99,99,99,710,1222,100,0,8.185305118560791,0.08267984968243224,0.2,Classifier Error ($p$)
10,$\|L_{t} - L_{0}\|_F$ / $\|L_{0}\|_F$,0.6208604685773726,polblogs,spectral,99,99,99,710,1222,100,0,8.185305118560791,0.08267984968243224,0.2,Classifier Error ($p$)
11,Surrogate,-0.596003275847442,polblogs,spectral,99,99,99,710,1222,100,0,8.185305118560791,0.08267984968243224,0.2,Classifier Error ($p$)
11,Disparity,-0.9220526109075301,polblogs,spectral,99,99,99,710,1222,100,0,8.185305118560791,0.08267984968243224,0.2,Classifier Error ($p$)
11,Polarization,-1.923032563199786,polblogs,spectral,99,99,99,710,1222,100,0,8.185305118560791,0.08267984968243224,0.2,Classifier Error ($p$)
11,$\|L_{t} - L_{0}\|_F$ / $\|L_{0}\|_F$,0.6494864131168921,polblogs,spectral,99,99,99,710,1222,100,0,8.185305118560791,0.08267984968243224,0.2,Classifier Error ($p$)
12,Surrogate,-0.6136257587070422,polblogs,spectral,99,99,99,710,1222,100,0,8.185305118560791,0.08267984968243224,0.2,Classifier Error ($p$)
12,Disparity,-0.9524087587643658,polblogs,spectral,99,99,99,710,1222,100,0,8.185305118560791,0.08267984968243224,0.2,Classifier Error ($p$)
12,Polarization,-1.993185858117515,polblogs,spectral,99,99,99,710,1222,100,0,8.185305118560791,0.08267984968243224,0.2,Classifier Error ($p$)
12,$\|L_{t} - L_{0}\|_F$ / $\|L_{0}\|_F$,0.676902858765405,polblogs,spectral,99,99,99,710,1222,100,0,8.185305118560791,0.08267984968243224,0.2,Classifier Error ($p$)
13,Surrogate,-0.7781837426391801,polblogs,spectral,99,99,99,710,1222,100,0,8.185305118560791,0.08267984968243224,0.2,Classifier Error ($p$)
13,Disparity,-1.1512432918717166,polblogs,spectral,99,99,99,710,1222,100,0,8.185305118560791,0.08267984968243224,0.2,Classifier Error ($p$)
13,Polarization,-2.4037250429132007,polblogs,spectral,99,99,99,710,1222,100,0,8.185305118560791,0.08267984968243224,0.2,Classifier Error ($p$)
13,$\|L_{t} - L_{0}\|_F$ / $\|L_{0}\|_F$,0.7032512776995926,polblogs,spectral,99,99,99,710,1222,100,0,8.185305118560791,0.08267984968243224,0.2,Classifier Error ($p$)
14,Surrogate,-0.7891597734561823,polblogs,spectral,99,99,99,710,1222,100,0,8.185305118560791,0.08267984968243224,0.2,Classifier Error ($p$)
14,Disparity,-1.1687645462175575,polblogs,spectral,99,99,99,710,1222,100,0,8.185305118560791,0.08267984968243224,0.2,Classifier Error ($p$)
14,Polarization,-2.438786601405689,polblogs,spectral,99,99,99,710,1222,100,0,8.185305118560791,0.08267984968243224,0.2,Classifier Error ($p$)
14,$\|L_{t} - L_{0}\|_F$ / $\|L_{0}\|_F$,0.7531879701301479,polblogs,spectral,99,99,99,710,1222,100,0,8.185305118560791,0.08267984968243224,0.2,Classifier Error ($p$)
15,Surrogate,-0.8755522236500591,polblogs,spectral,99,99,99,710,1222,100,0,8.185305118560791,0.08267984968243224,0.2,Classifier Error ($p$)
15,Disparity,-1.319662023930025,polblogs,spectral,99,99,99,710,1222,100,0,8.185305118560791,0.08267984968243224,0.2,Classifier Error ($p$)
15,Polarization,-2.7965402638754315,polblogs,spectral,99,99,99,710,1222,100,0,8.185305118560791,0.08267984968243224,0.2,Classifier Error ($p$)
15,$\|L_{t} - L_{0}\|_F$ / $\|L_{0}\|_F$,0.7816200954468676,polblogs,spectral,99,99,99,710,1222,100,0,8.185305118560791,0.08267984968243224,0.2,Classifier Error ($p$)
16,Surrogate,-1.1340217999188364,polblogs,spectral,99,99,99,710,1222,100,0,8.185305118560791,0.08267984968243224,0.2,Classifier Error ($p$)
16,Disparity,-1.8191128533287557,polblogs,spectral,99,99,99,710,1222,100,0,8.185305118560791,0.08267984968243224,0.2,Classifier Error ($p$)
16,Polarization,-3.654104924988643,polblogs,spectral,99,99,99,710,1222,100,0,8.185305118560791,0.08267984968243224,0.2,Classifier Error ($p$)
16,$\|L_{t} - L_{0}\|_F$ / $\|L_{0}\|_F$,0.8000136730778016,polblogs,spectral,99,99,99,710,1222,100,0,8.185305118560791,0.08267984968243224,0.2,Classifier Error ($p$)
17,Surrogate,-1.1364954441541866,polblogs,spectral,99,99,99,710,1222,100,0,8.185305118560791,0.08267984968243224,0.2,Classifier Error ($p$)
17,Disparity,-1.8264766471485525,polblogs,spectral,99,99,99,710,1222,100,0,8.185305118560791,0.08267984968243224,0.2,Classifier Error ($p$)
17,Polarization,-3.6748409654376153,polblogs,spectral,99,99,99,710,1222,100,0,8.185305118560791,0.08267984968243224,0.2,Classifier Error ($p$)
17,$\|L_{t} - L_{0}\|_F$ / $\|L_{0}\|_F$,0.8179937534092183,polblogs,spectral,99,99,99,710,1222,100,0,8.185305118560791,0.08267984968243224,0.2,Classifier Error ($p$)
18,Surrogate,-1.255962754727821,polblogs,spectral,99,99,99,710,1222,100,0,8.185305118560791,0.08267984968243224,0.2,Classifier Error ($p$)
18,Disparity,-1.9839963231454791,polblogs,spectral,99,99,99,710,1222,100,0,8.185305118560791,0.08267984968243224,0.2,Classifier Error ($p$)
18,Polarization,-3.9582336276883483,polblogs,spectral,99,99,99,710,1222,100,0,8.185305118560791,0.08267984968243224,0.2,Classifier Error ($p$)
18,$\|L_{t} - L_{0}\|_F$ / $\|L_{0}\|_F$,0.8355870296513501,polblogs,spectral,99,99,99,710,1222,100,0,8.185305118560791,0.08267984968243224,0.2,Classifier Error ($p$)
19,Surrogate,-1.2588643700690536,polblogs,spectral,99,99,99,710,1222,100,0,8.185305118560791,0.08267984968243224,0.2,Classifier Error ($p$)
19,Disparity,-2.0084313820394812,polblogs,spectral,99,99,99,710,1222,100,0,8.185305118560791,0.08267984968243224,0.2,Classifier Error ($p$)
19,Polarization,-4.004982238067394,polblogs,spectral,99,99,99,710,1222,100,0,8.185305118560791,0.08267984968243224,0.2,Classifier Error ($p$)
19,$\|L_{t} - L_{0}\|_F$ / $\|L_{0}\|_F$,0.8528174409723523,polblogs,spectral,99,99,99,710,1222,100,0,8.185305118560791,0.08267984968243224,0.2,Classifier Error ($p$)
20,Surrogate,-1.2884514374266471,polblogs,spectral,99,99,99,710,1222,100,0,8.185305118560791,0.08267984968243224,0.2,Classifier Error ($p$)
20,Disparity,-2.0571565398106775,polblogs,spectral,99,99,99,710,1222,100,0,8.185305118560791,0.08267984968243224,0.2,Classifier Error ($p$)
20,Polarization,-4.09390218034213,polblogs,spectral,99,99,99,710,1222,100,0,8.185305118560791,0.08267984968243224,0.2,Classifier Error ($p$)
20,$\|L_{t} - L_{0}\|_F$ / $\|L_{0}\|_F$,0.8780292950034352,polblogs,spectral,99,99,99,710,1222,100,0,8.185305118560791,0.08267984968243224,0.2,Classifier Error ($p$)
21,Surrogate,-1.3525333623698161,polblogs,spectral,99,99,99,710,1222,100,0,8.185305118560791,0.08267984968243224,0.2,Classifier Error ($p$)
21,Disparity,-2.108328869843584,polblogs,spectral,99,99,99,710,1222,100,0,8.185305118560791,0.08267984968243224,0.2,Classifier Error ($p$)
21,Polarization,-4.202368761924333,polblogs,spectral,99,99,99,710,1222,100,0,8.185305118560791,0.08267984968243224,0.2,Classifier Error ($p$)
21,$\|L_{t} - L_{0}\|_F$ / $\|L_{0}\|_F$,0.9025371450205399,polblogs,spectral,99,99,99,710,1222,100,0,8.185305118560791,0.08267984968243224,0.2,Classifier Error ($p$)
22,Surrogate,-1.3566310880082084,polblogs,spectral,99,99,99,710,1222,100,0,8.185305118560791,0.08267984968243224,0.2,Classifier Error ($p$)
22,Disparity,-2.123718113339007,polblogs,spectral,99,99,99,710,1222,100,0,8.185305118560791,0.08267984968243224,0.2,Classifier Error ($p$)
22,Polarization,-4.2387971603327195,polblogs,spectral,99,99,99,710,1222,100,0,8.185305118560791,0.08267984968243224,0.2,Classifier Error ($p$)
22,$\|L_{t} - L_{0}\|_F$ / $\|L_{0}\|_F$,0.9185124940069638,polblogs,spectral,99,99,99,710,1222,100,0,8.185305118560791,0.08267984968243224,0.2,Classifier Error ($p$)
23,Surrogate,-1.3883534886145807,polblogs,spectral,99,99,99,710,1222,100,0,8.185305118560791,0.08267984968243224,0.2,Classifier Error ($p$)
23,Disparity,-2.160897610412979,polblogs,spectral,99,99,99,710,1222,100,0,8.185305118560791,0.08267984968243224,0.2,Classifier Error ($p$)
23,Polarization,-4.33212204586586,polblogs,spectral,99,99,99,710,1222,100,0,8.185305118560791,0.08267984968243224,0.2,Classifier Error ($p$)
23,$\|L_{t} - L_{0}\|_F$ / $\|L_{0}\|_F$,0.9496573111691519,polblogs,spectral,99,99,99,710,1222,100,0,8.185305118560791,0.08267984968243224,0.2,Classifier Error ($p$)
24,Surrogate,-1.3907031922544177,polblogs,spectral,99,99,99,710,1222,100,0,8.185305118560791,0.08267984968243224,0.2,Classifier Error ($p$)
24,Disparity,-2.1817419797667497,polblogs,spectral,99,99,99,710,1222,100,0,8.185305118560791,0.08267984968243224,0.2,Classifier Error ($p$)
24,Polarization,-4.37225927021674,polblogs,spectral,99,99,99,710,1222,100,0,8.185305118560791,0.08267984968243224,0.2,Classifier Error ($p$)
24,$\|L_{t} - L_{0}\|_F$ / $\|L_{0}\|_F$,0.9686144165963848,polblogs,spectral,99,99,99,710,1222,100,0,8.185305118560791,0.08267984968243224,0.2,Classifier Error ($p$)
25,Surrogate,-1.4389996427171863,polblogs,spectral,99,99,99,710,1222,100,0,8.185305118560791,0.08267984968243224,0.2,Classifier Error ($p$)
25,Disparity,-2.232311821011755,polblogs,spectral,99,99,99,710,1222,100,0,8.185305118560791,0.08267984968243224,0.2,Classifier Error ($p$)
25,Polarization,-4.465161500226842,polblogs,spectral,99,99,99,710,1222,100,0,8.185305118560791,0.08267984968243224,0.2,Classifier Error ($p$)
25,$\|L_{t} - L_{0}\|_F$ / $\|L_{0}\|_F$,0.9872075604550881,polblogs,spectral,99,99,99,710,1222,100,0,8.185305118560791,0.08267984968243224,0.2,Classifier Error ($p$)
26,Surrogate,-1.4553185687237764,polblogs,spectral,99,99,99,710,1222,100,0,8.185305118560791,0.08267984968243224,0.2,Classifier Error ($p$)
26,Disparity,-2.270074394390498,polblogs,spectral,99,99,99,710,1222,100,0,8.185305118560791,0.08267984968243224,0.2,Classifier Error ($p$)
26,Polarization,-4.554091329137713,polblogs,spectral,99,99,99,710,1222,100,0,8.185305118560791,0.08267984968243224,0.2,Classifier Error ($p$)
26,$\|L_{t} - L_{0}\|_F$ / $\|L_{0}\|_F$,1.0018336543182964,polblogs,spectral,99,99,99,710,1222,100,0,8.185305118560791,0.08267984968243224,0.2,Classifier Error ($p$)
27,Surrogate,-1.4768066212791011,polblogs,spectral,99,99,99,710,1222,100,0,8.185305118560791,0.08267984968243224,0.2,Classifier Error ($p$)
27,Disparity,-2.3160059587969273,polblogs,spectral,99,99,99,710,1222,100,0,8.185305118560791,0.08267984968243224,0.2,Classifier Error ($p$)
27,Polarization,-4.643683412998529,polblogs,spectral,99,99,99,710,1222,100,0,8.185305118560791,0.08267984968243224,0.2,Classifier Error ($p$)
27,$\|L_{t} - L_{0}\|_F$ / $\|L_{0}\|_F$,1.0233809291668226,polblogs,spectral,99,99,99,710,1222,100,0,8.185305118560791,0.08267984968243224,0.2,Classifier Error ($p$)
28,Surrogate,-1.4757035272106436,polblogs,spectral,99,99,99,710,1222,100,0,8.185305118560791,0.08267984968243224,0.2,Classifier Error ($p$)
28,Disparity,-2.33255217423597,polblogs,spectral,99,99,99,710,1222,100,0,8.185305118560791,0.08267984968243224,0.2,Classifier Error ($p$)
28,Polarization,-4.668932719934377,polblogs,spectral,99,99,99,710,1222,100,0,8.185305118560791,0.08267984968243224,0.2,Classifier Error ($p$)
28,$\|L_{t} - L_{0}\|_F$ / $\|L_{0}\|_F$,1.0374971950262875,polblogs,spectral,99,99,99,710,1222,100,0,8.185305118560791,0.08267984968243224,0.2,Classifier Error ($p$)
29,Surrogate,-1.5049755217341636,polblogs,spectral,99,99,99,710,1222,100,0,8.185305118560791,0.08267984968243224,0.2,Classifier Error ($p$)
29,Disparity,-2.3781371011322503,polblogs,spectral,99,99,99,710,1222,100,0,8.185305118560791,0.08267984968243224,0.2,Classifier Error ($p$)
29,Polarization,-4.755533115487604,polblogs,spectral,99,99,99,710,1222,100,0,8.185305118560791,0.08267984968243224,0.2,Classifier Error ($p$)
29,$\|L_{t} - L_{0}\|_F$ / $\|L_{0}\|_F$,1.0514239550212274,polblogs,spectral,99,99,99,710,1222,100,0,8.185305118560791,0.08267984968243224,0.2,Classifier Error ($p$)
30,Surrogate,-1.510887928120027,polblogs,spectral,99,99,99,710,1222,100,0,8.185305118560791,0.08267984968243224,0.2,Classifier Error ($p$)
30,Disparity,-2.428676364567506,polblogs,spectral,99,99,99,710,1222,100,0,8.185305118560791,0.08267984968243224,0.2,Classifier Error ($p$)
30,Polarization,-4.854771140533588,polblogs,spectral,99,99,99,710,1222,100,0,8.185305118560791,0.08267984968243224,0.2,Classifier Error ($p$)
30,$\|L_{t} - L_{0}\|_F$ / $\|L_{0}\|_F$,1.0583186122075963,polblogs,spectral,99,99,99,710,1222,100,0,8.185305118560791,0.08267984968243224,0.2,Classifier Error ($p$)
31,Surrogate,-1.522359415052887,polblogs,spectral,99,99,99,710,1222,100,0,8.185305118560791,0.08267984968243224,0.2,Classifier Error ($p$)
31,Disparity,-2.4463627783541333,polblogs,spectral,99,99,99,710,1222,100,0,8.185305118560791,0.08267984968243224,0.2,Classifier Error ($p$)
31,Polarization,-4.896232363223324,polblogs,spectral,99,99,99,710,1222,100,0,8.185305118560791,0.08267984968243224,0.2,Classifier Error ($p$)
31,$\|L_{t} - L_{0}\|_F$ / $\|L_{0}\|_F$,1.1053777396043134,polblogs,spectral,99,99,99,710,1222,100,0,8.185305118560791,0.08267984968243224,0.2,Classifier Error ($p$)
32,Surrogate,-1.5526314931274552,polblogs,spectral,99,99,99,710,1222,100,0,8.185305118560791,0.08267984968243224,0.2,Classifier Error ($p$)
32,Disparity,-2.4944369203255246,polblogs,spectral,99,99,99,710,1222,100,0,8.185305118560791,0.08267984968243224,0.2,Classifier Error ($p$)
32,Polarization,-4.985734342742418,polblogs,spectral,99,99,99,710,1222,100,0,8.185305118560791,0.08267984968243224,0.2,Classifier Error ($p$)
32,$\|L_{t} - L_{0}\|_F$ / $\|L_{0}\|_F$,1.1249434663441267,polblogs,spectral,99,99,99,710,1222,100,0,8.185305118560791,0.08267984968243224,0.2,Classifier Error ($p$)
33,Surrogate,-1.5781806645293655,polblogs,spectral,99,99,99,710,1222,100,0,8.185305118560791,0.08267984968243224,0.2,Classifier Error ($p$)
33,Disparity,-2.549812924289143,polblogs,spectral,99,99,99,710,1222,100,0,8.185305118560791,0.08267984968243224,0.2,Classifier Error ($p$)
33,Polarization,-5.089532130226071,polblogs,spectral,99,99,99,710,1222,100,0,8.185305118560791,0.08267984968243224,0.2,Classifier Error ($p$)
33,$\|L_{t} - L_{0}\|_F$ / $\|L_{0}\|_F$,1.1409919727376134,polblogs,spectral,99,99,99,710,1222,100,0,8.185305118560791,0.08267984968243224,0.2,Classifier Error ($p$)
34,Surrogate,-1.6166870086193375,polblogs,spectral,99,99,99,710,1222,100,0,8.185305118560791,0.08267984968243224,0.2,Classifier Error ($p$)
34,Disparity,-2.604444782906673,polblogs,spectral,99,99,99,710,1222,100,0,8.185305118560791,0.08267984968243224,0.2,Classifier Error ($p$)
34,Polarization,-5.213435692462419,polblogs,spectral,99,99,99,710,1222,100,0,8.185305118560791,0.08267984968243224,0.2,Classifier Error ($p$)
34,$\|L_{t} - L_{0}\|_F$ / $\|L_{0}\|_F$,1.1724301431703015,polblogs,spectral,99,99,99,710,1222,100,0,8.185305118560791,0.08267984968243224,0.2,Classifier Error ($p$)
35,Surrogate,-1.652840878533466,polblogs,spectral,99,99,99,710,1222,100,0,8.185305118560791,0.08267984968243224,0.2,Classifier Error ($p$)
35,Disparity,-2.6742852145056752,polblogs,spectral,99,99,99,710,1222,100,0,8.185305118560791,0.08267984968243224,0.2,Classifier Error ($p$)
35,Polarization,-5.363479795537277,polblogs,spectral,99,99,99,710,1222,100,0,8.185305118560791,0.08267984968243224,0.2,Classifier Error ($p$)
35,$\|L_{t} - L_{0}\|_F$ / $\|L_{0}\|_F$,1.1908947459250676,polblogs,spectral,99,99,99,710,1222,100,0,8.185305118560791,0.08267984968243224,0.2,Classifier Error ($p$)
36,Surrogate,-1.7428938710687205,polblogs,spectral,99,99,99,710,1222,100,0,8.185305118560791,0.08267984968243224,0.2,Classifier Error ($p$)
36,Disparity,-2.773687618538275,polblogs,spectral,99,99,99,710,1222,100,0,8.185305118560791,0.08267984968243224,0.2,Classifier Error ($p$)
36,Polarization,-5.553798622470247,polblogs,spectral,99,99,99,710,1222,100,0,8.185305118560791,0.08267984968243224,0.2,Classifier Error ($p$)
36,$\|L_{t} - L_{0}\|_F$ / $\|L_{0}\|_F$,1.203047047865127,polblogs,spectral,99,99,99,710,1222,100,0,8.185305118560791,0.08267984968243224,0.2,Classifier Error ($p$)
37,Surrogate,-1.7595496781673208,polblogs,spectral,99,99,99,710,1222,100,0,8.185305118560791,0.08267984968243224,0.2,Classifier Error ($p$)
37,Disparity,-2.8055057557255423,polblogs,spectral,99,99,99,710,1222,100,0,8.185305118560791,0.08267984968243224,0.2,Classifier Error ($p$)
37,Polarization,-5.614916084835464,polblogs,spectral,99,99,99,710,1222,100,0,8.185305118560791,0.08267984968243224,0.2,Classifier Error ($p$)
37,$\|L_{t} - L_{0}\|_F$ / $\|L_{0}\|_F$,1.2329038722218613,polblogs,spectral,99,99,99,710,1222,100,0,8.185305118560791,0.08267984968243224,0.2,Classifier Error ($p$)
38,Surrogate,-1.7787299977395323,polblogs,spectral,99,99,99,710,1222,100,0,8.185305118560791,0.08267984968243224,0.2,Classifier Error ($p$)
38,Disparity,-2.838164245557392,polblogs,spectral,99,99,99,710,1222,100,0,8.185305118560791,0.08267984968243224,0.2,Classifier Error ($p$)
38,Polarization,-5.679136406464705,polblogs,spectral,99,99,99,710,1222,100,0,8.185305118560791,0.08267984968243224,0.2,Classifier Error ($p$)
38,$\|L_{t} - L_{0}\|_F$ / $\|L_{0}\|_F$,1.2475643620755572,polblogs,spectral,99,99,99,710,1222,100,0,8.185305118560791,0.08267984968243224,0.2,Classifier Error ($p$)
39,Surrogate,-1.7776938269555735,polblogs,spectral,99,99,99,710,1222,100,0,8.185305118560791,0.08267984968243224,0.2,Classifier Error ($p$)
39,Disparity,-2.854959532150576,polblogs,spectral,99,99,99,710,1222,100,0,8.185305118560791,0.08267984968243224,0.2,Classifier Error ($p$)
39,Polarization,-5.705270081112171,polblogs,spectral,99,99,99,710,1222,100,0,8.185305118560791,0.08267984968243224,0.2,Classifier Error ($p$)
39,$\|L_{t} - L_{0}\|_F$ / $\|L_{0}\|_F$,1.2620545617770742,polblogs,spectral,99,99,99,710,1222,100,0,8.185305118560791,0.08267984968243224,0.2,Classifier Error ($p$)
40,Surrogate,-1.8095374851288462,polblogs,spectral,99,99,99,710,1222,100,0,8.185305118560791,0.08267984968243224,0.2,Classifier Error ($p$)
40,Disparity,-2.908222144059175,polblogs,spectral,99,99,99,710,1222,100,0,8.185305118560791,0.08267984968243224,0.2,Classifier Error ($p$)
40,Polarization,-5.7837181357106475,polblogs,spectral,99,99,99,710,1222,100,0,8.185305118560791,0.08267984968243224,0.2,Classifier Error ($p$)
40,$\|L_{t} - L_{0}\|_F$ / $\|L_{0}\|_F$,1.287726096570509,polblogs,spectral,99,99,99,710,1222,100,0,8.185305118560791,0.08267984968243224,0.2,Classifier Error ($p$)
41,Surrogate,-1.826206485882537,polblogs,spectral,99,99,99,710,1222,100,0,8.185305118560791,0.08267984968243224,0.2,Classifier Error ($p$)
41,Disparity,-2.947713380679968,polblogs,spectral,99,99,99,710,1222,100,0,8.185305118560791,0.08267984968243224,0.2,Classifier Error ($p$)
41,Polarization,-5.86599004194134,polblogs,spectral,99,99,99,710,1222,100,0,8.185305118560791,0.08267984968243224,0.2,Classifier Error ($p$)
41,$\|L_{t} - L_{0}\|_F$ / $\|L_{0}\|_F$,1.2961702925995175,polblogs,spectral,99,99,99,710,1222,100,0,8.185305118560791,0.08267984968243224,0.2,Classifier Error ($p$)
42,Surrogate,-1.8338647441114182,polblogs,spectral,99,99,99,710,1222,100,0,8.185305118560791,0.08267984968243224,0.2,Classifier Error ($p$)
42,Disparity,-2.9838528758833447,polblogs,spectral,99,99,99,710,1222,100,0,8.185305118560791,0.08267984968243224,0.2,Classifier Error ($p$)
42,Polarization,-5.948749578696803,polblogs,spectral,99,99,99,710,1222,100,0,8.185305118560791,0.08267984968243224,0.2,Classifier Error ($p$)
42,$\|L_{t} - L_{0}\|_F$ / $\|L_{0}\|_F$,1.3073443811492762,polblogs,spectral,99,99,99,710,1222,100,0,8.185305118560791,0.08267984968243224,0.2,Classifier Error ($p$)
43,Surrogate,-1.8390943423863388,polblogs,spectral,99,99,99,710,1222,100,0,8.185305118560791,0.08267984968243224,0.2,Classifier Error ($p$)
43,Disparity,-3.000845240715325,polblogs,spectral,99,99,99,710,1222,100,0,8.185305118560791,0.08267984968243224,0.2,Classifier Error ($p$)
43,Polarization,-6.005682117582827,polblogs,spectral,99,99,99,710,1222,100,0,8.185305118560791,0.08267984968243224,0.2,Classifier Error ($p$)
43,$\|L_{t} - L_{0}\|_F$ / $\|L_{0}\|_F$,1.3239286937672217,polblogs,spectral,99,99,99,710,1222,100,0,8.185305118560791,0.08267984968243224,0.2,Classifier Error ($p$)
44,Surrogate,-1.8979314051994907,polblogs,spectral,99,99,99,710,1222,100,0,8.185305118560791,0.08267984968243224,0.2,Classifier Error ($p$)
44,Disparity,-3.0852892800520335,polblogs,spectral,99,99,99,710,1222,100,0,8.185305118560791,0.08267984968243224,0.2,Classifier Error ($p$)
44,Polarization,-6.155558050687041,polblogs,spectral,99,99,99,710,1222,100,0,8.185305118560791,0.08267984968243224,0.2,Classifier Error ($p$)
44,$\|L_{t} - L_{0}\|_F$ / $\|L_{0}\|_F$,1.3430182490621807,polblogs,spectral,99,99,99,710,1222,100,0,8.185305118560791,0.08267984968243224,0.2,Classifier Error ($p$)
45,Surrogate,-1.902535307754279,polblogs,spectral,99,99,99,710,1222,100,0,8.185305118560791,0.08267984968243224,0.2,Classifier Error ($p$)
45,Disparity,-3.1077350100695216,polblogs,spectral,99,99,99,710,1222,100,0,8.185305118560791,0.08267984968243224,0.2,Classifier Error ($p$)
45,Polarization,-6.20608884051678,polblogs,spectral,99,99,99,710,1222,100,0,8.185305118560791,0.08267984968243224,0.2,Classifier Error ($p$)
45,$\|L_{t} - L_{0}\|_F$ / $\|L_{0}\|_F$,1.3724797819833179,polblogs,spectral,99,99,99,710,1222,100,0,8.185305118560791,0.08267984968243224,0.2,Classifier Error ($p$)
46,Surrogate,-1.9232608733307546,polblogs,spectral,99,99,99,710,1222,100,0,8.185305118560791,0.08267984968243224,0.2,Classifier Error ($p$)
46,Disparity,-3.128124486457926,polblogs,spectral,99,99,99,710,1222,100,0,8.185305118560791,0.08267984968243224,0.2,Classifier Error ($p$)
46,Polarization,-6.261977779289679,polblogs,spectral,99,99,99,710,1222,100,0,8.185305118560791,0.08267984968243224,0.2,Classifier Error ($p$)
46,$\|L_{t} - L_{0}\|_F$ / $\|L_{0}\|_F$,1.3909031537410648,polblogs,spectral,99,99,99,710,1222,100,0,8.185305118560791,0.08267984968243224,0.2,Classifier Error ($p$)
47,Surrogate,-1.9339324256472648,polblogs,spectral,99,99,99,710,1222,100,0,8.185305118560791,0.08267984968243224,0.2,Classifier Error ($p$)
47,Disparity,-3.1514904940192907,polblogs,spectral,99,99,99,710,1222,100,0,8.185305118560791,0.08267984968243224,0.2,Classifier Error ($p$)
47,Polarization,-6.300971847855739,polblogs,spectral,99,99,99,710,1222,100,0,8.185305118560791,0.08267984968243224,0.2,Classifier Error ($p$)
47,$\|L_{t} - L_{0}\|_F$ / $\|L_{0}\|_F$,1.4013220495631635,polblogs,spectral,99,99,99,710,1222,100,0,8.185305118560791,0.08267984968243224,0.2,Classifier Error ($p$)
48,Surrogate,-1.9316847892355424,polblogs,spectral,99,99,99,710,1222,100,0,8.185305118560791,0.08267984968243224,0.2,Classifier Error ($p$)
48,Disparity,-3.160769004609977,polblogs,spectral,99,99,99,710,1222,100,0,8.185305118560791,0.08267984968243224,0.2,Classifier Error ($p$)
48,Polarization,-6.332358423550051,polblogs,spectral,99,99,99,710,1222,100,0,8.185305118560791,0.08267984968243224,0.2,Classifier Error ($p$)
48,$\|L_{t} - L_{0}\|_F$ / $\|L_{0}\|_F$,1.4168067411787337,polblogs,spectral,99,99,99,710,1222,100,0,8.185305118560791,0.08267984968243224,0.2,Classifier Error ($p$)
49,Surrogate,-1.9486249292388766,polblogs,spectral,99,99,99,710,1222,100,0,8.185305118560791,0.08267984968243224,0.2,Classifier Error ($p$)
49,Disparity,-3.1896779052159636,polblogs,spectral,99,99,99,710,1222,100,0,8.185305118560791,0.08267984968243224,0.2,Classifier Error ($p$)
49,Polarization,-6.372521636122949,polblogs,spectral,99,99,99,710,1222,100,0,8.185305118560791,0.08267984968243224,0.2,Classifier Error ($p$)
49,$\|L_{t} - L_{0}\|_F$ / $\|L_{0}\|_F$,1.4270365255853013,polblogs,spectral,99,99,99,710,1222,100,0,8.185305118560791,0.08267984968243224,0.2,Classifier Error ($p$)
50,Surrogate,-1.9542155708997735,polblogs,spectral,99,99,99,710,1222,100,0,8.185305118560791,0.08267984968243224,0.2,Classifier Error ($p$)
50,Disparity,-3.1960002703772776,polblogs,spectral,99,99,99,710,1222,100,0,8.185305118560791,0.08267984968243224,0.2,Classifier Error ($p$)
50,Polarization,-6.392529864394662,polblogs,spectral,99,99,99,710,1222,100,0,8.185305118560791,0.08267984968243224,0.2,Classifier Error ($p$)
50,$\|L_{t} - L_{0}\|_F$ / $\|L_{0}\|_F$,1.4397215441660587,polblogs,spectral,99,99,99,710,1222,100,0,8.185305118560791,0.08267984968243224,0.2,Classifier Error ($p$)
51,Surrogate,-1.9880621066974982,polblogs,spectral,99,99,99,710,1222,100,0,8.185305118560791,0.08267984968243224,0.2,Classifier Error ($p$)
51,Disparity,-3.2454447614743893,polblogs,spectral,99,99,99,710,1222,100,0,8.185305118560791,0.08267984968243224,0.2,Classifier Error ($p$)
51,Polarization,-6.502314698191179,polblogs,spectral,99,99,99,710,1222,100,0,8.185305118560791,0.08267984968243224,0.2,Classifier Error ($p$)
51,$\|L_{t} - L_{0}\|_F$ / $\|L_{0}\|_F$,1.452295770191882,polblogs,spectral,99,99,99,710,1222,100,0,8.185305118560791,0.08267984968243224,0.2,Classifier Error ($p$)
52,Surrogate,-2.0095290376410904,polblogs,spectral,99,99,99,710,1222,100,0,8.185305118560791,0.08267984968243224,0.2,Classifier Error ($p$)
52,Disparity,-3.2943431971216888,polblogs,spectral,99,99,99,710,1222,100,0,8.185305118560791,0.08267984968243224,0.2,Classifier Error ($p$)
52,Polarization,-6.609122548567161,polblogs,spectral,99,99,99,710,1222,100,0,8.185305118560791,0.08267984968243224,0.2,Classifier Error ($p$)
52,$\|L_{t} - L_{0}\|_F$ / $\|L_{0}\|_F$,1.4672426041302198,polblogs,spectral,99,99,99,710,1222,100,0,8.185305118560791,0.08267984968243224,0.2,Classifier Error ($p$)
53,Surrogate,-2.02073628472365,polblogs,spectral,99,99,99,710,1222,100,0,8.185305118560791,0.08267984968243224,0.2,Classifier Error ($p$)
53,Disparity,-3.3261882191115797,polblogs,spectral,99,99,99,710,1222,100,0,8.185305118560791,0.08267984968243224,0.2,Classifier Error ($p$)
53,Polarization,-6.6671017212363095,polblogs,spectral,99,99,99,710,1222,100,0,8.185305118560791,0.08267984968243224,0.2,Classifier Error ($p$)
53,$\|L_{t} - L_{0}\|_F$ / $\|L_{0}\|_F$,1.4918212420184571,polblogs,spectral,99,99,99,710,1222,100,0,8.185305118560791,0.08267984968243224,0.2,Classifier Error ($p$)
54,Surrogate,-2.0334588971284204,polblogs,spectral,99,99,99,710,1222,100,0,8.185305118560791,0.08267984968243224,0.2,Classifier Error ($p$)
54,Disparity,-3.344716179124971,polblogs,spectral,99,99,99,710,1222,100,0,8.185305118560791,0.08267984968243224,0.2,Classifier Error ($p$)
54,Polarization,-6.709206306579605,polblogs,spectral,99,99,99,710,1222,100,0,8.185305118560791,0.08267984968243224,0.2,Classifier Error ($p$)
54,$\|L_{t} - L_{0}\|_F$ / $\|L_{0}\|_F$,1.50154004996289,polblogs,spectral,99,99,99,710,1222,100,0,8.185305118560791,0.08267984968243224,0.2,Classifier Error ($p$)
55,Surrogate,-2.0396628718672214,polblogs,spectral,99,99,99,710,1222,100,0,8.185305118560791,0.08267984968243224,0.2,Classifier Error ($p$)
55,Disparity,-3.3691195120801036,polblogs,spectral,99,99,99,710,1222,100,0,8.185305118560791,0.08267984968243224,0.2,Classifier Error ($p$)
55,Polarization,-6.760188412078991,polblogs,spectral,99,99,99,710,1222,100,0,8.185305118560791,0.08267984968243224,0.2,Classifier Error ($p$)
55,$\|L_{t} - L_{0}\|_F$ / $\|L_{0}\|_F$,1.513600806363385,polblogs,spectral,99,99,99,710,1222,100,0,8.185305118560791,0.08267984968243224,0.2,Classifier Error ($p$)
56,Surrogate,-2.035610292242922,polblogs,spectral,99,99,99,710,1222,100,0,8.185305118560791,0.08267984968243224,0.2,Classifier Error ($p$)
56,Disparity,-3.3774123305614587,polblogs,spectral,99,99,99,710,1222,100,0,8.185305118560791,0.08267984968243224,0.2,Classifier Error ($p$)
56,Polarization,-6.816197625229006,polblogs,spectral,99,99,99,710,1222,100,0,8.185305118560791,0.08267984968243224,0.2,Classifier Error ($p$)
56,$\|L_{t} - L_{0}\|_F$ / $\|L_{0}\|_F$,1.535071393750234,polblogs,spectral,99,99,99,710,1222,100,0,8.185305118560791,0.08267984968243224,0.2,Classifier Error ($p$)
57,Surrogate,-2.027818944469012,polblogs,spectral,99,99,99,710,1222,100,0,8.185305118560791,0.08267984968243224,0.2,Classifier Error ($p$)
57,Disparity,-3.3723456362765423,polblogs,spectral,99,99,99,710,1222,100,0,8.185305118560791,0.08267984968243224,0.2,Classifier Error ($p$)
57,Polarization,-6.809526660198351,polblogs,spectral,99,99,99,710,1222,100,0,8.185305118560791,0.08267984968243224,0.2,Classifier Error ($p$)
57,$\|L_{t} - L_{0}\|_F$ / $\|L_{0}\|_F$,1.5492198162842756,polblogs,spectral,99,99,99,710,1222,100,0,8.185305118560791,0.08267984968243224,0.2,Classifier Error ($p$)
58,Surrogate,-2.1185440434386096,polblogs,spectral,99,99,99,710,1222,100,0,8.185305118560791,0.08267984968243224,0.2,Classifier Error ($p$)
58,Disparity,-3.470569552436204,polblogs,spectral,99,99,99,710,1222,100,0,8.185305118560791,0.08267984968243224,0.2,Classifier Error ($p$)
58,Polarization,-7.033987176755767,polblogs,spectral,99,99,99,710,1222,100,0,8.185305118560791,0.08267984968243224,0.2,Classifier Error ($p$)
58,$\|L_{t} - L_{0}\|_F$ / $\|L_{0}\|_F$,1.567885788626842,polblogs,spectral,99,99,99,710,1222,100,0,8.185305118560791,0.08267984968243224,0.2,Classifier Error ($p$)
59,Surrogate,-2.2751727700396662,polblogs,spectral,99,99,99,710,1222,100,0,8.185305118560791,0.08267984968243224,0.2,Classifier Error ($p$)
59,Disparity,-3.8704433502718265,polblogs,spectral,99,99,99,710,1222,100,0,8.185305118560791,0.08267984968243224,0.2,Classifier Error ($p$)
59,Polarization,-7.498845034047909,polblogs,spectral,99,99,99,710,1222,100,0,8.185305118560791,0.08267984968243224,0.2,Classifier Error ($p$)
59,$\|L_{t} - L_{0}\|_F$ / $\|L_{0}\|_F$,1.5725176621998709,polblogs,spectral,99,99,99,710,1222,100,0,8.185305118560791,0.08267984968243224,0.2,Classifier Error ($p$)
60,Surrogate,-2.298923527809217,polblogs,spectral,99,99,99,710,1222,100,0,8.185305118560791,0.08267984968243224,0.2,Classifier Error ($p$)
60,Disparity,-3.905629560172609,polblogs,spectral,99,99,99,710,1222,100,0,8.185305118560791,0.08267984968243224,0.2,Classifier Error ($p$)
60,Polarization,-7.578413979025192,polblogs,spectral,99,99,99,710,1222,100,0,8.185305118560791,0.08267984968243224,0.2,Classifier Error ($p$)
60,$\|L_{t} - L_{0}\|_F$ / $\|L_{0}\|_F$,1.5954753387919258,polblogs,spectral,99,99,99,710,1222,100,0,8.185305118560791,0.08267984968243224,0.2,Classifier Error ($p$)
61,Surrogate,-2.3273482161682577,polblogs,spectral,99,99,99,710,1222,100,0,8.185305118560791,0.08267984968243224,0.2,Classifier Error ($p$)
61,Disparity,-3.968252885897245,polblogs,spectral,99,99,99,710,1222,100,0,8.185305118560791,0.08267984968243224,0.2,Classifier Error ($p$)
61,Polarization,-7.705490500766732,polblogs,spectral,99,99,99,710,1222,100,0,8.185305118560791,0.08267984968243224,0.2,Classifier Error ($p$)
61,$\|L_{t} - L_{0}\|_F$ / $\|L_{0}\|_F$,1.6225958422257856,polblogs,spectral,99,99,99,710,1222,100,0,8.185305118560791,0.08267984968243224,0.2,Classifier Error ($p$)
62,Surrogate,-2.33761605277614,polblogs,spectral,99,99,99,710,1222,100,0,8.185305118560791,0.08267984968243224,0.2,Classifier Error ($p$)
62,Disparity,-4.009623777347442,polblogs,spectral,99,99,99,710,1222,100,0,8.185305118560791,0.08267984968243224,0.2,Classifier Error ($p$)
62,Polarization,-7.807142259851836,polblogs,spectral,99,99,99,710,1222,100,0,8.185305118560791,0.08267984968243224,0.2,Classifier Error ($p$)
62,$\|L_{t} - L_{0}\|_F$ / $\|L_{0}\|_F$,1.6359875068184366,polblogs,spectral,99,99,99,710,1222,100,0,8.185305118560791,0.08267984968243224,0.2,Classifier Error ($p$)
63,Surrogate,-2.3561545316661983,polblogs,spectral,99,99,99,710,1222,100,0,8.185305118560791,0.08267984968243224,0.2,Classifier Error ($p$)
63,Disparity,-4.032206269625816,polblogs,spectral,99,99,99,710,1222,100,0,8.185305118560791,0.08267984968243224,0.2,Classifier Error ($p$)
63,Polarization,-7.900646123429903,polblogs,spectral,99,99,99,710,1222,100,0,8.185305118560791,0.08267984968243224,0.2,Classifier Error ($p$)
63,$\|L_{t} - L_{0}\|_F$ / $\|L_{0}\|_F$,1.644854712724218,polblogs,spectral,99,99,99,710,1222,100,0,8.185305118560791,0.08267984968243224,0.2,Classifier Error ($p$)
64,Surrogate,-2.3923910413108205,polblogs,spectral,99,99,99,710,1222,100,0,8.185305118560791,0.08267984968243224,0.2,Classifier Error ($p$)
64,Disparity,-4.08034887575087,polblogs,spectral,99,99,99,710,1222,100,0,8.185305118560791,0.08267984968243224,0.2,Classifier Error ($p$)
64,Polarization,-7.973196752136719,polblogs,spectral,99,99,99,710,1222,100,0,8.185305118560791,0.08267984968243224,0.2,Classifier Error ($p$)
64,$\|L_{t} - L_{0}\|_F$ / $\|L_{0}\|_F$,1.6580666094064698,polblogs,spectral,99,99,99,710,1222,100,0,8.185305118560791,0.08267984968243224,0.2,Classifier Error ($p$)
65,Surrogate,-2.396237563064373,polblogs,spectral,99,99,99,710,1222,100,0,8.185305118560791,0.08267984968243224,0.2,Classifier Error ($p$)
65,Disparity,-4.096146452449383,polblogs,spectral,99,99,99,710,1222,100,0,8.185305118560791,0.08267984968243224,0.2,Classifier Error ($p$)
65,Polarization,-8.014066976600445,polblogs,spectral,99,99,99,710,1222,100,0,8.185305118560791,0.08267984968243224,0.2,Classifier Error ($p$)
65,$\|L_{t} - L_{0}\|_F$ / $\|L_{0}\|_F$,1.6863373232008267,polblogs,spectral,99,99,99,710,1222,100,0,8.185305118560791,0.08267984968243224,0.2,Classifier Error ($p$)
66,Surrogate,-2.40669750717908,polblogs,spectral,99,99,99,710,1222,100,0,8.185305118560791,0.08267984968243224,0.2,Classifier Error ($p$)
66,Disparity,-4.111404008538809,polblogs,spectral,99,99,99,710,1222,100,0,8.185305118560791,0.08267984968243224,0.2,Classifier Error ($p$)
66,Polarization,-8.078869177875395,polblogs,spectral,99,99,99,710,1222,100,0,8.185305118560791,0.08267984968243224,0.2,Classifier Error ($p$)
66,$\|L_{t} - L_{0}\|_F$ / $\|L_{0}\|_F$,1.7247165371135404,polblogs,spectral,99,99,99,710,1222,100,0,8.185305118560791,0.08267984968243224,0.2,Classifier Error ($p$)
67,Surrogate,-2.480157875998202,polblogs,spectral,99,99,99,710,1222,100,0,8.185305118560791,0.08267984968243224,0.2,Classifier Error ($p$)
67,Disparity,-4.22412735829635,polblogs,spectral,99,99,99,710,1222,100,0,8.185305118560791,0.08267984968243224,0.2,Classifier Error ($p$)
67,Polarization,-8.288262181790786,polblogs,spectral,99,99,99,710,1222,100,0,8.185305118560791,0.08267984968243224,0.2,Classifier Error ($p$)
67,$\|L_{t} - L_{0}\|_F$ / $\|L_{0}\|_F$,1.7352267900116847,polblogs,spectral,99,99,99,710,1222,100,0,8.185305118560791,0.08267984968243224,0.2,Classifier Error ($p$)
68,Surrogate,-2.5077619273010217,polblogs,spectral,99,99,99,710,1222,100,0,8.185305118560791,0.08267984968243224,0.2,Classifier Error ($p$)
68,Disparity,-4.269641686243399,polblogs,spectral,99,99,99,710,1222,100,0,8.185305118560791,0.08267984968243224,0.2,Classifier Error ($p$)
68,Polarization,-8.372162790343802,polblogs,spectral,99,99,99,710,1222,100,0,8.185305118560791,0.08267984968243224,0.2,Classifier Error ($p$)
68,$\|L_{t} - L_{0}\|_F$ / $\|L_{0}\|_F$,1.7477556659990698,polblogs,spectral,99,99,99,710,1222,100,0,8.185305118560791,0.08267984968243224,0.2,Classifier Error ($p$)
69,Surrogate,-2.524322446286721,polblogs,spectral,99,99,99,710,1222,100,0,8.185305118560791,0.08267984968243224,0.2,Classifier Error ($p$)
69,Disparity,-4.296202159055597,polblogs,spectral,99,99,99,710,1222,100,0,8.185305118560791,0.08267984968243224,0.2,Classifier Error ($p$)
69,Polarization,-8.437849786203525,polblogs,spectral,99,99,99,710,1222,100,0,8.185305118560791,0.08267984968243224,0.2,Classifier Error ($p$)
69,$\|L_{t} - L_{0}\|_F$ / $\|L_{0}\|_F$,1.7766461466199681,polblogs,spectral,99,99,99,710,1222,100,0,8.185305118560791,0.08267984968243224,0.2,Classifier Error ($p$)
70,Surrogate,-2.5417673358319925,polblogs,spectral,99,99,99,710,1222,100,0,8.185305118560791,0.08267984968243224,0.2,Classifier Error ($p$)
70,Disparity,-4.316292471906719,polblogs,spectral,99,99,99,710,1222,100,0,8.185305118560791,0.08267984968243224,0.2,Classifier Error ($p$)
70,Polarization,-8.49517499527092,polblogs,spectral,99,99,99,710,1222,100,0,8.185305118560791,0.08267984968243224,0.2,Classifier Error ($p$)
70,$\|L_{t} - L_{0}\|_F$ / $\|L_{0}\|_F$,1.788884955931258,polblogs,spectral,99,99,99,710,1222,100,0,8.185305118560791,0.08267984968243224,0.2,Classifier Error ($p$)
71,Surrogate,-2.5705183245461485,polblogs,spectral,99,99,99,710,1222,100,0,8.185305118560791,0.08267984968243224,0.2,Classifier Error ($p$)
71,Disparity,-4.355516255769058,polblogs,spectral,99,99,99,710,1222,100,0,8.185305118560791,0.08267984968243224,0.2,Classifier Error ($p$)
71,Polarization,-8.583398338360128,polblogs,spectral,99,99,99,710,1222,100,0,8.185305118560791,0.08267984968243224,0.2,Classifier Error ($p$)
71,$\|L_{t} - L_{0}\|_F$ / $\|L_{0}\|_F$,1.7969978544957264,polblogs,spectral,99,99,99,710,1222,100,0,8.185305118560791,0.08267984968243224,0.2,Classifier Error ($p$)
72,Surrogate,-2.58932252849739,polblogs,spectral,99,99,99,710,1222,100,0,8.185305118560791,0.08267984968243224,0.2,Classifier Error ($p$)
72,Disparity,-4.389316651709073,polblogs,spectral,99,99,99,710,1222,100,0,8.185305118560791,0.08267984968243224,0.2,Classifier Error ($p$)
72,Polarization,-8.679370763886658,polblogs,spectral,99,99,99,710,1222,100,0,8.185305118560791,0.08267984968243224,0.2,Classifier Error ($p$)
72,$\|L_{t} - L_{0}\|_F$ / $\|L_{0}\|_F$,1.8030585727288626,polblogs,spectral,99,99,99,710,1222,100,0,8.185305118560791,0.08267984968243224,0.2,Classifier Error ($p$)
73,Surrogate,-2.607777362682071,polblogs,spectral,99,99,99,710,1222,100,0,8.185305118560791,0.08267984968243224,0.2,Classifier Error ($p$)
73,Disparity,-4.410296030745619,polblogs,spectral,99,99,99,710,1222,100,0,8.185305118560791,0.08267984968243224,0.2,Classifier Error ($p$)
73,Polarization,-8.727893832948022,polblogs,spectral,99,99,99,710,1222,100,0,8.185305118560791,0.08267984968243224,0.2,Classifier Error ($p$)
73,$\|L_{t} - L_{0}\|_F$ / $\|L_{0}\|_F$,1.8151192996463457,polblogs,spectral,99,99,99,710,1222,100,0,8.185305118560791,0.08267984968243224,0.2,Classifier Error ($p$)
74,Surrogate,-2.624328220126034,polblogs,spectral,99,99,99,710,1222,100,0,8.185305118560791,0.08267984968243224,0.2,Classifier Error ($p$)
74,Disparity,-4.454281716754379,polblogs,spectral,99,99,99,710,1222,100,0,8.185305118560791,0.08267984968243224,0.2,Classifier Error ($p$)
74,Polarization,-8.812707261612815,polblogs,spectral,99,99,99,710,1222,100,0,8.185305118560791,0.08267984968243224,0.2,Classifier Error ($p$)
74,$\|L_{t} - L_{0}\|_F$ / $\|L_{0}\|_F$,1.825109024505104,polblogs,spectral,99,99,99,710,1222,100,0,8.185305118560791,0.08267984968243224,0.2,Classifier Error ($p$)
75,Surrogate,-2.6371809544109803,polblogs,spectral,99,99,99,710,1222,100,0,8.185305118560791,0.08267984968243224,0.2,Classifier Error ($p$)
75,Disparity,-4.490576872045552,polblogs,spectral,99,99,99,710,1222,100,0,8.185305118560791,0.08267984968243224,0.2,Classifier Error ($p$)
75,Polarization,-8.872025531780631,polblogs,spectral,99,99,99,710,1222,100,0,8.185305118560791,0.08267984968243224,0.2,Classifier Error ($p$)
75,$\|L_{t} - L_{0}\|_F$ / $\|L_{0}\|_F$,1.8409798364838497,polblogs,spectral,99,99,99,710,1222,100,0,8.185305118560791,0.08267984968243224,0.2,Classifier Error ($p$)
76,Surrogate,-2.655894605696524,polblogs,spectral,99,99,99,710,1222,100,0,8.185305118560791,0.08267984968243224,0.2,Classifier Error ($p$)
76,Disparity,-4.513091964652382,polblogs,spectral,99,99,99,710,1222,100,0,8.185305118560791,0.08267984968243224,0.2,Classifier Error ($p$)
76,Polarization,-8.914064238794268,polblogs,spectral,99,99,99,710,1222,100,0,8.185305118560791,0.08267984968243224,0.2,Classifier Error ($p$)
76,$\|L_{t} - L_{0}\|_F$ / $\|L_{0}\|_F$,1.862581405732118,polblogs,spectral,99,99,99,710,1222,100,0,8.185305118560791,0.08267984968243224,0.2,Classifier Error ($p$)
77,Surrogate,-2.676491784803871,polblogs,spectral,99,99,99,710,1222,100,0,8.185305118560791,0.08267984968243224,0.2,Classifier Error ($p$)
77,Disparity,-4.560835605996448,polblogs,spectral,99,99,99,710,1222,100,0,8.185305118560791,0.08267984968243224,0.2,Classifier Error ($p$)
77,Polarization,-9.026085812095499,polblogs,spectral,99,99,99,710,1222,100,0,8.185305118560791,0.08267984968243224,0.2,Classifier Error ($p$)
77,$\|L_{t} - L_{0}\|_F$ / $\|L_{0}\|_F$,1.8916405924813064,polblogs,spectral,99,99,99,710,1222,100,0,8.185305118560791,0.08267984968243224,0.2,Classifier Error ($p$)
78,Surrogate,-2.7378891355066526,polblogs,spectral,99,99,99,710,1222,100,0,8.185305118560791,0.08267984968243224,0.2,Classifier Error ($p$)
78,Disparity,-4.71607517950727,polblogs,spectral,99,99,99,710,1222,100,0,8.185305118560791,0.08267984968243224,0.2,Classifier Error ($p$)
78,Polarization,-9.284835534161486,polblogs,spectral,99,99,99,710,1222,100,0,8.185305118560791,0.08267984968243224,0.2,Classifier Error ($p$)
78,$\|L_{t} - L_{0}\|_F$ / $\|L_{0}\|_F$,1.906957770411594,polblogs,spectral,99,99,99,710,1222,100,0,8.185305118560791,0.08267984968243224,0.2,Classifier Error ($p$)
79,Surrogate,-2.7411425593848717,polblogs,spectral,99,99,99,710,1222,100,0,8.185305118560791,0.08267984968243224,0.2,Classifier Error ($p$)
79,Disparity,-4.725781789066132,polblogs,spectral,99,99,99,710,1222,100,0,8.185305118560791,0.08267984968243224,0.2,Classifier Error ($p$)
79,Polarization,-9.308582540426762,polblogs,spectral,99,99,99,710,1222,100,0,8.185305118560791,0.08267984968243224,0.2,Classifier Error ($p$)
79,$\|L_{t} - L_{0}\|_F$ / $\|L_{0}\|_F$,1.9297055860022672,polblogs,spectral,99,99,99,710,1222,100,0,8.185305118560791,0.08267984968243224,0.2,Classifier Error ($p$)
80,Surrogate,-2.7777132127909048,polblogs,spectral,99,99,99,710,1222,100,0,8.185305118560791,0.08267984968243224,0.2,Classifier Error ($p$)
80,Disparity,-4.805956530301746,polblogs,spectral,99,99,99,710,1222,100,0,8.185305118560791,0.08267984968243224,0.2,Classifier Error ($p$)
80,Polarization,-9.429388158591282,polblogs,spectral,99,99,99,710,1222,100,0,8.185305118560791,0.08267984968243224,0.2,Classifier Error ($p$)
80,$\|L_{t} - L_{0}\|_F$ / $\|L_{0}\|_F$,1.954050238617169,polblogs,spectral,99,99,99,710,1222,100,0,8.185305118560791,0.08267984968243224,0.2,Classifier Error ($p$)
81,Surrogate,-2.86288619273694,polblogs,spectral,99,99,99,710,1222,100,0,8.185305118560791,0.08267984968243224,0.2,Classifier Error ($p$)
81,Disparity,-4.923757764834249,polblogs,spectral,99,99,99,710,1222,100,0,8.185305118560791,0.08267984968243224,0.2,Classifier Error ($p$)
81,Polarization,-9.676974547945868,polblogs,spectral,99,99,99,710,1222,100,0,8.185305118560791,0.08267984968243224,0.2,Classifier Error ($p$)
81,$\|L_{t} - L_{0}\|_F$ / $\|L_{0}\|_F$,1.9744151209101761,polblogs,spectral,99,99,99,710,1222,100,0,8.185305118560791,0.08267984968243224,0.2,Classifier Error ($p$)
82,Surrogate,-2.871855391083623,polblogs,spectral,99,99,99,710,1222,100,0,8.185305118560791,0.08267984968243224,0.2,Classifier Error ($p$)
82,Disparity,-4.952170183755367,polblogs,spectral,99,99,99,710,1222,100,0,8.185305118560791,0.08267984968243224,0.2,Classifier Error ($p$)
82,Polarization,-9.721799356965422,polblogs,spectral,99,99,99,710,1222,100,0,8.185305118560791,0.08267984968243224,0.2,Classifier Error ($p$)
82,$\|L_{t} - L_{0}\|_F$ / $\|L_{0}\|_F$,1.9909223622645715,polblogs,spectral,99,99,99,710,1222,100,0,8.185305118560791,0.08267984968243224,0.2,Classifier Error ($p$)
83,Surrogate,-2.8938607367614817,polblogs,spectral,99,99,99,710,1222,100,0,8.185305118560791,0.08267984968243224,0.2,Classifier Error ($p$)
83,Disparity,-4.99978119744041,polblogs,spectral,99,99,99,710,1222,100,0,8.185305118560791,0.08267984968243224,0.2,Classifier Error ($p$)
83,Polarization,-9.825451225320677,polblogs,spectral,99,99,99,710,1222,100,0,8.185305118560791,0.08267984968243224,0.2,Classifier Error ($p$)
83,$\|L_{t} - L_{0}\|_F$ / $\|L_{0}\|_F$,2.0253292063795953,polblogs,spectral,99,99,99,710,1222,100,0,8.185305118560791,0.08267984968243224,0.2,Classifier Error ($p$)
84,Surrogate,-2.9173714864417737,polblogs,spectral,99,99,99,710,1222,100,0,8.185305118560791,0.08267984968243224,0.2,Classifier Error ($p$)
84,Disparity,-5.031570895031985,polblogs,spectral,99,99,99,710,1222,100,0,8.185305118560791,0.08267984968243224,0.2,Classifier Error ($p$)
84,Polarization,-9.884316949709234,polblogs,spectral,99,99,99,710,1222,100,0,8.185305118560791,0.08267984968243224,0.2,Classifier Error ($p$)
84,$\|L_{t} - L_{0}\|_F$ / $\|L_{0}\|_F$,2.0324985357237693,polblogs,spectral,99,99,99,710,1222,100,0,8.185305118560791,0.08267984968243224,0.2,Classifier Error ($p$)
85,Surrogate,-3.1536996779024893,polblogs,spectral,99,99,99,710,1222,100,0,8.185305118560791,0.08267984968243224,0.2,Classifier Error ($p$)
85,Disparity,-5.469673213385704,polblogs,spectral,99,99,99,710,1222,100,0,8.185305118560791,0.08267984968243224,0.2,Classifier Error ($p$)
85,Polarization,-10.577625640198812,polblogs,spectral,99,99,99,710,1222,100,0,8.185305118560791,0.08267984968243224,0.2,Classifier Error ($p$)
85,$\|L_{t} - L_{0}\|_F$ / $\|L_{0}\|_F$,2.0396426650823747,polblogs,spectral,99,99,99,710,1222,100,0,8.185305118560791,0.08267984968243224,0.2,Classifier Error ($p$)
86,Surrogate,-3.1702693767673824,polblogs,spectral,99,99,99,710,1222,100,0,8.185305118560791,0.08267984968243224,0.2,Classifier Error ($p$)
86,Disparity,-5.497232812235553,polblogs,spectral,99,99,99,710,1222,100,0,8.185305118560791,0.08267984968243224,0.2,Classifier Error ($p$)
86,Polarization,-10.624810426468665,polblogs,spectral,99,99,99,710,1222,100,0,8.185305118560791,0.08267984968243224,0.2,Classifier Error ($p$)
86,$\|L_{t} - L_{0}\|_F$ / $\|L_{0}\|_F$,2.053856374782439,polblogs,spectral,99,99,99,710,1222,100,0,8.185305118560791,0.08267984968243224,0.2,Classifier Error ($p$)
87,Surrogate,-3.1864726493668756,polblogs,spectral,99,99,99,710,1222,100,0,8.185305118560791,0.08267984968243224,0.2,Classifier Error ($p$)
87,Disparity,-5.526866164556347,polblogs,spectral,99,99,99,710,1222,100,0,8.185305118560791,0.08267984968243224,0.2,Classifier Error ($p$)
87,Polarization,-10.671303002322906,polblogs,spectral,99,99,99,710,1222,100,0,8.185305118560791,0.08267984968243224,0.2,Classifier Error ($p$)
87,$\|L_{t} - L_{0}\|_F$ / $\|L_{0}\|_F$,2.0679723922829805,polblogs,spectral,99,99,99,710,1222,100,0,8.185305118560791,0.08267984968243224,0.2,Classifier Error ($p$)
88,Surrogate,-3.1979295951136266,polblogs,spectral,99,99,99,710,1222,100,0,8.185305118560791,0.08267984968243224,0.2,Classifier Error ($p$)
88,Disparity,-5.542542320287503,polblogs,spectral,99,99,99,710,1222,100,0,8.185305118560791,0.08267984968243224,0.2,Classifier Error ($p$)
88,Polarization,-10.713567227202697,polblogs,spectral,99,99,99,710,1222,100,0,8.185305118560791,0.08267984968243224,0.2,Classifier Error ($p$)
88,$\|L_{t} - L_{0}\|_F$ / $\|L_{0}\|_F$,2.090707655708003,polblogs,spectral,99,99,99,710,1222,100,0,8.185305118560791,0.08267984968243224,0.2,Classifier Error ($p$)
89,Surrogate,-3.3591706034515294,polblogs,spectral,99,99,99,710,1222,100,0,8.185305118560791,0.08267984968243224,0.2,Classifier Error ($p$)
89,Disparity,-5.84667498957911,polblogs,spectral,99,99,99,710,1222,100,0,8.185305118560791,0.08267984968243224,0.2,Classifier Error ($p$)
89,Polarization,-11.136415895874432,polblogs,spectral,99,99,99,710,1222,100,0,8.185305118560791,0.08267984968243224,0.2,Classifier Error ($p$)
89,$\|L_{t} - L_{0}\|_F$ / $\|L_{0}\|_F$,2.102847910042455,polblogs,spectral,99,99,99,710,1222,100,0,8.185305118560791,0.08267984968243224,0.2,Classifier Error ($p$)
90,Surrogate,-3.35991050408981,polblogs,spectral,99,99,99,710,1222,100,0,8.185305118560791,0.08267984968243224,0.2,Classifier Error ($p$)
90,Disparity,-5.850736929437937,polblogs,spectral,99,99,99,710,1222,100,0,8.185305118560791,0.08267984968243224,0.2,Classifier Error ($p$)
90,Polarization,-11.140753560741091,polblogs,spectral,99,99,99,710,1222,100,0,8.185305118560791,0.08267984968243224,0.2,Classifier Error ($p$)
90,$\|L_{t} - L_{0}\|_F$ / $\|L_{0}\|_F$,2.121785113391281,polblogs,spectral,99,99,99,710,1222,100,0,8.185305118560791,0.08267984968243224,0.2,Classifier Error ($p$)
91,Surrogate,-3.3694939064569995,polblogs,spectral,99,99,99,710,1222,100,0,8.185305118560791,0.08267984968243224,0.2,Classifier Error ($p$)
91,Disparity,-5.865713276891339,polblogs,spectral,99,99,99,710,1222,100,0,8.185305118560791,0.08267984968243224,0.2,Classifier Error ($p$)
91,Polarization,-11.164112415895264,polblogs,spectral,99,99,99,710,1222,100,0,8.185305118560791,0.08267984968243224,0.2,Classifier Error ($p$)
91,$\|L_{t} - L_{0}\|_F$ / $\|L_{0}\|_F$,2.1337485556041305,polblogs,spectral,99,99,99,710,1222,100,0,8.185305118560791,0.08267984968243224,0.2,Classifier Error ($p$)
92,Surrogate,-3.4134168023370797,polblogs,spectral,99,99,99,710,1222,100,0,8.185305118560791,0.08267984968243224,0.2,Classifier Error ($p$)
92,Disparity,-5.935621618583867,polblogs,spectral,99,99,99,710,1222,100,0,8.185305118560791,0.08267984968243224,0.2,Classifier Error ($p$)
92,Polarization,-11.273988688912732,polblogs,spectral,99,99,99,710,1222,100,0,8.185305118560791,0.08267984968243224,0.2,Classifier Error ($p$)
92,$\|L_{t} - L_{0}\|_F$ / $\|L_{0}\|_F$,2.1456452944689106,polblogs,spectral,99,99,99,710,1222,100,0,8.185305118560791,0.08267984968243224,0.2,Classifier Error ($p$)
93,Surrogate,-3.487434986874824,polblogs,spectral,99,99,99,710,1222,100,0,8.185305118560791,0.08267984968243224,0.2,Classifier Error ($p$)
93,Disparity,-6.014336143986214,polblogs,spectral,99,99,99,710,1222,100,0,8.185305118560791,0.08267984968243224,0.2,Classifier Error ($p$)
93,Polarization,-11.389940885679298,polblogs,spectral,99,99,99,710,1222,100,0,8.185305118560791,0.08267984968243224,0.2,Classifier Error ($p$)
93,$\|L_{t} - L_{0}\|_F$ / $\|L_{0}\|_F$,2.1524139084250606,polblogs,spectral,99,99,99,710,1222,100,0,8.185305118560791,0.08267984968243224,0.2,Classifier Error ($p$)
94,Surrogate,-3.495390736304248,polblogs,spectral,99,99,99,710,1222,100,0,8.185305118560791,0.08267984968243224,0.2,Classifier Error ($p$)
94,Disparity,-6.042862506391276,polblogs,spectral,99,99,99,710,1222,100,0,8.185305118560791,0.08267984968243224,0.2,Classifier Error ($p$)
94,Polarization,-11.444045772948746,polblogs,spectral,99,99,99,710,1222,100,0,8.185305118560791,0.08267984968243224,0.2,Classifier Error ($p$)
94,$\|L_{t} - L_{0}\|_F$ / $\|L_{0}\|_F$,2.159161303999011,polblogs,spectral,99,99,99,710,1222,100,0,8.185305118560791,0.08267984968243224,0.2,Classifier Error ($p$)
95,Surrogate,-3.5727862751581316,polblogs,spectral,99,99,99,710,1222,100,0,8.185305118560791,0.08267984968243224,0.2,Classifier Error ($p$)
95,Disparity,-6.149820749767061,polblogs,spectral,99,99,99,710,1222,100,0,8.185305118560791,0.08267984968243224,0.2,Classifier Error ($p$)
95,Polarization,-11.61221051436858,polblogs,spectral,99,99,99,710,1222,100,0,8.185305118560791,0.08267984968243224,0.2,Classifier Error ($p$)
95,$\|L_{t} - L_{0}\|_F$ / $\|L_{0}\|_F$,2.1709187842525504,polblogs,spectral,99,99,99,710,1222,100,0,8.185305118560791,0.08267984968243224,0.2,Classifier Error ($p$)
96,Surrogate,-3.5825886744820403,polblogs,spectral,99,99,99,710,1222,100,0,8.185305118560791,0.08267984968243224,0.2,Classifier Error ($p$)
96,Disparity,-6.170598916953589,polblogs,spectral,99,99,99,710,1222,100,0,8.185305118560791,0.08267984968243224,0.2,Classifier Error ($p$)
96,Polarization,-11.64660826742836,polblogs,spectral,99,99,99,710,1222,100,0,8.185305118560791,0.08267984968243224,0.2,Classifier Error ($p$)
96,$\|L_{t} - L_{0}\|_F$ / $\|L_{0}\|_F$,2.185942622921967,polblogs,spectral,99,99,99,710,1222,100,0,8.185305118560791,0.08267984968243224,0.2,Classifier Error ($p$)
97,Surrogate,-3.58912649674041,polblogs,spectral,99,99,99,710,1222,100,0,8.185305118560791,0.08267984968243224,0.2,Classifier Error ($p$)
97,Disparity,-6.177523689859064,polblogs,spectral,99,99,99,710,1222,100,0,8.185305118560791,0.08267984968243224,0.2,Classifier Error ($p$)
97,Polarization,-11.661679899683584,polblogs,spectral,99,99,99,710,1222,100,0,8.185305118560791,0.08267984968243224,0.2,Classifier Error ($p$)
97,$\|L_{t} - L_{0}\|_F$ / $\|L_{0}\|_F$,2.204166029441952,polblogs,spectral,99,99,99,710,1222,100,0,8.185305118560791,0.08267984968243224,0.2,Classifier Error ($p$)
98,Surrogate,-3.6110936407529106,polblogs,spectral,99,99,99,710,1222,100,0,8.185305118560791,0.08267984968243224,0.2,Classifier Error ($p$)
98,Disparity,-6.233643727848973,polblogs,spectral,99,99,99,710,1222,100,0,8.185305118560791,0.08267984968243224,0.2,Classifier Error ($p$)
98,Polarization,-11.764148544153604,polblogs,spectral,99,99,99,710,1222,100,0,8.185305118560791,0.08267984968243224,0.2,Classifier Error ($p$)
98,$\|L_{t} - L_{0}\|_F$ / $\|L_{0}\|_F$,2.212399775069422,polblogs,spectral,99,99,99,710,1222,100,0,8.185305118560791,0.08267984968243224,0.2,Classifier Error ($p$)
0,Surrogate,-0.005479647921808274,polblogs,spectral,99,99,99,710,1222,100,0,0.803969144821167,0.00812090045273906,0.3,Classifier Error ($p$)
0,Disparity,-0.007251634683839262,polblogs,spectral,99,99,99,710,1222,100,0,0.803969144821167,0.00812090045273906,0.3,Classifier Error ($p$)
0,Polarization,-0.062242041082059024,polblogs,spectral,99,99,99,710,1222,100,0,0.803969144821167,0.00812090045273906,0.3,Classifier Error ($p$)
0,$\|L_{t} - L_{0}\|_F$ / $\|L_{0}\|_F$,0.17056348819447048,polblogs,spectral,99,99,99,710,1222,100,0,0.803969144821167,0.00812090045273906,0.3,Classifier Error ($p$)
1,Surrogate,-0.09894218012326882,polblogs,spectral,99,99,99,710,1222,100,0,0.803969144821167,0.00812090045273906,0.3,Classifier Error ($p$)
1,Disparity,-0.1486065336115823,polblogs,spectral,99,99,99,710,1222,100,0,0.803969144821167,0.00812090045273906,0.3,Classifier Error ($p$)
1,Polarization,-0.4405501668049489,polblogs,spectral,99,99,99,710,1222,100,0,0.803969144821167,0.00812090045273906,0.3,Classifier Error ($p$)
1,$\|L_{t} - L_{0}\|_F$ / $\|L_{0}\|_F$,0.2412131982502834,polblogs,spectral,99,99,99,710,1222,100,0,0.803969144821167,0.00812090045273906,0.3,Classifier Error ($p$)
2,Surrogate,-0.10332174418764242,polblogs,spectral,99,99,99,710,1222,100,0,0.803969144821167,0.00812090045273906,0.3,Classifier Error ($p$)
2,Disparity,-0.1546356084998969,polblogs,spectral,99,99,99,710,1222,100,0,0.803969144821167,0.00812090045273906,0.3,Classifier Error ($p$)
2,Polarization,-0.46668782457561797,polblogs,spectral,99,99,99,710,1222,100,0,0.803969144821167,0.00812090045273906,0.3,Classifier Error ($p$)
2,$\|L_{t} - L_{0}\|_F$ / $\|L_{0}\|_F$,0.29542462746899717,polblogs,spectral,99,99,99,710,1222,100,0,0.803969144821167,0.00812090045273906,0.3,Classifier Error ($p$)
3,Surrogate,-0.10832036262015045,polblogs,spectral,99,99,99,710,1222,100,0,0.803969144821167,0.00812090045273906,0.3,Classifier Error ($p$)
3,Disparity,-0.16368099388783935,polblogs,spectral,99,99,99,710,1222,100,0,0.803969144821167,0.00812090045273906,0.3,Classifier Error ($p$)
3,Polarization,-0.5159264191096815,polblogs,spectral,99,99,99,710,1222,100,0,0.803969144821167,0.00812090045273906,0.3,Classifier Error ($p$)
3,$\|L_{t} - L_{0}\|_F$ / $\|L_{0}\|_F$,0.34112697638894096,polblogs,spectral,99,99,99,710,1222,100,0,0.803969144821167,0.00812090045273906,0.3,Classifier Error ($p$)
4,Surrogate,-0.18819231450725463,polblogs,spectral,99,99,99,710,1222,100,0,0.803969144821167,0.00812090045273906,0.3,Classifier Error ($p$)
4,Disparity,-0.2868813126720109,polblogs,spectral,99,99,99,710,1222,100,0,0.803969144821167,0.00812090045273906,0.3,Classifier Error ($p$)
4,Polarization,-0.8487850729762411,polblogs,spectral,99,99,99,710,1222,100,0,0.803969144821167,0.00812090045273906,0.3,Classifier Error ($p$)
4,$\|L_{t} - L_{0}\|_F$ / $\|L_{0}\|_F$,0.3813915540823188,polblogs,spectral,99,99,99,710,1222,100,0,0.803969144821167,0.00812090045273906,0.3,Classifier Error ($p$)
5,Surrogate,-0.20308745586174698,polblogs,spectral,99,99,99,710,1222,100,0,0.803969144821167,0.00812090045273906,0.3,Classifier Error ($p$)
5,Disparity,-0.3197486423617049,polblogs,spectral,99,99,99,710,1222,100,0,0.803969144821167,0.00812090045273906,0.3,Classifier Error ($p$)
5,Polarization,-0.9906438979442698,polblogs,spectral,99,99,99,710,1222,100,0,0.803969144821167,0.00812090045273906,0.3,Classifier Error ($p$)
5,$\|L_{t} - L_{0}\|_F$ / $\|L_{0}\|_F$,0.41779351482567506,polblogs,spectral,99,99,99,710,1222,100,0,0.803969144821167,0.00812090045273906,0.3,Classifier Error ($p$)
6,Surrogate,-0.2041692820938582,polblogs,spectral,99,99,99,710,1222,100,0,0.803969144821167,0.00812090045273906,0.3,Classifier Error ($p$)
6,Disparity,-0.32518394970703995,polblogs,spectral,99,99,99,710,1222,100,0,0.803969144821167,0.00812090045273906,0.3,Classifier Error ($p$)
6,Polarization,-1.0271967536403515,polblogs,spectral,99,99,99,710,1222,100,0,0.803969144821167,0.00812090045273906,0.3,Classifier Error ($p$)
6,$\|L_{t} - L_{0}\|_F$ / $\|L_{0}\|_F$,0.45126857251026997,polblogs,spectral,99,99,99,710,1222,100,0,0.803969144821167,0.00812090045273906,0.3,Classifier Error ($p$)
7,Surrogate,-0.23853155452132924,polblogs,spectral,99,99,99,710,1222,100,0,0.803969144821167,0.00812090045273906,0.3,Classifier Error ($p$)
7,Disparity,-0.3796023539253573,polblogs,spectral,99,99,99,710,1222,100,0,0.803969144821167,0.00812090045273906,0.3,Classifier Error ($p$)
7,Polarization,-1.202158046543147,polblogs,spectral,99,99,99,710,1222,100,0,0.803969144821167,0.00812090045273906,0.3,Classifier Error ($p$)
7,$\|L_{t} - L_{0}\|_F$ / $\|L_{0}\|_F$,0.46710734985438784,polblogs,spectral,99,99,99,710,1222,100,0,0.803969144821167,0.00812090045273906,0.3,Classifier Error ($p$)
8,Surrogate,-0.2515419085045166,polblogs,spectral,99,99,99,710,1222,100,0,0.803969144821167,0.00812090045273906,0.3,Classifier Error ($p$)
8,Disparity,-0.40033800657964513,polblogs,spectral,99,99,99,710,1222,100,0,0.803969144821167,0.00812090045273906,0.3,Classifier Error ($p$)
8,Polarization,-1.3066955332277765,polblogs,spectral,99,99,99,710,1222,100,0,0.803969144821167,0.00812090045273906,0.3,Classifier Error ($p$)
8,$\|L_{t} - L_{0}\|_F$ / $\|L_{0}\|_F$,0.49727374733948576,polblogs,spectral,99,99,99,710,1222,100,0,0.803969144821167,0.00812090045273906,0.3,Classifier Error ($p$)
9,Surrogate,-0.25487794107312783,polblogs,spectral,99,99,99,710,1222,100,0,0.803969144821167,0.00812090045273906,0.3,Classifier Error ($p$)
9,Disparity,-0.412772015533855,polblogs,spectral,99,99,99,710,1222,100,0,0.803969144821167,0.00812090045273906,0.3,Classifier Error ($p$)
9,Polarization,-1.3422234881331414,polblogs,spectral,99,99,99,710,1222,100,0,0.803969144821167,0.00812090045273906,0.3,Classifier Error ($p$)
9,$\|L_{t} - L_{0}\|_F$ / $\|L_{0}\|_F$,0.5257119775106137,polblogs,spectral,99,99,99,710,1222,100,0,0.803969144821167,0.00812090045273906,0.3,Classifier Error ($p$)
10,Surrogate,-0.26625000043692343,polblogs,spectral,99,99,99,710,1222,100,0,0.803969144821167,0.00812090045273906,0.3,Classifier Error ($p$)
10,Disparity,-0.4366535793433682,polblogs,spectral,99,99,99,710,1222,100,0,0.803969144821167,0.00812090045273906,0.3,Classifier Error ($p$)
10,Polarization,-1.4245939749215584,polblogs,spectral,99,99,99,710,1222,100,0,0.803969144821167,0.00812090045273906,0.3,Classifier Error ($p$)
10,$\|L_{t} - L_{0}\|_F$ / $\|L_{0}\|_F$,0.5526888698021567,polblogs,spectral,99,99,99,710,1222,100,0,0.803969144821167,0.00812090045273906,0.3,Classifier Error ($p$)
0,Surrogate,-0.02343424024481262,polblogs,spectral,99,99,99,710,1222,100,0,5.977597951889038,0.06037977729180847,0.4,Classifier Error ($p$)
0,Disparity,-0.03607200007071763,polblogs,spectral,99,99,99,710,1222,100,0,5.977597951889038,0.06037977729180847,0.4,Classifier Error ($p$)
0,Polarization,-0.36898880263895784,polblogs,spectral,99,99,99,710,1222,100,0,5.977597951889038,0.06037977729180847,0.4,Classifier Error ($p$)
0,$\|L_{t} - L_{0}\|_F$ / $\|L_{0}\|_F$,0.17056348819447048,polblogs,spectral,99,99,99,710,1222,100,0,5.977597951889038,0.06037977729180847,0.4,Classifier Error ($p$)
1,Surrogate,-0.031032914376123613,polblogs,spectral,99,99,99,710,1222,100,0,5.977597951889038,0.06037977729180847,0.4,Classifier Error ($p$)
1,Disparity,-0.04806793499935088,polblogs,spectral,99,99,99,710,1222,100,0,5.977597951889038,0.06037977729180847,0.4,Classifier Error ($p$)
1,Polarization,-0.5567393499573889,polblogs,spectral,99,99,99,710,1222,100,0,5.977597951889038,0.06037977729180847,0.4,Classifier Error ($p$)
1,$\|L_{t} - L_{0}\|_F$ / $\|L_{0}\|_F$,0.2412131982502834,polblogs,spectral,99,99,99,710,1222,100,0,5.977597951889038,0.06037977729180847,0.4,Classifier Error ($p$)
2,Surrogate,-0.17579596886983925,polblogs,spectral,99,99,99,710,1222,100,0,5.977597951889038,0.06037977729180847,0.4,Classifier Error ($p$)
2,Disparity,-0.3495125307438172,polblogs,spectral,99,99,99,710,1222,100,0,5.977597951889038,0.06037977729180847,0.4,Classifier Error ($p$)
2,Polarization,-0.7184700238010362,polblogs,spectral,99,99,99,710,1222,100,0,5.977597951889038,0.06037977729180847,0.4,Classifier Error ($p$)
2,$\|L_{t} - L_{0}\|_F$ / $\|L_{0}\|_F$,0.29542462746899717,polblogs,spectral,99,99,99,710,1222,100,0,5.977597951889038,0.06037977729180847,0.4,Classifier Error ($p$)
3,Surrogate,-0.24265562081373573,polblogs,spectral,99,99,99,710,1222,100,0,5.977597951889038,0.06037977729180847,0.4,Classifier Error ($p$)
3,Disparity,-0.4494981425258052,polblogs,spectral,99,99,99,710,1222,100,0,5.977597951889038,0.06037977729180847,0.4,Classifier Error ($p$)
3,Polarization,-1.0721744050199167,polblogs,spectral,99,99,99,710,1222,100,0,5.977597951889038,0.06037977729180847,0.4,Classifier Error ($p$)
3,$\|L_{t} - L_{0}\|_F$ / $\|L_{0}\|_F$,0.34112697638894096,polblogs,spectral,99,99,99,710,1222,100,0,5.977597951889038,0.06037977729180847,0.4,Classifier Error ($p$)
4,Surrogate,-0.3605526455549014,polblogs,spectral,99,99,99,710,1222,100,0,5.977597951889038,0.06037977729180847,0.4,Classifier Error ($p$)
4,Disparity,-0.6942298012891672,polblogs,spectral,99,99,99,710,1222,100,0,5.977597951889038,0.06037977729180847,0.4,Classifier Error ($p$)
4,Polarization,-1.361327131311801,polblogs,spectral,99,99,99,710,1222,100,0,5.977597951889038,0.06037977729180847,0.4,Classifier Error ($p$)
4,$\|L_{t} - L_{0}\|_F$ / $\|L_{0}\|_F$,0.3813915540823188,polblogs,spectral,99,99,99,710,1222,100,0,5.977597951889038,0.06037977729180847,0.4,Classifier Error ($p$)
5,Surrogate,-0.4932593497536067,polblogs,spectral,99,99,99,710,1222,100,0,5.977597951889038,0.06037977729180847,0.4,Classifier Error ($p$)
5,Disparity,-0.9806583572861336,polblogs,spectral,99,99,99,710,1222,100,0,5.977597951889038,0.06037977729180847,0.4,Classifier Error ($p$)
5,Polarization,-1.413889754099063,polblogs,spectral,99,99,99,710,1222,100,0,5.977597951889038,0.06037977729180847,0.4,Classifier Error ($p$)
5,$\|L_{t} - L_{0}\|_F$ / $\|L_{0}\|_F$,0.41779351482567506,polblogs,spectral,99,99,99,710,1222,100,0,5.977597951889038,0.06037977729180847,0.4,Classifier Error ($p$)
6,Surrogate,-0.6119201401926201,polblogs,spectral,99,99,99,710,1222,100,0,5.977597951889038,0.06037977729180847,0.4,Classifier Error ($p$)
6,Disparity,-1.2253456544288552,polblogs,spectral,99,99,99,710,1222,100,0,5.977597951889038,0.06037977729180847,0.4,Classifier Error ($p$)
6,Polarization,-1.411538257119067,polblogs,spectral,99,99,99,710,1222,100,0,5.977597951889038,0.06037977729180847,0.4,Classifier Error ($p$)
6,$\|L_{t} - L_{0}\|_F$ / $\|L_{0}\|_F$,0.45126857251026997,polblogs,spectral,99,99,99,710,1222,100,0,5.977597951889038,0.06037977729180847,0.4,Classifier Error ($p$)
7,Surrogate,-0.7243617499653234,polblogs,spectral,99,99,99,710,1222,100,0,5.977597951889038,0.06037977729180847,0.4,Classifier Error ($p$)
7,Disparity,-1.472018931258638,polblogs,spectral,99,99,99,710,1222,100,0,5.977597951889038,0.06037977729180847,0.4,Classifier Error ($p$)
7,Polarization,-1.193112664974664,polblogs,spectral,99,99,99,710,1222,100,0,5.977597951889038,0.06037977729180847,0.4,Classifier Error ($p$)
7,$\|L_{t} - L_{0}\|_F$ / $\|L_{0}\|_F$,0.4824263965005668,polblogs,spectral,99,99,99,710,1222,100,0,5.977597951889038,0.06037977729180847,0.4,Classifier Error ($p$)
8,Surrogate,-0.8527786136431638,polblogs,spectral,99,99,99,710,1222,100,0,5.977597951889038,0.06037977729180847,0.4,Classifier Error ($p$)
8,Disparity,-1.748480440708382,polblogs,spectral,99,99,99,710,1222,100,0,5.977597951889038,0.06037977729180847,0.4,Classifier Error ($p$)
8,Polarization,-1.2557994631988556,polblogs,spectral,99,99,99,710,1222,100,0,5.977597951889038,0.06037977729180847,0.4,Classifier Error ($p$)
8,$\|L_{t} - L_{0}\|_F$ / $\|L_{0}\|_F$,0.5116904645834113,polblogs,spectral,99,99,99,710,1222,100,0,5.977597951889038,0.06037977729180847,0.4,Classifier Error ($p$)
9,Surrogate,-0.9211244833236673,polblogs,spectral,99,99,99,710,1222,100,0,5.977597951889038,0.06037977729180847,0.4,Classifier Error ($p$)
9,Disparity,-1.8629541535071843,polblogs,spectral,99,99,99,710,1222,100,0,5.977597951889038,0.06037977729180847,0.4,Classifier Error ($p$)
9,Polarization,-1.531576385897179,polblogs,spectral,99,99,99,710,1222,100,0,5.977597951889038,0.06037977729180847,0.4,Classifier Error ($p$)
9,$\|L_{t} - L_{0}\|_F$ / $\|L_{0}\|_F$,0.5393691083577671,polblogs,spectral,99,99,99,710,1222,100,0,5.977597951889038,0.06037977729180847,0.4,Classifier Error ($p$)
10,Surrogate,-1.0118164242007717,polblogs,spectral,99,99,99,710,1222,100,0,5.977597951889038,0.06037977729180847,0.4,Classifier Error ($p$)
10,Disparity,-1.9985159566075792,polblogs,spectral,99,99,99,710,1222,100,0,5.977597951889038,0.06037977729180847,0.4,Classifier Error ($p$)
10,Polarization,-1.5852096622152745,polblogs,spectral,99,99,99,710,1222,100,0,5.977597951889038,0.06037977729180847,0.4,Classifier Error ($p$)
10,$\|L_{t} - L_{0}\|_F$ / $\|L_{0}\|_F$,0.559229794162875,polblogs,spectral,99,99,99,710,1222,100,0,5.977597951889038,0.06037977729180847,0.4,Classifier Error ($p$)
11,Surrogate,-1.0854229557831945,polblogs,spectral,99,99,99,710,1222,100,0,5.977597951889038,0.06037977729180847,0.4,Classifier Error ($p$)
11,Disparity,-2.1187009714663767,polblogs,spectral,99,99,99,710,1222,100,0,5.977597951889038,0.06037977729180847,0.4,Classifier Error ($p$)
11,Polarization,-1.880637008287674,polblogs,spectral,99,99,99,710,1222,100,0,5.977597951889038,0.06037977729180847,0.4,Classifier Error ($p$)
11,$\|L_{t} - L_{0}\|_F$ / $\|L_{0}\|_F$,0.5846621812504353,polblogs,spectral,99,99,99,710,1222,100,0,5.977597951889038,0.06037977729180847,0.4,Classifier Error ($p$)
12,Surrogate,-1.1954007148253858,polblogs,spectral,99,99,99,710,1222,100,0,5.977597951889038,0.06037977729180847,0.4,Classifier Error ($p$)
12,Disparity,-2.3469961942515205,polblogs,spectral,99,99,99,710,1222,100,0,5.977597951889038,0.06037977729180847,0.4,Classifier Error ($p$)
12,Polarization,-1.8759550911910488,polblogs,spectral,99,99,99,710,1222,100,0,5.977597951889038,0.06037977729180847,0.4,Classifier Error ($p$)
12,$\|L_{t} - L_{0}\|_F$ / $\|L_{0}\|_F$,0.609033471731712,polblogs,spectral,99,99,99,710,1222,100,0,5.977597951889038,0.06037977729180847,0.4,Classifier Error ($p$)
13,Surrogate,-1.2021589992138424,polblogs,spectral,99,99,99,710,1222,100,0,5.977597951889038,0.06037977729180847,0.4,Classifier Error ($p$)
13,Disparity,-2.359272176917956,polblogs,spectral,99,99,99,710,1222,100,0,5.977597951889038,0.06037977729180847,0.4,Classifier Error ($p$)
13,Polarization,-1.9905747650389465,polblogs,spectral,99,99,99,710,1222,100,0,5.977597951889038,0.06037977729180847,0.4,Classifier Error ($p$)
13,$\|L_{t} - L_{0}\|_F$ / $\|L_{0}\|_F$,0.6324663415507954,polblogs,spectral,99,99,99,710,1222,100,0,5.977597951889038,0.06037977729180847,0.4,Classifier Error ($p$)
14,Surrogate,-1.2791207845113544,polblogs,spectral,99,99,99,710,1222,100,0,5.977597951889038,0.06037977729180847,0.4,Classifier Error ($p$)
14,Disparity,-2.488962026536232,polblogs,spectral,99,99,99,710,1222,100,0,5.977597951889038,0.06037977729180847,0.4,Classifier Error ($p$)
14,Polarization,-2.079836631408975,polblogs,spectral,99,99,99,710,1222,100,0,5.977597951889038,0.06037977729180847,0.4,Classifier Error ($p$)
14,$\|L_{t} - L_{0}\|_F$ / $\|L_{0}\|_F$,0.6605895492482294,polblogs,spectral,99,99,99,710,1222,100,0,5.977597951889038,0.06037977729180847,0.4,Classifier Error ($p$)
15,Surrogate,-1.4129751886312558,polblogs,spectral,99,99,99,710,1222,100,0,5.977597951889038,0.06037977729180847,0.4,Classifier Error ($p$)
15,Disparity,-2.765895057040418,polblogs,spectral,99,99,99,710,1222,100,0,5.977597951889038,0.06037977729180847,0.4,Classifier Error ($p$)
15,Polarization,-2.0163003486270417,polblogs,spectral,99,99,99,710,1222,100,0,5.977597951889038,0.06037977729180847,0.4,Classifier Error ($p$)
15,$\|L_{t} - L_{0}\|_F$ / $\|L_{0}\|_F$,0.6875634021363488,polblogs,spectral,99,99,99,710,1222,100,0,5.977597951889038,0.06037977729180847,0.4,Classifier Error ($p$)
16,Surrogate,-1.4171882584092184,polblogs,spectral,99,99,99,710,1222,100,0,5.977597951889038,0.06037977729180847,0.4,Classifier Error ($p$)
16,Disparity,-2.7733947016314304,polblogs,spectral,99,99,99,710,1222,100,0,5.977597951889038,0.06037977729180847,0.4,Classifier Error ($p$)
16,Polarization,-2.068956473540927,polblogs,spectral,99,99,99,710,1222,100,0,5.977597951889038,0.06037977729180847,0.4,Classifier Error ($p$)
16,$\|L_{t} - L_{0}\|_F$ / $\|L_{0}\|_F$,0.6980611604364213,polblogs,spectral,99,99,99,710,1222,100,0,5.977597951889038,0.06037977729180847,0.4,Classifier Error ($p$)
17,Surrogate,-1.5249795371565875,polblogs,spectral,99,99,99,710,1222,100,0,5.977597951889038,0.06037977729180847,0.4,Classifier Error ($p$)
17,Disparity,-3.003503007042473,polblogs,spectral,99,99,99,710,1222,100,0,5.977597951889038,0.06037977729180847,0.4,Classifier Error ($p$)
17,Polarization,-2.0311130290005592,polblogs,spectral,99,99,99,710,1222,100,0,5.977597951889038,0.06037977729180847,0.4,Classifier Error ($p$)
17,$\|L_{t} - L_{0}\|_F$ / $\|L_{0}\|_F$,0.7135182627926506,polblogs,spectral,99,99,99,710,1222,100,0,5.977597951889038,0.06037977729180847,0.4,Classifier Error ($p$)
18,Surrogate,-1.6588188233979613,polblogs,spectral,99,99,99,710,1222,100,0,5.977597951889038,0.06037977729180847,0.4,Classifier Error ($p$)
18,Disparity,-3.2966090041202385,polblogs,spectral,99,99,99,710,1222,100,0,5.977597951889038,0.06037977729180847,0.4,Classifier Error ($p$)
18,Polarization,-2.2095421205862396,polblogs,spectral,99,99,99,710,1222,100,0,5.977597951889038,0.06037977729180847,0.4,Classifier Error ($p$)
18,$\|L_{t} - L_{0}\|_F$ / $\|L_{0}\|_F$,0.738561568672493,polblogs,spectral,99,99,99,710,1222,100,0,5.977597951889038,0.06037977729180847,0.4,Classifier Error ($p$)
19,Surrogate,-1.7137241608967277,polblogs,spectral,99,99,99,710,1222,100,0,5.977597951889038,0.06037977729180847,0.4,Classifier Error ($p$)
19,Disparity,-3.384832189782077,polblogs,spectral,99,99,99,710,1222,100,0,5.977597951889038,0.06037977729180847,0.4,Classifier Error ($p$)
19,Polarization,-2.257036918350204,polblogs,spectral,99,99,99,710,1222,100,0,5.977597951889038,0.06037977729180847,0.4,Classifier Error ($p$)
19,$\|L_{t} - L_{0}\|_F$ / $\|L_{0}\|_F$,0.7580007217839828,polblogs,spectral,99,99,99,710,1222,100,0,5.977597951889038,0.06037977729180847,0.4,Classifier Error ($p$)
20,Surrogate,-1.8295519449820188,polblogs,spectral,99,99,99,710,1222,100,0,5.977597951889038,0.06037977729180847,0.4,Classifier Error ($p$)
20,Disparity,-3.6430575839490396,polblogs,spectral,99,99,99,710,1222,100,0,5.977597951889038,0.06037977729180847,0.4,Classifier Error ($p$)
20,Polarization,-2.2671203325936062,polblogs,spectral,99,99,99,710,1222,100,0,5.977597951889038,0.06037977729180847,0.4,Classifier Error ($p$)
20,$\|L_{t} - L_{0}\|_F$ / $\|L_{0}\|_F$,0.7769536651114429,polblogs,spectral,99,99,99,710,1222,100,0,5.977597951889038,0.06037977729180847,0.4,Classifier Error ($p$)
21,Surrogate,-1.9001379892753751,polblogs,spectral,99,99,99,710,1222,100,0,5.977597951889038,0.06037977729180847,0.4,Classifier Error ($p$)
21,Disparity,-3.7595818037020474,polblogs,spectral,99,99,99,710,1222,100,0,5.977597951889038,0.06037977729180847,0.4,Classifier Error ($p$)
21,Polarization,-2.2688449340377397,polblogs,spectral,99,99,99,710,1222,100,0,5.977597951889038,0.06037977729180847,0.4,Classifier Error ($p$)
21,$\|L_{t} - L_{0}\|_F$ / $\|L_{0}\|_F$,0.8000136730778016,polblogs,spectral,99,99,99,710,1222,100,0,5.977597951889038,0.06037977729180847,0.4,Classifier Error ($p$)
22,Surrogate,-1.9182117882813992,polblogs,spectral,99,99,99,710,1222,100,0,5.977597951889038,0.06037977729180847,0.4,Classifier Error ($p$)
22,Disparity,-3.7936704967072883,polblogs,spectral,99,99,99,710,1222,100,0,5.977597951889038,0.06037977729180847,0.4,Classifier Error ($p$)
22,Polarization,-2.4169705724061545,polblogs,spectral,99,99,99,710,1222,100,0,5.977597951889038,0.06037977729180847,0.4,Classifier Error ($p$)
22,$\|L_{t} - L_{0}\|_F$ / $\|L_{0}\|_F$,0.8179937534092183,polblogs,spectral,99,99,99,710,1222,100,0,5.977597951889038,0.06037977729180847,0.4,Classifier Error ($p$)
23,Surrogate,-1.9978785422894636,polblogs,spectral,99,99,99,710,1222,100,0,5.977597951889038,0.06037977729180847,0.4,Classifier Error ($p$)
23,Disparity,-3.9156617115211323,polblogs,spectral,99,99,99,710,1222,100,0,5.977597951889038,0.06037977729180847,0.4,Classifier Error ($p$)
23,Polarization,-2.3976243152491445,polblogs,spectral,99,99,99,710,1222,100,0,5.977597951889038,0.06037977729180847,0.4,Classifier Error ($p$)
23,$\|L_{t} - L_{0}\|_F$ / $\|L_{0}\|_F$,0.8355870296513501,polblogs,spectral,99,99,99,710,1222,100,0,5.977597951889038,0.06037977729180847,0.4,Classifier Error ($p$)
24,Surrogate,-2.0667022309535836,polblogs,spectral,99,99,99,710,1222,100,0,5.977597951889038,0.06037977729180847,0.4,Classifier Error ($p$)
24,Disparity,-4.026657576806572,polblogs,spectral,99,99,99,710,1222,100,0,5.977597951889038,0.06037977729180847,0.4,Classifier Error ($p$)
24,Polarization,-2.3838856757159848,polblogs,spectral,99,99,99,710,1222,100,0,5.977597951889038,0.06037977729180847,0.4,Classifier Error ($p$)
24,$\|L_{t} - L_{0}\|_F$ / $\|L_{0}\|_F$,0.8570709209294748,polblogs,spectral,99,99,99,710,1222,100,0,5.977597951889038,0.06037977729180847,0.4,Classifier Error ($p$)
25,Surrogate,-2.1964002360368706,polblogs,spectral,99,99,99,710,1222,100,0,5.977597951889038,0.06037977729180847,0.4,Classifier Error ($p$)
25,Disparity,-4.299317213234635,polblogs,spectral,99,99,99,710,1222,100,0,5.977597951889038,0.06037977729180847,0.4,Classifier Error ($p$)
25,Polarization,-2.4014773372618667,polblogs,spectral,99,99,99,710,1222,100,0,5.977597951889038,0.06037977729180847,0.4,Classifier Error ($p$)
25,$\|L_{t} - L_{0}\|_F$ / $\|L_{0}\|_F$,0.8738778329995349,polblogs,spectral,99,99,99,710,1222,100,0,5.977597951889038,0.06037977729180847,0.4,Classifier Error ($p$)
26,Surrogate,-2.2687950351712427,polblogs,spectral,99,99,99,710,1222,100,0,5.977597951889038,0.06037977729180847,0.4,Classifier Error ($p$)
26,Disparity,-4.418922607418014,polblogs,spectral,99,99,99,710,1222,100,0,5.977597951889038,0.06037977729180847,0.4,Classifier Error ($p$)
26,Polarization,-2.410166967280832,polblogs,spectral,99,99,99,710,1222,100,0,5.977597951889038,0.06037977729180847,0.4,Classifier Error ($p$)
26,$\|L_{t} - L_{0}\|_F$ / $\|L_{0}\|_F$,0.894442477965629,polblogs,spectral,99,99,99,710,1222,100,0,5.977597951889038,0.06037977729180847,0.4,Classifier Error ($p$)
27,Surrogate,-2.3354042774241015,polblogs,spectral,99,99,99,710,1222,100,0,5.977597951889038,0.06037977729180847,0.4,Classifier Error ($p$)
27,Disparity,-4.529551745566472,polblogs,spectral,99,99,99,710,1222,100,0,5.977597951889038,0.06037977729180847,0.4,Classifier Error ($p$)
27,Polarization,-2.605240621713329,polblogs,spectral,99,99,99,710,1222,100,0,5.977597951889038,0.06037977729180847,0.4,Classifier Error ($p$)
27,$\|L_{t} - L_{0}\|_F$ / $\|L_{0}\|_F$,0.9105598551958898,polblogs,spectral,99,99,99,710,1222,100,0,5.977597951889038,0.06037977729180847,0.4,Classifier Error ($p$)
28,Surrogate,-2.44429564000327,polblogs,spectral,99,99,99,710,1222,100,0,5.977597951889038,0.06037977729180847,0.4,Classifier Error ($p$)
28,Disparity,-4.756723042962853,polblogs,spectral,99,99,99,710,1222,100,0,5.977597951889038,0.06037977729180847,0.4,Classifier Error ($p$)
28,Polarization,-2.597330657331398,polblogs,spectral,99,99,99,710,1222,100,0,5.977597951889038,0.06037977729180847,0.4,Classifier Error ($p$)
28,$\|L_{t} - L_{0}\|_F$ / $\|L_{0}\|_F$,0.9263968660349761,polblogs,spectral,99,99,99,710,1222,100,0,5.977597951889038,0.06037977729180847,0.4,Classifier Error ($p$)
29,Surrogate,-2.5963996772648503,polblogs,spectral,99,99,99,710,1222,100,0,5.977597951889038,0.06037977729180847,0.4,Classifier Error ($p$)
29,Disparity,-5.078896682901549,polblogs,spectral,99,99,99,710,1222,100,0,5.977597951889038,0.06037977729180847,0.4,Classifier Error ($p$)
29,Polarization,-3.2104833661015215,polblogs,spectral,99,99,99,710,1222,100,0,5.977597951889038,0.06037977729180847,0.4,Classifier Error ($p$)
29,$\|L_{t} - L_{0}\|_F$ / $\|L_{0}\|_F$,0.9419676517293416,polblogs,spectral,99,99,99,710,1222,100,0,5.977597951889038,0.06037977729180847,0.4,Classifier Error ($p$)
30,Surrogate,-2.676451535513916,polblogs,spectral,99,99,99,710,1222,100,0,5.977597951889038,0.06037977729180847,0.4,Classifier Error ($p$)
30,Disparity,-5.200320616790961,polblogs,spectral,99,99,99,710,1222,100,0,5.977597951889038,0.06037977729180847,0.4,Classifier Error ($p$)
30,Polarization,-3.3366996471943993,polblogs,spectral,99,99,99,710,1222,100,0,5.977597951889038,0.06037977729180847,0.4,Classifier Error ($p$)
30,$\|L_{t} - L_{0}\|_F$ / $\|L_{0}\|_F$,0.9572852032751554,polblogs,spectral,99,99,99,710,1222,100,0,5.977597951889038,0.06037977729180847,0.4,Classifier Error ($p$)
31,Surrogate,-2.750876390164199,polblogs,spectral,99,99,99,710,1222,100,0,5.977597951889038,0.06037977729180847,0.4,Classifier Error ($p$)
31,Disparity,-5.322185540015377,polblogs,spectral,99,99,99,710,1222,100,0,5.977597951889038,0.06037977729180847,0.4,Classifier Error ($p$)
31,Polarization,-3.538310716598488,polblogs,spectral,99,99,99,710,1222,100,0,5.977597951889038,0.06037977729180847,0.4,Classifier Error ($p$)
31,$\|L_{t} - L_{0}\|_F$ / $\|L_{0}\|_F$,0.9723614882926107,polblogs,spectral,99,99,99,710,1222,100,0,5.977597951889038,0.06037977729180847,0.4,Classifier Error ($p$)
32,Surrogate,-2.8208321776369427,polblogs,spectral,99,99,99,710,1222,100,0,5.977597951889038,0.06037977729180847,0.4,Classifier Error ($p$)
32,Disparity,-5.436667468850744,polblogs,spectral,99,99,99,710,1222,100,0,5.977597951889038,0.06037977729180847,0.4,Classifier Error ($p$)
32,Polarization,-3.5563129353145104,polblogs,spectral,99,99,99,710,1222,100,0,5.977597951889038,0.06037977729180847,0.4,Classifier Error ($p$)
32,$\|L_{t} - L_{0}\|_F$ / $\|L_{0}\|_F$,0.9872075604550881,polblogs,spectral,99,99,99,710,1222,100,0,5.977597951889038,0.06037977729180847,0.4,Classifier Error ($p$)
33,Surrogate,-2.818521234464131,polblogs,spectral,99,99,99,710,1222,100,0,5.977597951889038,0.06037977729180847,0.4,Classifier Error ($p$)
33,Disparity,-5.434132478700259,polblogs,spectral,99,99,99,710,1222,100,0,5.977597951889038,0.06037977729180847,0.4,Classifier Error ($p$)
33,Polarization,-3.606314988006052,polblogs,spectral,99,99,99,710,1222,100,0,5.977597951889038,0.06037977729180847,0.4,Classifier Error ($p$)
33,$\|L_{t} - L_{0}\|_F$ / $\|L_{0}\|_F$,1.0054569343343442,polblogs,spectral,99,99,99,710,1222,100,0,5.977597951889038,0.06037977729180847,0.4,Classifier Error ($p$)
34,Surrogate,-2.8660959734050353,polblogs,spectral,99,99,99,710,1222,100,0,5.977597951889038,0.06037977729180847,0.4,Classifier Error ($p$)
34,Disparity,-5.506222592854534,polblogs,spectral,99,99,99,710,1222,100,0,5.977597951889038,0.06037977729180847,0.4,Classifier Error ($p$)
34,Polarization,-3.8824798484895777,polblogs,spectral,99,99,99,710,1222,100,0,5.977597951889038,0.06037977729180847,0.4,Classifier Error ($p$)
34,$\|L_{t} - L_{0}\|_F$ / $\|L_{0}\|_F$,1.0233809291668226,polblogs,spectral,99,99,99,710,1222,100,0,5.977597951889038,0.06037977729180847,0.4,Classifier Error ($p$)
35,Surrogate,-3.0007996453257078,polblogs,spectral,99,99,99,710,1222,100,0,5.977597951889038,0.06037977729180847,0.4,Classifier Error ($p$)
35,Disparity,-5.7840402184737085,polblogs,spectral,99,99,99,710,1222,100,0,5.977597951889038,0.06037977729180847,0.4,Classifier Error ($p$)
35,Polarization,-3.932489009013371,polblogs,spectral,99,99,99,710,1222,100,0,5.977597951889038,0.06037977729180847,0.4,Classifier Error ($p$)
35,$\|L_{t} - L_{0}\|_F$ / $\|L_{0}\|_F$,1.0374971950262875,polblogs,spectral,99,99,99,710,1222,100,0,5.977597951889038,0.06037977729180847,0.4,Classifier Error ($p$)
36,Surrogate,-3.10598050775782,polblogs,spectral,99,99,99,710,1222,100,0,5.977597951889038,0.06037977729180847,0.4,Classifier Error ($p$)
36,Disparity,-6.004385250102099,polblogs,spectral,99,99,99,710,1222,100,0,5.977597951889038,0.06037977729180847,0.4,Classifier Error ($p$)
36,Polarization,-3.925903395216747,polblogs,spectral,99,99,99,710,1222,100,0,5.977597951889038,0.06037977729180847,0.4,Classifier Error ($p$)
36,$\|L_{t} - L_{0}\|_F$ / $\|L_{0}\|_F$,1.0548769165493888,polblogs,spectral,99,99,99,710,1222,100,0,5.977597951889038,0.06037977729180847,0.4,Classifier Error ($p$)
37,Surrogate,-3.233423653264485,polblogs,spectral,99,99,99,710,1222,100,0,5.977597951889038,0.06037977729180847,0.4,Classifier Error ($p$)
37,Disparity,-6.2732078071667825,polblogs,spectral,99,99,99,710,1222,100,0,5.977597951889038,0.06037977729180847,0.4,Classifier Error ($p$)
37,Polarization,-4.024515294725366,polblogs,spectral,99,99,99,710,1222,100,0,5.977597951889038,0.06037977729180847,0.4,Classifier Error ($p$)
37,$\|L_{t} - L_{0}\|_F$ / $\|L_{0}\|_F$,1.0685771907418815,polblogs,spectral,99,99,99,710,1222,100,0,5.977597951889038,0.06037977729180847,0.4,Classifier Error ($p$)
38,Surrogate,-3.309095186164463,polblogs,spectral,99,99,99,710,1222,100,0,5.977597951889038,0.06037977729180847,0.4,Classifier Error ($p$)
38,Disparity,-6.406773163451525,polblogs,spectral,99,99,99,710,1222,100,0,5.977597951889038,0.06037977729180847,0.4,Classifier Error ($p$)
38,Polarization,-4.083409348671489,polblogs,spectral,99,99,99,710,1222,100,0,5.977597951889038,0.06037977729180847,0.4,Classifier Error ($p$)
38,$\|L_{t} - L_{0}\|_F$ / $\|L_{0}\|_F$,1.0821040227625425,polblogs,spectral,99,99,99,710,1222,100,0,5.977597951889038,0.06037977729180847,0.4,Classifier Error ($p$)
39,Surrogate,-3.4383309942956983,polblogs,spectral,99,99,99,710,1222,100,0,5.977597951889038,0.06037977729180847,0.4,Classifier Error ($p$)
39,Disparity,-6.693359945857018,polblogs,spectral,99,99,99,710,1222,100,0,5.977597951889038,0.06037977729180847,0.4,Classifier Error ($p$)
39,Polarization,-4.608705364507543,polblogs,spectral,99,99,99,710,1222,100,0,5.977597951889038,0.06037977729180847,0.4,Classifier Error ($p$)
39,$\|L_{t} - L_{0}\|_F$ / $\|L_{0}\|_F$,1.0987784105360865,polblogs,spectral,99,99,99,710,1222,100,0,5.977597951889038,0.06037977729180847,0.4,Classifier Error ($p$)
40,Surrogate,-3.5053282163047794,polblogs,spectral,99,99,99,710,1222,100,0,5.977597951889038,0.06037977729180847,0.4,Classifier Error ($p$)
40,Disparity,-6.809157053112731,polblogs,spectral,99,99,99,710,1222,100,0,5.977597951889038,0.06037977729180847,0.4,Classifier Error ($p$)
40,Polarization,-4.888461746756549,polblogs,spectral,99,99,99,710,1222,100,0,5.977597951889038,0.06037977729180847,0.4,Classifier Error ($p$)
40,$\|L_{t} - L_{0}\|_F$ / $\|L_{0}\|_F$,1.1119379024771452,polblogs,spectral,99,99,99,710,1222,100,0,5.977597951889038,0.06037977729180847,0.4,Classifier Error ($p$)
41,Surrogate,-3.6141172701872932,polblogs,spectral,99,99,99,710,1222,100,0,5.977597951889038,0.06037977729180847,0.4,Classifier Error ($p$)
41,Disparity,-7.038087237050604,polblogs,spectral,99,99,99,710,1222,100,0,5.977597951889038,0.06037977729180847,0.4,Classifier Error ($p$)
41,Polarization,-4.892959684709345,polblogs,spectral,99,99,99,710,1222,100,0,5.977597951889038,0.06037977729180847,0.4,Classifier Error ($p$)
41,$\|L_{t} - L_{0}\|_F$ / $\|L_{0}\|_F$,1.1378003805481014,polblogs,spectral,99,99,99,710,1222,100,0,5.977597951889038,0.06037977729180847,0.4,Classifier Error ($p$)
42,Surrogate,-3.7070317681663156,polblogs,spectral,99,99,99,710,1222,100,0,5.977597951889038,0.06037977729180847,0.4,Classifier Error ($p$)
42,Disparity,-7.185645261005232,polblogs,spectral,99,99,99,710,1222,100,0,5.977597951889038,0.06037977729180847,0.4,Classifier Error ($p$)
42,Polarization,-5.1852748967343825,polblogs,spectral,99,99,99,710,1222,100,0,5.977597951889038,0.06037977729180847,0.4,Classifier Error ($p$)
42,$\|L_{t} - L_{0}\|_F$ / $\|L_{0}\|_F$,1.1505136285505135,polblogs,spectral,99,99,99,710,1222,100,0,5.977597951889038,0.06037977729180847,0.4,Classifier Error ($p$)
43,Surrogate,-3.8408045333414353,polblogs,spectral,99,99,99,710,1222,100,0,5.977597951889038,0.06037977729180847,0.4,Classifier Error ($p$)
43,Disparity,-7.4552802172086805,polblogs,spectral,99,99,99,710,1222,100,0,5.977597951889038,0.06037977729180847,0.4,Classifier Error ($p$)
43,Polarization,-5.748195691082645,polblogs,spectral,99,99,99,710,1222,100,0,5.977597951889038,0.06037977729180847,0.4,Classifier Error ($p$)
43,$\|L_{t} - L_{0}\|_F$ / $\|L_{0}\|_F$,1.1724301431703015,polblogs,spectral,99,99,99,710,1222,100,0,5.977597951889038,0.06037977729180847,0.4,Classifier Error ($p$)
44,Surrogate,-3.8984932031727233,polblogs,spectral,99,99,99,710,1222,100,0,5.977597951889038,0.06037977729180847,0.4,Classifier Error ($p$)
44,Disparity,-7.551708983435455,polblogs,spectral,99,99,99,710,1222,100,0,5.977597951889038,0.06037977729180847,0.4,Classifier Error ($p$)
44,Polarization,-5.7424493731249875,polblogs,spectral,99,99,99,710,1222,100,0,5.977597951889038,0.06037977729180847,0.4,Classifier Error ($p$)
44,$\|L_{t} - L_{0}\|_F$ / $\|L_{0}\|_F$,1.1939444173612932,polblogs,spectral,99,99,99,710,1222,100,0,5.977597951889038,0.06037977729180847,0.4,Classifier Error ($p$)
45,Surrogate,-3.903496310127587,polblogs,spectral,99,99,99,710,1222,100,0,5.977597951889038,0.06037977729180847,0.4,Classifier Error ($p$)
45,Disparity,-7.563380075802219,polblogs,spectral,99,99,99,710,1222,100,0,5.977597951889038,0.06037977729180847,0.4,Classifier Error ($p$)
45,Polarization,-5.8490277884759525,polblogs,spectral,99,99,99,710,1222,100,0,5.977597951889038,0.06037977729180847,0.4,Classifier Error ($p$)
45,$\|L_{t} - L_{0}\|_F$ / $\|L_{0}\|_F$,1.206065991251417,polblogs,spectral,99,99,99,710,1222,100,0,5.977597951889038,0.06037977729180847,0.4,Classifier Error ($p$)
46,Surrogate,-3.982669977120717,polblogs,spectral,99,99,99,710,1222,100,0,5.977597951889038,0.06037977729180847,0.4,Classifier Error ($p$)
46,Disparity,-7.697946769105693,polblogs,spectral,99,99,99,710,1222,100,0,5.977597951889038,0.06037977729180847,0.4,Classifier Error ($p$)
46,Polarization,-5.9304603750246745,polblogs,spectral,99,99,99,710,1222,100,0,5.977597951889038,0.06037977729180847,0.4,Classifier Error ($p$)
46,$\|L_{t} - L_{0}\|_F$ / $\|L_{0}\|_F$,1.203047047865127,polblogs,spectral,99,99,99,710,1222,100,0,5.977597951889038,0.06037977729180847,0.4,Classifier Error ($p$)
47,Surrogate,-4.036813277134554,polblogs,spectral,99,99,99,710,1222,100,0,5.977597951889038,0.06037977729180847,0.4,Classifier Error ($p$)
47,Disparity,-7.778439612511284,polblogs,spectral,99,99,99,710,1222,100,0,5.977597951889038,0.06037977729180847,0.4,Classifier Error ($p$)
47,Polarization,-6.239638160524336,polblogs,spectral,99,99,99,710,1222,100,0,5.977597951889038,0.06037977729180847,0.4,Classifier Error ($p$)
47,$\|L_{t} - L_{0}\|_F$ / $\|L_{0}\|_F$,1.2150778176240657,polblogs,spectral,99,99,99,710,1222,100,0,5.977597951889038,0.06037977729180847,0.4,Classifier Error ($p$)
48,Surrogate,-4.076955952694754,polblogs,spectral,99,99,99,710,1222,100,0,5.977597951889038,0.06037977729180847,0.4,Classifier Error ($p$)
48,Disparity,-7.834548357357095,polblogs,spectral,99,99,99,710,1222,100,0,5.977597951889038,0.06037977729180847,0.4,Classifier Error ($p$)
48,Polarization,-6.345027349792928,polblogs,spectral,99,99,99,710,1222,100,0,5.977597951889038,0.06037977729180847,0.4,Classifier Error ($p$)
48,$\|L_{t} - L_{0}\|_F$ / $\|L_{0}\|_F$,1.2240232965556093,polblogs,spectral,99,99,99,710,1222,100,0,5.977597951889038,0.06037977729180847,0.4,Classifier Error ($p$)
49,Surrogate,-4.196708956048499,polblogs,spectral,99,99,99,710,1222,100,0,5.977597951889038,0.06037977729180847,0.4,Classifier Error ($p$)
49,Disparity,-8.086304355811121,polblogs,spectral,99,99,99,710,1222,100,0,5.977597951889038,0.06037977729180847,0.4,Classifier Error ($p$)
49,Polarization,-6.421825625019714,polblogs,spectral,99,99,99,710,1222,100,0,5.977597951889038,0.06037977729180847,0.4,Classifier Error ($p$)
49,$\|L_{t} - L_{0}\|_F$ / $\|L_{0}\|_F$,1.235849883285153,polblogs,spectral,99,99,99,710,1222,100,0,5.977597951889038,0.06037977729180847,0.4,Classifier Error ($p$)
50,Surrogate,-4.256901780708041,polblogs,spectral,99,99,99,710,1222,100,0,5.977597951889038,0.06037977729180847,0.4,Classifier Error ($p$)
50,Disparity,-8.192218515517736,polblogs,spectral,99,99,99,710,1222,100,0,5.977597951889038,0.06037977729180847,0.4,Classifier Error ($p$)
50,Polarization,-6.348936258277716,polblogs,spectral,99,99,99,710,1222,100,0,5.977597951889038,0.06037977729180847,0.4,Classifier Error ($p$)
50,$\|L_{t} - L_{0}\|_F$ / $\|L_{0}\|_F$,1.2446460788693006,polblogs,spectral,99,99,99,710,1222,100,0,5.977597951889038,0.06037977729180847,0.4,Classifier Error ($p$)
51,Surrogate,-4.371706660237727,polblogs,spectral,99,99,99,710,1222,100,0,5.977597951889038,0.06037977729180847,0.4,Classifier Error ($p$)
51,Disparity,-8.483441210066143,polblogs,spectral,99,99,99,710,1222,100,0,5.977597951889038,0.06037977729180847,0.4,Classifier Error ($p$)
51,Polarization,-6.867905080868065,polblogs,spectral,99,99,99,710,1222,100,0,5.977597951889038,0.06037977729180847,0.4,Classifier Error ($p$)
51,$\|L_{t} - L_{0}\|_F$ / $\|L_{0}\|_F$,1.2591698618637825,polblogs,spectral,99,99,99,710,1222,100,0,5.977597951889038,0.06037977729180847,0.4,Classifier Error ($p$)
52,Surrogate,-4.502694311478505,polblogs,spectral,99,99,99,710,1222,100,0,5.977597951889038,0.06037977729180847,0.4,Classifier Error ($p$)
52,Disparity,-8.753423163614533,polblogs,spectral,99,99,99,710,1222,100,0,5.977597951889038,0.06037977729180847,0.4,Classifier Error ($p$)
52,Polarization,-7.510033660813538,polblogs,spectral,99,99,99,710,1222,100,0,5.977597951889038,0.06037977729180847,0.4,Classifier Error ($p$)
52,$\|L_{t} - L_{0}\|_F$ / $\|L_{0}\|_F$,1.267804270640723,polblogs,spectral,99,99,99,710,1222,100,0,5.977597951889038,0.06037977729180847,0.4,Classifier Error ($p$)
53,Surrogate,-4.573214893336016,polblogs,spectral,99,99,99,710,1222,100,0,5.977597951889038,0.06037977729180847,0.4,Classifier Error ($p$)
53,Disparity,-8.871544460974503,polblogs,spectral,99,99,99,710,1222,100,0,5.977597951889038,0.06037977729180847,0.4,Classifier Error ($p$)
53,Polarization,-7.579881061453829,polblogs,spectral,99,99,99,710,1222,100,0,5.977597951889038,0.06037977729180847,0.4,Classifier Error ($p$)
53,$\|L_{t} - L_{0}\|_F$ / $\|L_{0}\|_F$,1.2905469676323238,polblogs,spectral,99,99,99,710,1222,100,0,5.977597951889038,0.06037977729180847,0.4,Classifier Error ($p$)
54,Surrogate,-4.643636161424845,polblogs,spectral,99,99,99,710,1222,100,0,5.977597951889038,0.06037977729180847,0.4,Classifier Error ($p$)
54,Disparity,-8.9859029349784,polblogs,spectral,99,99,99,710,1222,100,0,5.977597951889038,0.06037977729180847,0.4,Classifier Error ($p$)
54,Polarization,-7.606051574661857,polblogs,spectral,99,99,99,710,1222,100,0,5.977597951889038,0.06037977729180847,0.4,Classifier Error ($p$)
54,$\|L_{t} - L_{0}\|_F$ / $\|L_{0}\|_F$,1.3184237689103036,polblogs,spectral,99,99,99,710,1222,100,0,5.977597951889038,0.06037977729180847,0.4,Classifier Error ($p$)
55,Surrogate,-4.757442372618286,polblogs,spectral,99,99,99,710,1222,100,0,5.977597951889038,0.06037977729180847,0.4,Classifier Error ($p$)
55,Disparity,-9.222219880814897,polblogs,spectral,99,99,99,710,1222,100,0,5.977597951889038,0.06037977729180847,0.4,Classifier Error ($p$)
55,Polarization,-7.653663733412627,polblogs,spectral,99,99,99,710,1222,100,0,5.977597951889038,0.06037977729180847,0.4,Classifier Error ($p$)
55,$\|L_{t} - L_{0}\|_F$ / $\|L_{0}\|_F$,1.3457232230998737,polblogs,spectral,99,99,99,710,1222,100,0,5.977597951889038,0.06037977729180847,0.4,Classifier Error ($p$)
56,Surrogate,-4.892772142169879,polblogs,spectral,99,99,99,710,1222,100,0,5.977597951889038,0.06037977729180847,0.4,Classifier Error ($p$)
56,Disparity,-9.497669430880853,polblogs,spectral,99,99,99,710,1222,100,0,5.977597951889038,0.06037977729180847,0.4,Classifier Error ($p$)
56,Polarization,-8.309261812636679,polblogs,spectral,99,99,99,710,1222,100,0,5.977597951889038,0.06037977729180847,0.4,Classifier Error ($p$)
56,$\|L_{t} - L_{0}\|_F$ / $\|L_{0}\|_F$,1.3564891804564376,polblogs,spectral,99,99,99,710,1222,100,0,5.977597951889038,0.06037977729180847,0.4,Classifier Error ($p$)
57,Surrogate,-4.953022863568296,polblogs,spectral,99,99,99,710,1222,100,0,5.977597951889038,0.06037977729180847,0.4,Classifier Error ($p$)
57,Disparity,-9.593716912594887,polblogs,spectral,99,99,99,710,1222,100,0,5.977597951889038,0.06037977729180847,0.4,Classifier Error ($p$)
57,Polarization,-8.31207748918129,polblogs,spectral,99,99,99,710,1222,100,0,5.977597951889038,0.06037977729180847,0.4,Classifier Error ($p$)
57,$\|L_{t} - L_{0}\|_F$ / $\|L_{0}\|_F$,1.3698276446607105,polblogs,spectral,99,99,99,710,1222,100,0,5.977597951889038,0.06037977729180847,0.4,Classifier Error ($p$)
58,Surrogate,-5.07038565460904,polblogs,spectral,99,99,99,710,1222,100,0,5.977597951889038,0.06037977729180847,0.4,Classifier Error ($p$)
58,Disparity,-9.850514168005885,polblogs,spectral,99,99,99,710,1222,100,0,5.977597951889038,0.06037977729180847,0.4,Classifier Error ($p$)
58,Polarization,-8.224010319217086,polblogs,spectral,99,99,99,710,1222,100,0,5.977597951889038,0.06037977729180847,0.4,Classifier Error ($p$)
58,$\|L_{t} - L_{0}\|_F$ / $\|L_{0}\|_F$,1.3804056213960354,polblogs,spectral,99,99,99,710,1222,100,0,5.977597951889038,0.06037977729180847,0.4,Classifier Error ($p$)
59,Surrogate,-5.074516109874321,polblogs,spectral,99,99,99,710,1222,100,0,5.977597951889038,0.06037977729180847,0.4,Classifier Error ($p$)
59,Disparity,-9.860405555705508,polblogs,spectral,99,99,99,710,1222,100,0,5.977597951889038,0.06037977729180847,0.4,Classifier Error ($p$)
59,Polarization,-8.36656403784984,polblogs,spectral,99,99,99,710,1222,100,0,5.977597951889038,0.06037977729180847,0.4,Classifier Error ($p$)
59,$\|L_{t} - L_{0}\|_F$ / $\|L_{0}\|_F$,1.3935151807436854,polblogs,spectral,99,99,99,710,1222,100,0,5.977597951889038,0.06037977729180847,0.4,Classifier Error ($p$)
60,Surrogate,-5.204748829778054,polblogs,spectral,99,99,99,710,1222,100,0,5.977597951889038,0.06037977729180847,0.4,Classifier Error ($p$)
60,Disparity,-10.08304360229366,polblogs,spectral,99,99,99,710,1222,100,0,5.977597951889038,0.06037977729180847,0.4,Classifier Error ($p$)
60,Polarization,-8.779982857796448,polblogs,spectral,99,99,99,710,1222,100,0,5.977597951889038,0.06037977729180847,0.4,Classifier Error ($p$)
60,$\|L_{t} - L_{0}\|_F$ / $\|L_{0}\|_F$,1.4065025553991852,polblogs,spectral,99,99,99,710,1222,100,0,5.977597951889038,0.06037977729180847,0.4,Classifier Error ($p$)
61,Surrogate,-5.260100189529232,polblogs,spectral,99,99,99,710,1222,100,0,5.977597951889038,0.06037977729180847,0.4,Classifier Error ($p$)
61,Disparity,-10.17131191598493,polblogs,spectral,99,99,99,710,1222,100,0,5.977597951889038,0.06037977729180847,0.4,Classifier Error ($p$)
61,Polarization,-9.129997789531306,polblogs,spectral,99,99,99,710,1222,100,0,5.977597951889038,0.06037977729180847,0.4,Classifier Error ($p$)
61,$\|L_{t} - L_{0}\|_F$ / $\|L_{0}\|_F$,1.421930832917704,polblogs,spectral,99,99,99,710,1222,100,0,5.977597951889038,0.06037977729180847,0.4,Classifier Error ($p$)
62,Surrogate,-5.329726125820207,polblogs,spectral,99,99,99,710,1222,100,0,5.977597951889038,0.06037977729180847,0.4,Classifier Error ($p$)
62,Disparity,-10.291324315230229,polblogs,spectral,99,99,99,710,1222,100,0,5.977597951889038,0.06037977729180847,0.4,Classifier Error ($p$)
62,Polarization,-9.344732454578224,polblogs,spectral,99,99,99,710,1222,100,0,5.977597951889038,0.06037977729180847,0.4,Classifier Error ($p$)
62,$\|L_{t} - L_{0}\|_F$ / $\|L_{0}\|_F$,1.4321240159661806,polblogs,spectral,99,99,99,710,1222,100,0,5.977597951889038,0.06037977729180847,0.4,Classifier Error ($p$)
63,Surrogate,-5.456511943284239,polblogs,spectral,99,99,99,710,1222,100,0,5.977597951889038,0.06037977729180847,0.4,Classifier Error ($p$)
63,Disparity,-10.560584903566406,polblogs,spectral,99,99,99,710,1222,100,0,5.977597951889038,0.06037977729180847,0.4,Classifier Error ($p$)
63,Polarization,-9.444330957697652,polblogs,spectral,99,99,99,710,1222,100,0,5.977597951889038,0.06037977729180847,0.4,Classifier Error ($p$)
63,$\|L_{t} - L_{0}\|_F$ / $\|L_{0}\|_F$,1.4447643671161163,polblogs,spectral,99,99,99,710,1222,100,0,5.977597951889038,0.06037977729180847,0.4,Classifier Error ($p$)
64,Surrogate,-5.548948470982584,polblogs,spectral,99,99,99,710,1222,100,0,5.977597951889038,0.06037977729180847,0.4,Classifier Error ($p$)
64,Disparity,-10.740016459511263,polblogs,spectral,99,99,99,710,1222,100,0,5.977597951889038,0.06037977729180847,0.4,Classifier Error ($p$)
64,Polarization,-9.54989849060458,polblogs,spectral,99,99,99,710,1222,100,0,5.977597951889038,0.06037977729180847,0.4,Classifier Error ($p$)
64,$\|L_{t} - L_{0}\|_F$ / $\|L_{0}\|_F$,1.4597883174440158,polblogs,spectral,99,99,99,710,1222,100,0,5.977597951889038,0.06037977729180847,0.4,Classifier Error ($p$)
65,Surrogate,-5.618273967644293,polblogs,spectral,99,99,99,710,1222,100,0,5.977597951889038,0.06037977729180847,0.4,Classifier Error ($p$)
65,Disparity,-10.859856476992402,polblogs,spectral,99,99,99,710,1222,100,0,5.977597951889038,0.06037977729180847,0.4,Classifier Error ($p$)
65,Polarization,-9.56995792146847,polblogs,spectral,99,99,99,710,1222,100,0,5.977597951889038,0.06037977729180847,0.4,Classifier Error ($p$)
65,$\|L_{t} - L_{0}\|_F$ / $\|L_{0}\|_F$,1.48203870213717,polblogs,spectral,99,99,99,710,1222,100,0,5.977597951889038,0.06037977729180847,0.4,Classifier Error ($p$)
66,Surrogate,-5.738880780293931,polblogs,spectral,99,99,99,710,1222,100,0,5.977597951889038,0.06037977729180847,0.4,Classifier Error ($p$)
66,Disparity,-11.131593857009772,polblogs,spectral,99,99,99,710,1222,100,0,5.977597951889038,0.06037977729180847,0.4,Classifier Error ($p$)
66,Polarization,-9.68897830195351,polblogs,spectral,99,99,99,710,1222,100,0,5.977597951889038,0.06037977729180847,0.4,Classifier Error ($p$)
66,$\|L_{t} - L_{0}\|_F$ / $\|L_{0}\|_F$,1.4942568701577914,polblogs,spectral,99,99,99,710,1222,100,0,5.977597951889038,0.06037977729180847,0.4,Classifier Error ($p$)
67,Surrogate,-5.837879909830794,polblogs,spectral,99,99,99,710,1222,100,0,5.977597951889038,0.06037977729180847,0.4,Classifier Error ($p$)
67,Disparity,-11.344233649191809,polblogs,spectral,99,99,99,710,1222,100,0,5.977597951889038,0.06037977729180847,0.4,Classifier Error ($p$)
67,Polarization,-9.772557983732424,polblogs,spectral,99,99,99,710,1222,100,0,5.977597951889038,0.06037977729180847,0.4,Classifier Error ($p$)
67,$\|L_{t} - L_{0}\|_F$ / $\|L_{0}\|_F$,1.5160014435679656,polblogs,spectral,99,99,99,710,1222,100,0,5.977597951889038,0.06037977729180847,0.4,Classifier Error ($p$)
68,Surrogate,-5.900414867251212,polblogs,spectral,99,99,99,710,1222,100,0,5.977597951889038,0.06037977729180847,0.4,Classifier Error ($p$)
68,Disparity,-11.449500961849532,polblogs,spectral,99,99,99,710,1222,100,0,5.977597951889038,0.06037977729180847,0.4,Classifier Error ($p$)
68,Polarization,-9.78689479982541,polblogs,spectral,99,99,99,710,1222,100,0,5.977597951889038,0.06037977729180847,0.4,Classifier Error ($p$)
68,$\|L_{t} - L_{0}\|_F$ / $\|L_{0}\|_F$,1.5468707325732225,polblogs,spectral,99,99,99,710,1222,100,0,5.977597951889038,0.06037977729180847,0.4,Classifier Error ($p$)
69,Surrogate,-5.9683047692463305,polblogs,spectral,99,99,99,710,1222,100,0,5.977597951889038,0.06037977729180847,0.4,Classifier Error ($p$)
69,Disparity,-11.566376857558826,polblogs,spectral,99,99,99,710,1222,100,0,5.977597951889038,0.06037977729180847,0.4,Classifier Error ($p$)
69,Polarization,-9.864078590280768,polblogs,spectral,99,99,99,710,1222,100,0,5.977597951889038,0.06037977729180847,0.4,Classifier Error ($p$)
69,$\|L_{t} - L_{0}\|_F$ / $\|L_{0}\|_F$,1.5585807462794314,polblogs,spectral,99,99,99,710,1222,100,0,5.977597951889038,0.06037977729180847,0.4,Classifier Error ($p$)
70,Surrogate,-6.100981402922491,polblogs,spectral,99,99,99,710,1222,100,0,5.977597951889038,0.06037977729180847,0.4,Classifier Error ($p$)
70,Disparity,-11.821966716086882,polblogs,spectral,99,99,99,710,1222,100,0,5.977597951889038,0.06037977729180847,0.4,Classifier Error ($p$)
70,Polarization,-10.415559645818892,polblogs,spectral,99,99,99,710,1222,100,0,5.977597951889038,0.06037977729180847,0.4,Classifier Error ($p$)
70,$\|L_{t} - L_{0}\|_F$ / $\|L_{0}\|_F$,1.5817407187765042,polblogs,spectral,99,99,99,710,1222,100,0,5.977597951889038,0.06037977729180847,0.4,Classifier Error ($p$)
71,Surrogate,-6.145901280497186,polblogs,spectral,99,99,99,710,1222,100,0,5.977597951889038,0.06037977729180847,0.4,Classifier Error ($p$)
71,Disparity,-11.897753433763057,polblogs,spectral,99,99,99,710,1222,100,0,5.977597951889038,0.06037977729180847,0.4,Classifier Error ($p$)
71,Polarization,-10.805104833879355,polblogs,spectral,99,99,99,710,1222,100,0,5.977597951889038,0.06037977729180847,0.4,Classifier Error ($p$)
71,$\|L_{t} - L_{0}\|_F$ / $\|L_{0}\|_F$,1.5954753387919258,polblogs,spectral,99,99,99,710,1222,100,0,5.977597951889038,0.06037977729180847,0.4,Classifier Error ($p$)
72,Surrogate,-6.299004127611056,polblogs,spectral,99,99,99,710,1222,100,0,5.977597951889038,0.06037977729180847,0.4,Classifier Error ($p$)
72,Disparity,-12.177962645691503,polblogs,spectral,99,99,99,710,1222,100,0,5.977597951889038,0.06037977729180847,0.4,Classifier Error ($p$)
72,Polarization,-11.486537804784994,polblogs,spectral,99,99,99,710,1222,100,0,5.977597951889038,0.06037977729180847,0.4,Classifier Error ($p$)
72,$\|L_{t} - L_{0}\|_F$ / $\|L_{0}\|_F$,1.5840380921277997,polblogs,spectral,99,99,99,710,1222,100,0,5.977597951889038,0.06037977729180847,0.4,Classifier Error ($p$)
73,Surrogate,-6.409208603996111,polblogs,spectral,99,99,99,710,1222,100,0,5.977597951889038,0.06037977729180847,0.4,Classifier Error ($p$)
73,Disparity,-12.41036645086233,polblogs,spectral,99,99,99,710,1222,100,0,5.977597951889038,0.06037977729180847,0.4,Classifier Error ($p$)
73,Polarization,-11.49817456132057,polblogs,spectral,99,99,99,710,1222,100,0,5.977597951889038,0.06037977729180847,0.4,Classifier Error ($p$)
73,$\|L_{t} - L_{0}\|_F$ / $\|L_{0}\|_F$,1.5886228718813071,polblogs,spectral,99,99,99,710,1222,100,0,5.977597951889038,0.06037977729180847,0.4,Classifier Error ($p$)
74,Surrogate,-6.403342272439662,polblogs,spectral,99,99,99,710,1222,100,0,5.977597951889038,0.06037977729180847,0.4,Classifier Error ($p$)
74,Disparity,-12.401991967746563,polblogs,spectral,99,99,99,710,1222,100,0,5.977597951889038,0.06037977729180847,0.4,Classifier Error ($p$)
74,Polarization,-11.54775765825582,polblogs,spectral,99,99,99,710,1222,100,0,5.977597951889038,0.06037977729180847,0.4,Classifier Error ($p$)
74,$\|L_{t} - L_{0}\|_F$ / $\|L_{0}\|_F$,1.6000273461556032,polblogs,spectral,99,99,99,710,1222,100,0,5.977597951889038,0.06037977729180847,0.4,Classifier Error ($p$)
75,Surrogate,-6.52310806707818,polblogs,spectral,99,99,99,710,1222,100,0,5.977597951889038,0.06037977729180847,0.4,Classifier Error ($p$)
75,Disparity,-12.649497912581223,polblogs,spectral,99,99,99,710,1222,100,0,5.977597951889038,0.06037977729180847,0.4,Classifier Error ($p$)
75,Polarization,-11.501230788980548,polblogs,spectral,99,99,99,710,1222,100,0,5.977597951889038,0.06037977729180847,0.4,Classifier Error ($p$)
75,$\|L_{t} - L_{0}\|_F$ / $\|L_{0}\|_F$,1.6158583909425996,polblogs,spectral,99,99,99,710,1222,100,0,5.977597951889038,0.06037977729180847,0.4,Classifier Error ($p$)
76,Surrogate,-6.651747066942369,polblogs,spectral,99,99,99,710,1222,100,0,5.977597951889038,0.06037977729180847,0.4,Classifier Error ($p$)
76,Disparity,-12.919052593936273,polblogs,spectral,99,99,99,710,1222,100,0,5.977597951889038,0.06037977729180847,0.4,Classifier Error ($p$)
76,Polarization,-11.52251347727249,polblogs,spectral,99,99,99,710,1222,100,0,5.977597951889038,0.06037977729180847,0.4,Classifier Error ($p$)
76,$\|L_{t} - L_{0}\|_F$ / $\|L_{0}\|_F$,1.6270719771912179,polblogs,spectral,99,99,99,710,1222,100,0,5.977597951889038,0.06037977729180847,0.4,Classifier Error ($p$)
77,Surrogate,-6.781251959394948,polblogs,spectral,99,99,99,710,1222,100,0,5.977597951889038,0.06037977729180847,0.4,Classifier Error ($p$)
77,Disparity,-13.184550794734184,polblogs,spectral,99,99,99,710,1222,100,0,5.977597951889038,0.06037977729180847,0.4,Classifier Error ($p$)
77,Polarization,-12.317946482334415,polblogs,spectral,99,99,99,710,1222,100,0,5.977597951889038,0.06037977729180847,0.4,Classifier Error ($p$)
77,$\|L_{t} - L_{0}\|_F$ / $\|L_{0}\|_F$,1.638208807918658,polblogs,spectral,99,99,99,710,1222,100,0,5.977597951889038,0.06037977729180847,0.4,Classifier Error ($p$)
78,Surrogate,-6.881887726589872,polblogs,spectral,99,99,99,710,1222,100,0,5.977597951889038,0.06037977729180847,0.4,Classifier Error ($p$)
78,Disparity,-13.389368744382491,polblogs,spectral,99,99,99,710,1222,100,0,5.977597951889038,0.06037977729180847,0.4,Classifier Error ($p$)
78,Polarization,-12.441566417221164,polblogs,spectral,99,99,99,710,1222,100,0,5.977597951889038,0.06037977729180847,0.4,Classifier Error ($p$)
78,$\|L_{t} - L_{0}\|_F$ / $\|L_{0}\|_F$,1.6492704380190661,polblogs,spectral,99,99,99,710,1222,100,0,5.977597951889038,0.06037977729180847,0.4,Classifier Error ($p$)
79,Surrogate,-6.939735303236406,polblogs,spectral,99,99,99,710,1222,100,0,5.977597951889038,0.06037977729180847,0.4,Classifier Error ($p$)
79,Disparity,-13.479072337598149,polblogs,spectral,99,99,99,710,1222,100,0,5.977597951889038,0.06037977729180847,0.4,Classifier Error ($p$)
79,Polarization,-12.427090593934121,polblogs,spectral,99,99,99,710,1222,100,0,5.977597951889038,0.06037977729180847,0.4,Classifier Error ($p$)
79,$\|L_{t} - L_{0}\|_F$ / $\|L_{0}\|_F$,1.660258370587221,polblogs,spectral,99,99,99,710,1222,100,0,5.977597951889038,0.06037977729180847,0.4,Classifier Error ($p$)
80,Surrogate,-7.053864775544605,polblogs,spectral,99,99,99,710,1222,100,0,5.977597951889038,0.06037977729180847,0.4,Classifier Error ($p$)
80,Disparity,-13.714016374485876,polblogs,spectral,99,99,99,710,1222,100,0,5.977597951889038,0.06037977729180847,0.4,Classifier Error ($p$)
80,Polarization,-12.698954421629033,polblogs,spectral,99,99,99,710,1222,100,0,5.977597951889038,0.06037977729180847,0.4,Classifier Error ($p$)
80,$\|L_{t} - L_{0}\|_F$ / $\|L_{0}\|_F$,1.6863373232008267,polblogs,spectral,99,99,99,710,1222,100,0,5.977597951889038,0.06037977729180847,0.4,Classifier Error ($p$)
81,Surrogate,-7.174212278588067,polblogs,spectral,99,99,99,710,1222,100,0,5.977597951889038,0.06037977729180847,0.4,Classifier Error ($p$)
81,Disparity,-13.96330936641664,polblogs,spectral,99,99,99,710,1222,100,0,5.977597951889038,0.06037977729180847,0.4,Classifier Error ($p$)
81,Polarization,-12.988529849319711,polblogs,spectral,99,99,99,710,1222,100,0,5.977597951889038,0.06037977729180847,0.4,Classifier Error ($p$)
81,$\|L_{t} - L_{0}\|_F$ / $\|L_{0}\|_F$,1.7013654512637766,polblogs,spectral,99,99,99,710,1222,100,0,5.977597951889038,0.06037977729180847,0.4,Classifier Error ($p$)
82,Surrogate,-7.283508841626957,polblogs,spectral,99,99,99,710,1222,100,0,5.977597951889038,0.06037977729180847,0.4,Classifier Error ($p$)
82,Disparity,-14.194860835624294,polblogs,spectral,99,99,99,710,1222,100,0,5.977597951889038,0.06037977729180847,0.4,Classifier Error ($p$)
82,Polarization,-13.059407483188027,polblogs,spectral,99,99,99,710,1222,100,0,5.977597951889038,0.06037977729180847,0.4,Classifier Error ($p$)
82,$\|L_{t} - L_{0}\|_F$ / $\|L_{0}\|_F$,1.7310303466495673,polblogs,spectral,99,99,99,710,1222,100,0,5.977597951889038,0.06037977729180847,0.4,Classifier Error ($p$)
83,Surrogate,-7.312726141447369,polblogs,spectral,99,99,99,710,1222,100,0,5.977597951889038,0.06037977729180847,0.4,Classifier Error ($p$)
83,Disparity,-14.240101777792697,polblogs,spectral,99,99,99,710,1222,100,0,5.977597951889038,0.06037977729180847,0.4,Classifier Error ($p$)
83,Polarization,-13.259329449161624,polblogs,spectral,99,99,99,710,1222,100,0,5.977597951889038,0.06037977729180847,0.4,Classifier Error ($p$)
83,$\|L_{t} - L_{0}\|_F$ / $\|L_{0}\|_F$,1.7456737645263465,polblogs,spectral,99,99,99,710,1222,100,0,5.977597951889038,0.06037977729180847,0.4,Classifier Error ($p$)
84,Surrogate,-7.371374674523988,polblogs,spectral,99,99,99,710,1222,100,0,5.977597951889038,0.06037977729180847,0.4,Classifier Error ($p$)
84,Disparity,-14.339200173953772,polblogs,spectral,99,99,99,710,1222,100,0,5.977597951889038,0.06037977729180847,0.4,Classifier Error ($p$)
84,Polarization,-13.362685639237402,polblogs,spectral,99,99,99,710,1222,100,0,5.977597951889038,0.06037977729180847,0.4,Classifier Error ($p$)
84,$\|L_{t} - L_{0}\|_F$ / $\|L_{0}\|_F$,1.7331298384419986,polblogs,spectral,99,99,99,710,1222,100,0,5.977597951889038,0.06037977729180847,0.4,Classifier Error ($p$)
85,Surrogate,-7.483486709498111,polblogs,spectral,99,99,99,710,1222,100,0,5.977597951889038,0.06037977729180847,0.4,Classifier Error ($p$)
85,Disparity,-14.562032151939691,polblogs,spectral,99,99,99,710,1222,100,0,5.977597951889038,0.06037977729180847,0.4,Classifier Error ($p$)
85,Polarization,-13.38280874052018,polblogs,spectral,99,99,99,710,1222,100,0,5.977597951889038,0.06037977729180847,0.4,Classifier Error ($p$)
85,$\|L_{t} - L_{0}\|_F$ / $\|L_{0}\|_F$,1.7622601110975973,polblogs,spectral,99,99,99,710,1222,100,0,5.977597951889038,0.06037977729180847,0.4,Classifier Error ($p$)
86,Surrogate,-7.549180083086268,polblogs,spectral,99,99,99,710,1222,100,0,5.977597951889038,0.06037977729180847,0.4,Classifier Error ($p$)
86,Disparity,-14.65056118480011,polblogs,spectral,99,99,99,710,1222,100,0,5.977597951889038,0.06037977729180847,0.4,Classifier Error ($p$)
86,Polarization,-13.498123615753107,polblogs,spectral,99,99,99,710,1222,100,0,5.977597951889038,0.06037977729180847,0.4,Classifier Error ($p$)
86,$\|L_{t} - L_{0}\|_F$ / $\|L_{0}\|_F$,1.7704950162795663,polblogs,spectral,99,99,99,710,1222,100,0,5.977597951889038,0.06037977729180847,0.4,Classifier Error ($p$)
87,Surrogate,-7.6017778033968195,polblogs,spectral,99,99,99,710,1222,100,0,5.977597951889038,0.06037977729180847,0.4,Classifier Error ($p$)
87,Disparity,-14.72770982118984,polblogs,spectral,99,99,99,710,1222,100,0,5.977597951889038,0.06037977729180847,0.4,Classifier Error ($p$)
87,Polarization,-13.6049748479716,polblogs,spectral,99,99,99,710,1222,100,0,5.977597951889038,0.06037977729180847,0.4,Classifier Error ($p$)
87,$\|L_{t} - L_{0}\|_F$ / $\|L_{0}\|_F$,1.778691796286205,polblogs,spectral,99,99,99,710,1222,100,0,5.977597951889038,0.06037977729180847,0.4,Classifier Error ($p$)
88,Surrogate,-7.714428488900732,polblogs,spectral,99,99,99,710,1222,100,0,5.977597951889038,0.06037977729180847,0.4,Classifier Error ($p$)
88,Disparity,-14.967029160444872,polblogs,spectral,99,99,99,710,1222,100,0,5.977597951889038,0.06037977729180847,0.4,Classifier Error ($p$)
88,Polarization,-13.687436122620273,polblogs,spectral,99,99,99,710,1222,100,0,5.977597951889038,0.06037977729180847,0.4,Classifier Error ($p$)
88,$\|L_{t} - L_{0}\|_F$ / $\|L_{0}\|_F$,1.788884955931258,polblogs,spectral,99,99,99,710,1222,100,0,5.977597951889038,0.06037977729180847,0.4,Classifier Error ($p$)
89,Surrogate,-7.788379502314556,polblogs,spectral,99,99,99,710,1222,100,0,5.977597951889038,0.06037977729180847,0.4,Classifier Error ($p$)
89,Disparity,-15.092925178769992,polblogs,spectral,99,99,99,710,1222,100,0,5.977597951889038,0.06037977729180847,0.4,Classifier Error ($p$)
89,Polarization,-13.712176692041659,polblogs,spectral,99,99,99,710,1222,100,0,5.977597951889038,0.06037977729180847,0.4,Classifier Error ($p$)
89,$\|L_{t} - L_{0}\|_F$ / $\|L_{0}\|_F$,1.8050742900410799,polblogs,spectral,99,99,99,710,1222,100,0,5.977597951889038,0.06037977729180847,0.4,Classifier Error ($p$)
90,Surrogate,-7.730526442909895,polblogs,spectral,99,99,99,710,1222,100,0,5.977597951889038,0.06037977729180847,0.4,Classifier Error ($p$)
90,Disparity,-15.018969117858477,polblogs,spectral,99,99,99,710,1222,100,0,5.977597951889038,0.06037977729180847,0.4,Classifier Error ($p$)
90,Polarization,-13.700460643882703,polblogs,spectral,99,99,99,710,1222,100,0,5.977597951889038,0.06037977729180847,0.4,Classifier Error ($p$)
90,$\|L_{t} - L_{0}\|_F$ / $\|L_{0}\|_F$,1.8050742900410799,polblogs,spectral,99,99,99,710,1222,100,0,5.977597951889038,0.06037977729180847,0.4,Classifier Error ($p$)
91,Surrogate,-7.7694604779321,polblogs,spectral,99,99,99,710,1222,100,0,5.977597951889038,0.06037977729180847,0.4,Classifier Error ($p$)
91,Disparity,-15.066981530766313,polblogs,spectral,99,99,99,710,1222,100,0,5.977597951889038,0.06037977729180847,0.4,Classifier Error ($p$)
91,Polarization,-13.826179214924133,polblogs,spectral,99,99,99,710,1222,100,0,5.977597951889038,0.06037977729180847,0.4,Classifier Error ($p$)
91,$\|L_{t} - L_{0}\|_F$ / $\|L_{0}\|_F$,1.8151192996463457,polblogs,spectral,99,99,99,710,1222,100,0,5.977597951889038,0.06037977729180847,0.4,Classifier Error ($p$)
92,Surrogate,-7.811435594722937,polblogs,spectral,99,99,99,710,1222,100,0,5.977597951889038,0.06037977729180847,0.4,Classifier Error ($p$)
92,Disparity,-15.12015898633791,polblogs,spectral,99,99,99,710,1222,100,0,5.977597951889038,0.06037977729180847,0.4,Classifier Error ($p$)
92,Polarization,-13.90265000256144,polblogs,spectral,99,99,99,710,1222,100,0,5.977597951889038,0.06037977729180847,0.4,Classifier Error ($p$)
92,$\|L_{t} - L_{0}\|_F$ / $\|L_{0}\|_F$,1.8271004151951362,polblogs,spectral,99,99,99,710,1222,100,0,5.977597951889038,0.06037977729180847,0.4,Classifier Error ($p$)
93,Surrogate,-7.880855328576909,polblogs,spectral,99,99,99,710,1222,100,0,5.977597951889038,0.06037977729180847,0.4,Classifier Error ($p$)
93,Disparity,-15.236261818110922,polblogs,spectral,99,99,99,710,1222,100,0,5.977597951889038,0.06037977729180847,0.4,Classifier Error ($p$)
93,Polarization,-13.948873283597868,polblogs,spectral,99,99,99,710,1222,100,0,5.977597951889038,0.06037977729180847,0.4,Classifier Error ($p$)
93,$\|L_{t} - L_{0}\|_F$ / $\|L_{0}\|_F$,1.842954078162657,polblogs,spectral,99,99,99,710,1222,100,0,5.977597951889038,0.06037977729180847,0.4,Classifier Error ($p$)
94,Surrogate,-8.002114699462705,polblogs,spectral,99,99,99,710,1222,100,0,5.977597951889038,0.06037977729180847,0.4,Classifier Error ($p$)
94,Disparity,-15.494050570622672,polblogs,spectral,99,99,99,710,1222,100,0,5.977597951889038,0.06037977729180847,0.4,Classifier Error ($p$)
94,Polarization,-13.94423851105889,polblogs,spectral,99,99,99,710,1222,100,0,5.977597951889038,0.06037977729180847,0.4,Classifier Error ($p$)
94,$\|L_{t} - L_{0}\|_F$ / $\|L_{0}\|_F$,1.8508299861741584,polblogs,spectral,99,99,99,710,1222,100,0,5.977597951889038,0.06037977729180847,0.4,Classifier Error ($p$)
95,Surrogate,-8.121836431021311,polblogs,spectral,99,99,99,710,1222,100,0,5.977597951889038,0.06037977729180847,0.4,Classifier Error ($p$)
95,Disparity,-15.750043210071448,polblogs,spectral,99,99,99,710,1222,100,0,5.977597951889038,0.06037977729180847,0.4,Classifier Error ($p$)
95,Polarization,-13.991905009932196,polblogs,spectral,99,99,99,710,1222,100,0,5.977597951889038,0.06037977729180847,0.4,Classifier Error ($p$)
95,$\|L_{t} - L_{0}\|_F$ / $\|L_{0}\|_F$,1.8567149930321114,polblogs,spectral,99,99,99,710,1222,100,0,5.977597951889038,0.06037977729180847,0.4,Classifier Error ($p$)
96,Surrogate,-8.149717624151318,polblogs,spectral,99,99,99,710,1222,100,0,5.977597951889038,0.06037977729180847,0.4,Classifier Error ($p$)
96,Disparity,-15.786677603970176,polblogs,spectral,99,99,99,710,1222,100,0,5.977597951889038,0.06037977729180847,0.4,Classifier Error ($p$)
96,Polarization,-14.326638837159622,polblogs,spectral,99,99,99,710,1222,100,0,5.977597951889038,0.06037977729180847,0.4,Classifier Error ($p$)
96,$\|L_{t} - L_{0}\|_F$ / $\|L_{0}\|_F$,1.8703746674086714,polblogs,spectral,99,99,99,710,1222,100,0,5.977597951889038,0.06037977729180847,0.4,Classifier Error ($p$)
97,Surrogate,-8.231361395879002,polblogs,spectral,99,99,99,710,1222,100,0,5.977597951889038,0.06037977729180847,0.4,Classifier Error ($p$)
97,Disparity,-15.915302877801599,polblogs,spectral,99,99,99,710,1222,100,0,5.977597951889038,0.06037977729180847,0.4,Classifier Error ($p$)
97,Polarization,-14.509081064620682,polblogs,spectral,99,99,99,710,1222,100,0,5.977597951889038,0.06037977729180847,0.4,Classifier Error ($p$)
97,$\|L_{t} - L_{0}\|_F$ / $\|L_{0}\|_F$,1.89356201562011,polblogs,spectral,99,99,99,710,1222,100,0,5.977597951889038,0.06037977729180847,0.4,Classifier Error ($p$)
98,Surrogate,-8.24144281190264,polblogs,spectral,99,99,99,710,1222,100,0,5.977597951889038,0.06037977729180847,0.4,Classifier Error ($p$)
98,Disparity,-15.930705822165276,polblogs,spectral,99,99,99,710,1222,100,0,5.977597951889038,0.06037977729180847,0.4,Classifier Error ($p$)
98,Polarization,-14.54657298093932,polblogs,spectral,99,99,99,710,1222,100,0,5.977597951889038,0.06037977729180847,0.4,Classifier Error ($p$)
98,$\|L_{t} - L_{0}\|_F$ / $\|L_{0}\|_F$,1.8993146223383037,polblogs,spectral,99,99,99,710,1222,100,0,5.977597951889038,0.06037977729180847,0.4,Classifier Error ($p$)
0,Surrogate,-0.13447955878864848,polblogs,spectral,99,99,99,710,1222,100,0,6.242361068725586,0.06305415220934936,0.5,Classifier Error ($p$)
0,Disparity,-0.2808027194935989,polblogs,spectral,99,99,99,710,1222,100,0,6.242361068725586,0.06305415220934936,0.5,Classifier Error ($p$)
0,Polarization,-0.23186835236273265,polblogs,spectral,99,99,99,710,1222,100,0,6.242361068725586,0.06305415220934936,0.5,Classifier Error ($p$)
0,$\|L_{t} - L_{0}\|_F$ / $\|L_{0}\|_F$,0.17056348819447048,polblogs,spectral,99,99,99,710,1222,100,0,6.242361068725586,0.06305415220934936,0.5,Classifier Error ($p$)
1,Surrogate,-0.25868125619146465,polblogs,spectral,99,99,99,710,1222,100,0,6.242361068725586,0.06305415220934936,0.5,Classifier Error ($p$)
1,Disparity,-0.5410223649016175,polblogs,spectral,99,99,99,710,1222,100,0,6.242361068725586,0.06305415220934936,0.5,Classifier Error ($p$)
1,Polarization,-0.11002208269137262,polblogs,spectral,99,99,99,710,1222,100,0,6.242361068725586,0.06305415220934936,0.5,Classifier Error ($p$)
1,$\|L_{t} - L_{0}\|_F$ / $\|L_{0}\|_F$,0.2412131982502834,polblogs,spectral,99,99,99,710,1222,100,0,6.242361068725586,0.06305415220934936,0.5,Classifier Error ($p$)
2,Surrogate,-0.3931696711428285,polblogs,spectral,99,99,99,710,1222,100,0,6.242361068725586,0.06305415220934936,0.5,Classifier Error ($p$)
2,Disparity,-0.8257920629401099,polblogs,spectral,99,99,99,710,1222,100,0,6.242361068725586,0.06305415220934936,0.5,Classifier Error ($p$)
2,Polarization,-0.34244774789040416,polblogs,spectral,99,99,99,710,1222,100,0,6.242361068725586,0.06305415220934936,0.5,Classifier Error ($p$)
2,$\|L_{t} - L_{0}\|_F$ / $\|L_{0}\|_F$,0.29542462746899717,polblogs,spectral,99,99,99,710,1222,100,0,6.242361068725586,0.06305415220934936,0.5,Classifier Error ($p$)
3,Surrogate,-0.46935846427907135,polblogs,spectral,99,99,99,710,1222,100,0,6.242361068725586,0.06305415220934936,0.5,Classifier Error ($p$)
3,Disparity,-0.9516084014798032,polblogs,spectral,99,99,99,710,1222,100,0,6.242361068725586,0.06305415220934936,0.5,Classifier Error ($p$)
3,Polarization,-0.312860795567592,polblogs,spectral,99,99,99,710,1222,100,0,6.242361068725586,0.06305415220934936,0.5,Classifier Error ($p$)
3,$\|L_{t} - L_{0}\|_F$ / $\|L_{0}\|_F$,0.34112697638894096,polblogs,spectral,99,99,99,710,1222,100,0,6.242361068725586,0.06305415220934936,0.5,Classifier Error ($p$)
4,Surrogate,-0.5865316456608909,polblogs,spectral,99,99,99,710,1222,100,0,6.242361068725586,0.06305415220934936,0.5,Classifier Error ($p$)
4,Disparity,-1.2126182577961895,polblogs,spectral,99,99,99,710,1222,100,0,6.242361068725586,0.06305415220934936,0.5,Classifier Error ($p$)
4,Polarization,-0.8318053509854771,polblogs,spectral,99,99,99,710,1222,100,0,6.242361068725586,0.06305415220934936,0.5,Classifier Error ($p$)
4,$\|L_{t} - L_{0}\|_F$ / $\|L_{0}\|_F$,0.3813915540823188,polblogs,spectral,99,99,99,710,1222,100,0,6.242361068725586,0.06305415220934936,0.5,Classifier Error ($p$)
5,Surrogate,-0.6390147612849988,polblogs,spectral,99,99,99,710,1222,100,0,6.242361068725586,0.06305415220934936,0.5,Classifier Error ($p$)
5,Disparity,-1.291640412924474,polblogs,spectral,99,99,99,710,1222,100,0,6.242361068725586,0.06305415220934936,0.5,Classifier Error ($p$)
5,Polarization,-0.8536190975983613,polblogs,spectral,99,99,99,710,1222,100,0,6.242361068725586,0.06305415220934936,0.5,Classifier Error ($p$)
5,$\|L_{t} - L_{0}\|_F$ / $\|L_{0}\|_F$,0.41779351482567506,polblogs,spectral,99,99,99,710,1222,100,0,6.242361068725586,0.06305415220934936,0.5,Classifier Error ($p$)
6,Surrogate,-0.691245462869191,polblogs,spectral,99,99,99,710,1222,100,0,6.242361068725586,0.06305415220934936,0.5,Classifier Error ($p$)
6,Disparity,-1.3706537115856428,polblogs,spectral,99,99,99,710,1222,100,0,6.242361068725586,0.06305415220934936,0.5,Classifier Error ($p$)
6,Polarization,-1.1391780775767917,polblogs,spectral,99,99,99,710,1222,100,0,6.242361068725586,0.06305415220934936,0.5,Classifier Error ($p$)
6,$\|L_{t} - L_{0}\|_F$ / $\|L_{0}\|_F$,0.45126857251026997,polblogs,spectral,99,99,99,710,1222,100,0,6.242361068725586,0.06305415220934936,0.5,Classifier Error ($p$)
7,Surrogate,-0.7734673343397873,polblogs,spectral,99,99,99,710,1222,100,0,6.242361068725586,0.06305415220934936,0.5,Classifier Error ($p$)
7,Disparity,-1.5126190453709074,polblogs,spectral,99,99,99,710,1222,100,0,6.242361068725586,0.06305415220934936,0.5,Classifier Error ($p$)
7,Polarization,-1.2376987199048404,polblogs,spectral,99,99,99,710,1222,100,0,6.242361068725586,0.06305415220934936,0.5,Classifier Error ($p$)
7,$\|L_{t} - L_{0}\|_F$ / $\|L_{0}\|_F$,0.4899063215725925,polblogs,spectral,99,99,99,710,1222,100,0,6.242361068725586,0.06305415220934936,0.5,Classifier Error ($p$)
8,Surrogate,-0.8506794430526706,polblogs,spectral,99,99,99,710,1222,100,0,6.242361068725586,0.06305415220934936,0.5,Classifier Error ($p$)
8,Disparity,-1.6414728520865025,polblogs,spectral,99,99,99,710,1222,100,0,6.242361068725586,0.06305415220934936,0.5,Classifier Error ($p$)
8,Polarization,-1.2200445244704536,polblogs,spectral,99,99,99,710,1222,100,0,6.242361068725586,0.06305415220934936,0.5,Classifier Error ($p$)
8,$\|L_{t} - L_{0}\|_F$ / $\|L_{0}\|_F$,0.5187485975131437,polblogs,spectral,99,99,99,710,1222,100,0,6.242361068725586,0.06305415220934936,0.5,Classifier Error ($p$)
9,Surrogate,-0.9730982557041008,polblogs,spectral,99,99,99,710,1222,100,0,6.242361068725586,0.06305415220934936,0.5,Classifier Error ($p$)
9,Disparity,-1.9010957689988488,polblogs,spectral,99,99,99,710,1222,100,0,6.242361068725586,0.06305415220934936,0.5,Classifier Error ($p$)
9,Polarization,-1.274083748132142,polblogs,spectral,99,99,99,710,1222,100,0,6.242361068725586,0.06305415220934936,0.5,Classifier Error ($p$)
9,$\|L_{t} - L_{0}\|_F$ / $\|L_{0}\|_F$,0.5460696026395527,polblogs,spectral,99,99,99,710,1222,100,0,6.242361068725586,0.06305415220934936,0.5,Classifier Error ($p$)
10,Surrogate,-1.1155255504084116,polblogs,spectral,99,99,99,710,1222,100,0,6.242361068725586,0.06305415220934936,0.5,Classifier Error ($p$)
10,Disparity,-2.2060380903906727,polblogs,spectral,99,99,99,710,1222,100,0,6.242361068725586,0.06305415220934936,0.5,Classifier Error ($p$)
10,Polarization,-1.1827703868812152,polblogs,spectral,99,99,99,710,1222,100,0,6.242361068725586,0.06305415220934936,0.5,Classifier Error ($p$)
10,$\|L_{t} - L_{0}\|_F$ / $\|L_{0}\|_F$,0.5784089300038948,polblogs,spectral,99,99,99,710,1222,100,0,6.242361068725586,0.06305415220934936,0.5,Classifier Error ($p$)
11,Surrogate,-1.2154327282587265,polblogs,spectral,99,99,99,710,1222,100,0,6.242361068725586,0.06305415220934936,0.5,Classifier Error ($p$)
11,Disparity,-2.3913984879534094,polblogs,spectral,99,99,99,710,1222,100,0,6.242361068725586,0.06305415220934936,0.5,Classifier Error ($p$)
11,Polarization,-1.4111212994396387,polblogs,spectral,99,99,99,710,1222,100,0,6.242361068725586,0.06305415220934936,0.5,Classifier Error ($p$)
11,$\|L_{t} - L_{0}\|_F$ / $\|L_{0}\|_F$,0.6030329956257084,polblogs,spectral,99,99,99,710,1222,100,0,6.242361068725586,0.06305415220934936,0.5,Classifier Error ($p$)
12,Surrogate,-1.2893357692549163,polblogs,spectral,99,99,99,710,1222,100,0,6.242361068725586,0.06305415220934936,0.5,Classifier Error ($p$)
12,Disparity,-2.508483457703476,polblogs,spectral,99,99,99,710,1222,100,0,6.242361068725586,0.06305415220934936,0.5,Classifier Error ($p$)
12,Polarization,-1.582230999294512,polblogs,spectral,99,99,99,710,1222,100,0,6.242361068725586,0.06305415220934936,0.5,Classifier Error ($p$)
12,$\|L_{t} - L_{0}\|_F$ / $\|L_{0}\|_F$,0.6324663415507954,polblogs,spectral,99,99,99,710,1222,100,0,6.242361068725586,0.06305415220934936,0.5,Classifier Error ($p$)
13,Surrogate,-1.33693394767297,polblogs,spectral,99,99,99,710,1222,100,0,6.242361068725586,0.06305415220934936,0.5,Classifier Error ($p$)
13,Disparity,-2.5778821081060674,polblogs,spectral,99,99,99,710,1222,100,0,6.242361068725586,0.06305415220934936,0.5,Classifier Error ($p$)
13,Polarization,-1.5761000430891965,polblogs,spectral,99,99,99,710,1222,100,0,6.242361068725586,0.06305415220934936,0.5,Classifier Error ($p$)
13,$\|L_{t} - L_{0}\|_F$ / $\|L_{0}\|_F$,0.6660717141961857,polblogs,spectral,99,99,99,710,1222,100,0,6.242361068725586,0.06305415220934936,0.5,Classifier Error ($p$)
14,Surrogate,-1.4724268858435086,polblogs,spectral,99,99,99,710,1222,100,0,6.242361068725586,0.06305415220934936,0.5,Classifier Error ($p$)
14,Disparity,-2.8693202030124954,polblogs,spectral,99,99,99,710,1222,100,0,6.242361068725586,0.06305415220934936,0.5,Classifier Error ($p$)
14,Polarization,-1.568743482334753,polblogs,spectral,99,99,99,710,1222,100,0,6.242361068725586,0.06305415220934936,0.5,Classifier Error ($p$)
14,$\|L_{t} - L_{0}\|_F$ / $\|L_{0}\|_F$,0.692832164260275,polblogs,spectral,99,99,99,710,1222,100,0,6.242361068725586,0.06305415220934936,0.5,Classifier Error ($p$)
15,Surrogate,-1.5625285059054872,polblogs,spectral,99,99,99,710,1222,100,0,6.242361068725586,0.06305415220934936,0.5,Classifier Error ($p$)
15,Disparity,-3.0053345094498805,polblogs,spectral,99,99,99,710,1222,100,0,6.242361068725586,0.06305415220934936,0.5,Classifier Error ($p$)
15,Polarization,-1.568017598225822,polblogs,spectral,99,99,99,710,1222,100,0,6.242361068725586,0.06305415220934936,0.5,Classifier Error ($p$)
15,$\|L_{t} - L_{0}\|_F$ / $\|L_{0}\|_F$,0.7135182627926506,polblogs,spectral,99,99,99,710,1222,100,0,6.242361068725586,0.06305415220934936,0.5,Classifier Error ($p$)
16,Surrogate,-1.71427738247273,polblogs,spectral,99,99,99,710,1222,100,0,6.242361068725586,0.06305415220934936,0.5,Classifier Error ($p$)
16,Disparity,-3.332425024261302,polblogs,spectral,99,99,99,710,1222,100,0,6.242361068725586,0.06305415220934936,0.5,Classifier Error ($p$)
16,Polarization,-1.8801756917932682,polblogs,spectral,99,99,99,710,1222,100,0,6.242361068725586,0.06305415220934936,0.5,Classifier Error ($p$)
16,$\|L_{t} - L_{0}\|_F$ / $\|L_{0}\|_F$,0.7336213020651099,polblogs,spectral,99,99,99,710,1222,100,0,6.242361068725586,0.06305415220934936,0.5,Classifier Error ($p$)
17,Surrogate,-1.8279388784474369,polblogs,spectral,99,99,99,710,1222,100,0,6.242361068725586,0.06305415220934936,0.5,Classifier Error ($p$)
17,Disparity,-3.5722392026067062,polblogs,spectral,99,99,99,710,1222,100,0,6.242361068725586,0.06305415220934936,0.5,Classifier Error ($p$)
17,Polarization,-1.8786005184801922,polblogs,spectral,99,99,99,710,1222,100,0,6.242361068725586,0.06305415220934936,0.5,Classifier Error ($p$)
17,$\|L_{t} - L_{0}\|_F$ / $\|L_{0}\|_F$,0.7531879701301479,polblogs,spectral,99,99,99,710,1222,100,0,6.242361068725586,0.06305415220934936,0.5,Classifier Error ($p$)
18,Surrogate,-1.9036198705958844,polblogs,spectral,99,99,99,710,1222,100,0,6.242361068725586,0.06305415220934936,0.5,Classifier Error ($p$)
18,Disparity,-3.6949791090462356,polblogs,spectral,99,99,99,710,1222,100,0,6.242361068725586,0.06305415220934936,0.5,Classifier Error ($p$)
18,Polarization,-1.8726604138179066,polblogs,spectral,99,99,99,710,1222,100,0,6.242361068725586,0.06305415220934936,0.5,Classifier Error ($p$)
18,$\|L_{t} - L_{0}\|_F$ / $\|L_{0}\|_F$,0.7769536651114429,polblogs,spectral,99,99,99,710,1222,100,0,6.242361068725586,0.06305415220934936,0.5,Classifier Error ($p$)
19,Surrogate,-1.9545557375381957,polblogs,spectral,99,99,99,710,1222,100,0,6.242361068725586,0.06305415220934936,0.5,Classifier Error ($p$)
19,Disparity,-3.7672424982357158,polblogs,spectral,99,99,99,710,1222,100,0,6.242361068725586,0.06305415220934936,0.5,Classifier Error ($p$)
19,Polarization,-1.9074523119042737,polblogs,spectral,99,99,99,710,1222,100,0,6.242361068725586,0.06305415220934936,0.5,Classifier Error ($p$)
19,$\|L_{t} - L_{0}\|_F$ / $\|L_{0}\|_F$,0.7908703593882521,polblogs,spectral,99,99,99,710,1222,100,0,6.242361068725586,0.06305415220934936,0.5,Classifier Error ($p$)
20,Surrogate,-2.0826215272113386,polblogs,spectral,99,99,99,710,1222,100,0,6.242361068725586,0.06305415220934936,0.5,Classifier Error ($p$)
20,Disparity,-4.050653421271321,polblogs,spectral,99,99,99,710,1222,100,0,6.242361068725586,0.06305415220934936,0.5,Classifier Error ($p$)
20,Polarization,-1.8948410742268706,polblogs,spectral,99,99,99,710,1222,100,0,6.242361068725586,0.06305415220934936,0.5,Classifier Error ($p$)
20,$\|L_{t} - L_{0}\|_F$ / $\|L_{0}\|_F$,0.8090536625366506,polblogs,spectral,99,99,99,710,1222,100,0,6.242361068725586,0.06305415220934936,0.5,Classifier Error ($p$)
21,Surrogate,-2.136283982236912,polblogs,spectral,99,99,99,710,1222,100,0,6.242361068725586,0.06305415220934936,0.5,Classifier Error ($p$)
21,Disparity,-4.131374704090465,polblogs,spectral,99,99,99,710,1222,100,0,6.242361068725586,0.06305415220934936,0.5,Classifier Error ($p$)
21,Polarization,-1.9829093121764656,polblogs,spectral,99,99,99,710,1222,100,0,6.242361068725586,0.06305415220934936,0.5,Classifier Error ($p$)
21,$\|L_{t} - L_{0}\|_F$ / $\|L_{0}\|_F$,0.8312236210823776,polblogs,spectral,99,99,99,710,1222,100,0,6.242361068725586,0.06305415220934936,0.5,Classifier Error ($p$)
22,Surrogate,-2.2685125907822465,polblogs,spectral,99,99,99,710,1222,100,0,6.242361068725586,0.06305415220934936,0.5,Classifier Error ($p$)
22,Disparity,-4.422250781542218,polblogs,spectral,99,99,99,710,1222,100,0,6.242361068725586,0.06305415220934936,0.5,Classifier Error ($p$)
22,Polarization,-1.9130030674444176,polblogs,spectral,99,99,99,710,1222,100,0,6.242361068725586,0.06305415220934936,0.5,Classifier Error ($p$)
22,$\|L_{t} - L_{0}\|_F$ / $\|L_{0}\|_F$,0.8528174409723523,polblogs,spectral,99,99,99,710,1222,100,0,6.242361068725586,0.06305415220934936,0.5,Classifier Error ($p$)
23,Surrogate,-2.413108413205014,polblogs,spectral,99,99,99,710,1222,100,0,6.242361068725586,0.06305415220934936,0.5,Classifier Error ($p$)
23,Disparity,-4.7293770542016365,polblogs,spectral,99,99,99,710,1222,100,0,6.242361068725586,0.06305415220934936,0.5,Classifier Error ($p$)
23,Polarization,-2.036454005634912,polblogs,spectral,99,99,99,710,1222,100,0,6.242361068725586,0.06305415220934936,0.5,Classifier Error ($p$)
23,$\|L_{t} - L_{0}\|_F$ / $\|L_{0}\|_F$,0.8697065546100573,polblogs,spectral,99,99,99,710,1222,100,0,6.242361068725586,0.06305415220934936,0.5,Classifier Error ($p$)
24,Surrogate,-2.44674785745636,polblogs,spectral,99,99,99,710,1222,100,0,6.242361068725586,0.06305415220934936,0.5,Classifier Error ($p$)
24,Disparity,-4.7802236219921,polblogs,spectral,99,99,99,710,1222,100,0,6.242361068725586,0.06305415220934936,0.5,Classifier Error ($p$)
24,Polarization,-2.147179479470278,polblogs,spectral,99,99,99,710,1222,100,0,6.242361068725586,0.06305415220934936,0.5,Classifier Error ($p$)
24,$\|L_{t} - L_{0}\|_F$ / $\|L_{0}\|_F$,0.8862738824069917,polblogs,spectral,99,99,99,710,1222,100,0,6.242361068725586,0.06305415220934936,0.5,Classifier Error ($p$)
25,Surrogate,-2.5746844380331817,polblogs,spectral,99,99,99,710,1222,100,0,6.242361068725586,0.06305415220934936,0.5,Classifier Error ($p$)
25,Disparity,-5.049452441361622,polblogs,spectral,99,99,99,710,1222,100,0,6.242361068725586,0.06305415220934936,0.5,Classifier Error ($p$)
25,Polarization,-2.1473514915238296,polblogs,spectral,99,99,99,710,1222,100,0,6.242361068725586,0.06305415220934936,0.5,Classifier Error ($p$)
25,$\|L_{t} - L_{0}\|_F$ / $\|L_{0}\|_F$,0.9145448188966062,polblogs,spectral,99,99,99,710,1222,100,0,6.242361068725586,0.06305415220934936,0.5,Classifier Error ($p$)
26,Surrogate,-2.6402926011720136,polblogs,spectral,99,99,99,710,1222,100,0,6.242361068725586,0.06305415220934936,0.5,Classifier Error ($p$)
26,Disparity,-5.154534920933121,polblogs,spectral,99,99,99,710,1222,100,0,6.242361068725586,0.06305415220934936,0.5,Classifier Error ($p$)
26,Polarization,-2.2263595644632206,polblogs,spectral,99,99,99,710,1222,100,0,6.242361068725586,0.06305415220934936,0.5,Classifier Error ($p$)
26,$\|L_{t} - L_{0}\|_F$ / $\|L_{0}\|_F$,0.9263968660349761,polblogs,spectral,99,99,99,710,1222,100,0,6.242361068725586,0.06305415220934936,0.5,Classifier Error ($p$)
27,Surrogate,-2.6732411435080987,polblogs,spectral,99,99,99,710,1222,100,0,6.242361068725586,0.06305415220934936,0.5,Classifier Error ($p$)
27,Disparity,-5.2049378158939295,polblogs,spectral,99,99,99,710,1222,100,0,6.242361068725586,0.06305415220934936,0.5,Classifier Error ($p$)
27,Polarization,-2.364365386518516,polblogs,spectral,99,99,99,710,1222,100,0,6.242361068725586,0.06305415220934936,0.5,Classifier Error ($p$)
27,$\|L_{t} - L_{0}\|_F$ / $\|L_{0}\|_F$,0.9496573111691519,polblogs,spectral,99,99,99,710,1222,100,0,6.242361068725586,0.06305415220934936,0.5,Classifier Error ($p$)
28,Surrogate,-2.749724476560743,polblogs,spectral,99,99,99,710,1222,100,0,6.242361068725586,0.06305415220934936,0.5,Classifier Error ($p$)
28,Disparity,-5.331256819799988,polblogs,spectral,99,99,99,710,1222,100,0,6.242361068725586,0.06305415220934936,0.5,Classifier Error ($p$)
28,Polarization,-2.3854061354483256,polblogs,spectral,99,99,99,710,1222,100,0,6.242361068725586,0.06305415220934936,0.5,Classifier Error ($p$)
28,$\|L_{t} - L_{0}\|_F$ / $\|L_{0}\|_F$,0.9610764466398197,polblogs,spectral,99,99,99,710,1222,100,0,6.242361068725586,0.06305415220934936,0.5,Classifier Error ($p$)
29,Surrogate,-2.8230833732175054,polblogs,spectral,99,99,99,710,1222,100,0,6.242361068725586,0.06305415220934936,0.5,Classifier Error ($p$)
29,Disparity,-5.453030721482054,polblogs,spectral,99,99,99,710,1222,100,0,6.242361068725586,0.06305415220934936,0.5,Classifier Error ($p$)
29,Polarization,-2.4004202689198713,polblogs,spectral,99,99,99,710,1222,100,0,6.242361068725586,0.06305415220934936,0.5,Classifier Error ($p$)
29,$\|L_{t} - L_{0}\|_F$ / $\|L_{0}\|_F$,0.9835170519840619,polblogs,spectral,99,99,99,710,1222,100,0,6.242361068725586,0.06305415220934936,0.5,Classifier Error ($p$)
30,Surrogate,-2.8577623542719532,polblogs,spectral,99,99,99,710,1222,100,0,6.242361068725586,0.06305415220934936,0.5,Classifier Error ($p$)
30,Disparity,-5.504257042383283,polblogs,spectral,99,99,99,710,1222,100,0,6.242361068725586,0.06305415220934936,0.5,Classifier Error ($p$)
30,Polarization,-2.40077488334175,polblogs,spectral,99,99,99,710,1222,100,0,6.242361068725586,0.06305415220934936,0.5,Classifier Error ($p$)
30,$\|L_{t} - L_{0}\|_F$ / $\|L_{0}\|_F$,1.0018336543182964,polblogs,spectral,99,99,99,710,1222,100,0,6.242361068725586,0.06305415220934936,0.5,Classifier Error ($p$)
31,Surrogate,-2.929075183582907,polblogs,spectral,99,99,99,710,1222,100,0,6.242361068725586,0.06305415220934936,0.5,Classifier Error ($p$)
31,Disparity,-5.622023360199041,polblogs,spectral,99,99,99,710,1222,100,0,6.242361068725586,0.06305415220934936,0.5,Classifier Error ($p$)
31,Polarization,-2.530744349332783,polblogs,spectral,99,99,99,710,1222,100,0,6.242361068725586,0.06305415220934936,0.5,Classifier Error ($p$)
31,$\|L_{t} - L_{0}\|_F$ / $\|L_{0}\|_F$,1.0162492678618846,polblogs,spectral,99,99,99,710,1222,100,0,6.242361068725586,0.06305415220934936,0.5,Classifier Error ($p$)
32,Surrogate,-2.9419901493146114,polblogs,spectral,99,99,99,710,1222,100,0,6.242361068725586,0.06305415220934936,0.5,Classifier Error ($p$)
32,Disparity,-5.636069637384073,polblogs,spectral,99,99,99,710,1222,100,0,6.242361068725586,0.06305415220934936,0.5,Classifier Error ($p$)
32,Polarization,-2.5847141323262517,polblogs,spectral,99,99,99,710,1222,100,0,6.242361068725586,0.06305415220934936,0.5,Classifier Error ($p$)
32,$\|L_{t} - L_{0}\|_F$ / $\|L_{0}\|_F$,1.0304632346352207,polblogs,spectral,99,99,99,710,1222,100,0,6.242361068725586,0.06305415220934936,0.5,Classifier Error ($p$)
33,Surrogate,-3.01516604833618,polblogs,spectral,99,99,99,710,1222,100,0,6.242361068725586,0.06305415220934936,0.5,Classifier Error ($p$)
33,Disparity,-5.754529505640591,polblogs,spectral,99,99,99,710,1222,100,0,6.242361068725586,0.06305415220934936,0.5,Classifier Error ($p$)
33,Polarization,-2.989146940637576,polblogs,spectral,99,99,99,710,1222,100,0,6.242361068725586,0.06305415220934936,0.5,Classifier Error ($p$)
33,$\|L_{t} - L_{0}\|_F$ / $\|L_{0}\|_F$,1.0479596162621028,polblogs,spectral,99,99,99,710,1222,100,0,6.242361068725586,0.06305415220934936,0.5,Classifier Error ($p$)
34,Surrogate,-3.084245210543799,polblogs,spectral,99,99,99,710,1222,100,0,6.242361068725586,0.06305415220934936,0.5,Classifier Error ($p$)
34,Disparity,-5.865543573943137,polblogs,spectral,99,99,99,710,1222,100,0,6.242361068725586,0.06305415220934936,0.5,Classifier Error ($p$)
34,Polarization,-3.1027717978137734,polblogs,spectral,99,99,99,710,1222,100,0,6.242361068725586,0.06305415220934936,0.5,Classifier Error ($p$)
34,$\|L_{t} - L_{0}\|_F$ / $\|L_{0}\|_F$,1.0617491515519468,polblogs,spectral,99,99,99,710,1222,100,0,6.242361068725586,0.06305415220934936,0.5,Classifier Error ($p$)
35,Surrogate,-3.20558382165144,polblogs,spectral,99,99,99,710,1222,100,0,6.242361068725586,0.06305415220934936,0.5,Classifier Error ($p$)
35,Disparity,-6.123590286473511,polblogs,spectral,99,99,99,710,1222,100,0,6.242361068725586,0.06305415220934936,0.5,Classifier Error ($p$)
35,Polarization,-3.2206791496855196,polblogs,spectral,99,99,99,710,1222,100,0,6.242361068725586,0.06305415220934936,0.5,Classifier Error ($p$)
35,$\|L_{t} - L_{0}\|_F$ / $\|L_{0}\|_F$,1.0719749010355037,polblogs,spectral,99,99,99,710,1222,100,0,6.242361068725586,0.06305415220934936,0.5,Classifier Error ($p$)
36,Surrogate,-3.3329905664273345,polblogs,spectral,99,99,99,710,1222,100,0,6.242361068725586,0.06305415220934936,0.5,Classifier Error ($p$)
36,Disparity,-6.389640277366309,polblogs,spectral,99,99,99,710,1222,100,0,6.242361068725586,0.06305415220934936,0.5,Classifier Error ($p$)
36,Polarization,-3.1782121307649054,polblogs,spectral,99,99,99,710,1222,100,0,6.242361068725586,0.06305415220934936,0.5,Classifier Error ($p$)
36,$\|L_{t} - L_{0}\|_F$ / $\|L_{0}\|_F$,1.0921392052791055,polblogs,spectral,99,99,99,710,1222,100,0,6.242361068725586,0.06305415220934936,0.5,Classifier Error ($p$)
37,Surrogate,-3.4608832856559677,polblogs,spectral,99,99,99,710,1222,100,0,6.242361068725586,0.06305415220934936,0.5,Classifier Error ($p$)
37,Disparity,-6.639904733107009,polblogs,spectral,99,99,99,710,1222,100,0,6.242361068725586,0.06305415220934936,0.5,Classifier Error ($p$)
37,Polarization,-3.250299910362576,polblogs,spectral,99,99,99,710,1222,100,0,6.242361068725586,0.06305415220934936,0.5,Classifier Error ($p$)
37,$\|L_{t} - L_{0}\|_F$ / $\|L_{0}\|_F$,1.1053777396043134,polblogs,spectral,99,99,99,710,1222,100,0,6.242361068725586,0.06305415220934936,0.5,Classifier Error ($p$)
38,Surrogate,-3.5082267722704215,polblogs,spectral,99,99,99,710,1222,100,0,6.242361068725586,0.06305415220934936,0.5,Classifier Error ($p$)
38,Disparity,-6.710399320115859,polblogs,spectral,99,99,99,710,1222,100,0,6.242361068725586,0.06305415220934936,0.5,Classifier Error ($p$)
38,Polarization,-3.251840213698006,polblogs,spectral,99,99,99,710,1222,100,0,6.242361068725586,0.06305415220934936,0.5,Classifier Error ($p$)
38,$\|L_{t} - L_{0}\|_F$ / $\|L_{0}\|_F$,1.11845958832575,polblogs,spectral,99,99,99,710,1222,100,0,6.242361068725586,0.06305415220934936,0.5,Classifier Error ($p$)
39,Surrogate,-3.6403607700472946,polblogs,spectral,99,99,99,710,1222,100,0,6.242361068725586,0.06305415220934936,0.5,Classifier Error ($p$)
39,Disparity,-6.99598913957936,polblogs,spectral,99,99,99,710,1222,100,0,6.242361068725586,0.06305415220934936,0.5,Classifier Error ($p$)
39,Polarization,-3.269829886933081,polblogs,spectral,99,99,99,710,1222,100,0,6.242361068725586,0.06305415220934936,0.5,Classifier Error ($p$)
39,$\|L_{t} - L_{0}\|_F$ / $\|L_{0}\|_F$,1.1313901865505425,polblogs,spectral,99,99,99,710,1222,100,0,6.242361068725586,0.06305415220934936,0.5,Classifier Error ($p$)
40,Surrogate,-3.7289379508343234,polblogs,spectral,99,99,99,710,1222,100,0,6.242361068725586,0.06305415220934936,0.5,Classifier Error ($p$)
40,Disparity,-7.16950736150458,polblogs,spectral,99,99,99,710,1222,100,0,6.242361068725586,0.06305415220934936,0.5,Classifier Error ($p$)
40,Polarization,-3.665122240753449,polblogs,spectral,99,99,99,710,1222,100,0,6.242361068725586,0.06305415220934936,0.5,Classifier Error ($p$)
40,$\|L_{t} - L_{0}\|_F$ / $\|L_{0}\|_F$,1.1473485231629503,polblogs,spectral,99,99,99,710,1222,100,0,6.242361068725586,0.06305415220934936,0.5,Classifier Error ($p$)
41,Surrogate,-3.8747450165459907,polblogs,spectral,99,99,99,710,1222,100,0,6.242361068725586,0.06305415220934936,0.5,Classifier Error ($p$)
41,Disparity,-7.4714705701413155,polblogs,spectral,99,99,99,710,1222,100,0,6.242361068725586,0.06305415220934936,0.5,Classifier Error ($p$)
41,Polarization,-3.754867497387794,polblogs,spectral,99,99,99,710,1222,100,0,6.242361068725586,0.06305415220934936,0.5,Classifier Error ($p$)
41,$\|L_{t} - L_{0}\|_F$ / $\|L_{0}\|_F$,1.159957127272068,polblogs,spectral,99,99,99,710,1222,100,0,6.242361068725586,0.06305415220934936,0.5,Classifier Error ($p$)
42,Surrogate,-3.9438587329104595,polblogs,spectral,99,99,99,710,1222,100,0,6.242361068725586,0.06305415220934936,0.5,Classifier Error ($p$)
42,Disparity,-7.59090855573895,polblogs,spectral,99,99,99,710,1222,100,0,6.242361068725586,0.06305415220934936,0.5,Classifier Error ($p$)
42,Polarization,-3.6489818700587513,polblogs,spectral,99,99,99,710,1222,100,0,6.242361068725586,0.06305415220934936,0.5,Classifier Error ($p$)
42,$\|L_{t} - L_{0}\|_F$ / $\|L_{0}\|_F$,1.1724301431703015,polblogs,spectral,99,99,99,710,1222,100,0,6.242361068725586,0.06305415220934936,0.5,Classifier Error ($p$)
43,Surrogate,-3.9950267216074478,polblogs,spectral,99,99,99,710,1222,100,0,6.242361068725586,0.06305415220934936,0.5,Classifier Error ($p$)
43,Disparity,-7.663536731814904,polblogs,spectral,99,99,99,710,1222,100,0,6.242361068725586,0.06305415220934936,0.5,Classifier Error ($p$)
43,Polarization,-3.7284584931810896,polblogs,spectral,99,99,99,710,1222,100,0,6.242361068725586,0.06305415220934936,0.5,Classifier Error ($p$)
43,$\|L_{t} - L_{0}\|_F$ / $\|L_{0}\|_F$,1.1816985098759887,polblogs,spectral,99,99,99,710,1222,100,0,6.242361068725586,0.06305415220934936,0.5,Classifier Error ($p$)
44,Surrogate,-4.137031750813702,polblogs,spectral,99,99,99,710,1222,100,0,6.242361068725586,0.06305415220934936,0.5,Classifier Error ($p$)
44,Disparity,-7.970118026704669,polblogs,spectral,99,99,99,710,1222,100,0,6.242361068725586,0.06305415220934936,0.5,Classifier Error ($p$)
44,Polarization,-3.9371137807788283,polblogs,spectral,99,99,99,710,1222,100,0,6.242361068725586,0.06305415220934936,0.5,Classifier Error ($p$)
44,$\|L_{t} - L_{0}\|_F$ / $\|L_{0}\|_F$,1.2000205096167025,polblogs,spectral,99,99,99,710,1222,100,0,6.242361068725586,0.06305415220934936,0.5,Classifier Error ($p$)
45,Surrogate,-4.216501341473525,polblogs,spectral,99,99,99,710,1222,100,0,6.242361068725586,0.06305415220934936,0.5,Classifier Error ($p$)
45,Disparity,-8.089287982080371,polblogs,spectral,99,99,99,710,1222,100,0,6.242361068725586,0.06305415220934936,0.5,Classifier Error ($p$)
45,Polarization,-3.9785946728244204,polblogs,spectral,99,99,99,710,1222,100,0,6.242361068725586,0.06305415220934936,0.5,Classifier Error ($p$)
45,$\|L_{t} - L_{0}\|_F$ / $\|L_{0}\|_F$,1.2120813202940617,polblogs,spectral,99,99,99,710,1222,100,0,6.242361068725586,0.06305415220934936,0.5,Classifier Error ($p$)
46,Surrogate,-4.345058739756949,polblogs,spectral,99,99,99,710,1222,100,0,6.242361068725586,0.06305415220934936,0.5,Classifier Error ($p$)
46,Disparity,-8.3674192583532,polblogs,spectral,99,99,99,710,1222,100,0,6.242361068725586,0.06305415220934936,0.5,Classifier Error ($p$)
46,Polarization,-3.969394284032146,polblogs,spectral,99,99,99,710,1222,100,0,6.242361068725586,0.06305415220934936,0.5,Classifier Error ($p$)
46,$\|L_{t} - L_{0}\|_F$ / $\|L_{0}\|_F$,1.2329038722218613,polblogs,spectral,99,99,99,710,1222,100,0,6.242361068725586,0.06305415220934936,0.5,Classifier Error ($p$)
47,Surrogate,-4.476893340135854,polblogs,spectral,99,99,99,710,1222,100,0,6.242361068725586,0.06305415220934936,0.5,Classifier Error ($p$)
47,Disparity,-8.654551070746994,polblogs,spectral,99,99,99,710,1222,100,0,6.242361068725586,0.06305415220934936,0.5,Classifier Error ($p$)
47,Polarization,-4.040429701403244,polblogs,spectral,99,99,99,710,1222,100,0,6.242361068725586,0.06305415220934936,0.5,Classifier Error ($p$)
47,$\|L_{t} - L_{0}\|_F$ / $\|L_{0}\|_F$,1.2504758347914036,polblogs,spectral,99,99,99,710,1222,100,0,6.242361068725586,0.06305415220934936,0.5,Classifier Error ($p$)
48,Surrogate,-4.5614999464055,polblogs,spectral,99,99,99,710,1222,100,0,6.242361068725586,0.06305415220934936,0.5,Classifier Error ($p$)
48,Disparity,-8.806089941725686,polblogs,spectral,99,99,99,710,1222,100,0,6.242361068725586,0.06305415220934936,0.5,Classifier Error ($p$)
48,Polarization,-4.160687855645128,polblogs,spectral,99,99,99,710,1222,100,0,6.242361068725586,0.06305415220934936,0.5,Classifier Error ($p$)
48,$\|L_{t} - L_{0}\|_F$ / $\|L_{0}\|_F$,1.270669368691605,polblogs,spectral,99,99,99,710,1222,100,0,6.242361068725586,0.06305415220934936,0.5,Classifier Error ($p$)
49,Surrogate,-4.613371669628247,polblogs,spectral,99,99,99,710,1222,100,0,6.242361068725586,0.06305415220934936,0.5,Classifier Error ($p$)
49,Disparity,-8.880864488624043,polblogs,spectral,99,99,99,710,1222,100,0,6.242361068725586,0.06305415220934936,0.5,Classifier Error ($p$)
49,Polarization,-4.144199177724577,polblogs,spectral,99,99,99,710,1222,100,0,6.242361068725586,0.06305415220934936,0.5,Classifier Error ($p$)
49,$\|L_{t} - L_{0}\|_F$ / $\|L_{0}\|_F$,1.2905469676323238,polblogs,spectral,99,99,99,710,1222,100,0,6.242361068725586,0.06305415220934936,0.5,Classifier Error ($p$)
50,Surrogate,-4.680641007449818,polblogs,spectral,99,99,99,710,1222,100,0,6.242361068725586,0.06305415220934936,0.5,Classifier Error ($p$)
50,Disparity,-8.987399192095884,polblogs,spectral,99,99,99,710,1222,100,0,6.242361068725586,0.06305415220934936,0.5,Classifier Error ($p$)
50,Polarization,-4.123395179768312,polblogs,spectral,99,99,99,710,1222,100,0,6.242361068725586,0.06305415220934936,0.5,Classifier Error ($p$)
50,$\|L_{t} - L_{0}\|_F$ / $\|L_{0}\|_F$,1.3017693264054317,polblogs,spectral,99,99,99,710,1222,100,0,6.242361068725586,0.06305415220934936,0.5,Classifier Error ($p$)
51,Surrogate,-4.81801851774942,polblogs,spectral,99,99,99,710,1222,100,0,6.242361068725586,0.06305415220934936,0.5,Classifier Error ($p$)
51,Disparity,-9.276756671957132,polblogs,spectral,99,99,99,710,1222,100,0,6.242361068725586,0.06305415220934936,0.5,Classifier Error ($p$)
51,Polarization,-4.187634743078203,polblogs,spectral,99,99,99,710,1222,100,0,6.242361068725586,0.06305415220934936,0.5,Classifier Error ($p$)
51,$\|L_{t} - L_{0}\|_F$ / $\|L_{0}\|_F$,1.3156626689814463,polblogs,spectral,99,99,99,710,1222,100,0,6.242361068725586,0.06305415220934936,0.5,Classifier Error ($p$)
52,Surrogate,-4.871628249195936,polblogs,spectral,99,99,99,710,1222,100,0,6.242361068725586,0.06305415220934936,0.5,Classifier Error ($p$)
52,Disparity,-9.353760814015653,polblogs,spectral,99,99,99,710,1222,100,0,6.242361068725586,0.06305415220934936,0.5,Classifier Error ($p$)
52,Polarization,-4.351900778262144,polblogs,spectral,99,99,99,710,1222,100,0,6.242361068725586,0.06305415220934936,0.5,Classifier Error ($p$)
52,$\|L_{t} - L_{0}\|_F$ / $\|L_{0}\|_F$,1.3266725903765586,polblogs,spectral,99,99,99,710,1222,100,0,6.242361068725586,0.06305415220934936,0.5,Classifier Error ($p$)
53,Surrogate,-4.943061532127302,polblogs,spectral,99,99,99,710,1222,100,0,6.242361068725586,0.06305415220934936,0.5,Classifier Error ($p$)
53,Disparity,-9.469089427888896,polblogs,spectral,99,99,99,710,1222,100,0,6.242361068725586,0.06305415220934936,0.5,Classifier Error ($p$)
53,Polarization,-4.34384475432885,polblogs,spectral,99,99,99,710,1222,100,0,6.242361068725586,0.06305415220934936,0.5,Classifier Error ($p$)
53,$\|L_{t} - L_{0}\|_F$ / $\|L_{0}\|_F$,1.3430182490621807,polblogs,spectral,99,99,99,710,1222,100,0,6.242361068725586,0.06305415220934936,0.5,Classifier Error ($p$)
54,Surrogate,-5.06831437025415,polblogs,spectral,99,99,99,710,1222,100,0,6.242361068725586,0.06305415220934936,0.5,Classifier Error ($p$)
54,Disparity,-9.741803034816904,polblogs,spectral,99,99,99,710,1222,100,0,6.242361068725586,0.06305415220934936,0.5,Classifier Error ($p$)
54,Polarization,-4.478587960354242,polblogs,spectral,99,99,99,710,1222,100,0,6.242361068725586,0.06305415220934936,0.5,Classifier Error ($p$)
54,$\|L_{t} - L_{0}\|_F$ / $\|L_{0}\|_F$,1.3564891804564376,polblogs,spectral,99,99,99,710,1222,100,0,6.242361068725586,0.06305415220934936,0.5,Classifier Error ($p$)
55,Surrogate,-5.183375581164166,polblogs,spectral,99,99,99,710,1222,100,0,6.242361068725586,0.06305415220934936,0.5,Classifier Error ($p$)
55,Disparity,-9.982267223461808,polblogs,spectral,99,99,99,710,1222,100,0,6.242361068725586,0.06305415220934936,0.5,Classifier Error ($p$)
55,Polarization,-4.5058226975701245,polblogs,spectral,99,99,99,710,1222,100,0,6.242361068725586,0.06305415220934936,0.5,Classifier Error ($p$)
55,$\|L_{t} - L_{0}\|_F$ / $\|L_{0}\|_F$,1.3724797819833179,polblogs,spectral,99,99,99,710,1222,100,0,6.242361068725586,0.06305415220934936,0.5,Classifier Error ($p$)
56,Surrogate,-5.302978599962181,polblogs,spectral,99,99,99,710,1222,100,0,6.242361068725586,0.06305415220934936,0.5,Classifier Error ($p$)
56,Disparity,-10.228845492151546,polblogs,spectral,99,99,99,710,1222,100,0,6.242361068725586,0.06305415220934936,0.5,Classifier Error ($p$)
56,Polarization,-4.564165988866739,polblogs,spectral,99,99,99,710,1222,100,0,6.242361068725586,0.06305415220934936,0.5,Classifier Error ($p$)
56,$\|L_{t} - L_{0}\|_F$ / $\|L_{0}\|_F$,1.3830374743505836,polblogs,spectral,99,99,99,710,1222,100,0,6.242361068725586,0.06305415220934936,0.5,Classifier Error ($p$)
57,Surrogate,-5.385650069532874,polblogs,spectral,99,99,99,710,1222,100,0,6.242361068725586,0.06305415220934936,0.5,Classifier Error ($p$)
57,Disparity,-10.35752295465413,polblogs,spectral,99,99,99,710,1222,100,0,6.242361068725586,0.06305415220934936,0.5,Classifier Error ($p$)
57,Polarization,-4.546895415163737,polblogs,spectral,99,99,99,710,1222,100,0,6.242361068725586,0.06305415220934936,0.5,Classifier Error ($p$)
57,$\|L_{t} - L_{0}\|_F$ / $\|L_{0}\|_F$,1.4013220495631635,polblogs,spectral,99,99,99,710,1222,100,0,6.242361068725586,0.06305415220934936,0.5,Classifier Error ($p$)
58,Surrogate,-5.4516132192525975,polblogs,spectral,99,99,99,710,1222,100,0,6.242361068725586,0.06305415220934936,0.5,Classifier Error ($p$)
58,Disparity,-10.4632571744365,polblogs,spectral,99,99,99,710,1222,100,0,6.242361068725586,0.06305415220934936,0.5,Classifier Error ($p$)
58,Polarization,-4.523305938677244,polblogs,spectral,99,99,99,710,1222,100,0,6.242361068725586,0.06305415220934936,0.5,Classifier Error ($p$)
58,$\|L_{t} - L_{0}\|_F$ / $\|L_{0}\|_F$,1.4142377331881784,polblogs,spectral,99,99,99,710,1222,100,0,6.242361068725586,0.06305415220934936,0.5,Classifier Error ($p$)
59,Surrogate,-5.56889938367042,polblogs,spectral,99,99,99,710,1222,100,0,6.242361068725586,0.06305415220934936,0.5,Classifier Error ($p$)
59,Disparity,-10.70472869078763,polblogs,spectral,99,99,99,710,1222,100,0,6.242361068725586,0.06305415220934936,0.5,Classifier Error ($p$)
59,Polarization,-4.553055342644978,polblogs,spectral,99,99,99,710,1222,100,0,6.242361068725586,0.06305415220934936,0.5,Classifier Error ($p$)
59,$\|L_{t} - L_{0}\|_F$ / $\|L_{0}\|_F$,1.4244859667537275,polblogs,spectral,99,99,99,710,1222,100,0,6.242361068725586,0.06305415220934936,0.5,Classifier Error ($p$)
60,Surrogate,-5.63412527552728,polblogs,spectral,99,99,99,710,1222,100,0,6.242361068725586,0.06305415220934936,0.5,Classifier Error ($p$)
60,Disparity,-10.807524841768302,polblogs,spectral,99,99,99,710,1222,100,0,6.242361068725586,0.06305415220934936,0.5,Classifier Error ($p$)
60,Polarization,-4.541716880487579,polblogs,spectral,99,99,99,710,1222,100,0,6.242361068725586,0.06305415220934936,0.5,Classifier Error ($p$)
60,$\|L_{t} - L_{0}\|_F$ / $\|L_{0}\|_F$,1.4397215441660587,polblogs,spectral,99,99,99,710,1222,100,0,6.242361068725586,0.06305415220934936,0.5,Classifier Error ($p$)
61,Surrogate,-5.704187240280466,polblogs,spectral,99,99,99,710,1222,100,0,6.242361068725586,0.06305415220934936,0.5,Classifier Error ($p$)
61,Disparity,-10.918695343530617,polblogs,spectral,99,99,99,710,1222,100,0,6.242361068725586,0.06305415220934936,0.5,Classifier Error ($p$)
61,Polarization,-4.6661945115746475,polblogs,spectral,99,99,99,710,1222,100,0,6.242361068725586,0.06305415220934936,0.5,Classifier Error ($p$)
61,$\|L_{t} - L_{0}\|_F$ / $\|L_{0}\|_F$,1.4497896496529987,polblogs,spectral,99,99,99,710,1222,100,0,6.242361068725586,0.06305415220934936,0.5,Classifier Error ($p$)
62,Surrogate,-5.8248142624768775,polblogs,spectral,99,99,99,710,1222,100,0,6.242361068725586,0.06305415220934936,0.5,Classifier Error ($p$)
62,Disparity,-11.169990934534985,polblogs,spectral,99,99,99,710,1222,100,0,6.242361068725586,0.06305415220934936,0.5,Classifier Error ($p$)
62,Polarization,-4.861657875106592,polblogs,spectral,99,99,99,710,1222,100,0,6.242361068725586,0.06305415220934936,0.5,Classifier Error ($p$)
62,$\|L_{t} - L_{0}\|_F$ / $\|L_{0}\|_F$,1.4597883174440158,polblogs,spectral,99,99,99,710,1222,100,0,6.242361068725586,0.06305415220934936,0.5,Classifier Error ($p$)
63,Surrogate,-5.945837650788186,polblogs,spectral,99,99,99,710,1222,100,0,6.242361068725586,0.06305415220934936,0.5,Classifier Error ($p$)
63,Disparity,-11.423347854405327,polblogs,spectral,99,99,99,710,1222,100,0,6.242361068725586,0.06305415220934936,0.5,Classifier Error ($p$)
63,Polarization,-4.876602039696759,polblogs,spectral,99,99,99,710,1222,100,0,6.242361068725586,0.06305415220934936,0.5,Classifier Error ($p$)
63,$\|L_{t} - L_{0}\|_F$ / $\|L_{0}\|_F$,1.4746592104630913,polblogs,spectral,99,99,99,710,1222,100,0,6.242361068725586,0.06305415220934936,0.5,Classifier Error ($p$)
64,Surrogate,-5.998551740123469,polblogs,spectral,99,99,99,710,1222,100,0,6.242361068725586,0.06305415220934936,0.5,Classifier Error ($p$)
64,Disparity,-11.501973813588814,polblogs,spectral,99,99,99,710,1222,100,0,6.242361068725586,0.06305415220934936,0.5,Classifier Error ($p$)
64,Polarization,-4.847129614788328,polblogs,spectral,99,99,99,710,1222,100,0,6.242361068725586,0.06305415220934936,0.5,Classifier Error ($p$)
64,$\|L_{t} - L_{0}\|_F$ / $\|L_{0}\|_F$,1.477123137344986,polblogs,spectral,99,99,99,710,1222,100,0,6.242361068725586,0.06305415220934936,0.5,Classifier Error ($p$)
65,Surrogate,-6.0511849425365725,polblogs,spectral,99,99,99,710,1222,100,0,6.242361068725586,0.06305415220934936,0.5,Classifier Error ($p$)
65,Disparity,-11.578771322836495,polblogs,spectral,99,99,99,710,1222,100,0,6.242361068725586,0.06305415220934936,0.5,Classifier Error ($p$)
65,Polarization,-5.106719933634888,polblogs,spectral,99,99,99,710,1222,100,0,6.242361068725586,0.06305415220934936,0.5,Classifier Error ($p$)
65,$\|L_{t} - L_{0}\|_F$ / $\|L_{0}\|_F$,1.4918212420184571,polblogs,spectral,99,99,99,710,1222,100,0,6.242361068725586,0.06305415220934936,0.5,Classifier Error ($p$)
66,Surrogate,-6.185921133888124,polblogs,spectral,99,99,99,710,1222,100,0,6.242361068725586,0.06305415220934936,0.5,Classifier Error ($p$)
66,Disparity,-11.86758176346375,polblogs,spectral,99,99,99,710,1222,100,0,6.242361068725586,0.06305415220934936,0.5,Classifier Error ($p$)
66,Polarization,-5.235212319547467,polblogs,spectral,99,99,99,710,1222,100,0,6.242361068725586,0.06305415220934936,0.5,Classifier Error ($p$)
66,$\|L_{t} - L_{0}\|_F$ / $\|L_{0}\|_F$,1.4991162549203085,polblogs,spectral,99,99,99,710,1222,100,0,6.242361068725586,0.06305415220934936,0.5,Classifier Error ($p$)
67,Surrogate,-6.25696749364359,polblogs,spectral,99,99,99,710,1222,100,0,6.242361068725586,0.06305415220934936,0.5,Classifier Error ($p$)
67,Disparity,-11.983910423575518,polblogs,spectral,99,99,99,710,1222,100,0,6.242361068725586,0.06305415220934936,0.5,Classifier Error ($p$)
67,Polarization,-5.292263577120478,polblogs,spectral,99,99,99,710,1222,100,0,6.242361068725586,0.06305415220934936,0.5,Classifier Error ($p$)
67,$\|L_{t} - L_{0}\|_F$ / $\|L_{0}\|_F$,1.513600806363385,polblogs,spectral,99,99,99,710,1222,100,0,6.242361068725586,0.06305415220934936,0.5,Classifier Error ($p$)
68,Surrogate,-6.374364089658595,polblogs,spectral,99,99,99,710,1222,100,0,6.242361068725586,0.06305415220934936,0.5,Classifier Error ($p$)
68,Disparity,-12.230175646673754,polblogs,spectral,99,99,99,710,1222,100,0,6.242361068725586,0.06305415220934936,0.5,Classifier Error ($p$)
68,Polarization,-5.277045783552052,polblogs,spectral,99,99,99,710,1222,100,0,6.242361068725586,0.06305415220934936,0.5,Classifier Error ($p$)
68,$\|L_{t} - L_{0}\|_F$ / $\|L_{0}\|_F$,1.5255662163292751,polblogs,spectral,99,99,99,710,1222,100,0,6.242361068725586,0.06305415220934936,0.5,Classifier Error ($p$)
69,Surrogate,-6.447632458812004,polblogs,spectral,99,99,99,710,1222,100,0,6.242361068725586,0.06305415220934936,0.5,Classifier Error ($p$)
69,Disparity,-12.352201771947092,polblogs,spectral,99,99,99,710,1222,100,0,6.242361068725586,0.06305415220934936,0.5,Classifier Error ($p$)
69,Polarization,-5.269745615344378,polblogs,spectral,99,99,99,710,1222,100,0,6.242361068725586,0.06305415220934936,0.5,Classifier Error ($p$)
69,$\|L_{t} - L_{0}\|_F$ / $\|L_{0}\|_F$,1.5421618305285232,polblogs,spectral,99,99,99,710,1222,100,0,6.242361068725586,0.06305415220934936,0.5,Classifier Error ($p$)
70,Surrogate,-6.572940039514194,polblogs,spectral,99,99,99,710,1222,100,0,6.242361068725586,0.06305415220934936,0.5,Classifier Error ($p$)
70,Disparity,-12.61499610791456,polblogs,spectral,99,99,99,710,1222,100,0,6.242361068725586,0.06305415220934936,0.5,Classifier Error ($p$)
70,Polarization,-5.180402462157386,polblogs,spectral,99,99,99,710,1222,100,0,6.242361068725586,0.06305415220934936,0.5,Classifier Error ($p$)
70,$\|L_{t} - L_{0}\|_F$ / $\|L_{0}\|_F$,1.5515653434658014,polblogs,spectral,99,99,99,710,1222,100,0,6.242361068725586,0.06305415220934936,0.5,Classifier Error ($p$)
71,Surrogate,-6.613266728871213,polblogs,spectral,99,99,99,710,1222,100,0,6.242361068725586,0.06305415220934936,0.5,Classifier Error ($p$)
71,Disparity,-12.66821335733462,polblogs,spectral,99,99,99,710,1222,100,0,6.242361068725586,0.06305415220934936,0.5,Classifier Error ($p$)
71,Polarization,-5.174597701529707,polblogs,spectral,99,99,99,710,1222,100,0,6.242361068725586,0.06305415220934936,0.5,Classifier Error ($p$)
71,$\|L_{t} - L_{0}\|_F$ / $\|L_{0}\|_F$,1.5655647129076935,polblogs,spectral,99,99,99,710,1222,100,0,6.242361068725586,0.06305415220934936,0.5,Classifier Error ($p$)
72,Surrogate,-6.7496296579196535,polblogs,spectral,99,99,99,710,1222,100,0,6.242361068725586,0.06305415220934936,0.5,Classifier Error ($p$)
72,Disparity,-12.964934765726552,polblogs,spectral,99,99,99,710,1222,100,0,6.242361068725586,0.06305415220934936,0.5,Classifier Error ($p$)
72,Polarization,-5.175710629429646,polblogs,spectral,99,99,99,710,1222,100,0,6.242361068725586,0.06305415220934936,0.5,Classifier Error ($p$)
72,$\|L_{t} - L_{0}\|_F$ / $\|L_{0}\|_F$,1.577135932531841,polblogs,spectral,99,99,99,710,1222,100,0,6.242361068725586,0.06305415220934936,0.5,Classifier Error ($p$)
73,Surrogate,-6.8695486058587285,polblogs,spectral,99,99,99,710,1222,100,0,6.242361068725586,0.06305415220934936,0.5,Classifier Error ($p$)
73,Disparity,-13.226291611928684,polblogs,spectral,99,99,99,710,1222,100,0,6.242361068725586,0.06305415220934936,0.5,Classifier Error ($p$)
73,Polarization,-5.441923239673659,polblogs,spectral,99,99,99,710,1222,100,0,6.242361068725586,0.06305415220934936,0.5,Classifier Error ($p$)
73,$\|L_{t} - L_{0}\|_F$ / $\|L_{0}\|_F$,1.5886228718813071,polblogs,spectral,99,99,99,710,1222,100,0,6.242361068725586,0.06305415220934936,0.5,Classifier Error ($p$)
74,Surrogate,-6.97999150387861,polblogs,spectral,99,99,99,710,1222,100,0,6.242361068725586,0.06305415220934936,0.5,Classifier Error ($p$)
74,Disparity,-13.455008417072525,polblogs,spectral,99,99,99,710,1222,100,0,6.242361068725586,0.06305415220934936,0.5,Classifier Error ($p$)
74,Polarization,-5.730525040927949,polblogs,spectral,99,99,99,710,1222,100,0,6.242361068725586,0.06305415220934936,0.5,Classifier Error ($p$)
74,$\|L_{t} - L_{0}\|_F$ / $\|L_{0}\|_F$,1.606831178461055,polblogs,spectral,99,99,99,710,1222,100,0,6.242361068725586,0.06305415220934936,0.5,Classifier Error ($p$)
75,Surrogate,-7.032222136625417,polblogs,spectral,99,99,99,710,1222,100,0,6.242361068725586,0.06305415220934936,0.5,Classifier Error ($p$)
75,Disparity,-13.530282197046569,polblogs,spectral,99,99,99,710,1222,100,0,6.242361068725586,0.06305415220934936,0.5,Classifier Error ($p$)
75,Polarization,-5.7625430944633775,polblogs,spectral,99,99,99,710,1222,100,0,6.242361068725586,0.06305415220934936,0.5,Classifier Error ($p$)
75,$\|L_{t} - L_{0}\|_F$ / $\|L_{0}\|_F$,1.6203531378474694,polblogs,spectral,99,99,99,710,1222,100,0,6.242361068725586,0.06305415220934936,0.5,Classifier Error ($p$)
76,Surrogate,-7.141504441318583,polblogs,spectral,99,99,99,710,1222,100,0,6.242361068725586,0.06305415220934936,0.5,Classifier Error ($p$)
76,Disparity,-13.759018262875475,polblogs,spectral,99,99,99,710,1222,100,0,6.242361068725586,0.06305415220934936,0.5,Classifier Error ($p$)
76,Polarization,-5.834251483844128,polblogs,spectral,99,99,99,710,1222,100,0,6.242361068725586,0.06305415220934936,0.5,Classifier Error ($p$)
76,$\|L_{t} - L_{0}\|_F$ / $\|L_{0}\|_F$,1.638208807918658,polblogs,spectral,99,99,99,710,1222,100,0,6.242361068725586,0.06305415220934936,0.5,Classifier Error ($p$)
77,Surrogate,-7.258805199686874,polblogs,spectral,99,99,99,710,1222,100,0,6.242361068725586,0.06305415220934936,0.5,Classifier Error ($p$)
77,Disparity,-14.0025453168742,polblogs,spectral,99,99,99,710,1222,100,0,6.242361068725586,0.06305415220934936,0.5,Classifier Error ($p$)
77,Polarization,-6.406450054244789,polblogs,spectral,99,99,99,710,1222,100,0,6.242361068725586,0.06305415220934936,0.5,Classifier Error ($p$)
77,$\|L_{t} - L_{0}\|_F$ / $\|L_{0}\|_F$,1.644854712724218,polblogs,spectral,99,99,99,710,1222,100,0,6.242361068725586,0.06305415220934936,0.5,Classifier Error ($p$)
78,Surrogate,-7.38406103049215,polblogs,spectral,99,99,99,710,1222,100,0,6.242361068725586,0.06305415220934936,0.5,Classifier Error ($p$)
78,Disparity,-14.270370589081537,polblogs,spectral,99,99,99,710,1222,100,0,6.242361068725586,0.06305415220934936,0.5,Classifier Error ($p$)
78,Polarization,-6.4384841386097635,polblogs,spectral,99,99,99,710,1222,100,0,6.242361068725586,0.06305415220934936,0.5,Classifier Error ($p$)
78,$\|L_{t} - L_{0}\|_F$ / $\|L_{0}\|_F$,1.6624472421647551,polblogs,spectral,99,99,99,710,1222,100,0,6.242361068725586,0.06305415220934936,0.5,Classifier Error ($p$)
79,Surrogate,-7.457191373092149,polblogs,spectral,99,99,99,710,1222,100,0,6.242361068725586,0.06305415220934936,0.5,Classifier Error ($p$)
79,Disparity,-14.388522213054708,polblogs,spectral,99,99,99,710,1222,100,0,6.242361068725586,0.06305415220934936,0.5,Classifier Error ($p$)
79,Polarization,-6.662951755795133,polblogs,spectral,99,99,99,710,1222,100,0,6.242361068725586,0.06305415220934936,0.5,Classifier Error ($p$)
79,$\|L_{t} - L_{0}\|_F$ / $\|L_{0}\|_F$,1.6689966328935473,polblogs,spectral,99,99,99,710,1222,100,0,6.242361068725586,0.06305415220934936,0.5,Classifier Error ($p$)
80,Surrogate,-7.50789723076295,polblogs,spectral,99,99,99,710,1222,100,0,6.242361068725586,0.06305415220934936,0.5,Classifier Error ($p$)
80,Disparity,-14.460600136605214,polblogs,spectral,99,99,99,710,1222,100,0,6.242361068725586,0.06305415220934936,0.5,Classifier Error ($p$)
80,Polarization,-6.73580475827332,polblogs,spectral,99,99,99,710,1222,100,0,6.242361068725586,0.06305415220934936,0.5,Classifier Error ($p$)
80,$\|L_{t} - L_{0}\|_F$ / $\|L_{0}\|_F$,1.690644705244914,polblogs,spectral,99,99,99,710,1222,100,0,6.242361068725586,0.06305415220934936,0.5,Classifier Error ($p$)
81,Surrogate,-7.6231423780566425,polblogs,spectral,99,99,99,710,1222,100,0,6.242361068725586,0.06305415220934936,0.5,Classifier Error ($p$)
81,Disparity,-14.70022016138001,polblogs,spectral,99,99,99,710,1222,100,0,6.242361068725586,0.06305415220934936,0.5,Classifier Error ($p$)
81,Polarization,-7.25805301787614,polblogs,spectral,99,99,99,710,1222,100,0,6.242361068725586,0.06305415220934936,0.5,Classifier Error ($p$)
81,$\|L_{t} - L_{0}\|_F$ / $\|L_{0}\|_F$,1.6992267132074306,polblogs,spectral,99,99,99,710,1222,100,0,6.242361068725586,0.06305415220934936,0.5,Classifier Error ($p$)
82,Surrogate,-7.682828549974598,polblogs,spectral,99,99,99,710,1222,100,0,6.242361068725586,0.06305415220934936,0.5,Classifier Error ($p$)
82,Disparity,-14.874082799329411,polblogs,spectral,99,99,99,710,1222,100,0,6.242361068725586,0.06305415220934936,0.5,Classifier Error ($p$)
82,Polarization,-7.276708437331278,polblogs,spectral,99,99,99,710,1222,100,0,6.242361068725586,0.06305415220934936,0.5,Classifier Error ($p$)
82,$\|L_{t} - L_{0}\|_F$ / $\|L_{0}\|_F$,1.7077655946829449,polblogs,spectral,99,99,99,710,1222,100,0,6.242361068725586,0.06305415220934936,0.5,Classifier Error ($p$)
83,Surrogate,-7.804163984735616,polblogs,spectral,99,99,99,710,1222,100,0,6.242361068725586,0.06305415220934936,0.5,Classifier Error ($p$)
83,Disparity,-15.123415902724336,polblogs,spectral,99,99,99,710,1222,100,0,6.242361068725586,0.06305415220934936,0.5,Classifier Error ($p$)
83,Polarization,-7.263555117673895,polblogs,spectral,99,99,99,710,1222,100,0,6.242361068725586,0.06305415220934936,0.5,Classifier Error ($p$)
83,$\|L_{t} - L_{0}\|_F$ / $\|L_{0}\|_F$,1.7204944584741884,polblogs,spectral,99,99,99,710,1222,100,0,6.242361068725586,0.06305415220934936,0.5,Classifier Error ($p$)
84,Surrogate,-7.870296986910591,polblogs,spectral,99,99,99,710,1222,100,0,6.242361068725586,0.06305415220934936,0.5,Classifier Error ($p$)
84,Disparity,-15.21270897173745,polblogs,spectral,99,99,99,710,1222,100,0,6.242361068725586,0.06305415220934936,0.5,Classifier Error ($p$)
84,Polarization,-7.263348657256703,polblogs,spectral,99,99,99,710,1222,100,0,6.242361068725586,0.06305415220934936,0.5,Classifier Error ($p$)
84,$\|L_{t} - L_{0}\|_F$ / $\|L_{0}\|_F$,1.7415024950895284,polblogs,spectral,99,99,99,710,1222,100,0,6.242361068725586,0.06305415220934936,0.5,Classifier Error ($p$)
85,Surrogate,-7.990088111785385,polblogs,spectral,99,99,99,710,1222,100,0,6.242361068725586,0.06305415220934936,0.5,Classifier Error ($p$)
85,Disparity,-15.460691975304814,polblogs,spectral,99,99,99,710,1222,100,0,6.242361068725586,0.06305415220934936,0.5,Classifier Error ($p$)
85,Polarization,-7.263301853068229,polblogs,spectral,99,99,99,710,1222,100,0,6.242361068725586,0.06305415220934936,0.5,Classifier Error ($p$)
85,$\|L_{t} - L_{0}\|_F$ / $\|L_{0}\|_F$,1.7456737645263465,polblogs,spectral,99,99,99,710,1222,100,0,6.242361068725586,0.06305415220934936,0.5,Classifier Error ($p$)
86,Surrogate,-8.105500720143903,polblogs,spectral,99,99,99,710,1222,100,0,6.242361068725586,0.06305415220934936,0.5,Classifier Error ($p$)
86,Disparity,-15.707766615046607,polblogs,spectral,99,99,99,710,1222,100,0,6.242361068725586,0.06305415220934936,0.5,Classifier Error ($p$)
86,Polarization,-7.329136090580161,polblogs,spectral,99,99,99,710,1222,100,0,6.242361068725586,0.06305415220934936,0.5,Classifier Error ($p$)
86,$\|L_{t} - L_{0}\|_F$ / $\|L_{0}\|_F$,1.7663823626039323,polblogs,spectral,99,99,99,710,1222,100,0,6.242361068725586,0.06305415220934936,0.5,Classifier Error ($p$)
87,Surrogate,-8.1822352599773,polblogs,spectral,99,99,99,710,1222,100,0,6.242361068725586,0.06305415220934936,0.5,Classifier Error ($p$)
87,Disparity,-15.84743149548965,polblogs,spectral,99,99,99,710,1222,100,0,6.242361068725586,0.06305415220934936,0.5,Classifier Error ($p$)
87,Polarization,-7.378903347848785,polblogs,spectral,99,99,99,710,1222,100,0,6.242361068725586,0.06305415220934936,0.5,Classifier Error ($p$)
87,$\|L_{t} - L_{0}\|_F$ / $\|L_{0}\|_F$,1.782776053779156,polblogs,spectral,99,99,99,710,1222,100,0,6.242361068725586,0.06305415220934936,0.5,Classifier Error ($p$)
88,Surrogate,-8.260886593319972,polblogs,spectral,99,99,99,710,1222,100,0,6.242361068725586,0.06305415220934936,0.5,Classifier Error ($p$)
88,Disparity,-15.959619786536718,polblogs,spectral,99,99,99,710,1222,100,0,6.242361068725586,0.06305415220934936,0.5,Classifier Error ($p$)
88,Polarization,-7.3931482758206375,polblogs,spectral,99,99,99,710,1222,100,0,6.242361068725586,0.06305415220934936,0.5,Classifier Error ($p$)
88,$\|L_{t} - L_{0}\|_F$ / $\|L_{0}\|_F$,1.7969978544957264,polblogs,spectral,99,99,99,710,1222,100,0,6.242361068725586,0.06305415220934936,0.5,Classifier Error ($p$)
89,Surrogate,-8.288730867983356,polblogs,spectral,99,99,99,710,1222,100,0,6.242361068725586,0.06305415220934936,0.5,Classifier Error ($p$)
89,Disparity,-15.99463259262576,polblogs,spectral,99,99,99,710,1222,100,0,6.242361068725586,0.06305415220934936,0.5,Classifier Error ($p$)
89,Polarization,-7.407636587104433,polblogs,spectral,99,99,99,710,1222,100,0,6.242361068725586,0.06305415220934936,0.5,Classifier Error ($p$)
89,$\|L_{t} - L_{0}\|_F$ / $\|L_{0}\|_F$,1.8050742900410799,polblogs,spectral,99,99,99,710,1222,100,0,6.242361068725586,0.06305415220934936,0.5,Classifier Error ($p$)
90,Surrogate,-8.358929095734267,polblogs,spectral,99,99,99,710,1222,100,0,6.242361068725586,0.06305415220934936,0.5,Classifier Error ($p$)
90,Disparity,-16.109639443479338,polblogs,spectral,99,99,99,710,1222,100,0,6.242361068725586,0.06305415220934936,0.5,Classifier Error ($p$)
90,Polarization,-7.566766261471414,polblogs,spectral,99,99,99,710,1222,100,0,6.242361068725586,0.06305415220934936,0.5,Classifier Error ($p$)
90,$\|L_{t} - L_{0}\|_F$ / $\|L_{0}\|_F$,1.8390034753811197,polblogs,spectral,99,99,99,710,1222,100,0,6.242361068725586,0.06305415220934936,0.5,Classifier Error ($p$)
91,Surrogate,-8.429186841559726,polblogs,spectral,99,99,99,710,1222,100,0,6.242361068725586,0.06305415220934936,0.5,Classifier Error ($p$)
91,Disparity,-16.220518801364957,polblogs,spectral,99,99,99,710,1222,100,0,6.242361068725586,0.06305415220934936,0.5,Classifier Error ($p$)
91,Polarization,-7.505232986551633,polblogs,spectral,99,99,99,710,1222,100,0,6.242361068725586,0.06305415220934936,0.5,Classifier Error ($p$)
91,$\|L_{t} - L_{0}\|_F$ / $\|L_{0}\|_F$,1.8508299861741584,polblogs,spectral,99,99,99,710,1222,100,0,6.242361068725586,0.06305415220934936,0.5,Classifier Error ($p$)
92,Surrogate,-8.538760422343357,polblogs,spectral,99,99,99,710,1222,100,0,6.242361068725586,0.06305415220934936,0.5,Classifier Error ($p$)
92,Disparity,-16.44808643368416,polblogs,spectral,99,99,99,710,1222,100,0,6.242361068725586,0.06305415220934936,0.5,Classifier Error ($p$)
92,Polarization,-7.46441272080781,polblogs,spectral,99,99,99,710,1222,100,0,6.242361068725586,0.06305415220934936,0.5,Classifier Error ($p$)
92,$\|L_{t} - L_{0}\|_F$ / $\|L_{0}\|_F$,1.8567149930321114,polblogs,spectral,99,99,99,710,1222,100,0,6.242361068725586,0.06305415220934936,0.5,Classifier Error ($p$)
93,Surrogate,-8.667141622158443,polblogs,spectral,99,99,99,710,1222,100,0,6.242361068725586,0.06305415220934936,0.5,Classifier Error ($p$)
93,Disparity,-16.71074688765665,polblogs,spectral,99,99,99,710,1222,100,0,6.242361068725586,0.06305415220934936,0.5,Classifier Error ($p$)
93,Polarization,-7.918192512916729,polblogs,spectral,99,99,99,710,1222,100,0,6.242361068725586,0.06305415220934936,0.5,Classifier Error ($p$)
93,$\|L_{t} - L_{0}\|_F$ / $\|L_{0}\|_F$,1.8703746674086714,polblogs,spectral,99,99,99,710,1222,100,0,6.242361068725586,0.06305415220934936,0.5,Classifier Error ($p$)
94,Surrogate,-8.73871460951247,polblogs,spectral,99,99,99,710,1222,100,0,6.242361068725586,0.06305415220934936,0.5,Classifier Error ($p$)
94,Disparity,-16.825753581177754,polblogs,spectral,99,99,99,710,1222,100,0,6.242361068725586,0.06305415220934936,0.5,Classifier Error ($p$)
94,Polarization,-7.920645464025225,polblogs,spectral,99,99,99,710,1222,100,0,6.242361068725586,0.06305415220934936,0.5,Classifier Error ($p$)
94,$\|L_{t} - L_{0}\|_F$ / $\|L_{0}\|_F$,1.8742591464993925,polblogs,spectral,99,99,99,710,1222,100,0,6.242361068725586,0.06305415220934936,0.5,Classifier Error ($p$)
95,Surrogate,-8.804713335439732,polblogs,spectral,99,99,99,710,1222,100,0,6.242361068725586,0.06305415220934936,0.5,Classifier Error ($p$)
95,Disparity,-16.92760013586522,polblogs,spectral,99,99,99,710,1222,100,0,6.242361068725586,0.06305415220934936,0.5,Classifier Error ($p$)
95,Polarization,-8.019946498997834,polblogs,spectral,99,99,99,710,1222,100,0,6.242361068725586,0.06305415220934936,0.5,Classifier Error ($p$)
95,$\|L_{t} - L_{0}\|_F$ / $\|L_{0}\|_F$,1.8781355914813933,polblogs,spectral,99,99,99,710,1222,100,0,6.242361068725586,0.06305415220934936,0.5,Classifier Error ($p$)
96,Surrogate,-8.926742793473176,polblogs,spectral,99,99,99,710,1222,100,0,6.242361068725586,0.06305415220934936,0.5,Classifier Error ($p$)
96,Disparity,-17.19371641369508,polblogs,spectral,99,99,99,710,1222,100,0,6.242361068725586,0.06305415220934936,0.5,Classifier Error ($p$)
96,Polarization,-8.539606737489345,polblogs,spectral,99,99,99,710,1222,100,0,6.242361068725586,0.06305415220934936,0.5,Classifier Error ($p$)
96,$\|L_{t} - L_{0}\|_F$ / $\|L_{0}\|_F$,1.89356201562011,polblogs,spectral,99,99,99,710,1222,100,0,6.242361068725586,0.06305415220934936,0.5,Classifier Error ($p$)
97,Surrogate,-9.033675980085619,polblogs,spectral,99,99,99,710,1222,100,0,6.242361068725586,0.06305415220934936,0.5,Classifier Error ($p$)
97,Disparity,-17.418191008328034,polblogs,spectral,99,99,99,710,1222,100,0,6.242361068725586,0.06305415220934936,0.5,Classifier Error ($p$)
97,Polarization,-8.991690319653111,polblogs,spectral,99,99,99,710,1222,100,0,6.242361068725586,0.06305415220934936,0.5,Classifier Error ($p$)
97,$\|L_{t} - L_{0}\|_F$ / $\|L_{0}\|_F$,1.9012282899495154,polblogs,spectral,99,99,99,710,1222,100,0,6.242361068725586,0.06305415220934936,0.5,Classifier Error ($p$)
98,Surrogate,-9.10022871328096,polblogs,spectral,99,99,99,710,1222,100,0,6.242361068725586,0.06305415220934936,0.5,Classifier Error ($p$)
98,Disparity,-17.520060296137995,polblogs,spectral,99,99,99,710,1222,100,0,6.242361068725586,0.06305415220934936,0.5,Classifier Error ($p$)
98,Polarization,-8.948799092815127,polblogs,spectral,99,99,99,710,1222,100,0,6.242361068725586,0.06305415220934936,0.5,Classifier Error ($p$)
98,$\|L_{t} - L_{0}\|_F$ / $\|L_{0}\|_F$,1.906957770411594,polblogs,spectral,99,99,99,710,1222,100,0,6.242361068725586,0.06305415220934936,0.5,Classifier Error ($p$)
