Step,Metric,Percent Change,Name,Nominal Partition Type,Number of Link Recommendations,Number of Worst Case Solves,Number of Outer Iterations,Number of Sketch Vectors,Number of Nodes,Batch Size,Seed,Time (s),Per Step Time (s)
49,Disparity,-24.29443987074141,twitter,spectral,99,1,1,630,548,100,0,3.908012866973877,0.03947487744418057
31,Polarization,-93.16414823251074,twitter,spectral,99,1,1,630,548,100,0,3.908012866973877,0.03947487744418057
31,$\|L_{t} - L_{0}\|_F$ / $\|L_{0}\|_F$,3.865217900064578,twitter,spectral,99,1,1,630,548,100,0,3.908012866973877,0.03947487744418057
32,Surrogate,-7.315430245275957,twitter,spectral,99,1,1,630,548,100,0,3.908012866973877,0.03947487744418057
32,Disparity,-21.850435310826537,twitter,spectral,99,1,1,630,548,100,0,3.908012866973877,0.03947487744418057
32,Polarization,-93.181357768741,twitter,spectral,99,1,1,630,548,100,0,3.908012866973877,0.03947487744418057
32,$\|L_{t} - L_{0}\|_F$ / $\|L_{0}\|_F$,3.9138389044248147,twitter,spectral,99,1,1,630,548,100,0,3.908012866973877,0.03947487744418057
33,Surrogate,-7.663376180352924,twitter,spectral,99,1,1,630,548,100,0,3.908012866973877,0.03947487744418057
33,Disparity,-22.247726537963388,twitter,spectral,99,1,1,630,548,100,0,3.908012866973877,0.03947487744418057
33,Polarization,-93.19525233025908,twitter,spectral,99,1,1,630,548,100,0,3.908012866973877,0.03947487744418057
31,Disparity,-21.486699025978933,twitter,spectral,99,1,1,630,548,100,0,3.908012866973877,0.03947487744418057
33,$\|L_{t} - L_{0}\|_F$ / $\|L_{0}\|_F$,3.9618632642481297,twitter,spectral,99,1,1,630,548,100,0,3.908012866973877,0.03947487744418057
34,Disparity,-22.31728811100852,twitter,spectral,99,1,1,630,548,100,0,3.908012866973877,0.03947487744418057
34,Polarization,-93.19992260888361,twitter,spectral,99,1,1,630,548,100,0,3.908012866973877,0.03947487744418057
34,$\|L_{t} - L_{0}\|_F$ / $\|L_{0}\|_F$,4.0562065571440105,twitter,spectral,99,1,1,630,548,100,0,3.908012866973877,0.03947487744418057
35,Surrogate,-7.932779657758668,twitter,spectral,99,1,1,630,548,100,0,3.908012866973877,0.03947487744418057
35,Disparity,-22.559498134505418,twitter,spectral,99,1,1,630,548,100,0,3.908012866973877,0.03947487744418057
35,Polarization,-93.2103231798211,twitter,spectral,99,1,1,630,548,100,0,3.908012866973877,0.03947487744418057
35,$\|L_{t} - L_{0}\|_F$ / $\|L_{0}\|_F$,4.1025647086947545,twitter,spectral,99,1,1,630,548,100,0,3.908012866973877,0.03947487744418057
36,Surrogate,-8.085121942749058,twitter,spectral,99,1,1,630,548,100,0,3.908012866973877,0.03947487744418057
36,Disparity,-22.737212939070222,twitter,spectral,99,1,1,630,548,100,0,3.908012866973877,0.03947487744418057
34,Surrogate,-7.727400525989009,twitter,spectral,99,1,1,630,548,100,0,3.908012866973877,0.03947487744418057
31,Surrogate,-7.000640399618223,twitter,spectral,99,1,1,630,548,100,0,3.908012866973877,0.03947487744418057
30,$\|L_{t} - L_{0}\|_F$ / $\|L_{0}\|_F$,3.753518604810425,twitter,spectral,99,1,1,630,548,100,0,3.908012866973877,0.03947487744418057
30,Polarization,-93.1644677813672,twitter,spectral,99,1,1,630,548,100,0,3.908012866973877,0.03947487744418057
25,Disparity,-19.665495259619803,twitter,spectral,99,1,1,630,548,100,0,3.908012866973877,0.03947487744418057
25,Polarization,-92.84750391740273,twitter,spectral,99,1,1,630,548,100,0,3.908012866973877,0.03947487744418057
25,$\|L_{t} - L_{0}\|_F$ / $\|L_{0}\|_F$,3.3825024808550728,twitter,spectral,99,1,1,630,548,100,0,3.908012866973877,0.03947487744418057
26,Surrogate,-5.607688158948177,twitter,spectral,99,1,1,630,548,100,0,3.908012866973877,0.03947487744418057
26,Disparity,-19.742350329603397,twitter,spectral,99,1,1,630,548,100,0,3.908012866973877,0.03947487744418057
26,Polarization,-92.82955205659843,twitter,spectral,99,1,1,630,548,100,0,3.908012866973877,0.03947487744418057
26,$\|L_{t} - L_{0}\|_F$ / $\|L_{0}\|_F$,3.451681470892518,twitter,spectral,99,1,1,630,548,100,0,3.908012866973877,0.03947487744418057
27,Surrogate,-5.745248013849117,twitter,spectral,99,1,1,630,548,100,0,3.908012866973877,0.03947487744418057
27,Disparity,-19.889886098428754,twitter,spectral,99,1,1,630,548,100,0,3.908012866973877,0.03947487744418057
27,Polarization,-92.83360724977456,twitter,spectral,99,1,1,630,548,100,0,3.908012866973877,0.03947487744418057
27,$\|L_{t} - L_{0}\|_F$ / $\|L_{0}\|_F$,3.5595724583328767,twitter,spectral,99,1,1,630,548,100,0,3.908012866973877,0.03947487744418057
28,Surrogate,-5.995122710221447,twitter,spectral,99,1,1,630,548,100,0,3.908012866973877,0.03947487744418057
28,Disparity,-20.19338181307883,twitter,spectral,99,1,1,630,548,100,0,3.908012866973877,0.03947487744418057
28,Polarization,-92.83663188285226,twitter,spectral,99,1,1,630,548,100,0,3.908012866973877,0.03947487744418057
28,$\|L_{t} - L_{0}\|_F$ / $\|L_{0}\|_F$,3.6123097376791447,twitter,spectral,99,1,1,630,548,100,0,3.908012866973877,0.03947487744418057
29,Surrogate,-6.862108780899131,twitter,spectral,99,1,1,630,548,100,0,3.908012866973877,0.03947487744418057
29,Disparity,-21.266239189183278,twitter,spectral,99,1,1,630,548,100,0,3.908012866973877,0.03947487744418057
29,Polarization,-93.16107701712882,twitter,spectral,99,1,1,630,548,100,0,3.908012866973877,0.03947487744418057
29,$\|L_{t} - L_{0}\|_F$ / $\|L_{0}\|_F$,3.690002706387352,twitter,spectral,99,1,1,630,548,100,0,3.908012866973877,0.03947487744418057
30,Surrogate,-6.937814331868284,twitter,spectral,99,1,1,630,548,100,0,3.908012866973877,0.03947487744418057
30,Disparity,-21.38643037165286,twitter,spectral,99,1,1,630,548,100,0,3.908012866973877,0.03947487744418057
36,Polarization,-93.20176947945777,twitter,spectral,99,1,1,630,548,100,0,3.908012866973877,0.03947487744418057
36,$\|L_{t} - L_{0}\|_F$ / $\|L_{0}\|_F$,4.136992428701663,twitter,spectral,99,1,1,630,548,100,0,3.908012866973877,0.03947487744418057
37,Surrogate,-8.229869010857119,twitter,spectral,99,1,1,630,548,100,0,3.908012866973877,0.03947487744418057
37,Disparity,-22.8639771083459,twitter,spectral,99,1,1,630,548,100,0,3.908012866973877,0.03947487744418057
43,$\|L_{t} - L_{0}\|_F$ / $\|L_{0}\|_F$,4.793454125647168,twitter,spectral,99,1,1,630,548,100,0,3.908012866973877,0.03947487744418057
44,Surrogate,-9.062603121317366,twitter,spectral,99,1,1,630,548,100,0,3.908012866973877,0.03947487744418057
44,Disparity,-23.8562274790654,twitter,spectral,99,1,1,630,548,100,0,3.908012866973877,0.03947487744418057
44,Polarization,-93.2292673709711,twitter,spectral,99,1,1,630,548,100,0,3.908012866973877,0.03947487744418057
44,$\|L_{t} - L_{0}\|_F$ / $\|L_{0}\|_F$,4.939184981879084,twitter,spectral,99,1,1,630,548,100,0,3.908012866973877,0.03947487744418057
45,Surrogate,-9.201988346847898,twitter,spectral,99,1,1,630,548,100,0,3.908012866973877,0.03947487744418057
45,Disparity,-23.98715895106668,twitter,spectral,99,1,1,630,548,100,0,3.908012866973877,0.03947487744418057
45,Polarization,-93.22107831690877,twitter,spectral,99,1,1,630,548,100,0,3.908012866973877,0.03947487744418057
45,$\|L_{t} - L_{0}\|_F$ / $\|L_{0}\|_F$,4.986815640138695,twitter,spectral,99,1,1,630,548,100,0,3.908012866973877,0.03947487744418057
46,Surrogate,-9.268178499672644,twitter,spectral,99,1,1,630,548,100,0,3.908012866973877,0.03947487744418057
46,Disparity,-24.071866562449014,twitter,spectral,99,1,1,630,548,100,0,3.908012866973877,0.03947487744418057
46,Polarization,-93.22532746523437,twitter,spectral,99,1,1,630,548,100,0,3.908012866973877,0.03947487744418057
46,$\|L_{t} - L_{0}\|_F$ / $\|L_{0}\|_F$,5.127053350538489,twitter,spectral,99,1,1,630,548,100,0,3.908012866973877,0.03947487744418057
47,Surrogate,-9.35049982106508,twitter,spectral,99,1,1,630,548,100,0,3.908012866973877,0.03947487744418057
47,Disparity,-24.1767643204844,twitter,spectral,99,1,1,630,548,100,0,3.908012866973877,0.03947487744418057
47,Polarization,-93.22800187460622,twitter,spectral,99,1,1,630,548,100,0,3.908012866973877,0.03947487744418057
47,$\|L_{t} - L_{0}\|_F$ / $\|L_{0}\|_F$,5.18208591124099,twitter,spectral,99,1,1,630,548,100,0,3.908012866973877,0.03947487744418057
48,Surrogate,-9.406751801610364,twitter,spectral,99,1,1,630,548,100,0,3.908012866973877,0.03947487744418057
48,Disparity,-24.24782060172104,twitter,spectral,99,1,1,630,548,100,0,3.908012866973877,0.03947487744418057
48,Polarization,-93.2047055579555,twitter,spectral,99,1,1,630,548,100,0,3.908012866973877,0.03947487744418057
48,$\|L_{t} - L_{0}\|_F$ / $\|L_{0}\|_F$,5.352624195366981,twitter,spectral,99,1,1,630,548,100,0,3.908012866973877,0.03947487744418057
43,Polarization,-93.22906229064064,twitter,spectral,99,1,1,630,548,100,0,3.908012866973877,0.03947487744418057
25,Surrogate,-5.559036534901879,twitter,spectral,99,1,1,630,548,100,0,3.908012866973877,0.03947487744418057
43,Disparity,-23.742534172708456,twitter,spectral,99,1,1,630,548,100,0,3.908012866973877,0.03947487744418057
42,$\|L_{t} - L_{0}\|_F$ / $\|L_{0}\|_F$,4.6735988050168595,twitter,spectral,99,1,1,630,548,100,0,3.908012866973877,0.03947487744418057
37,Polarization,-93.20466177181207,twitter,spectral,99,1,1,630,548,100,0,3.908012866973877,0.03947487744418057
37,$\|L_{t} - L_{0}\|_F$ / $\|L_{0}\|_F$,4.260848111686371,twitter,spectral,99,1,1,630,548,100,0,3.908012866973877,0.03947487744418057
38,Surrogate,-8.312981133809954,twitter,spectral,99,1,1,630,548,100,0,3.908012866973877,0.03947487744418057
38,Disparity,-22.9695727948705,twitter,spectral,99,1,1,630,548,100,0,3.908012866973877,0.03947487744418057
38,Polarization,-93.20987403867977,twitter,spectral,99,1,1,630,548,100,0,3.908012866973877,0.03947487744418057
38,$\|L_{t} - L_{0}\|_F$ / $\|L_{0}\|_F$,4.3703993545081605,twitter,spectral,99,1,1,630,548,100,0,3.908012866973877,0.03947487744418057
39,Surrogate,-8.49335712620613,twitter,spectral,99,1,1,630,548,100,0,3.908012866973877,0.03947487744418057
39,Disparity,-23.192869454452524,twitter,spectral,99,1,1,630,548,100,0,3.908012866973877,0.03947487744418057
39,Polarization,-93.22533175905173,twitter,spectral,99,1,1,630,548,100,0,3.908012866973877,0.03947487744418057
39,$\|L_{t} - L_{0}\|_F$ / $\|L_{0}\|_F$,4.445479191133636,twitter,spectral,99,1,1,630,548,100,0,3.908012866973877,0.03947487744418057
40,Surrogate,-8.584405542698608,twitter,spectral,99,1,1,630,548,100,0,3.908012866973877,0.03947487744418057
40,Disparity,-23.348173876413,twitter,spectral,99,1,1,630,548,100,0,3.908012866973877,0.03947487744418057
40,Polarization,-93.2283813955667,twitter,spectral,99,1,1,630,548,100,0,3.908012866973877,0.03947487744418057
40,$\|L_{t} - L_{0}\|_F$ / $\|L_{0}\|_F$,4.550587778059686,twitter,spectral,99,1,1,630,548,100,0,3.908012866973877,0.03947487744418057
41,Surrogate,-8.65575643722767,twitter,spectral,99,1,1,630,548,100,0,3.908012866973877,0.03947487744418057
41,Disparity,-23.411796237912746,twitter,spectral,99,1,1,630,548,100,0,3.908012866973877,0.03947487744418057
41,Polarization,-93.23203506969372,twitter,spectral,99,1,1,630,548,100,0,3.908012866973877,0.03947487744418057
41,$\|L_{t} - L_{0}\|_F$ / $\|L_{0}\|_F$,4.632958043782116,twitter,spectral,99,1,1,630,548,100,0,3.908012866973877,0.03947487744418057
42,Surrogate,-8.893625195947575,twitter,spectral,99,1,1,630,548,100,0,3.908012866973877,0.03947487744418057
42,Disparity,-23.629729054970753,twitter,spectral,99,1,1,630,548,100,0,3.908012866973877,0.03947487744418057
42,Polarization,-93.22653573970864,twitter,spectral,99,1,1,630,548,100,0,3.908012866973877,0.03947487744418057
43,Surrogate,-8.986098540847694,twitter,spectral,99,1,1,630,548,100,0,3.908012866973877,0.03947487744418057
49,Surrogate,-9.436805125520873,twitter,spectral,99,1,1,630,548,100,0,3.908012866973877,0.03947487744418057
24,$\|L_{t} - L_{0}\|_F$ / $\|L_{0}\|_F$,3.326123491120123,twitter,spectral,99,1,1,630,548,100,0,3.908012866973877,0.03947487744418057
24,Disparity,-19.06491845838109,twitter,spectral,99,1,1,630,548,100,0,3.908012866973877,0.03947487744418057
6,$\|L_{t} - L_{0}\|_F$ / $\|L_{0}\|_F$,1.6271382497093712,twitter,spectral,99,1,1,630,548,100,0,3.908012866973877,0.03947487744418057
7,Surrogate,-1.99750677908827,twitter,spectral,99,1,1,630,548,100,0,3.908012866973877,0.03947487744418057
7,Disparity,-15.481618768778088,twitter,spectral,99,1,1,630,548,100,0,3.908012866973877,0.03947487744418057
7,Polarization,-92.81773186179966,twitter,spectral,99,1,1,630,548,100,0,3.908012866973877,0.03947487744418057
7,$\|L_{t} - L_{0}\|_F$ / $\|L_{0}\|_F$,1.7664543093947518,twitter,spectral,99,1,1,630,548,100,0,3.908012866973877,0.03947487744418057
8,Surrogate,-2.0822871756010186,twitter,spectral,99,1,1,630,548,100,0,3.908012866973877,0.03947487744418057
8,Disparity,-15.566061512055288,twitter,spectral,99,1,1,630,548,100,0,3.908012866973877,0.03947487744418057
8,Polarization,-92.81813163824141,twitter,spectral,99,1,1,630,548,100,0,3.908012866973877,0.03947487744418057
8,$\|L_{t} - L_{0}\|_F$ / $\|L_{0}\|_F$,1.870450849926001,twitter,spectral,99,1,1,630,548,100,0,3.908012866973877,0.03947487744418057
6,Polarization,-92.82453543351839,twitter,spectral,99,1,1,630,548,100,0,3.908012866973877,0.03947487744418057
9,Surrogate,-2.1735001303048773,twitter,spectral,99,1,1,630,548,100,0,3.908012866973877,0.03947487744418057
9,Polarization,-92.82891978852194,twitter,spectral,99,1,1,630,548,100,0,3.908012866973877,0.03947487744418057
9,$\|L_{t} - L_{0}\|_F$ / $\|L_{0}\|_F$,1.9689621471218055,twitter,spectral,99,1,1,630,548,100,0,3.908012866973877,0.03947487744418057
10,Surrogate,-2.2870795060261373,twitter,spectral,99,1,1,630,548,100,0,3.908012866973877,0.03947487744418057
10,Disparity,-15.861959702412666,twitter,spectral,99,1,1,630,548,100,0,3.908012866973877,0.03947487744418057
10,Polarization,-92.82954831835593,twitter,spectral,99,1,1,630,548,100,0,3.908012866973877,0.03947487744418057
10,$\|L_{t} - L_{0}\|_F$ / $\|L_{0}\|_F$,2.0627742221600793,twitter,spectral,99,1,1,630,548,100,0,3.908012866973877,0.03947487744418057
11,Surrogate,-2.3520871916881654,twitter,spectral,99,1,1,630,548,100,0,3.908012866973877,0.03947487744418057
11,Disparity,-15.946389770205304,twitter,spectral,99,1,1,630,548,100,0,3.908012866973877,0.03947487744418057
11,Polarization,-92.83547690887836,twitter,spectral,99,1,1,630,548,100,0,3.908012866973877,0.03947487744418057
9,Disparity,-15.734596417538082,twitter,spectral,99,1,1,630,548,100,0,3.908012866973877,0.03947487744418057
6,Disparity,-15.225374652287918,twitter,spectral,99,1,1,630,548,100,0,3.908012866973877,0.03947487744418057
6,Surrogate,-1.8303696261693585,twitter,spectral,99,1,1,630,548,100,0,3.908012866973877,0.03947487744418057
5,$\|L_{t} - L_{0}\|_F$ / $\|L_{0}\|_F$,1.5064372966896646,twitter,spectral,99,1,1,630,548,100,0,3.908012866973877,0.03947487744418057
0,Polarization,-92.7769879875752,twitter,spectral,99,1,1,630,548,100,0,3.908012866973877,0.03947487744418057
0,$\|L_{t} - L_{0}\|_F$ / $\|L_{0}\|_F$,0.6150004510645588,twitter,spectral,99,1,1,630,548,100,0,3.908012866973877,0.03947487744418057
1,Surrogate,-0.2026680150207818,twitter,spectral,99,1,1,630,548,100,0,3.908012866973877,0.03947487744418057
1,Disparity,-13.374784856278726,twitter,spectral,99,1,1,630,548,100,0,3.908012866973877,0.03947487744418057
1,Polarization,-92.78430473305528,twitter,spectral,99,1,1,630,548,100,0,3.908012866973877,0.03947487744418057
1,$\|L_{t} - L_{0}\|_F$ / $\|L_{0}\|_F$,0.8697419787610701,twitter,spectral,99,1,1,630,548,100,0,3.908012866973877,0.03947487744418057
2,Surrogate,-0.42280119797856297,twitter,spectral,99,1,1,630,548,100,0,3.908012866973877,0.03947487744418057
2,Disparity,-13.641254836533664,twitter,spectral,99,1,1,630,548,100,0,3.908012866973877,0.03947487744418057
2,Polarization,-92.78708786342763,twitter,spectral,99,1,1,630,548,100,0,3.908012866973877,0.03947487744418057
2,$\|L_{t} - L_{0}\|_F$ / $\|L_{0}\|_F$,1.0652120279215926,twitter,spectral,99,1,1,630,548,100,0,3.908012866973877,0.03947487744418057
3,Surrogate,-0.6839494713899402,twitter,spectral,99,1,1,630,548,100,0,3.908012866973877,0.03947487744418057
3,Disparity,-14.008073994148445,twitter,spectral,99,1,1,630,548,100,0,3.908012866973877,0.03947487744418057
3,Polarization,-92.7898212465037,twitter,spectral,99,1,1,630,548,100,0,3.908012866973877,0.03947487744418057
3,$\|L_{t} - L_{0}\|_F$ / $\|L_{0}\|_F$,1.2300009021291176,twitter,spectral,99,1,1,630,548,100,0,3.908012866973877,0.03947487744418057
4,Surrogate,-1.594129225412339,twitter,spectral,99,1,1,630,548,100,0,3.908012866973877,0.03947487744418057
4,Disparity,-14.915277016164389,twitter,spectral,99,1,1,630,548,100,0,3.908012866973877,0.03947487744418057
4,Polarization,-92.83784415811463,twitter,spectral,99,1,1,630,548,100,0,3.908012866973877,0.03947487744418057
4,$\|L_{t} - L_{0}\|_F$ / $\|L_{0}\|_F$,1.3751828147733864,twitter,spectral,99,1,1,630,548,100,0,3.908012866973877,0.03947487744418057
5,Surrogate,-1.6944187536363886,twitter,spectral,99,1,1,630,548,100,0,3.908012866973877,0.03947487744418057
5,Disparity,-15.039517313986847,twitter,spectral,99,1,1,630,548,100,0,3.908012866973877,0.03947487744418057
5,Polarization,-92.83532477367412,twitter,spectral,99,1,1,630,548,100,0,3.908012866973877,0.03947487744418057
11,$\|L_{t} - L_{0}\|_F$ / $\|L_{0}\|_F$,2.174354946902675,twitter,spectral,99,1,1,630,548,100,0,3.908012866973877,0.03947487744418057
12,Surrogate,-2.4663645007311614,twitter,spectral,99,1,1,630,548,100,0,3.908012866973877,0.03947487744418057
12,Disparity,-16.061675156799865,twitter,spectral,99,1,1,630,548,100,0,3.908012866973877,0.03947487744418057
12,Polarization,-92.83454458681997,twitter,spectral,99,1,1,630,548,100,0,3.908012866973877,0.03947487744418057
19,Surrogate,-4.123551220095351,twitter,spectral,99,1,1,630,548,100,0,3.908012866973877,0.03947487744418057
19,Disparity,-18.01152245670337,twitter,spectral,99,1,1,630,548,100,0,3.908012866973877,0.03947487744418057
19,Polarization,-92.87104618959894,twitter,spectral,99,1,1,630,548,100,0,3.908012866973877,0.03947487744418057
19,$\|L_{t} - L_{0}\|_F$ / $\|L_{0}\|_F$,2.851639778865246,twitter,spectral,99,1,1,630,548,100,0,3.908012866973877,0.03947487744418057
20,Surrogate,-4.4510854405923075,twitter,spectral,99,1,1,630,548,100,0,3.908012866973877,0.03947487744418057
20,Disparity,-18.36260128147827,twitter,spectral,99,1,1,630,548,100,0,3.908012866973877,0.03947487744418057
20,Polarization,-92.87015409363968,twitter,spectral,99,1,1,630,548,100,0,3.908012866973877,0.03947487744418057
20,$\|L_{t} - L_{0}\|_F$ / $\|L_{0}\|_F$,2.9654247839598713,twitter,spectral,99,1,1,630,548,100,0,3.908012866973877,0.03947487744418057
21,Surrogate,-4.642661159207383,twitter,spectral,99,1,1,630,548,100,0,3.908012866973877,0.03947487744418057
21,Disparity,-18.599149527008084,twitter,spectral,99,1,1,630,548,100,0,3.908012866973877,0.03947487744418057
21,Polarization,-92.86877709883427,twitter,spectral,99,1,1,630,548,100,0,3.908012866973877,0.03947487744418057
21,$\|L_{t} - L_{0}\|_F$ / $\|L_{0}\|_F$,3.0128745933793293,twitter,spectral,99,1,1,630,548,100,0,3.908012866973877,0.03947487744418057
22,Surrogate,-4.861690899098415,twitter,spectral,99,1,1,630,548,100,0,3.908012866973877,0.03947487744418057
22,Disparity,-18.84926374246949,twitter,spectral,99,1,1,630,548,100,0,3.908012866973877,0.03947487744418057
22,Polarization,-92.86435410031282,twitter,spectral,99,1,1,630,548,100,0,3.908012866973877,0.03947487744418057
22,$\|L_{t} - L_{0}\|_F$ / $\|L_{0}\|_F$,3.1207864451685055,twitter,spectral,99,1,1,630,548,100,0,3.908012866973877,0.03947487744418057
23,Surrogate,-4.935050920022946,twitter,spectral,99,1,1,630,548,100,0,3.908012866973877,0.03947487744418057
23,Disparity,-18.973226829966798,twitter,spectral,99,1,1,630,548,100,0,3.908012866973877,0.03947487744418057
23,Polarization,-92.86896988302983,twitter,spectral,99,1,1,630,548,100,0,3.908012866973877,0.03947487744418057
23,$\|L_{t} - L_{0}\|_F$ / $\|L_{0}\|_F$,3.180807066006533,twitter,spectral,99,1,1,630,548,100,0,3.908012866973877,0.03947487744418057
24,Surrogate,-5.035687510081434,twitter,spectral,99,1,1,630,548,100,0,3.908012866973877,0.03947487744418057
18,$\|L_{t} - L_{0}\|_F$ / $\|L_{0}\|_F$,2.8014603802837232,twitter,spectral,99,1,1,630,548,100,0,3.908012866973877,0.03947487744418057
24,Polarization,-92.85543748496985,twitter,spectral,99,1,1,630,548,100,0,3.908012866973877,0.03947487744418057
18,Polarization,-92.86675863018179,twitter,spectral,99,1,1,630,548,100,0,3.908012866973877,0.03947487744418057
18,Surrogate,-3.550772948003457,twitter,spectral,99,1,1,630,548,100,0,3.908012866973877,0.03947487744418057
12,$\|L_{t} - L_{0}\|_F$ / $\|L_{0}\|_F$,2.3011209805950124,twitter,spectral,99,1,1,630,548,100,0,3.908012866973877,0.03947487744418057
13,Surrogate,-2.5501030477147206,twitter,spectral,99,1,1,630,548,100,0,3.908012866973877,0.03947487744418057
13,Disparity,-16.15477414299083,twitter,spectral,99,1,1,630,548,100,0,3.908012866973877,0.03947487744418057
13,Polarization,-92.83971382335012,twitter,spectral,99,1,1,630,548,100,0,3.908012866973877,0.03947487744418057
13,$\|L_{t} - L_{0}\|_F$ / $\|L_{0}\|_F$,2.3619540498159055,twitter,spectral,99,1,1,630,548,100,0,3.908012866973877,0.03947487744418057
14,Surrogate,-2.742655420084647,twitter,spectral,99,1,1,630,548,100,0,3.908012866973877,0.03947487744418057
14,Disparity,-16.397726801535388,twitter,spectral,99,1,1,630,548,100,0,3.908012866973877,0.03947487744418057
14,Polarization,-92.83960705648192,twitter,spectral,99,1,1,630,548,100,0,3.908012866973877,0.03947487744418057
14,$\|L_{t} - L_{0}\|_F$ / $\|L_{0}\|_F$,2.4407073745640564,twitter,spectral,99,1,1,630,548,100,0,3.908012866973877,0.03947487744418057
15,Surrogate,-2.876161329631622,twitter,spectral,99,1,1,630,548,100,0,3.908012866973877,0.03947487744418057
15,Disparity,-16.567417057340347,twitter,spectral,99,1,1,630,548,100,0,3.908012866973877,0.03947487744418057
15,Polarization,-92.81783150137692,twitter,spectral,99,1,1,630,548,100,0,3.908012866973877,0.03947487744418057
15,$\|L_{t} - L_{0}\|_F$ / $\|L_{0}\|_F$,2.5357118195416812,twitter,spectral,99,1,1,630,548,100,0,3.908012866973877,0.03947487744418057
16,Surrogate,-3.2500595293737575,twitter,spectral,99,1,1,630,548,100,0,3.908012866973877,0.03947487744418057
16,Disparity,-16.987759459958543,twitter,spectral,99,1,1,630,548,100,0,3.908012866973877,0.03947487744418057
16,Polarization,-92.85259716095548,twitter,spectral,99,1,1,630,548,100,0,3.908012866973877,0.03947487744418057
16,$\|L_{t} - L_{0}\|_F$ / $\|L_{0}\|_F$,2.60922593628321,twitter,spectral,99,1,1,630,548,100,0,3.908012866973877,0.03947487744418057
17,Surrogate,-3.3747802554913173,twitter,spectral,99,1,1,630,548,100,0,3.908012866973877,0.03947487744418057
17,Disparity,-17.124193433429294,twitter,spectral,99,1,1,630,548,100,0,3.908012866973877,0.03947487744418057
17,Polarization,-92.86084234645992,twitter,spectral,99,1,1,630,548,100,0,3.908012866973877,0.03947487744418057
17,$\|L_{t} - L_{0}\|_F$ / $\|L_{0}\|_F$,2.715768458242972,twitter,spectral,99,1,1,630,548,100,0,3.908012866973877,0.03947487744418057
18,Disparity,-17.3142453515688,twitter,spectral,99,1,1,630,548,100,0,3.908012866973877,0.03947487744418057
49,Polarization,-93.18402184954762,twitter,spectral,99,1,1,630,548,100,0,3.908012866973877,0.03947487744418057
49,$\|L_{t} - L_{0}\|_F$ / $\|L_{0}\|_F$,5.422825544533701,twitter,spectral,99,1,1,630,548,100,0,3.908012866973877,0.03947487744418057
50,Surrogate,-9.603355213427813,twitter,spectral,99,1,1,630,548,100,0,3.908012866973877,0.03947487744418057
81,Polarization,-93.17532242827876,twitter,spectral,99,1,1,630,548,100,0,3.908012866973877,0.03947487744418057
81,$\|L_{t} - L_{0}\|_F$ / $\|L_{0}\|_F$,7.687505638306985,twitter,spectral,99,1,1,630,548,100,0,3.908012866973877,0.03947487744418057
82,Surrogate,-5.342972877371214,twitter,spectral,99,1,1,630,548,100,0,3.908012866973877,0.03947487744418057
82,Disparity,-19.233309518778,twitter,spectral,99,1,1,630,548,100,0,3.908012866973877,0.03947487744418057
82,Polarization,-93.17779988243959,twitter,spectral,99,1,1,630,548,100,0,3.908012866973877,0.03947487744418057
82,$\|L_{t} - L_{0}\|_F$ / $\|L_{0}\|_F$,7.736549233904021,twitter,spectral,99,1,1,630,548,100,0,3.908012866973877,0.03947487744418057
83,Surrogate,-5.405238649522666,twitter,spectral,99,1,1,630,548,100,0,3.908012866973877,0.03947487744418057
83,Disparity,-19.299241026106518,twitter,spectral,99,1,1,630,548,100,0,3.908012866973877,0.03947487744418057
83,Polarization,-93.18150797284277,twitter,spectral,99,1,1,630,548,100,0,3.908012866973877,0.03947487744418057
81,Disparity,-19.005324984579765,twitter,spectral,99,1,1,630,548,100,0,3.908012866973877,0.03947487744418057
83,$\|L_{t} - L_{0}\|_F$ / $\|L_{0}\|_F$,7.839748252116374,twitter,spectral,99,1,1,630,548,100,0,3.908012866973877,0.03947487744418057
84,Disparity,-19.425594831975047,twitter,spectral,99,1,1,630,548,100,0,3.908012866973877,0.03947487744418057
84,Polarization,-93.18435062710763,twitter,spectral,99,1,1,630,548,100,0,3.908012866973877,0.03947487744418057
84,$\|L_{t} - L_{0}\|_F$ / $\|L_{0}\|_F$,7.98317017139303,twitter,spectral,99,1,1,630,548,100,0,3.908012866973877,0.03947487744418057
85,Surrogate,-5.662293085108258,twitter,spectral,99,1,1,630,548,100,0,3.908012866973877,0.03947487744418057
85,Disparity,-19.60590459559294,twitter,spectral,99,1,1,630,548,100,0,3.908012866973877,0.03947487744418057
85,Polarization,-93.19302911563004,twitter,spectral,99,1,1,630,548,100,0,3.908012866973877,0.03947487744418057
85,$\|L_{t} - L_{0}\|_F$ / $\|L_{0}\|_F$,8.02451872116554,twitter,spectral,99,1,1,630,548,100,0,3.908012866973877,0.03947487744418057
86,Surrogate,-5.872682486441015,twitter,spectral,99,1,1,630,548,100,0,3.908012866973877,0.03947487744418057
86,Disparity,-19.856814403881895,twitter,spectral,99,1,1,630,548,100,0,3.908012866973877,0.03947487744418057
84,Surrogate,-5.52964191041193,twitter,spectral,99,1,1,630,548,100,0,3.908012866973877,0.03947487744418057
81,Surrogate,-5.163067871260463,twitter,spectral,99,1,1,630,548,100,0,3.908012866973877,0.03947487744418057
80,$\|L_{t} - L_{0}\|_F$ / $\|L_{0}\|_F$,7.638147146355749,twitter,spectral,99,1,1,630,548,100,0,3.908012866973877,0.03947487744418057
80,Polarization,-93.1745910022075,twitter,spectral,99,1,1,630,548,100,0,3.908012866973877,0.03947487744418057
75,Disparity,-17.825655481438393,twitter,spectral,99,1,1,630,548,100,0,3.908012866973877,0.03947487744418057
75,Polarization,-93.14461894237715,twitter,spectral,99,1,1,630,548,100,0,3.908012866973877,0.03947487744418057
75,$\|L_{t} - L_{0}\|_F$ / $\|L_{0}\|_F$,7.19839572466787,twitter,spectral,99,1,1,630,548,100,0,3.908012866973877,0.03947487744418057
76,Surrogate,-3.9140324066898327,twitter,spectral,99,1,1,630,548,100,0,3.908012866973877,0.03947487744418057
76,Disparity,-17.918855030558404,twitter,spectral,99,1,1,630,548,100,0,3.908012866973877,0.03947487744418057
76,Polarization,-93.14735711139915,twitter,spectral,99,1,1,630,548,100,0,3.908012866973877,0.03947487744418057
76,$\|L_{t} - L_{0}\|_F$ / $\|L_{0}\|_F$,7.341467262092063,twitter,spectral,99,1,1,630,548,100,0,3.908012866973877,0.03947487744418057
77,Surrogate,-3.9887818617001116,twitter,spectral,99,1,1,630,548,100,0,3.908012866973877,0.03947487744418057
77,Disparity,-18.014423597080047,twitter,spectral,99,1,1,630,548,100,0,3.908012866973877,0.03947487744418057
77,Polarization,-93.13944792027836,twitter,spectral,99,1,1,630,548,100,0,3.908012866973877,0.03947487744418057
77,$\|L_{t} - L_{0}\|_F$ / $\|L_{0}\|_F$,7.4691545260770695,twitter,spectral,99,1,1,630,548,100,0,3.908012866973877,0.03947487744418057
78,Surrogate,-4.36747781427622,twitter,spectral,99,1,1,630,548,100,0,3.908012866973877,0.03947487744418057
78,Disparity,-18.230907939652855,twitter,spectral,99,1,1,630,548,100,0,3.908012866973877,0.03947487744418057
78,Polarization,-93.15261492698383,twitter,spectral,99,1,1,630,548,100,0,3.908012866973877,0.03947487744418057
78,$\|L_{t} - L_{0}\|_F$ / $\|L_{0}\|_F$,7.532186483448323,twitter,spectral,99,1,1,630,548,100,0,3.908012866973877,0.03947487744418057
79,Surrogate,-4.6755017389998335,twitter,spectral,99,1,1,630,548,100,0,3.908012866973877,0.03947487744418057
79,Disparity,-18.5249755608544,twitter,spectral,99,1,1,630,548,100,0,3.908012866973877,0.03947487744418057
79,Polarization,-93.18672459050433,twitter,spectral,99,1,1,630,548,100,0,3.908012866973877,0.03947487744418057
79,$\|L_{t} - L_{0}\|_F$ / $\|L_{0}\|_F$,7.56975373137436,twitter,spectral,99,1,1,630,548,100,0,3.908012866973877,0.03947487744418057
80,Surrogate,-5.001425914903728,twitter,spectral,99,1,1,630,548,100,0,3.908012866973877,0.03947487744418057
80,Disparity,-18.82685231088842,twitter,spectral,99,1,1,630,548,100,0,3.908012866973877,0.03947487744418057
86,Polarization,-93.19191362050422,twitter,spectral,99,1,1,630,548,100,0,3.908012866973877,0.03947487744418057
86,$\|L_{t} - L_{0}\|_F$ / $\|L_{0}\|_F$,8.07151484022395,twitter,spectral,99,1,1,630,548,100,0,3.908012866973877,0.03947487744418057
87,Surrogate,-6.433277079375236,twitter,spectral,99,1,1,630,548,100,0,3.908012866973877,0.03947487744418057
87,Disparity,-20.512342540834414,twitter,spectral,99,1,1,630,548,100,0,3.908012866973877,0.03947487744418057
93,$\|L_{t} - L_{0}\|_F$ / $\|L_{0}\|_F$,8.653823423915172,twitter,spectral,99,1,1,630,548,100,0,3.908012866973877,0.03947487744418057
94,Surrogate,-6.995524951425066,twitter,spectral,99,1,1,630,548,100,0,3.908012866973877,0.03947487744418057
94,Disparity,-21.260133606885997,twitter,spectral,99,1,1,630,548,100,0,3.908012866973877,0.03947487744418057
94,Polarization,-93.34909713862778,twitter,spectral,99,1,1,630,548,100,0,3.908012866973877,0.03947487744418057
94,$\|L_{t} - L_{0}\|_F$ / $\|L_{0}\|_F$,8.800095587393798,twitter,spectral,99,1,1,630,548,100,0,3.908012866973877,0.03947487744418057
95,Surrogate,-7.131332280652596,twitter,spectral,99,1,1,630,548,100,0,3.908012866973877,0.03947487744418057
95,Disparity,-21.391362022489684,twitter,spectral,99,1,1,630,548,100,0,3.908012866973877,0.03947487744418057
95,Polarization,-93.34820816277141,twitter,spectral,99,1,1,630,548,100,0,3.908012866973877,0.03947487744418057
95,$\|L_{t} - L_{0}\|_F$ / $\|L_{0}\|_F$,8.85899557641803,twitter,spectral,99,1,1,630,548,100,0,3.908012866973877,0.03947487744418057
96,Surrogate,-7.336488425341692,twitter,spectral,99,1,1,630,548,100,0,3.908012866973877,0.03947487744418057
96,Disparity,-21.68300068514238,twitter,spectral,99,1,1,630,548,100,0,3.908012866973877,0.03947487744418057
96,Polarization,-93.35092624031857,twitter,spectral,99,1,1,630,548,100,0,3.908012866973877,0.03947487744418057
96,$\|L_{t} - L_{0}\|_F$ / $\|L_{0}\|_F$,8.890958382267272,twitter,spectral,99,1,1,630,548,100,0,3.908012866973877,0.03947487744418057
97,Surrogate,-7.391925265934031,twitter,spectral,99,1,1,630,548,100,0,3.908012866973877,0.03947487744418057
97,Disparity,-21.7889983125374,twitter,spectral,99,1,1,630,548,100,0,3.908012866973877,0.03947487744418057
97,Polarization,-93.34580529027231,twitter,spectral,99,1,1,630,548,100,0,3.908012866973877,0.03947487744418057
97,$\|L_{t} - L_{0}\|_F$ / $\|L_{0}\|_F$,8.996680984077225,twitter,spectral,99,1,1,630,548,100,0,3.908012866973877,0.03947487744418057
98,Surrogate,-7.430931974981333,twitter,spectral,99,1,1,630,548,100,0,3.908012866973877,0.03947487744418057
98,Disparity,-21.851579343182443,twitter,spectral,99,1,1,630,548,100,0,3.908012866973877,0.03947487744418057
98,Polarization,-93.34570956284985,twitter,spectral,99,1,1,630,548,100,0,3.908012866973877,0.03947487744418057
98,$\|L_{t} - L_{0}\|_F$ / $\|L_{0}\|_F$,9.017676767553064,twitter,spectral,99,1,1,630,548,100,0,3.908012866973877,0.03947487744418057
93,Polarization,-93.3480103978663,twitter,spectral,99,1,1,630,548,100,0,3.908012866973877,0.03947487744418057
75,Surrogate,-3.8549882451852193,twitter,spectral,99,1,1,630,548,100,0,3.908012866973877,0.03947487744418057
93,Disparity,-21.186010389057607,twitter,spectral,99,1,1,630,548,100,0,3.908012866973877,0.03947487744418057
92,$\|L_{t} - L_{0}\|_F$ / $\|L_{0}\|_F$,8.620981470812271,twitter,spectral,99,1,1,630,548,100,0,3.908012866973877,0.03947487744418057
87,Polarization,-93.32148004945108,twitter,spectral,99,1,1,630,548,100,0,3.908012866973877,0.03947487744418057
87,$\|L_{t} - L_{0}\|_F$ / $\|L_{0}\|_F$,8.124060518870909,twitter,spectral,99,1,1,630,548,100,0,3.908012866973877,0.03947487744418057
88,Surrogate,-6.49429813289567,twitter,spectral,99,1,1,630,548,100,0,3.908012866973877,0.03947487744418057
88,Disparity,-20.59211005246059,twitter,spectral,99,1,1,630,548,100,0,3.908012866973877,0.03947487744418057
88,Polarization,-93.32058067556862,twitter,spectral,99,1,1,630,548,100,0,3.908012866973877,0.03947487744418057
88,$\|L_{t} - L_{0}\|_F$ / $\|L_{0}\|_F$,8.19359725509534,twitter,spectral,99,1,1,630,548,100,0,3.908012866973877,0.03947487744418057
89,Surrogate,-6.538036587703969,twitter,spectral,99,1,1,630,548,100,0,3.908012866973877,0.03947487744418057
89,Disparity,-20.65017662314765,twitter,spectral,99,1,1,630,548,100,0,3.908012866973877,0.03947487744418057
89,Polarization,-93.3216795974342,twitter,spectral,99,1,1,630,548,100,0,3.908012866973877,0.03947487744418057
89,$\|L_{t} - L_{0}\|_F$ / $\|L_{0}\|_F$,8.273984857403326,twitter,spectral,99,1,1,630,548,100,0,3.908012866973877,0.03947487744418057
90,Surrogate,-6.624612533048444,twitter,spectral,99,1,1,630,548,100,0,3.908012866973877,0.03947487744418057
90,Disparity,-20.769694101070197,twitter,spectral,99,1,1,630,548,100,0,3.908012866973877,0.03947487744418057
90,Polarization,-93.3222858001631,twitter,spectral,99,1,1,630,548,100,0,3.908012866973877,0.03947487744418057
90,$\|L_{t} - L_{0}\|_F$ / $\|L_{0}\|_F$,8.410004681889136,twitter,spectral,99,1,1,630,548,100,0,3.908012866973877,0.03947487744418057
91,Surrogate,-6.698865599862831,twitter,spectral,99,1,1,630,548,100,0,3.908012866973877,0.03947487744418057
91,Disparity,-20.857953176653368,twitter,spectral,99,1,1,630,548,100,0,3.908012866973877,0.03947487744418057
91,Polarization,-93.32510051990657,twitter,spectral,99,1,1,630,548,100,0,3.908012866973877,0.03947487744418057
91,$\|L_{t} - L_{0}\|_F$ / $\|L_{0}\|_F$,8.565965073070545,twitter,spectral,99,1,1,630,548,100,0,3.908012866973877,0.03947487744418057
92,Surrogate,-6.760825008270524,twitter,spectral,99,1,1,630,548,100,0,3.908012866973877,0.03947487744418057
92,Disparity,-20.959280153999966,twitter,spectral,99,1,1,630,548,100,0,3.908012866973877,0.03947487744418057
92,Polarization,-93.319222323712,twitter,spectral,99,1,1,630,548,100,0,3.908012866973877,0.03947487744418057
93,Surrogate,-6.930911444800687,twitter,spectral,99,1,1,630,548,100,0,3.908012866973877,0.03947487744418057
74,$\|L_{t} - L_{0}\|_F$ / $\|L_{0}\|_F$,7.032282082749283,twitter,spectral,99,1,1,630,548,100,0,3.908012866973877,0.03947487744418057
74,Polarization,-93.14281691362532,twitter,spectral,99,1,1,630,548,100,0,3.908012866973877,0.03947487744418057
74,Disparity,-17.720824365712616,twitter,spectral,99,1,1,630,548,100,0,3.908012866973877,0.03947487744418057
56,Polarization,-93.20419454953807,twitter,spectral,99,1,1,630,548,100,0,3.908012866973877,0.03947487744418057
56,$\|L_{t} - L_{0}\|_F$ / $\|L_{0}\|_F$,5.962650597855236,twitter,spectral,99,1,1,630,548,100,0,3.908012866973877,0.03947487744418057
57,Surrogate,-10.54691889716564,twitter,spectral,99,1,1,630,548,100,0,3.908012866973877,0.03947487744418057
57,Disparity,-25.46437031099964,twitter,spectral,99,1,1,630,548,100,0,3.908012866973877,0.03947487744418057
57,Polarization,-93.23565417574771,twitter,spectral,99,1,1,630,548,100,0,3.908012866973877,0.03947487744418057
57,$\|L_{t} - L_{0}\|_F$ / $\|L_{0}\|_F$,5.986390508328923,twitter,spectral,99,1,1,630,548,100,0,3.908012866973877,0.03947487744418057
58,Surrogate,-10.602222442795371,twitter,spectral,99,1,1,630,548,100,0,3.908012866973877,0.03947487744418057
58,Disparity,-25.534387782642575,twitter,spectral,99,1,1,630,548,100,0,3.908012866973877,0.03947487744418057
58,Polarization,-93.23585224119614,twitter,spectral,99,1,1,630,548,100,0,3.908012866973877,0.03947487744418057
58,$\|L_{t} - L_{0}\|_F$ / $\|L_{0}\|_F$,6.10370519838128,twitter,spectral,99,1,1,630,548,100,0,3.908012866973877,0.03947487744418057
59,Surrogate,-0.9333150761853395,twitter,spectral,99,1,1,630,548,100,0,3.908012866973877,0.03947487744418057
59,Disparity,-14.374355623304307,twitter,spectral,99,1,1,630,548,100,0,3.908012866973877,0.03947487744418057
59,Polarization,-93.03245743798493,twitter,spectral,99,1,1,630,548,100,0,3.908012866973877,0.03947487744418057
59,$\|L_{t} - L_{0}\|_F$ / $\|L_{0}\|_F$,6.134610232407294,twitter,spectral,99,1,1,630,548,100,0,3.908012866973877,0.03947487744418057
60,Surrogate,-1.0493418660231961,twitter,spectral,99,1,1,630,548,100,0,3.908012866973877,0.03947487744418057
60,Disparity,-14.561777965899845,twitter,spectral,99,1,1,630,548,100,0,3.908012866973877,0.03947487744418057
60,Polarization,-93.02990649147638,twitter,spectral,99,1,1,630,548,100,0,3.908012866973877,0.03947487744418057
60,$\|L_{t} - L_{0}\|_F$ / $\|L_{0}\|_F$,6.271798601693098,twitter,spectral,99,1,1,630,548,100,0,3.908012866973877,0.03947487744418057
61,Surrogate,-1.6806613153483838,twitter,spectral,99,1,1,630,548,100,0,3.908012866973877,0.03947487744418057
61,Disparity,-15.156430768782789,twitter,spectral,99,1,1,630,548,100,0,3.908012866973877,0.03947487744418057
61,Polarization,-93.06223771116835,twitter,spectral,99,1,1,630,548,100,0,3.908012866973877,0.03947487744418057
56,Disparity,-25.121913782052214,twitter,spectral,99,1,1,630,548,100,0,3.908012866973877,0.03947487744418057
61,$\|L_{t} - L_{0}\|_F$ / $\|L_{0}\|_F$,6.30937712010556,twitter,spectral,99,1,1,630,548,100,0,3.908012866973877,0.03947487744418057
56,Surrogate,-10.22406614051715,twitter,spectral,99,1,1,630,548,100,0,3.908012866973877,0.03947487744418057
55,Polarization,-93.20637599460996,twitter,spectral,99,1,1,630,548,100,0,3.908012866973877,0.03947487744418057
50,Disparity,-24.456282362252452,twitter,spectral,99,1,1,630,548,100,0,3.908012866973877,0.03947487744418057
50,Polarization,-93.18176494525208,twitter,spectral,99,1,1,630,548,100,0,3.908012866973877,0.03947487744418057
50,$\|L_{t} - L_{0}\|_F$ / $\|L_{0}\|_F$,5.517894268846918,twitter,spectral,99,1,1,630,548,100,0,3.908012866973877,0.03947487744418057
51,Surrogate,-9.673014457016498,twitter,spectral,99,1,1,630,548,100,0,3.908012866973877,0.03947487744418057
51,Disparity,-24.559351639089556,twitter,spectral,99,1,1,630,548,100,0,3.908012866973877,0.03947487744418057
51,Polarization,-93.18415095376066,twitter,spectral,99,1,1,630,548,100,0,3.908012866973877,0.03947487744418057
51,$\|L_{t} - L_{0}\|_F$ / $\|L_{0}\|_F$,5.586019000307186,twitter,spectral,99,1,1,630,548,100,0,3.908012866973877,0.03947487744418057
52,Surrogate,-9.752807818981465,twitter,spectral,99,1,1,630,548,100,0,3.908012866973877,0.03947487744418057
52,Disparity,-24.64020376074738,twitter,spectral,99,1,1,630,548,100,0,3.908012866973877,0.03947487744418057
52,Polarization,-93.18264481556625,twitter,spectral,99,1,1,630,548,100,0,3.908012866973877,0.03947487744418057
52,$\|L_{t} - L_{0}\|_F$ / $\|L_{0}\|_F$,5.703279557730492,twitter,spectral,99,1,1,630,548,100,0,3.908012866973877,0.03947487744418057
53,Surrogate,-10.014342371722854,twitter,spectral,99,1,1,630,548,100,0,3.908012866973877,0.03947487744418057
53,Disparity,-24.90172369431548,twitter,spectral,99,1,1,630,548,100,0,3.908012866973877,0.03947487744418057
53,Polarization,-93.2243245978478,twitter,spectral,99,1,1,630,548,100,0,3.908012866973877,0.03947487744418057
53,$\|L_{t} - L_{0}\|_F$ / $\|L_{0}\|_F$,5.752802451487531,twitter,spectral,99,1,1,630,548,100,0,3.908012866973877,0.03947487744418057
54,Surrogate,-10.078824803234149,twitter,spectral,99,1,1,630,548,100,0,3.908012866973877,0.03947487744418057
54,Disparity,-24.981541974437093,twitter,spectral,99,1,1,630,548,100,0,3.908012866973877,0.03947487744418057
54,Polarization,-93.2241968803168,twitter,spectral,99,1,1,630,548,100,0,3.908012866973877,0.03947487744418057
54,$\|L_{t} - L_{0}\|_F$ / $\|L_{0}\|_F$,5.7774047124940235,twitter,spectral,99,1,1,630,548,100,0,3.908012866973877,0.03947487744418057
55,Surrogate,-10.107318843756907,twitter,spectral,99,1,1,630,548,100,0,3.908012866973877,0.03947487744418057
55,Disparity,-25.010161950692694,twitter,spectral,99,1,1,630,548,100,0,3.908012866973877,0.03947487744418057
55,$\|L_{t} - L_{0}\|_F$ / $\|L_{0}\|_F$,5.874783559960059,twitter,spectral,99,1,1,630,548,100,0,3.908012866973877,0.03947487744418057
0,Disparity,-13.229336524969556,twitter,spectral,99,1,1,630,548,100,0,3.908012866973877,0.03947487744418057
62,Surrogate,-1.752887354496189,twitter,spectral,99,1,1,630,548,100,0,3.908012866973877,0.03947487744418057
62,Polarization,-93.06465339012644,twitter,spectral,99,1,1,630,548,100,0,3.908012866973877,0.03947487744418057
69,Surrogate,-3.054476855454625,twitter,spectral,99,1,1,630,548,100,0,3.908012866973877,0.03947487744418057
69,Disparity,-16.838544238833673,twitter,spectral,99,1,1,630,548,100,0,3.908012866973877,0.03947487744418057
69,Polarization,-93.13698270748066,twitter,spectral,99,1,1,630,548,100,0,3.908012866973877,0.03947487744418057
69,$\|L_{t} - L_{0}\|_F$ / $\|L_{0}\|_F$,6.771989997088397,twitter,spectral,99,1,1,630,548,100,0,3.908012866973877,0.03947487744418057
70,Surrogate,-3.2598089305959568,twitter,spectral,99,1,1,630,548,100,0,3.908012866973877,0.03947487744418057
70,Disparity,-17.107620023456246,twitter,spectral,99,1,1,630,548,100,0,3.908012866973877,0.03947487744418057
70,Polarization,-93.14073339093235,twitter,spectral,99,1,1,630,548,100,0,3.908012866973877,0.03947487744418057
70,$\|L_{t} - L_{0}\|_F$ / $\|L_{0}\|_F$,6.78593849795812,twitter,spectral,99,1,1,630,548,100,0,3.908012866973877,0.03947487744418057
71,Surrogate,-3.419085244097094,twitter,spectral,99,1,1,630,548,100,0,3.908012866973877,0.03947487744418057
71,Disparity,-17.30992739457538,twitter,spectral,99,1,1,630,548,100,0,3.908012866973877,0.03947487744418057
71,Polarization,-93.15438969794494,twitter,spectral,99,1,1,630,548,100,0,3.908012866973877,0.03947487744418057
71,$\|L_{t} - L_{0}\|_F$ / $\|L_{0}\|_F$,6.848355189123279,twitter,spectral,99,1,1,630,548,100,0,3.908012866973877,0.03947487744418057
72,Surrogate,-3.5020023658533197,twitter,spectral,99,1,1,630,548,100,0,3.908012866973877,0.03947487744418057
72,Disparity,-17.41044467959178,twitter,spectral,99,1,1,630,548,100,0,3.908012866973877,0.03947487744418057
72,Polarization,-93.13762098933994,twitter,spectral,99,1,1,630,548,100,0,3.908012866973877,0.03947487744418057
72,$\|L_{t} - L_{0}\|_F$ / $\|L_{0}\|_F$,6.9579358300885605,twitter,spectral,99,1,1,630,548,100,0,3.908012866973877,0.03947487744418057
73,Surrogate,-3.5847955172372643,twitter,spectral,99,1,1,630,548,100,0,3.908012866973877,0.03947487744418057
73,Disparity,-17.519317451796248,twitter,spectral,99,1,1,630,548,100,0,3.908012866973877,0.03947487744418057
73,Polarization,-93.13794013554137,twitter,spectral,99,1,1,630,548,100,0,3.908012866973877,0.03947487744418057
73,$\|L_{t} - L_{0}\|_F$ / $\|L_{0}\|_F$,6.9985862392232185,twitter,spectral,99,1,1,630,548,100,0,3.908012866973877,0.03947487744418057
74,Surrogate,-3.7772494799399183,twitter,spectral,99,1,1,630,548,100,0,3.908012866973877,0.03947487744418057
68,$\|L_{t} - L_{0}\|_F$ / $\|L_{0}\|_F$,6.715906298560611,twitter,spectral,99,1,1,630,548,100,0,3.908012866973877,0.03947487744418057
62,Disparity,-15.241813786685906,twitter,spectral,99,1,1,630,548,100,0,3.908012866973877,0.03947487744418057
68,Polarization,-93.13523287000997,twitter,spectral,99,1,1,630,548,100,0,3.908012866973877,0.03947487744418057
68,Surrogate,-2.9770530077458184,twitter,spectral,99,1,1,630,548,100,0,3.908012866973877,0.03947487744418057
62,$\|L_{t} - L_{0}\|_F$ / $\|L_{0}\|_F$,6.339279548854202,twitter,spectral,99,1,1,630,548,100,0,3.908012866973877,0.03947487744418057
63,Surrogate,-1.9606691220407744,twitter,spectral,99,1,1,630,548,100,0,3.908012866973877,0.03947487744418057
63,Disparity,-15.501258422405028,twitter,spectral,99,1,1,630,548,100,0,3.908012866973877,0.03947487744418057
63,Polarization,-93.0840448506242,twitter,spectral,99,1,1,630,548,100,0,3.908012866973877,0.03947487744418057
63,$\|L_{t} - L_{0}\|_F$ / $\|L_{0}\|_F$,6.398665197378306,twitter,spectral,99,1,1,630,548,100,0,3.908012866973877,0.03947487744418057
64,Surrogate,-2.4173570817346066,twitter,spectral,99,1,1,630,548,100,0,3.908012866973877,0.03947487744418057
64,Disparity,-16.03773515922749,twitter,spectral,99,1,1,630,548,100,0,3.908012866973877,0.03947487744418057
64,Polarization,-93.09191389357679,twitter,spectral,99,1,1,630,548,100,0,3.908012866973877,0.03947487744418057
64,$\|L_{t} - L_{0}\|_F$ / $\|L_{0}\|_F$,6.442845228651296,twitter,spectral,99,1,1,630,548,100,0,3.908012866973877,0.03947487744418057
65,Surrogate,-2.5062460359188754,twitter,spectral,99,1,1,630,548,100,0,3.908012866973877,0.03947487744418057
65,Disparity,-16.149863931049975,twitter,spectral,99,1,1,630,548,100,0,3.908012866973877,0.03947487744418057
65,Polarization,-93.09722696922786,twitter,spectral,99,1,1,630,548,100,0,3.908012866973877,0.03947487744418057
65,$\|L_{t} - L_{0}\|_F$ / $\|L_{0}\|_F$,6.5519920994221925,twitter,spectral,99,1,1,630,548,100,0,3.908012866973877,0.03947487744418057
66,Surrogate,-2.564876881078354,twitter,spectral,99,1,1,630,548,100,0,3.908012866973877,0.03947487744418057
66,Disparity,-16.226538209737235,twitter,spectral,99,1,1,630,548,100,0,3.908012866973877,0.03947487744418057
66,Polarization,-93.10134259543388,twitter,spectral,99,1,1,630,548,100,0,3.908012866973877,0.03947487744418057
66,$\|L_{t} - L_{0}\|_F$ / $\|L_{0}\|_F$,6.616616051216244,twitter,spectral,99,1,1,630,548,100,0,3.908012866973877,0.03947487744418057
67,Surrogate,-2.6958355502111857,twitter,spectral,99,1,1,630,548,100,0,3.908012866973877,0.03947487744418057
67,Disparity,-16.39780937159476,twitter,spectral,99,1,1,630,548,100,0,3.908012866973877,0.03947487744418057
67,Polarization,-93.10307185996326,twitter,spectral,99,1,1,630,548,100,0,3.908012866973877,0.03947487744418057
67,$\|L_{t} - L_{0}\|_F$ / $\|L_{0}\|_F$,6.659350291239144,twitter,spectral,99,1,1,630,548,100,0,3.908012866973877,0.03947487744418057
68,Disparity,-16.717098337446608,twitter,spectral,99,1,1,630,548,100,0,3.908012866973877,0.03947487744418057
0,Surrogate,-0.09117348315654417,twitter,spectral,99,1,1,630,548,100,0,3.908012866973877,0.03947487744418057
0,Surrogate,-0.0861684646178028,reddit,spectral,99,1,1,631,553,100,0,4.079329490661621,0.041205348390521424
98,Polarization,-20.790304764980093,reddit,spectral,99,1,1,631,553,100,0,4.079329490661621,0.041205348390521424
31,Polarization,-22.513786114621723,reddit,spectral,99,1,1,631,553,100,0,4.079329490661621,0.041205348390521424
31,$\|L_{t} - L_{0}\|_F$ / $\|L_{0}\|_F$,2.195365166918956,reddit,spectral,99,1,1,631,553,100,0,4.079329490661621,0.041205348390521424
32,Surrogate,-2.8481423598491413,reddit,spectral,99,1,1,631,553,100,0,4.079329490661621,0.041205348390521424
32,Disparity,-16.151876335821296,reddit,spectral,99,1,1,631,553,100,0,4.079329490661621,0.041205348390521424
32,Polarization,-22.59066488617531,reddit,spectral,99,1,1,631,553,100,0,4.079329490661621,0.041205348390521424
32,$\|L_{t} - L_{0}\|_F$ / $\|L_{0}\|_F$,2.2270459554126774,reddit,spectral,99,1,1,631,553,100,0,4.079329490661621,0.041205348390521424
33,Surrogate,-2.916205890221589,reddit,spectral,99,1,1,631,553,100,0,4.079329490661621,0.041205348390521424
33,Disparity,-16.23453989395402,reddit,spectral,99,1,1,631,553,100,0,4.079329490661621,0.041205348390521424
33,Polarization,-22.66691949575044,reddit,spectral,99,1,1,631,553,100,0,4.079329490661621,0.041205348390521424
31,Disparity,-16.071788001562282,reddit,spectral,99,1,1,631,553,100,0,4.079329490661621,0.041205348390521424
33,$\|L_{t} - L_{0}\|_F$ / $\|L_{0}\|_F$,2.3013011143431994,reddit,spectral,99,1,1,631,553,100,0,4.079329490661621,0.041205348390521424
34,Disparity,-16.319765655926076,reddit,spectral,99,1,1,631,553,100,0,4.079329490661621,0.041205348390521424
34,Polarization,-22.74605218535875,reddit,spectral,99,1,1,631,553,100,0,4.079329490661621,0.041205348390521424
34,$\|L_{t} - L_{0}\|_F$ / $\|L_{0}\|_F$,2.3495011328185056,reddit,spectral,99,1,1,631,553,100,0,4.079329490661621,0.041205348390521424
35,Surrogate,-3.0537810224453223,reddit,spectral,99,1,1,631,553,100,0,4.079329490661621,0.041205348390521424
35,Disparity,-16.405949647447343,reddit,spectral,99,1,1,631,553,100,0,4.079329490661621,0.041205348390521424
35,Polarization,-22.82543340544904,reddit,spectral,99,1,1,631,553,100,0,4.079329490661621,0.041205348390521424
35,$\|L_{t} - L_{0}\|_F$ / $\|L_{0}\|_F$,2.379130312638278,reddit,spectral,99,1,1,631,553,100,0,4.079329490661621,0.041205348390521424
36,Surrogate,-3.155792781271311,reddit,spectral,99,1,1,631,553,100,0,4.079329490661621,0.041205348390521424
36,Disparity,-16.5232026684602,reddit,spectral,99,1,1,631,553,100,0,4.079329490661621,0.041205348390521424
34,Surrogate,-2.989765934680191,reddit,spectral,99,1,1,631,553,100,0,4.079329490661621,0.041205348390521424
31,Surrogate,-2.7811596367982654,reddit,spectral,99,1,1,631,553,100,0,4.079329490661621,0.041205348390521424
30,$\|L_{t} - L_{0}\|_F$ / $\|L_{0}\|_F$,2.1696874980056458,reddit,spectral,99,1,1,631,553,100,0,4.079329490661621,0.041205348390521424
30,Polarization,-22.436350265130503,reddit,spectral,99,1,1,631,553,100,0,4.079329490661621,0.041205348390521424
25,Disparity,-15.37351145779176,reddit,spectral,99,1,1,631,553,100,0,4.079329490661621,0.041205348390521424
25,Polarization,-21.866866221864363,reddit,spectral,99,1,1,631,553,100,0,4.079329490661621,0.041205348390521424
25,$\|L_{t} - L_{0}\|_F$ / $\|L_{0}\|_F$,1.9735582344812022,reddit,spectral,99,1,1,631,553,100,0,4.079329490661621,0.041205348390521424
26,Surrogate,-2.282272686495092,reddit,spectral,99,1,1,631,553,100,0,4.079329490661621,0.041205348390521424
26,Disparity,-15.46856315880977,reddit,spectral,99,1,1,631,553,100,0,4.079329490661621,0.041205348390521424
26,Polarization,-21.953136958864338,reddit,spectral,99,1,1,631,553,100,0,4.079329490661621,0.041205348390521424
26,$\|L_{t} - L_{0}\|_F$ / $\|L_{0}\|_F$,2.029556813475974,reddit,spectral,99,1,1,631,553,100,0,4.079329490661621,0.041205348390521424
27,Surrogate,-2.3882621680537004,reddit,spectral,99,1,1,631,553,100,0,4.079329490661621,0.041205348390521424
27,Disparity,-15.576075912985331,reddit,spectral,99,1,1,631,553,100,0,4.079329490661621,0.041205348390521424
27,Polarization,-22.050920656697475,reddit,spectral,99,1,1,631,553,100,0,4.079329490661621,0.041205348390521424
27,$\|L_{t} - L_{0}\|_F$ / $\|L_{0}\|_F$,2.0907631878442654,reddit,spectral,99,1,1,631,553,100,0,4.079329490661621,0.041205348390521424
28,Surrogate,-2.53088051724505,reddit,spectral,99,1,1,631,553,100,0,4.079329490661621,0.041205348390521424
28,Disparity,-15.760383147402912,reddit,spectral,99,1,1,631,553,100,0,4.079329490661621,0.041205348390521424
28,Polarization,-22.223078979243095,reddit,spectral,99,1,1,631,553,100,0,4.079329490661621,0.041205348390521424
28,$\|L_{t} - L_{0}\|_F$ / $\|L_{0}\|_F$,2.1173981875792305,reddit,spectral,99,1,1,631,553,100,0,4.079329490661621,0.041205348390521424
29,Surrogate,-2.651207891079092,reddit,spectral,99,1,1,631,553,100,0,4.079329490661621,0.041205348390521424
29,Disparity,-15.90384635971985,reddit,spectral,99,1,1,631,553,100,0,4.079329490661621,0.041205348390521424
29,Polarization,-22.357321569331415,reddit,spectral,99,1,1,631,553,100,0,4.079329490661621,0.041205348390521424
29,$\|L_{t} - L_{0}\|_F$ / $\|L_{0}\|_F$,2.143702279208311,reddit,spectral,99,1,1,631,553,100,0,4.079329490661621,0.041205348390521424
30,Surrogate,-2.7141778851844838,reddit,spectral,99,1,1,631,553,100,0,4.079329490661621,0.041205348390521424
30,Disparity,-15.9905381122106,reddit,spectral,99,1,1,631,553,100,0,4.079329490661621,0.041205348390521424
36,Polarization,-22.93374931358047,reddit,spectral,99,1,1,631,553,100,0,4.079329490661621,0.041205348390521424
36,$\|L_{t} - L_{0}\|_F$ / $\|L_{0}\|_F$,2.396732009915508,reddit,spectral,99,1,1,631,553,100,0,4.079329490661621,0.041205348390521424
37,Surrogate,-3.187733137511083,reddit,spectral,99,1,1,631,553,100,0,4.079329490661621,0.041205348390521424
37,Disparity,-16.582683350192106,reddit,spectral,99,1,1,631,553,100,0,4.079329490661621,0.041205348390521424
43,$\|L_{t} - L_{0}\|_F$ / $\|L_{0}\|_F$,2.566117136014419,reddit,spectral,99,1,1,631,553,100,0,4.079329490661621,0.041205348390521424
44,Surrogate,-3.614340805481637,reddit,spectral,99,1,1,631,553,100,0,4.079329490661621,0.041205348390521424
44,Disparity,-17.072923851914044,reddit,spectral,99,1,1,631,553,100,0,4.079329490661621,0.041205348390521424
44,Polarization,-23.44430814824719,reddit,spectral,99,1,1,631,553,100,0,4.079329490661621,0.041205348390521424
44,$\|L_{t} - L_{0}\|_F$ / $\|L_{0}\|_F$,2.620146579591413,reddit,spectral,99,1,1,631,553,100,0,4.079329490661621,0.041205348390521424
45,Surrogate,-3.6548024760150803,reddit,spectral,99,1,1,631,553,100,0,4.079329490661621,0.041205348390521424
45,Disparity,-17.149065702462487,reddit,spectral,99,1,1,631,553,100,0,4.079329490661621,0.041205348390521424
45,Polarization,-23.51778214566062,reddit,spectral,99,1,1,631,553,100,0,4.079329490661621,0.041205348390521424
45,$\|L_{t} - L_{0}\|_F$ / $\|L_{0}\|_F$,2.646747734474038,reddit,spectral,99,1,1,631,553,100,0,4.079329490661621,0.041205348390521424
46,Surrogate,-3.728716559537923,reddit,spectral,99,1,1,631,553,100,0,4.079329490661621,0.041205348390521424
46,Disparity,-17.23734412216653,reddit,spectral,99,1,1,631,553,100,0,4.079329490661621,0.041205348390521424
46,Polarization,-23.601286485149775,reddit,spectral,99,1,1,631,553,100,0,4.079329490661621,0.041205348390521424
46,$\|L_{t} - L_{0}\|_F$ / $\|L_{0}\|_F$,2.68354639048813,reddit,spectral,99,1,1,631,553,100,0,4.079329490661621,0.041205348390521424
47,Surrogate,-3.8695068702728865,reddit,spectral,99,1,1,631,553,100,0,4.079329490661621,0.041205348390521424
47,Disparity,-17.40920553146443,reddit,spectral,99,1,1,631,553,100,0,4.079329490661621,0.041205348390521424
47,Polarization,-23.763582249662026,reddit,spectral,99,1,1,631,553,100,0,4.079329490661621,0.041205348390521424
47,$\|L_{t} - L_{0}\|_F$ / $\|L_{0}\|_F$,2.7352572406813236,reddit,spectral,99,1,1,631,553,100,0,4.079329490661621,0.041205348390521424
48,Surrogate,-3.9419680325767015,reddit,spectral,99,1,1,631,553,100,0,4.079329490661621,0.041205348390521424
48,Disparity,-17.507676174315208,reddit,spectral,99,1,1,631,553,100,0,4.079329490661621,0.041205348390521424
48,Polarization,-23.85481568983739,reddit,spectral,99,1,1,631,553,100,0,4.079329490661621,0.041205348390521424
48,$\|L_{t} - L_{0}\|_F$ / $\|L_{0}\|_F$,2.750580930556112,reddit,spectral,99,1,1,631,553,100,0,4.079329490661621,0.041205348390521424
43,Polarization,-23.370190258045593,reddit,spectral,99,1,1,631,553,100,0,4.079329490661621,0.041205348390521424
24,$\|L_{t} - L_{0}\|_F$ / $\|L_{0}\|_F$,1.9304935998883592,reddit,spectral,99,1,1,631,553,100,0,4.079329490661621,0.041205348390521424
43,Disparity,-16.99199560705285,reddit,spectral,99,1,1,631,553,100,0,4.079329490661621,0.041205348390521424
42,$\|L_{t} - L_{0}\|_F$ / $\|L_{0}\|_F$,2.5386712438494228,reddit,spectral,99,1,1,631,553,100,0,4.079329490661621,0.041205348390521424
37,Polarization,-22.990310357949486,reddit,spectral,99,1,1,631,553,100,0,4.079329490661621,0.041205348390521424
37,$\|L_{t} - L_{0}\|_F$ / $\|L_{0}\|_F$,2.425784367736032,reddit,spectral,99,1,1,631,553,100,0,4.079329490661621,0.041205348390521424
38,Surrogate,-3.2396341835940543,reddit,spectral,99,1,1,631,553,100,0,4.079329490661621,0.041205348390521424
38,Disparity,-16.639841928897063,reddit,spectral,99,1,1,631,553,100,0,4.079329490661621,0.041205348390521424
38,Polarization,-23.043739670433535,reddit,spectral,99,1,1,631,553,100,0,4.079329490661621,0.041205348390521424
38,$\|L_{t} - L_{0}\|_F$ / $\|L_{0}\|_F$,2.44877809853641,reddit,spectral,99,1,1,631,553,100,0,4.079329490661621,0.041205348390521424
39,Surrogate,-3.3337575969439848,reddit,spectral,99,1,1,631,553,100,0,4.079329490661621,0.041205348390521424
39,Disparity,-16.755112424550557,reddit,spectral,99,1,1,631,553,100,0,4.079329490661621,0.041205348390521424
39,Polarization,-23.151397132147338,reddit,spectral,99,1,1,631,553,100,0,4.079329490661621,0.041205348390521424
39,$\|L_{t} - L_{0}\|_F$ / $\|L_{0}\|_F$,2.4715579202176694,reddit,spectral,99,1,1,631,553,100,0,4.079329490661621,0.041205348390521424
40,Surrogate,-3.400975274605147,reddit,spectral,99,1,1,631,553,100,0,4.079329490661621,0.041205348390521424
40,Disparity,-16.823124638066787,reddit,spectral,99,1,1,631,553,100,0,4.079329490661621,0.041205348390521424
40,Polarization,-23.21545610676126,reddit,spectral,99,1,1,631,553,100,0,4.079329490661621,0.041205348390521424
40,$\|L_{t} - L_{0}\|_F$ / $\|L_{0}\|_F$,2.49412969392327,reddit,spectral,99,1,1,631,553,100,0,4.079329490661621,0.041205348390521424
41,Surrogate,-3.4299460766712615,reddit,spectral,99,1,1,631,553,100,0,4.079329490661621,0.041205348390521424
41,Disparity,-16.864360642343676,reddit,spectral,99,1,1,631,553,100,0,4.079329490661621,0.041205348390521424
41,Polarization,-23.25378687844959,reddit,spectral,99,1,1,631,553,100,0,4.079329490661621,0.041205348390521424
41,$\|L_{t} - L_{0}\|_F$ / $\|L_{0}\|_F$,2.522060348506485,reddit,spectral,99,1,1,631,553,100,0,4.079329490661621,0.041205348390521424
42,Surrogate,-3.4700457759730234,reddit,spectral,99,1,1,631,553,100,0,4.079329490661621,0.041205348390521424
42,Disparity,-16.923534710586853,reddit,spectral,99,1,1,631,553,100,0,4.079329490661621,0.041205348390521424
42,Polarization,-23.306982854924048,reddit,spectral,99,1,1,631,553,100,0,4.079329490661621,0.041205348390521424
43,Surrogate,-3.5307350639260555,reddit,spectral,99,1,1,631,553,100,0,4.079329490661621,0.041205348390521424
24,Polarization,-21.78933010324483,reddit,spectral,99,1,1,631,553,100,0,4.079329490661621,0.041205348390521424
24,Disparity,-15.294072939127668,reddit,spectral,99,1,1,631,553,100,0,4.079329490661621,0.041205348390521424
24,Surrogate,-2.1340150630544605,reddit,spectral,99,1,1,631,553,100,0,4.079329490661621,0.041205348390521424
6,Disparity,-13.61196561745369,reddit,spectral,99,1,1,631,553,100,0,4.079329490661621,0.041205348390521424
6,Polarization,-20.241163336358433,reddit,spectral,99,1,1,631,553,100,0,4.079329490661621,0.041205348390521424
6,$\|L_{t} - L_{0}\|_F$ / $\|L_{0}\|_F$,0.9014497956699755,reddit,spectral,99,1,1,631,553,100,0,4.079329490661621,0.041205348390521424
7,Surrogate,-0.7989330686841705,reddit,spectral,99,1,1,631,553,100,0,4.079329490661621,0.041205348390521424
7,Disparity,-13.73832529061558,reddit,spectral,99,1,1,631,553,100,0,4.079329490661621,0.041205348390521424
7,Polarization,-20.35488405231195,reddit,spectral,99,1,1,631,553,100,0,4.079329490661621,0.041205348390521424
7,$\|L_{t} - L_{0}\|_F$ / $\|L_{0}\|_F$,1.018224183739333,reddit,spectral,99,1,1,631,553,100,0,4.079329490661621,0.041205348390521424
8,Surrogate,-0.8710533800727791,reddit,spectral,99,1,1,631,553,100,0,4.079329490661621,0.041205348390521424
8,Disparity,-13.812005300343403,reddit,spectral,99,1,1,631,553,100,0,4.079329490661621,0.041205348390521424
8,Polarization,-20.42151623795074,reddit,spectral,99,1,1,631,553,100,0,4.079329490661621,0.041205348390521424
8,$\|L_{t} - L_{0}\|_F$ / $\|L_{0}\|_F$,1.0718511396041555,reddit,spectral,99,1,1,631,553,100,0,4.079329490661621,0.041205348390521424
9,Surrogate,-0.9563213861389611,reddit,spectral,99,1,1,631,553,100,0,4.079329490661621,0.041205348390521424
9,Disparity,-13.913066272994087,reddit,spectral,99,1,1,631,553,100,0,4.079329490661621,0.041205348390521424
9,Polarization,-20.517378831059922,reddit,spectral,99,1,1,631,553,100,0,4.079329490661621,0.041205348390521424
9,$\|L_{t} - L_{0}\|_F$ / $\|L_{0}\|_F$,1.135328294754251,reddit,spectral,99,1,1,631,553,100,0,4.079329490661621,0.041205348390521424
10,Surrogate,-1.0619764412498527,reddit,spectral,99,1,1,631,553,100,0,4.079329490661621,0.041205348390521424
10,Disparity,-14.031528662206687,reddit,spectral,99,1,1,631,553,100,0,4.079329490661621,0.041205348390521424
10,Polarization,-20.62571967047802,reddit,spectral,99,1,1,631,553,100,0,4.079329490661621,0.041205348390521424
10,$\|L_{t} - L_{0}\|_F$ / $\|L_{0}\|_F$,1.1954395878790631,reddit,spectral,99,1,1,631,553,100,0,4.079329490661621,0.041205348390521424
11,Surrogate,-1.1628446699526367,reddit,spectral,99,1,1,631,553,100,0,4.079329490661621,0.041205348390521424
11,Disparity,-14.154783833596918,reddit,spectral,99,1,1,631,553,100,0,4.079329490661621,0.041205348390521424
6,Surrogate,-0.69564732251609,reddit,spectral,99,1,1,631,553,100,0,4.079329490661621,0.041205348390521424
11,Polarization,-20.73790820984243,reddit,spectral,99,1,1,631,553,100,0,4.079329490661621,0.041205348390521424
5,$\|L_{t} - L_{0}\|_F$ / $\|L_{0}\|_F$,0.8369751232828521,reddit,spectral,99,1,1,631,553,100,0,4.079329490661621,0.041205348390521424
5,Disparity,-13.533548013343491,reddit,spectral,99,1,1,631,553,100,0,4.079329490661621,0.041205348390521424
98,$\|L_{t} - L_{0}\|_F$ / $\|L_{0}\|_F$,4.355488586531581,reddit,spectral,99,1,1,631,553,100,0,4.079329490661621,0.041205348390521424
0,Disparity,-12.899372231869355,reddit,spectral,99,1,1,631,553,100,0,4.079329490661621,0.041205348390521424
0,Polarization,-19.584818366131902,reddit,spectral,99,1,1,631,553,100,0,4.079329490661621,0.041205348390521424
0,$\|L_{t} - L_{0}\|_F$ / $\|L_{0}\|_F$,0.3347900493131408,reddit,spectral,99,1,1,631,553,100,0,4.079329490661621,0.041205348390521424
1,Surrogate,-0.26150581523077876,reddit,spectral,99,1,1,631,553,100,0,4.079329490661621,0.041205348390521424
1,Disparity,-13.097402947230051,reddit,spectral,99,1,1,631,553,100,0,4.079329490661621,0.041205348390521424
1,Polarization,-19.769444316016063,reddit,spectral,99,1,1,631,553,100,0,4.079329490661621,0.041205348390521424
1,$\|L_{t} - L_{0}\|_F$ / $\|L_{0}\|_F$,0.473464628286201,reddit,spectral,99,1,1,631,553,100,0,4.079329490661621,0.041205348390521424
2,Surrogate,-0.37757336072671266,reddit,spectral,99,1,1,631,553,100,0,4.079329490661621,0.041205348390521424
2,Disparity,-13.248416261515853,reddit,spectral,99,1,1,631,553,100,0,4.079329490661621,0.041205348390521424
2,Polarization,-19.90534876449613,reddit,spectral,99,1,1,631,553,100,0,4.079329490661621,0.041205348390521424
2,$\|L_{t} - L_{0}\|_F$ / $\|L_{0}\|_F$,0.5798733752788496,reddit,spectral,99,1,1,631,553,100,0,4.079329490661621,0.041205348390521424
3,Surrogate,-0.4624149980339211,reddit,spectral,99,1,1,631,553,100,0,4.079329490661621,0.041205348390521424
3,Disparity,-13.342205778457124,reddit,spectral,99,1,1,631,553,100,0,4.079329490661621,0.041205348390521424
3,Polarization,-19.987268131779583,reddit,spectral,99,1,1,631,553,100,0,4.079329490661621,0.041205348390521424
3,$\|L_{t} - L_{0}\|_F$ / $\|L_{0}\|_F$,0.6695800986262817,reddit,spectral,99,1,1,631,553,100,0,4.079329490661621,0.041205348390521424
4,Surrogate,-0.527411612526919,reddit,spectral,99,1,1,631,553,100,0,4.079329490661621,0.041205348390521424
4,Disparity,-13.421521931102598,reddit,spectral,99,1,1,631,553,100,0,4.079329490661621,0.041205348390521424
4,Polarization,-20.062561269078717,reddit,spectral,99,1,1,631,553,100,0,4.079329490661621,0.041205348390521424
4,$\|L_{t} - L_{0}\|_F$ / $\|L_{0}\|_F$,0.7486133084546897,reddit,spectral,99,1,1,631,553,100,0,4.079329490661621,0.041205348390521424
5,Surrogate,-0.6267931707439783,reddit,spectral,99,1,1,631,553,100,0,4.079329490661621,0.041205348390521424
5,Polarization,-20.166963800576983,reddit,spectral,99,1,1,631,553,100,0,4.079329490661621,0.041205348390521424
49,Surrogate,-4.096177159201049,reddit,spectral,99,1,1,631,553,100,0,4.079329490661621,0.041205348390521424
11,$\|L_{t} - L_{0}\|_F$ / $\|L_{0}\|_F$,1.2748425268349346,reddit,spectral,99,1,1,631,553,100,0,4.079329490661621,0.041205348390521424
12,Disparity,-14.219882808527062,reddit,spectral,99,1,1,631,553,100,0,4.079329490661621,0.041205348390521424
18,$\|L_{t} - L_{0}\|_F$ / $\|L_{0}\|_F$,1.6142991569157696,reddit,spectral,99,1,1,631,553,100,0,4.079329490661621,0.041205348390521424
19,Surrogate,-1.7440558117874971,reddit,spectral,99,1,1,631,553,100,0,4.079329490661621,0.041205348390521424
19,Disparity,-14.863758381278345,reddit,spectral,99,1,1,631,553,100,0,4.079329490661621,0.041205348390521424
19,Polarization,-21.389108214081407,reddit,spectral,99,1,1,631,553,100,0,4.079329490661621,0.041205348390521424
19,$\|L_{t} - L_{0}\|_F$ / $\|L_{0}\|_F$,1.6486497945707148,reddit,spectral,99,1,1,631,553,100,0,4.079329490661621,0.041205348390521424
20,Surrogate,-1.8224323934388358,reddit,spectral,99,1,1,631,553,100,0,4.079329490661621,0.041205348390521424
20,Disparity,-14.965522765530029,reddit,spectral,99,1,1,631,553,100,0,4.079329490661621,0.041205348390521424
20,Polarization,-21.483016615617686,reddit,spectral,99,1,1,631,553,100,0,4.079329490661621,0.041205348390521424
20,$\|L_{t} - L_{0}\|_F$ / $\|L_{0}\|_F$,1.6988739537754716,reddit,spectral,99,1,1,631,553,100,0,4.079329490661621,0.041205348390521424
21,Surrogate,-1.874317523709128,reddit,spectral,99,1,1,631,553,100,0,4.079329490661621,0.041205348390521424
21,Disparity,-15.032375301539913,reddit,spectral,99,1,1,631,553,100,0,4.079329490661621,0.041205348390521424
21,Polarization,-21.54524420228896,reddit,spectral,99,1,1,631,553,100,0,4.079329490661621,0.041205348390521424
21,$\|L_{t} - L_{0}\|_F$ / $\|L_{0}\|_F$,1.7315475990961953,reddit,spectral,99,1,1,631,553,100,0,4.079329490661621,0.041205348390521424
22,Surrogate,-1.9332083147879684,reddit,spectral,99,1,1,631,553,100,0,4.079329490661621,0.041205348390521424
22,Disparity,-15.117694257382869,reddit,spectral,99,1,1,631,553,100,0,4.079329490661621,0.041205348390521424
22,Polarization,-21.624599034585625,reddit,spectral,99,1,1,631,553,100,0,4.079329490661621,0.041205348390521424
22,$\|L_{t} - L_{0}\|_F$ / $\|L_{0}\|_F$,1.802899591339951,reddit,spectral,99,1,1,631,553,100,0,4.079329490661621,0.041205348390521424
23,Surrogate,-2.012036314901252,reddit,spectral,99,1,1,631,553,100,0,4.079329490661621,0.041205348390521424
23,Disparity,-15.185298659281887,reddit,spectral,99,1,1,631,553,100,0,4.079329490661621,0.041205348390521424
23,Polarization,-21.68787772311992,reddit,spectral,99,1,1,631,553,100,0,4.079329490661621,0.041205348390521424
23,$\|L_{t} - L_{0}\|_F$ / $\|L_{0}\|_F$,1.8489384798127828,reddit,spectral,99,1,1,631,553,100,0,4.079329490661621,0.041205348390521424
18,Polarization,-21.281440119960255,reddit,spectral,99,1,1,631,553,100,0,4.079329490661621,0.041205348390521424
12,Surrogate,-1.2218423339988813,reddit,spectral,99,1,1,631,553,100,0,4.079329490661621,0.041205348390521424
18,Disparity,-14.745167952978502,reddit,spectral,99,1,1,631,553,100,0,4.079329490661621,0.041205348390521424
17,$\|L_{t} - L_{0}\|_F$ / $\|L_{0}\|_F$,1.5703045235304187,reddit,spectral,99,1,1,631,553,100,0,4.079329490661621,0.041205348390521424
12,Polarization,-20.796195994584963,reddit,spectral,99,1,1,631,553,100,0,4.079329490661621,0.041205348390521424
12,$\|L_{t} - L_{0}\|_F$ / $\|L_{0}\|_F$,1.3495818345640613,reddit,spectral,99,1,1,631,553,100,0,4.079329490661621,0.041205348390521424
13,Surrogate,-1.3188765851576503,reddit,spectral,99,1,1,631,553,100,0,4.079329490661621,0.041205348390521424
13,Disparity,-14.335219515202347,reddit,spectral,99,1,1,631,553,100,0,4.079329490661621,0.041205348390521424
13,Polarization,-20.9036094337373,reddit,spectral,99,1,1,631,553,100,0,4.079329490661621,0.041205348390521424
13,$\|L_{t} - L_{0}\|_F$ / $\|L_{0}\|_F$,1.3904875063460271,reddit,spectral,99,1,1,631,553,100,0,4.079329490661621,0.041205348390521424
14,Surrogate,-1.3782888846449861,reddit,spectral,99,1,1,631,553,100,0,4.079329490661621,0.041205348390521424
14,Disparity,-14.396989011581526,reddit,spectral,99,1,1,631,553,100,0,4.079329490661621,0.041205348390521424
14,Polarization,-20.95979973884937,reddit,spectral,99,1,1,631,553,100,0,4.079329490661621,0.041205348390521424
14,$\|L_{t} - L_{0}\|_F$ / $\|L_{0}\|_F$,1.430223717613258,reddit,spectral,99,1,1,631,553,100,0,4.079329490661621,0.041205348390521424
15,Surrogate,-1.4574530949744784,reddit,spectral,99,1,1,631,553,100,0,4.079329490661621,0.041205348390521424
15,Disparity,-14.477414802605987,reddit,spectral,99,1,1,631,553,100,0,4.079329490661621,0.041205348390521424
15,Polarization,-21.033512539635957,reddit,spectral,99,1,1,631,553,100,0,4.079329490661621,0.041205348390521424
15,$\|L_{t} - L_{0}\|_F$ / $\|L_{0}\|_F$,1.4878395236389346,reddit,spectral,99,1,1,631,553,100,0,4.079329490661621,0.041205348390521424
16,Surrogate,-1.5160577103304336,reddit,spectral,99,1,1,631,553,100,0,4.079329490661621,0.041205348390521424
16,Disparity,-14.550451967367033,reddit,spectral,99,1,1,631,553,100,0,4.079329490661621,0.041205348390521424
16,Polarization,-21.099738810497495,reddit,spectral,99,1,1,631,553,100,0,4.079329490661621,0.041205348390521424
16,$\|L_{t} - L_{0}\|_F$ / $\|L_{0}\|_F$,1.534200742895466,reddit,spectral,99,1,1,631,553,100,0,4.079329490661621,0.041205348390521424
17,Surrogate,-1.5856299039425563,reddit,spectral,99,1,1,631,553,100,0,4.079329490661621,0.041205348390521424
17,Disparity,-14.660459775652,reddit,spectral,99,1,1,631,553,100,0,4.079329490661621,0.041205348390521424
17,Polarization,-21.20201677668506,reddit,spectral,99,1,1,631,553,100,0,4.079329490661621,0.041205348390521424
18,Surrogate,-1.6568545082573283,reddit,spectral,99,1,1,631,553,100,0,4.079329490661621,0.041205348390521424
49,Disparity,-17.71943684164606,reddit,spectral,99,1,1,631,553,100,0,4.079329490661621,0.041205348390521424
25,Surrogate,-2.206558792792044,reddit,spectral,99,1,1,631,553,100,0,4.079329490661621,0.041205348390521424
98,Disparity,-14.168981162303318,reddit,spectral,99,1,1,631,553,100,0,4.079329490661621,0.041205348390521424
80,$\|L_{t} - L_{0}\|_F$ / $\|L_{0}\|_F$,3.8245275805048036,reddit,spectral,99,1,1,631,553,100,0,4.079329490661621,0.041205348390521424
81,Surrogate,-7.504350422235255,reddit,spectral,99,1,1,631,553,100,0,4.079329490661621,0.041205348390521424
81,Disparity,-21.359021219174164,reddit,spectral,99,1,1,631,553,100,0,4.079329490661621,0.041205348390521424
81,Polarization,-27.45128848265397,reddit,spectral,99,1,1,631,553,100,0,4.079329490661621,0.041205348390521424
81,$\|L_{t} - L_{0}\|_F$ / $\|L_{0}\|_F$,3.8609871997767184,reddit,spectral,99,1,1,631,553,100,0,4.079329490661621,0.041205348390521424
82,Surrogate,-7.570494220356744,reddit,spectral,99,1,1,631,553,100,0,4.079329490661621,0.041205348390521424
82,Disparity,-21.431464871747615,reddit,spectral,99,1,1,631,553,100,0,4.079329490661621,0.041205348390521424
82,Polarization,-27.52014643729645,reddit,spectral,99,1,1,631,553,100,0,4.079329490661621,0.041205348390521424
82,$\|L_{t} - L_{0}\|_F$ / $\|L_{0}\|_F$,3.918617060305338,reddit,spectral,99,1,1,631,553,100,0,4.079329490661621,0.041205348390521424
80,Polarization,-27.39732081744048,reddit,spectral,99,1,1,631,553,100,0,4.079329490661621,0.041205348390521424
83,Surrogate,-7.602654668734942,reddit,spectral,99,1,1,631,553,100,0,4.079329490661621,0.041205348390521424
83,Polarization,-27.55352874124687,reddit,spectral,99,1,1,631,553,100,0,4.079329490661621,0.041205348390521424
83,$\|L_{t} - L_{0}\|_F$ / $\|L_{0}\|_F$,3.9506644395384956,reddit,spectral,99,1,1,631,553,100,0,4.079329490661621,0.041205348390521424
84,Surrogate,-7.679700272874931,reddit,spectral,99,1,1,631,553,100,0,4.079329490661621,0.041205348390521424
84,Disparity,-21.556207945345363,reddit,spectral,99,1,1,631,553,100,0,4.079329490661621,0.041205348390521424
84,Polarization,-27.636659875159136,reddit,spectral,99,1,1,631,553,100,0,4.079329490661621,0.041205348390521424
84,$\|L_{t} - L_{0}\|_F$ / $\|L_{0}\|_F$,3.9929941954868022,reddit,spectral,99,1,1,631,553,100,0,4.079329490661621,0.041205348390521424
85,Surrogate,-7.767899423052826,reddit,spectral,99,1,1,631,553,100,0,4.079329490661621,0.041205348390521424
85,Disparity,-21.67070227523244,reddit,spectral,99,1,1,631,553,100,0,4.079329490661621,0.041205348390521424
85,Polarization,-27.7417925681055,reddit,spectral,99,1,1,631,553,100,0,4.079329490661621,0.041205348390521424
83,Disparity,-21.46796864356763,reddit,spectral,99,1,1,631,553,100,0,4.079329490661621,0.041205348390521424
80,Disparity,-21.296835886010225,reddit,spectral,99,1,1,631,553,100,0,4.079329490661621,0.041205348390521424
80,Surrogate,-7.4381699189825925,reddit,spectral,99,1,1,631,553,100,0,4.079329490661621,0.041205348390521424
79,$\|L_{t} - L_{0}\|_F$ / $\|L_{0}\|_F$,3.7951077006856786,reddit,spectral,99,1,1,631,553,100,0,4.079329490661621,0.041205348390521424
74,Polarization,-25.993992911221643,reddit,spectral,99,1,1,631,553,100,0,4.079329490661621,0.041205348390521424
74,$\|L_{t} - L_{0}\|_F$ / $\|L_{0}\|_F$,3.62130806794094,reddit,spectral,99,1,1,631,553,100,0,4.079329490661621,0.041205348390521424
75,Surrogate,-5.997356026235848,reddit,spectral,99,1,1,631,553,100,0,4.079329490661621,0.041205348390521424
75,Disparity,-19.933884229008534,reddit,spectral,99,1,1,631,553,100,0,4.079329490661621,0.041205348390521424
75,Polarization,-26.102372081916876,reddit,spectral,99,1,1,631,553,100,0,4.079329490661621,0.041205348390521424
75,$\|L_{t} - L_{0}\|_F$ / $\|L_{0}\|_F$,3.6788841429339345,reddit,spectral,99,1,1,631,553,100,0,4.079329490661621,0.041205348390521424
76,Surrogate,-6.059970024173434,reddit,spectral,99,1,1,631,553,100,0,4.079329490661621,0.041205348390521424
76,Disparity,-20.007326758807643,reddit,spectral,99,1,1,631,553,100,0,4.079329490661621,0.041205348390521424
76,Polarization,-26.170385821069647,reddit,spectral,99,1,1,631,553,100,0,4.079329490661621,0.041205348390521424
76,$\|L_{t} - L_{0}\|_F$ / $\|L_{0}\|_F$,3.7054468282636535,reddit,spectral,99,1,1,631,553,100,0,4.079329490661621,0.041205348390521424
77,Surrogate,-7.24403810620836,reddit,spectral,99,1,1,631,553,100,0,4.079329490661621,0.041205348390521424
77,Disparity,-21.13122709323312,reddit,spectral,99,1,1,631,553,100,0,4.079329490661621,0.041205348390521424
77,Polarization,-27.242545092068386,reddit,spectral,99,1,1,631,553,100,0,4.079329490661621,0.041205348390521424
77,$\|L_{t} - L_{0}\|_F$ / $\|L_{0}\|_F$,3.7167727237387664,reddit,spectral,99,1,1,631,553,100,0,4.079329490661621,0.041205348390521424
78,Surrogate,-7.294274580474212,reddit,spectral,99,1,1,631,553,100,0,4.079329490661621,0.041205348390521424
78,Disparity,-21.177256096260322,reddit,spectral,99,1,1,631,553,100,0,4.079329490661621,0.041205348390521424
78,Polarization,-27.28808520876441,reddit,spectral,99,1,1,631,553,100,0,4.079329490661621,0.041205348390521424
78,$\|L_{t} - L_{0}\|_F$ / $\|L_{0}\|_F$,3.765457967573871,reddit,spectral,99,1,1,631,553,100,0,4.079329490661621,0.041205348390521424
79,Surrogate,-7.355034292188975,reddit,spectral,99,1,1,631,553,100,0,4.079329490661621,0.041205348390521424
79,Disparity,-21.232590774242244,reddit,spectral,99,1,1,631,553,100,0,4.079329490661621,0.041205348390521424
79,Polarization,-27.338746685307452,reddit,spectral,99,1,1,631,553,100,0,4.079329490661621,0.041205348390521424
86,Surrogate,-7.826134800241275,reddit,spectral,99,1,1,631,553,100,0,4.079329490661621,0.041205348390521424
86,Disparity,-21.746450373958,reddit,spectral,99,1,1,631,553,100,0,4.079329490661621,0.041205348390521424
86,Polarization,-27.811141802657886,reddit,spectral,99,1,1,631,553,100,0,4.079329490661621,0.041205348390521424
86,$\|L_{t} - L_{0}\|_F$ / $\|L_{0}\|_F$,4.072896734957332,reddit,spectral,99,1,1,631,553,100,0,4.079329490661621,0.041205348390521424
93,Disparity,-13.532627405072773,reddit,spectral,99,1,1,631,553,100,0,4.079329490661621,0.041205348390521424
93,Polarization,-20.204947419054815,reddit,spectral,99,1,1,631,553,100,0,4.079329490661621,0.041205348390521424
93,$\|L_{t} - L_{0}\|_F$ / $\|L_{0}\|_F$,4.248009500480706,reddit,spectral,99,1,1,631,553,100,0,4.079329490661621,0.041205348390521424
94,Surrogate,-0.720769275338401,reddit,spectral,99,1,1,631,553,100,0,4.079329490661621,0.041205348390521424
94,Disparity,-13.655509102572353,reddit,spectral,99,1,1,631,553,100,0,4.079329490661621,0.041205348390521424
94,Polarization,-20.317135589698278,reddit,spectral,99,1,1,631,553,100,0,4.079329490661621,0.041205348390521424
94,$\|L_{t} - L_{0}\|_F$ / $\|L_{0}\|_F$,4.280863891666269,reddit,spectral,99,1,1,631,553,100,0,4.079329490661621,0.041205348390521424
95,Surrogate,-0.8051889316367679,reddit,spectral,99,1,1,631,553,100,0,4.079329490661621,0.041205348390521424
95,Disparity,-13.769221469955855,reddit,spectral,99,1,1,631,553,100,0,4.079329490661621,0.041205348390521424
95,Polarization,-20.41918542797843,reddit,spectral,99,1,1,631,553,100,0,4.079329490661621,0.041205348390521424
95,$\|L_{t} - L_{0}\|_F$ / $\|L_{0}\|_F$,4.300456048450061,reddit,spectral,99,1,1,631,553,100,0,4.079329490661621,0.041205348390521424
96,Surrogate,-1.0018669386988275,reddit,spectral,99,1,1,631,553,100,0,4.079329490661621,0.041205348390521424
96,Disparity,-14.051691819866996,reddit,spectral,99,1,1,631,553,100,0,4.079329490661621,0.041205348390521424
96,Polarization,-20.68155051661017,reddit,spectral,99,1,1,631,553,100,0,4.079329490661621,0.041205348390521424
96,$\|L_{t} - L_{0}\|_F$ / $\|L_{0}\|_F$,4.319959350541317,reddit,spectral,99,1,1,631,553,100,0,4.079329490661621,0.041205348390521424
97,Surrogate,-1.0422207209363752,reddit,spectral,99,1,1,631,553,100,0,4.079329490661621,0.041205348390521424
97,Disparity,-14.100066706880623,reddit,spectral,99,1,1,631,553,100,0,4.079329490661621,0.041205348390521424
97,Polarization,-20.726781529194486,reddit,spectral,99,1,1,631,553,100,0,4.079329490661621,0.041205348390521424
97,$\|L_{t} - L_{0}\|_F$ / $\|L_{0}\|_F$,4.336145092328925,reddit,spectral,99,1,1,631,553,100,0,4.079329490661621,0.041205348390521424
98,Surrogate,-1.081780433742077,reddit,spectral,99,1,1,631,553,100,0,4.079329490661621,0.041205348390521424
49,Polarization,-24.051119386228343,reddit,spectral,99,1,1,631,553,100,0,4.079329490661621,0.041205348390521424
93,Surrogate,-0.6271657552114864,reddit,spectral,99,1,1,631,553,100,0,4.079329490661621,0.041205348390521424
74,Disparity,-19.819228083796354,reddit,spectral,99,1,1,631,553,100,0,4.079329490661621,0.041205348390521424
92,$\|L_{t} - L_{0}\|_F$ / $\|L_{0}\|_F$,4.224859412597763,reddit,spectral,99,1,1,631,553,100,0,4.079329490661621,0.041205348390521424
92,Disparity,-22.08850609774363,reddit,spectral,99,1,1,631,553,100,0,4.079329490661621,0.041205348390521424
87,Surrogate,-7.918912710255005,reddit,spectral,99,1,1,631,553,100,0,4.079329490661621,0.041205348390521424
87,Disparity,-21.837481790648212,reddit,spectral,99,1,1,631,553,100,0,4.079329490661621,0.041205348390521424
87,Polarization,-27.896343221901272,reddit,spectral,99,1,1,631,553,100,0,4.079329490661621,0.041205348390521424
87,$\|L_{t} - L_{0}\|_F$ / $\|L_{0}\|_F$,4.107152146734259,reddit,spectral,99,1,1,631,553,100,0,4.079329490661621,0.041205348390521424
88,Surrogate,-7.960260746340177,reddit,spectral,99,1,1,631,553,100,0,4.079329490661621,0.041205348390521424
88,Disparity,-21.892075138124653,reddit,spectral,99,1,1,631,553,100,0,4.079329490661621,0.041205348390521424
88,Polarization,-27.94752616935865,reddit,spectral,99,1,1,631,553,100,0,4.079329490661621,0.041205348390521424
88,$\|L_{t} - L_{0}\|_F$ / $\|L_{0}\|_F$,4.1275689360811985,reddit,spectral,99,1,1,631,553,100,0,4.079329490661621,0.041205348390521424
89,Surrogate,-8.008106417974258,reddit,spectral,99,1,1,631,553,100,0,4.079329490661621,0.041205348390521424
89,Disparity,-21.93042006947062,reddit,spectral,99,1,1,631,553,100,0,4.079329490661621,0.041205348390521424
89,Polarization,-27.98295012379875,reddit,spectral,99,1,1,631,553,100,0,4.079329490661621,0.041205348390521424
89,$\|L_{t} - L_{0}\|_F$ / $\|L_{0}\|_F$,4.144506097655226,reddit,spectral,99,1,1,631,553,100,0,4.079329490661621,0.041205348390521424
90,Surrogate,-8.053067590355617,reddit,spectral,99,1,1,631,553,100,0,4.079329490661621,0.041205348390521424
90,Disparity,-21.971969584098662,reddit,spectral,99,1,1,631,553,100,0,4.079329490661621,0.041205348390521424
90,Polarization,-28.02028820699431,reddit,spectral,99,1,1,631,553,100,0,4.079329490661621,0.041205348390521424
90,$\|L_{t} - L_{0}\|_F$ / $\|L_{0}\|_F$,4.171462519038081,reddit,spectral,99,1,1,631,553,100,0,4.079329490661621,0.041205348390521424
91,Surrogate,-8.103080584601596,reddit,spectral,99,1,1,631,553,100,0,4.079329490661621,0.041205348390521424
91,Disparity,-22.02123961395845,reddit,spectral,99,1,1,631,553,100,0,4.079329490661621,0.041205348390521424
91,Polarization,-28.067160003963476,reddit,spectral,99,1,1,631,553,100,0,4.079329490661621,0.041205348390521424
91,$\|L_{t} - L_{0}\|_F$ / $\|L_{0}\|_F$,4.201581773125153,reddit,spectral,99,1,1,631,553,100,0,4.079329490661621,0.041205348390521424
92,Surrogate,-8.143954910425967,reddit,spectral,99,1,1,631,553,100,0,4.079329490661621,0.041205348390521424
92,Polarization,-28.12944561930083,reddit,spectral,99,1,1,631,553,100,0,4.079329490661621,0.041205348390521424
74,Surrogate,-5.887168485786893,reddit,spectral,99,1,1,631,553,100,0,4.079329490661621,0.041205348390521424
85,$\|L_{t} - L_{0}\|_F$ / $\|L_{0}\|_F$,4.031406042842722,reddit,spectral,99,1,1,631,553,100,0,4.079329490661621,0.041205348390521424
73,Polarization,-25.855831972637027,reddit,spectral,99,1,1,631,553,100,0,4.079329490661621,0.041205348390521424
56,Surrogate,-4.557729663520791,reddit,spectral,99,1,1,631,553,100,0,4.079329490661621,0.041205348390521424
56,Disparity,-18.24465917392727,reddit,spectral,99,1,1,631,553,100,0,4.079329490661621,0.041205348390521424
56,Polarization,-24.540502649358814,reddit,spectral,99,1,1,631,553,100,0,4.079329490661621,0.041205348390521424
56,$\|L_{t} - L_{0}\|_F$ / $\|L_{0}\|_F$,3.040881634053742,reddit,spectral,99,1,1,631,553,100,0,4.079329490661621,0.041205348390521424
57,Surrogate,-4.653981119628092,reddit,spectral,99,1,1,631,553,100,0,4.079329490661621,0.041205348390521424
57,Disparity,-18.367944997215933,reddit,spectral,99,1,1,631,553,100,0,4.079329490661621,0.041205348390521424
57,Polarization,-24.65668975061526,reddit,spectral,99,1,1,631,553,100,0,4.079329490661621,0.041205348390521424
57,$\|L_{t} - L_{0}\|_F$ / $\|L_{0}\|_F$,3.0638320097100995,reddit,spectral,99,1,1,631,553,100,0,4.079329490661621,0.041205348390521424
58,Surrogate,-4.698406413311619,reddit,spectral,99,1,1,631,553,100,0,4.079329490661621,0.041205348390521424
58,Disparity,-18.4328158441737,reddit,spectral,99,1,1,631,553,100,0,4.079329490661621,0.041205348390521424
58,Polarization,-24.71688877090979,reddit,spectral,99,1,1,631,553,100,0,4.079329490661621,0.041205348390521424
58,$\|L_{t} - L_{0}\|_F$ / $\|L_{0}\|_F$,3.095676702060899,reddit,spectral,99,1,1,631,553,100,0,4.079329490661621,0.041205348390521424
59,Surrogate,-4.773227240240399,reddit,spectral,99,1,1,631,553,100,0,4.079329490661621,0.041205348390521424
59,Disparity,-18.513445708638493,reddit,spectral,99,1,1,631,553,100,0,4.079329490661621,0.041205348390521424
59,Polarization,-24.79208090649971,reddit,spectral,99,1,1,631,553,100,0,4.079329490661621,0.041205348390521424
59,$\|L_{t} - L_{0}\|_F$ / $\|L_{0}\|_F$,3.1271971322001844,reddit,spectral,99,1,1,631,553,100,0,4.079329490661621,0.041205348390521424
60,Surrogate,-4.899018341162032,reddit,spectral,99,1,1,631,553,100,0,4.079329490661621,0.041205348390521424
60,Disparity,-18.6621061285383,reddit,spectral,99,1,1,631,553,100,0,4.079329490661621,0.041205348390521424
60,Polarization,-24.92998818240956,reddit,spectral,99,1,1,631,553,100,0,4.079329490661621,0.041205348390521424
60,$\|L_{t} - L_{0}\|_F$ / $\|L_{0}\|_F$,3.1716829675172136,reddit,spectral,99,1,1,631,553,100,0,4.079329490661621,0.041205348390521424
61,Surrogate,-4.947943772592942,reddit,spectral,99,1,1,631,553,100,0,4.079329490661621,0.041205348390521424
55,$\|L_{t} - L_{0}\|_F$ / $\|L_{0}\|_F$,2.980383681120318,reddit,spectral,99,1,1,631,553,100,0,4.079329490661621,0.041205348390521424
61,Disparity,-18.717250683853745,reddit,spectral,99,1,1,631,553,100,0,4.079329490661621,0.041205348390521424
55,Polarization,-24.466934278899934,reddit,spectral,99,1,1,631,553,100,0,4.079329490661621,0.041205348390521424
55,Surrogate,-4.468715990021335,reddit,spectral,99,1,1,631,553,100,0,4.079329490661621,0.041205348390521424
49,$\|L_{t} - L_{0}\|_F$ / $\|L_{0}\|_F$,2.7809750126920543,reddit,spectral,99,1,1,631,553,100,0,4.079329490661621,0.041205348390521424
73,$\|L_{t} - L_{0}\|_F$ / $\|L_{0}\|_F$,3.598019671604854,reddit,spectral,99,1,1,631,553,100,0,4.079329490661621,0.041205348390521424
50,Disparity,-17.793403774258465,reddit,spectral,99,1,1,631,553,100,0,4.079329490661621,0.041205348390521424
50,Polarization,-24.12146911331691,reddit,spectral,99,1,1,631,553,100,0,4.079329490661621,0.041205348390521424
50,$\|L_{t} - L_{0}\|_F$ / $\|L_{0}\|_F$,2.8010545154167685,reddit,spectral,99,1,1,631,553,100,0,4.079329490661621,0.041205348390521424
51,Surrogate,-4.216806838692806,reddit,spectral,99,1,1,631,553,100,0,4.079329490661621,0.041205348390521424
51,Disparity,-17.859527796736472,reddit,spectral,99,1,1,631,553,100,0,4.079329490661621,0.041205348390521424
51,Polarization,-24.184121667227565,reddit,spectral,99,1,1,631,553,100,0,4.079329490661621,0.041205348390521424
51,$\|L_{t} - L_{0}\|_F$ / $\|L_{0}\|_F$,2.8259532674365895,reddit,spectral,99,1,1,631,553,100,0,4.079329490661621,0.041205348390521424
52,Surrogate,-4.28191929964287,reddit,spectral,99,1,1,631,553,100,0,4.079329490661621,0.041205348390521424
52,Disparity,-17.9329125457909,reddit,spectral,99,1,1,631,553,100,0,4.079329490661621,0.041205348390521424
52,Polarization,-24.253437448750116,reddit,spectral,99,1,1,631,553,100,0,4.079329490661621,0.041205348390521424
52,$\|L_{t} - L_{0}\|_F$ / $\|L_{0}\|_F$,2.8896861586290985,reddit,spectral,99,1,1,631,553,100,0,4.079329490661621,0.041205348390521424
53,Surrogate,-4.357621107063112,reddit,spectral,99,1,1,631,553,100,0,4.079329490661621,0.041205348390521424
53,Disparity,-18.037001737114487,reddit,spectral,99,1,1,631,553,100,0,4.079329490661621,0.041205348390521424
53,Polarization,-24.348321080473585,reddit,spectral,99,1,1,631,553,100,0,4.079329490661621,0.041205348390521424
53,$\|L_{t} - L_{0}\|_F$ / $\|L_{0}\|_F$,2.9329977742730318,reddit,spectral,99,1,1,631,553,100,0,4.079329490661621,0.041205348390521424
54,Surrogate,-4.383406270459485,reddit,spectral,99,1,1,631,553,100,0,4.079329490661621,0.041205348390521424
54,Disparity,-18.077145177763573,reddit,spectral,99,1,1,631,553,100,0,4.079329490661621,0.041205348390521424
54,Polarization,-24.38610909154087,reddit,spectral,99,1,1,631,553,100,0,4.079329490661621,0.041205348390521424
54,$\|L_{t} - L_{0}\|_F$ / $\|L_{0}\|_F$,2.956785655959767,reddit,spectral,99,1,1,631,553,100,0,4.079329490661621,0.041205348390521424
55,Disparity,-18.163555300872176,reddit,spectral,99,1,1,631,553,100,0,4.079329490661621,0.041205348390521424
61,Polarization,-24.980340270175766,reddit,spectral,99,1,1,631,553,100,0,4.079329490661621,0.041205348390521424
50,Surrogate,-4.163600899858049,reddit,spectral,99,1,1,631,553,100,0,4.079329490661621,0.041205348390521424
62,Surrogate,-5.022367400151324,reddit,spectral,99,1,1,631,553,100,0,4.079329490661621,0.041205348390521424
68,Disparity,-19.261472197880924,reddit,spectral,99,1,1,631,553,100,0,4.079329490661621,0.041205348390521424
68,Polarization,-25.477808650008722,reddit,spectral,99,1,1,631,553,100,0,4.079329490661621,0.041205348390521424
68,$\|L_{t} - L_{0}\|_F$ / $\|L_{0}\|_F$,3.4346587445894494,reddit,spectral,99,1,1,631,553,100,0,4.079329490661621,0.041205348390521424
69,Surrogate,-5.472422803833493,reddit,spectral,99,1,1,631,553,100,0,4.079329490661621,0.041205348390521424
69,Disparity,-19.32211362555836,reddit,spectral,99,1,1,631,553,100,0,4.079329490661621,0.041205348390521424
69,Polarization,-25.53464876701637,reddit,spectral,99,1,1,631,553,100,0,4.079329490661621,0.041205348390521424
69,$\|L_{t} - L_{0}\|_F$ / $\|L_{0}\|_F$,3.475211020151512,reddit,spectral,99,1,1,631,553,100,0,4.079329490661621,0.041205348390521424
70,Surrogate,-5.535891326114561,reddit,spectral,99,1,1,631,553,100,0,4.079329490661621,0.041205348390521424
70,Disparity,-19.384120697306535,reddit,spectral,99,1,1,631,553,100,0,4.079329490661621,0.041205348390521424
70,Polarization,-25.59250425377983,reddit,spectral,99,1,1,631,553,100,0,4.079329490661621,0.041205348390521424
70,$\|L_{t} - L_{0}\|_F$ / $\|L_{0}\|_F$,3.5351673296718387,reddit,spectral,99,1,1,631,553,100,0,4.079329490661621,0.041205348390521424
71,Surrogate,-5.613978634250323,reddit,spectral,99,1,1,631,553,100,0,4.079329490661621,0.041205348390521424
71,Disparity,-19.474509223516804,reddit,spectral,99,1,1,631,553,100,0,4.079329490661621,0.041205348390521424
71,Polarization,-25.675463960262224,reddit,spectral,99,1,1,631,553,100,0,4.079329490661621,0.041205348390521424
71,$\|L_{t} - L_{0}\|_F$ / $\|L_{0}\|_F$,3.55886704085131,reddit,spectral,99,1,1,631,553,100,0,4.079329490661621,0.041205348390521424
72,Surrogate,-5.699575853306053,reddit,spectral,99,1,1,631,553,100,0,4.079329490661621,0.041205348390521424
72,Disparity,-19.577221502090712,reddit,spectral,99,1,1,631,553,100,0,4.079329490661621,0.041205348390521424
72,Polarization,-25.772223755111373,reddit,spectral,99,1,1,631,553,100,0,4.079329490661621,0.041205348390521424
72,$\|L_{t} - L_{0}\|_F$ / $\|L_{0}\|_F$,3.578496903150348,reddit,spectral,99,1,1,631,553,100,0,4.079329490661621,0.041205348390521424
73,Surrogate,-5.780832677590052,reddit,spectral,99,1,1,631,553,100,0,4.079329490661621,0.041205348390521424
61,$\|L_{t} - L_{0}\|_F$ / $\|L_{0}\|_F$,3.206827341887459,reddit,spectral,99,1,1,631,553,100,0,4.079329490661621,0.041205348390521424
68,Surrogate,-5.412060122712444,reddit,spectral,99,1,1,631,553,100,0,4.079329490661621,0.041205348390521424
67,$\|L_{t} - L_{0}\|_F$ / $\|L_{0}\|_F$,3.3853548647708247,reddit,spectral,99,1,1,631,553,100,0,4.079329490661621,0.041205348390521424
73,Disparity,-19.66893550947127,reddit,spectral,99,1,1,631,553,100,0,4.079329490661621,0.041205348390521424
67,Disparity,-19.16706219554226,reddit,spectral,99,1,1,631,553,100,0,4.079329490661621,0.041205348390521424
67,Polarization,-25.38986523311481,reddit,spectral,99,1,1,631,553,100,0,4.079329490661621,0.041205348390521424
62,Disparity,-18.799494476622613,reddit,spectral,99,1,1,631,553,100,0,4.079329490661621,0.041205348390521424
62,Polarization,-25.054631125094563,reddit,spectral,99,1,1,631,553,100,0,4.079329490661621,0.041205348390521424
62,$\|L_{t} - L_{0}\|_F$ / $\|L_{0}\|_F$,3.2242558797024907,reddit,spectral,99,1,1,631,553,100,0,4.079329490661621,0.041205348390521424
63,Surrogate,-5.126762538312453,reddit,spectral,99,1,1,631,553,100,0,4.079329490661621,0.041205348390521424
63,Disparity,-18.90677519215522,reddit,spectral,99,1,1,631,553,100,0,4.079329490661621,0.041205348390521424
63,$\|L_{t} - L_{0}\|_F$ / $\|L_{0}\|_F$,3.2802591671136505,reddit,spectral,99,1,1,631,553,100,0,4.079329490661621,0.041205348390521424
64,Surrogate,-5.165264742490967,reddit,spectral,99,1,1,631,553,100,0,4.079329490661621,0.041205348390521424
64,Disparity,-18.962172045140694,reddit,spectral,99,1,1,631,553,100,0,4.079329490661621,0.041205348390521424
64,Polarization,-25.203766452246718,reddit,spectral,99,1,1,631,553,100,0,4.079329490661621,0.041205348390521424
63,Polarization,-25.153680413458527,reddit,spectral,99,1,1,631,553,100,0,4.079329490661621,0.041205348390521424
65,Surrogate,-5.2267681537055575,reddit,spectral,99,1,1,631,553,100,0,4.079329490661621,0.041205348390521424
65,Disparity,-19.031204598694572,reddit,spectral,99,1,1,631,553,100,0,4.079329490661621,0.041205348390521424
65,Polarization,-25.265611185846016,reddit,spectral,99,1,1,631,553,100,0,4.079329490661621,0.041205348390521424
67,Surrogate,-5.335322634787622,reddit,spectral,99,1,1,631,553,100,0,4.079329490661621,0.041205348390521424
65,$\|L_{t} - L_{0}\|_F$ / $\|L_{0}\|_F$,3.3520827564648963,reddit,spectral,99,1,1,631,553,100,0,4.079329490661621,0.041205348390521424
66,Surrogate,-5.28437523053452,reddit,spectral,99,1,1,631,553,100,0,4.079329490661621,0.041205348390521424
66,Disparity,-19.107320708546197,reddit,spectral,99,1,1,631,553,100,0,4.079329490661621,0.041205348390521424
66,Polarization,-25.33452120437939,reddit,spectral,99,1,1,631,553,100,0,4.079329490661621,0.041205348390521424
66,$\|L_{t} - L_{0}\|_F$ / $\|L_{0}\|_F$,3.3645983547859943,reddit,spectral,99,1,1,631,553,100,0,4.079329490661621,0.041205348390521424
64,$\|L_{t} - L_{0}\|_F$ / $\|L_{0}\|_F$,3.314252398003407,reddit,spectral,99,1,1,631,553,100,0,4.079329490661621,0.041205348390521424
65,Polarization,-30.82756942848015,polblogs,spectral,99,1,1,710,1222,100,0,8.710362195968628,0.08798345652493564
65,$\|L_{t} - L_{0}\|_F$ / $\|L_{0}\|_F$,1.9927480594499163,polblogs,spectral,99,1,1,710,1222,100,0,8.710362195968628,0.08798345652493564
66,Surrogate,-9.043443920656728,polblogs,spectral,99,1,1,710,1222,100,0,8.710362195968628,0.08798345652493564
67,Surrogate,-9.131553730431195,polblogs,spectral,99,1,1,710,1222,100,0,8.710362195968628,0.08798345652493564
66,Polarization,-30.86872474085245,polblogs,spectral,99,1,1,710,1222,100,0,8.710362195968628,0.08798345652493564
66,$\|L_{t} - L_{0}\|_F$ / $\|L_{0}\|_F$,2.007293858768949,polblogs,spectral,99,1,1,710,1222,100,0,8.710362195968628,0.08798345652493564
65,Disparity,-27.91977808632501,polblogs,spectral,99,1,1,710,1222,100,0,8.710362195968628,0.08798345652493564
66,Disparity,-27.96179636483972,polblogs,spectral,99,1,1,710,1222,100,0,8.710362195968628,0.08798345652493564
65,Surrogate,-9.014441287885333,polblogs,spectral,99,1,1,710,1222,100,0,8.710362195968628,0.08798345652493564
62,Disparity,-27.69398089515639,polblogs,spectral,99,1,1,710,1222,100,0,8.710362195968628,0.08798345652493564
64,Polarization,-30.784450106020085,polblogs,spectral,99,1,1,710,1222,100,0,8.710362195968628,0.08798345652493564
64,Disparity,-27.87292547580821,polblogs,spectral,99,1,1,710,1222,100,0,8.710362195968628,0.08798345652493564
64,Surrogate,-8.984426814782246,polblogs,spectral,99,1,1,710,1222,100,0,8.710362195968628,0.08798345652493564
63,$\|L_{t} - L_{0}\|_F$ / $\|L_{0}\|_F$,1.96148011423641,polblogs,spectral,99,1,1,710,1222,100,0,8.710362195968628,0.08798345652493564
63,Polarization,-30.714645661786676,polblogs,spectral,99,1,1,710,1222,100,0,8.710362195968628,0.08798345652493564
63,Disparity,-27.789933434858856,polblogs,spectral,99,1,1,710,1222,100,0,8.710362195968628,0.08798345652493564
63,Surrogate,-8.923725482273165,polblogs,spectral,99,1,1,710,1222,100,0,8.710362195968628,0.08798345652493564
62,$\|L_{t} - L_{0}\|_F$ / $\|L_{0}\|_F$,1.9126700880606555,polblogs,spectral,99,1,1,710,1222,100,0,8.710362195968628,0.08798345652493564
62,Polarization,-30.61845670412375,polblogs,spectral,99,1,1,710,1222,100,0,8.710362195968628,0.08798345652493564
73,Disparity,-28.473267219542244,polblogs,spectral,99,1,1,710,1222,100,0,8.710362195968628,0.08798345652493564
64,$\|L_{t} - L_{0}\|_F$ / $\|L_{0}\|_F$,1.9854351978688056,polblogs,spectral,99,1,1,710,1222,100,0,8.710362195968628,0.08798345652493564
67,Disparity,-28.076223027330688,polblogs,spectral,99,1,1,710,1222,100,0,8.710362195968628,0.08798345652493564
70,Surrogate,-9.23743474852988,polblogs,spectral,99,1,1,710,1222,100,0,8.710362195968628,0.08798345652493564
67,$\|L_{t} - L_{0}\|_F$ / $\|L_{0}\|_F$,2.0181344084845136,polblogs,spectral,99,1,1,710,1222,100,0,8.710362195968628,0.08798345652493564
62,Surrogate,-8.801029183310039,polblogs,spectral,99,1,1,710,1222,100,0,8.710362195968628,0.08798345652493564
73,Surrogate,-9.655855352044428,polblogs,spectral,99,1,1,710,1222,100,0,8.710362195968628,0.08798345652493564
72,$\|L_{t} - L_{0}\|_F$ / $\|L_{0}\|_F$,2.1524139084250606,polblogs,spectral,99,1,1,710,1222,100,0,8.710362195968628,0.08798345652493564
72,Polarization,-31.26658211611184,polblogs,spectral,99,1,1,710,1222,100,0,8.710362195968628,0.08798345652493564
72,Disparity,-28.411332603241863,polblogs,spectral,99,1,1,710,1222,100,0,8.710362195968628,0.08798345652493564
72,Surrogate,-9.613301132875037,polblogs,spectral,99,1,1,710,1222,100,0,8.710362195968628,0.08798345652493564
71,$\|L_{t} - L_{0}\|_F$ / $\|L_{0}\|_F$,2.1097538330987775,polblogs,spectral,99,1,1,710,1222,100,0,8.710362195968628,0.08798345652493564
71,Polarization,-31.15137402602776,polblogs,spectral,99,1,1,710,1222,100,0,8.710362195968628,0.08798345652493564
71,Disparity,-28.246307913121942,polblogs,spectral,99,1,1,710,1222,100,0,8.710362195968628,0.08798345652493564
71,Surrogate,-9.273154626170783,polblogs,spectral,99,1,1,710,1222,100,0,8.710362195968628,0.08798345652493564
70,$\|L_{t} - L_{0}\|_F$ / $\|L_{0}\|_F$,2.0959192325242055,polblogs,spectral,99,1,1,710,1222,100,0,8.710362195968628,0.08798345652493564
70,Polarization,-31.109177652786833,polblogs,spectral,99,1,1,710,1222,100,0,8.710362195968628,0.08798345652493564
70,Disparity,-28.20266363884184,polblogs,spectral,99,1,1,710,1222,100,0,8.710362195968628,0.08798345652493564
69,$\|L_{t} - L_{0}\|_F$ / $\|L_{0}\|_F$,2.0819927046593425,polblogs,spectral,99,1,1,710,1222,100,0,8.710362195968628,0.08798345652493564
69,Polarization,-31.07831748505167,polblogs,spectral,99,1,1,710,1222,100,0,8.710362195968628,0.08798345652493564
69,Disparity,-28.168485326849375,polblogs,spectral,99,1,1,710,1222,100,0,8.710362195968628,0.08798345652493564
69,Surrogate,-9.207355923390683,polblogs,spectral,99,1,1,710,1222,100,0,8.710362195968628,0.08798345652493564
68,$\|L_{t} - L_{0}\|_F$ / $\|L_{0}\|_F$,2.050312185127409,polblogs,spectral,99,1,1,710,1222,100,0,8.710362195968628,0.08798345652493564
68,Polarization,-31.036826156541313,polblogs,spectral,99,1,1,710,1222,100,0,8.710362195968628,0.08798345652493564
68,Disparity,-28.12699284046465,polblogs,spectral,99,1,1,710,1222,100,0,8.710362195968628,0.08798345652493564
68,Surrogate,-9.174398347576611,polblogs,spectral,99,1,1,710,1222,100,0,8.710362195968628,0.08798345652493564
67,Polarization,-30.984967667136683,polblogs,spectral,99,1,1,710,1222,100,0,8.710362195968628,0.08798345652493564
61,$\|L_{t} - L_{0}\|_F$ / $\|L_{0}\|_F$,1.9050498582076247,polblogs,spectral,99,1,1,710,1222,100,0,8.710362195968628,0.08798345652493564
55,$\|L_{t} - L_{0}\|_F$ / $\|L_{0}\|_F$,1.7519120468175293,polblogs,spectral,99,1,1,710,1222,100,0,8.710362195968628,0.08798345652493564
61,Disparity,-27.64964507166908,polblogs,spectral,99,1,1,710,1222,100,0,8.710362195968628,0.08798345652493564
54,Polarization,-29.763623969211107,polblogs,spectral,99,1,1,710,1222,100,0,8.710362195968628,0.08798345652493564
54,Disparity,-26.821021582661203,polblogs,spectral,99,1,1,710,1222,100,0,8.710362195968628,0.08798345652493564
54,Surrogate,-8.042344434148639,polblogs,spectral,99,1,1,710,1222,100,0,8.710362195968628,0.08798345652493564
53,$\|L_{t} - L_{0}\|_F$ / $\|L_{0}\|_F$,1.7204944584741884,polblogs,spectral,99,1,1,710,1222,100,0,8.710362195968628,0.08798345652493564
53,Polarization,-29.733460335551086,polblogs,spectral,99,1,1,710,1222,100,0,8.710362195968628,0.08798345652493564
53,Disparity,-26.78326312166382,polblogs,spectral,99,1,1,710,1222,100,0,8.710362195968628,0.08798345652493564
53,Surrogate,-8.018140104691126,polblogs,spectral,99,1,1,710,1222,100,0,8.710362195968628,0.08798345652493564
52,$\|L_{t} - L_{0}\|_F$ / $\|L_{0}\|_F$,1.677689382488625,polblogs,spectral,99,1,1,710,1222,100,0,8.710362195968628,0.08798345652493564
52,Polarization,-29.700360475347527,polblogs,spectral,99,1,1,710,1222,100,0,8.710362195968628,0.08798345652493564
52,Disparity,-26.74939211253734,polblogs,spectral,99,1,1,710,1222,100,0,8.710362195968628,0.08798345652493564
52,Surrogate,-7.99334789948338,polblogs,spectral,99,1,1,710,1222,100,0,8.710362195968628,0.08798345652493564
51,$\|L_{t} - L_{0}\|_F$ / $\|L_{0}\|_F$,1.633763185590169,polblogs,spectral,99,1,1,710,1222,100,0,8.710362195968628,0.08798345652493564
51,Polarization,-29.49783112768803,polblogs,spectral,99,1,1,710,1222,100,0,8.710362195968628,0.08798345652493564
51,Disparity,-26.54294603419102,polblogs,spectral,99,1,1,710,1222,100,0,8.710362195968628,0.08798345652493564
51,Surrogate,-7.829277948395388,polblogs,spectral,99,1,1,710,1222,100,0,8.710362195968628,0.08798345652493564
50,$\|L_{t} - L_{0}\|_F$ / $\|L_{0}\|_F$,1.606831178461055,polblogs,spectral,99,1,1,710,1222,100,0,8.710362195968628,0.08798345652493564
50,Polarization,-29.450412103976078,polblogs,spectral,99,1,1,710,1222,100,0,8.710362195968628,0.08798345652493564
50,Disparity,-26.49611256519921,polblogs,spectral,99,1,1,710,1222,100,0,8.710362195968628,0.08798345652493564
50,Surrogate,-7.7945293880674935,polblogs,spectral,99,1,1,710,1222,100,0,8.710362195968628,0.08798345652493564
49,$\|L_{t} - L_{0}\|_F$ / $\|L_{0}\|_F$,1.5655647129076935,polblogs,spectral,99,1,1,710,1222,100,0,8.710362195968628,0.08798345652493564
73,Polarization,-31.325073494763217,polblogs,spectral,99,1,1,710,1222,100,0,8.710362195968628,0.08798345652493564
54,$\|L_{t} - L_{0}\|_F$ / $\|L_{0}\|_F$,1.7331298384419986,polblogs,spectral,99,1,1,710,1222,100,0,8.710362195968628,0.08798345652493564
61,Polarization,-30.575157534882795,polblogs,spectral,99,1,1,710,1222,100,0,8.710362195968628,0.08798345652493564
55,Surrogate,-8.11184468036922,polblogs,spectral,99,1,1,710,1222,100,0,8.710362195968628,0.08798345652493564
55,Polarization,-29.85977371289405,polblogs,spectral,99,1,1,710,1222,100,0,8.710362195968628,0.08798345652493564
61,Surrogate,-8.774570699272772,polblogs,spectral,99,1,1,710,1222,100,0,8.710362195968628,0.08798345652493564
60,$\|L_{t} - L_{0}\|_F$ / $\|L_{0}\|_F$,1.8916405924813064,polblogs,spectral,99,1,1,710,1222,100,0,8.710362195968628,0.08798345652493564
60,Polarization,-30.524044032153963,polblogs,spectral,99,1,1,710,1222,100,0,8.710362195968628,0.08798345652493564
60,Disparity,-27.596274058513327,polblogs,spectral,99,1,1,710,1222,100,0,8.710362195968628,0.08798345652493564
60,Surrogate,-8.732400917257497,polblogs,spectral,99,1,1,710,1222,100,0,8.710362195968628,0.08798345652493564
59,$\|L_{t} - L_{0}\|_F$ / $\|L_{0}\|_F$,1.842954078162657,polblogs,spectral,99,1,1,710,1222,100,0,8.710362195968628,0.08798345652493564
59,Polarization,-30.491052547907444,polblogs,spectral,99,1,1,710,1222,100,0,8.710362195968628,0.08798345652493564
59,Disparity,-27.56406201301807,polblogs,spectral,99,1,1,710,1222,100,0,8.710362195968628,0.08798345652493564
59,Surrogate,-8.709229528546103,polblogs,spectral,99,1,1,710,1222,100,0,8.710362195968628,0.08798345652493564
58,$\|L_{t} - L_{0}\|_F$ / $\|L_{0}\|_F$,1.8370249880139276,polblogs,spectral,99,1,1,710,1222,100,0,8.710362195968628,0.08798345652493564
58,Polarization,-30.073302701167172,polblogs,spectral,99,1,1,710,1222,100,0,8.710362195968628,0.08798345652493564
58,Disparity,-27.136126486596833,polblogs,spectral,99,1,1,710,1222,100,0,8.710362195968628,0.08798345652493564
58,Surrogate,-8.263795166833617,polblogs,spectral,99,1,1,710,1222,100,0,8.710362195968628,0.08798345652493564
57,$\|L_{t} - L_{0}\|_F$ / $\|L_{0}\|_F$,1.819121772642275,polblogs,spectral,99,1,1,710,1222,100,0,8.710362195968628,0.08798345652493564
57,Polarization,-29.984058191490103,polblogs,spectral,99,1,1,710,1222,100,0,8.710362195968628,0.08798345652493564
57,Disparity,-27.04738766998636,polblogs,spectral,99,1,1,710,1222,100,0,8.710362195968628,0.08798345652493564
57,Surrogate,-8.200691323041319,polblogs,spectral,99,1,1,710,1222,100,0,8.710362195968628,0.08798345652493564
56,$\|L_{t} - L_{0}\|_F$ / $\|L_{0}\|_F$,1.7663823626039323,polblogs,spectral,99,1,1,710,1222,100,0,8.710362195968628,0.08798345652493564
56,Polarization,-29.940769299396518,polblogs,spectral,99,1,1,710,1222,100,0,8.710362195968628,0.08798345652493564
56,Disparity,-27.004650569773155,polblogs,spectral,99,1,1,710,1222,100,0,8.710362195968628,0.08798345652493564
56,Surrogate,-8.174270764102648,polblogs,spectral,99,1,1,710,1222,100,0,8.710362195968628,0.08798345652493564
55,Disparity,-26.921925834484696,polblogs,spectral,99,1,1,710,1222,100,0,8.710362195968628,0.08798345652493564
73,$\|L_{t} - L_{0}\|_F$ / $\|L_{0}\|_F$,2.164208045525085,polblogs,spectral,99,1,1,710,1222,100,0,8.710362195968628,0.08798345652493564
98,Disparity,-30.520618608871814,polblogs,spectral,99,1,1,710,1222,100,0,8.710362195968628,0.08798345652493564
74,Disparity,-28.494479364175536,polblogs,spectral,99,1,1,710,1222,100,0,8.710362195968628,0.08798345652493564
92,Surrogate,-10.95771049169153,polblogs,spectral,99,1,1,710,1222,100,0,8.710362195968628,0.08798345652493564
91,$\|L_{t} - L_{0}\|_F$ / $\|L_{0}\|_F$,2.6119056973669252,polblogs,spectral,99,1,1,710,1222,100,0,8.710362195968628,0.08798345652493564
91,Polarization,-32.8416658910299,polblogs,spectral,99,1,1,710,1222,100,0,8.710362195968628,0.08798345652493564
91,Disparity,-30.02698865455583,polblogs,spectral,99,1,1,710,1222,100,0,8.710362195968628,0.08798345652493564
91,Surrogate,-10.891713673687486,polblogs,spectral,99,1,1,710,1222,100,0,8.710362195968628,0.08798345652493564
90,$\|L_{t} - L_{0}\|_F$ / $\|L_{0}\|_F$,2.564131469356583,polblogs,spectral,99,1,1,710,1222,100,0,8.710362195968628,0.08798345652493564
90,Polarization,-32.78825589314639,polblogs,spectral,99,1,1,710,1222,100,0,8.710362195968628,0.08798345652493564
90,Disparity,-29.96930750312768,polblogs,spectral,99,1,1,710,1222,100,0,8.710362195968628,0.08798345652493564
90,Surrogate,-10.84947987690206,polblogs,spectral,99,1,1,710,1222,100,0,8.710362195968628,0.08798345652493564
89,$\|L_{t} - L_{0}\|_F$ / $\|L_{0}\|_F$,2.558452322917057,polblogs,spectral,99,1,1,710,1222,100,0,8.710362195968628,0.08798345652493564
89,Polarization,-32.73310872882937,polblogs,spectral,99,1,1,710,1222,100,0,8.710362195968628,0.08798345652493564
89,Disparity,-29.90933903562945,polblogs,spectral,99,1,1,710,1222,100,0,8.710362195968628,0.08798345652493564
89,Surrogate,-10.798622806570226,polblogs,spectral,99,1,1,710,1222,100,0,8.710362195968628,0.08798345652493564
88,$\|L_{t} - L_{0}\|_F$ / $\|L_{0}\|_F$,2.514003984976044,polblogs,spectral,99,1,1,710,1222,100,0,8.710362195968628,0.08798345652493564
88,Polarization,-32.62963935469384,polblogs,spectral,99,1,1,710,1222,100,0,8.710362195968628,0.08798345652493564
88,Disparity,-29.80682908536208,polblogs,spectral,99,1,1,710,1222,100,0,8.710362195968628,0.08798345652493564
88,Surrogate,-10.71419142795113,polblogs,spectral,99,1,1,710,1222,100,0,8.710362195968628,0.08798345652493564
87,$\|L_{t} - L_{0}\|_F$ / $\|L_{0}\|_F$,2.508211341368658,polblogs,spectral,99,1,1,710,1222,100,0,8.710362195968628,0.08798345652493564
87,Polarization,-31.976975985331386,polblogs,spectral,99,1,1,710,1222,100,0,8.710362195968628,0.08798345652493564
87,Disparity,-29.16808571304697,polblogs,spectral,99,1,1,710,1222,100,0,8.710362195968628,0.08798345652493564
87,Surrogate,-10.187258052065355,polblogs,spectral,99,1,1,710,1222,100,0,8.710362195968628,0.08798345652493564
92,Disparity,-30.113438225825323,polblogs,spectral,99,1,1,710,1222,100,0,8.710362195968628,0.08798345652493564
86,$\|L_{t} - L_{0}\|_F$ / $\|L_{0}\|_F$,2.4936708632471327,polblogs,spectral,99,1,1,710,1222,100,0,8.710362195968628,0.08798345652493564
92,Polarization,-32.91642245266453,polblogs,spectral,99,1,1,710,1222,100,0,8.710362195968628,0.08798345652493564
93,Surrogate,-10.982367070735261,polblogs,spectral,99,1,1,710,1222,100,0,8.710362195968628,0.08798345652493564
49,Polarization,-29.330301664191293,polblogs,spectral,99,1,1,710,1222,100,0,8.710362195968628,0.08798345652493564
98,Surrogate,-11.271128589177728,polblogs,spectral,99,1,1,710,1222,100,0,8.710362195968628,0.08798345652493564
97,$\|L_{t} - L_{0}\|_F$ / $\|L_{0}\|_F$,2.722345021836023,polblogs,spectral,99,1,1,710,1222,100,0,8.710362195968628,0.08798345652493564
97,Polarization,-33.27646609041493,polblogs,spectral,99,1,1,710,1222,100,0,8.710362195968628,0.08798345652493564
97,Disparity,-30.479929178366795,polblogs,spectral,99,1,1,710,1222,100,0,8.710362195968628,0.08798345652493564
97,Surrogate,-11.250320228288098,polblogs,spectral,99,1,1,710,1222,100,0,8.710362195968628,0.08798345652493564
96,$\|L_{t} - L_{0}\|_F$ / $\|L_{0}\|_F$,2.672463715468093,polblogs,spectral,99,1,1,710,1222,100,0,8.710362195968628,0.08798345652493564
96,Polarization,-33.207232258160886,polblogs,spectral,99,1,1,710,1222,100,0,8.710362195968628,0.08798345652493564
96,Disparity,-30.406698060248573,polblogs,spectral,99,1,1,710,1222,100,0,8.710362195968628,0.08798345652493564
96,Surrogate,-11.185389636064198,polblogs,spectral,99,1,1,710,1222,100,0,8.710362195968628,0.08798345652493564
95,$\|L_{t} - L_{0}\|_F$ / $\|L_{0}\|_F$,2.656084825448601,polblogs,spectral,99,1,1,710,1222,100,0,8.710362195968628,0.08798345652493564
95,Polarization,-33.173946004448936,polblogs,spectral,99,1,1,710,1222,100,0,8.710362195968628,0.08798345652493564
95,Disparity,-30.367744511833695,polblogs,spectral,99,1,1,710,1222,100,0,8.710362195968628,0.08798345652493564
95,Surrogate,-11.147726870951747,polblogs,spectral,99,1,1,710,1222,100,0,8.710362195968628,0.08798345652493564
94,$\|L_{t} - L_{0}\|_F$ / $\|L_{0}\|_F$,2.6492304015689148,polblogs,spectral,99,1,1,710,1222,100,0,8.710362195968628,0.08798345652493564
94,Polarization,-33.03855695991963,polblogs,spectral,99,1,1,710,1222,100,0,8.710362195968628,0.08798345652493564
94,Disparity,-30.247605380086025,polblogs,spectral,99,1,1,710,1222,100,0,8.710362195968628,0.08798345652493564
94,Surrogate,-11.068456373051673,polblogs,spectral,99,1,1,710,1222,100,0,8.710362195968628,0.08798345652493564
93,$\|L_{t} - L_{0}\|_F$ / $\|L_{0}\|_F$,2.639604305471396,polblogs,spectral,99,1,1,710,1222,100,0,8.710362195968628,0.08798345652493564
93,Polarization,-32.94317539271374,polblogs,spectral,99,1,1,710,1222,100,0,8.710362195968628,0.08798345652493564
93,Disparity,-30.14499683401763,polblogs,spectral,99,1,1,710,1222,100,0,8.710362195968628,0.08798345652493564
92,$\|L_{t} - L_{0}\|_F$ / $\|L_{0}\|_F$,2.6244062480538717,polblogs,spectral,99,1,1,710,1222,100,0,8.710362195968628,0.08798345652493564
74,Surrogate,-9.671142875729739,polblogs,spectral,99,1,1,710,1222,100,0,8.710362195968628,0.08798345652493564
86,Polarization,-31.92749427045899,polblogs,spectral,99,1,1,710,1222,100,0,8.710362195968628,0.08798345652493564
86,Surrogate,-10.14418646301575,polblogs,spectral,99,1,1,710,1222,100,0,8.710362195968628,0.08798345652493564
79,Polarization,-31.59723118357159,polblogs,spectral,99,1,1,710,1222,100,0,8.710362195968628,0.08798345652493564
79,Disparity,-28.744891124691364,polblogs,spectral,99,1,1,710,1222,100,0,8.710362195968628,0.08798345652493564
79,Surrogate,-9.84950169584923,polblogs,spectral,99,1,1,710,1222,100,0,8.710362195968628,0.08798345652493564
78,$\|L_{t} - L_{0}\|_F$ / $\|L_{0}\|_F$,2.274002165351949,polblogs,spectral,99,1,1,710,1222,100,0,8.710362195968628,0.08798345652493564
78,Polarization,-31.568441031511856,polblogs,spectral,99,1,1,710,1222,100,0,8.710362195968628,0.08798345652493564
78,Disparity,-28.709898190535416,polblogs,spectral,99,1,1,710,1222,100,0,8.710362195968628,0.08798345652493564
78,Surrogate,-9.823255242028116,polblogs,spectral,99,1,1,710,1222,100,0,8.710362195968628,0.08798345652493564
77,$\|L_{t} - L_{0}\|_F$ / $\|L_{0}\|_F$,2.265992270208356,polblogs,spectral,99,1,1,710,1222,100,0,8.710362195968628,0.08798345652493564
77,Polarization,-31.517179457785748,polblogs,spectral,99,1,1,710,1222,100,0,8.710362195968628,0.08798345652493564
77,Disparity,-28.654098482007996,polblogs,spectral,99,1,1,710,1222,100,0,8.710362195968628,0.08798345652493564
77,Surrogate,-9.781263397318819,polblogs,spectral,99,1,1,710,1222,100,0,8.710362195968628,0.08798345652493564
76,$\|L_{t} - L_{0}\|_F$ / $\|L_{0}\|_F$,2.2498869326882533,polblogs,spectral,99,1,1,710,1222,100,0,8.710362195968628,0.08798345652493564
76,Polarization,-31.43796254689638,polblogs,spectral,99,1,1,710,1222,100,0,8.710362195968628,0.08798345652493564
76,Disparity,-28.580789568141856,polblogs,spectral,99,1,1,710,1222,100,0,8.710362195968628,0.08798345652493564
76,Surrogate,-9.729803133716382,polblogs,spectral,99,1,1,710,1222,100,0,8.710362195968628,0.08798345652493564
75,$\|L_{t} - L_{0}\|_F$ / $\|L_{0}\|_F$,2.20746321307931,polblogs,spectral,99,1,1,710,1222,100,0,8.710362195968628,0.08798345652493564
75,Polarization,-31.39676101883815,polblogs,spectral,99,1,1,710,1222,100,0,8.710362195968628,0.08798345652493564
75,Disparity,-28.533711272920165,polblogs,spectral,99,1,1,710,1222,100,0,8.710362195968628,0.08798345652493564
75,Surrogate,-9.696645199219082,polblogs,spectral,99,1,1,710,1222,100,0,8.710362195968628,0.08798345652493564
74,$\|L_{t} - L_{0}\|_F$ / $\|L_{0}\|_F$,2.205815237326591,polblogs,spectral,99,1,1,710,1222,100,0,8.710362195968628,0.08798345652493564
74,Polarization,-31.355274700313824,polblogs,spectral,99,1,1,710,1222,100,0,8.710362195968628,0.08798345652493564
79,$\|L_{t} - L_{0}\|_F$ / $\|L_{0}\|_F$,2.2835769536590935,polblogs,spectral,99,1,1,710,1222,100,0,8.710362195968628,0.08798345652493564
86,Disparity,-29.1203476131138,polblogs,spectral,99,1,1,710,1222,100,0,8.710362195968628,0.08798345652493564
80,Surrogate,-9.855412984396242,polblogs,spectral,99,1,1,710,1222,100,0,8.710362195968628,0.08798345652493564
80,Polarization,-31.609046989457607,polblogs,spectral,99,1,1,710,1222,100,0,8.710362195968628,0.08798345652493564
85,$\|L_{t} - L_{0}\|_F$ / $\|L_{0}\|_F$,2.4495316078629625,polblogs,spectral,99,1,1,710,1222,100,0,8.710362195968628,0.08798345652493564
85,Polarization,-31.882843032732634,polblogs,spectral,99,1,1,710,1222,100,0,8.710362195968628,0.08798345652493564
85,Disparity,-29.064935099928658,polblogs,spectral,99,1,1,710,1222,100,0,8.710362195968628,0.08798345652493564
85,Surrogate,-10.101593792902344,polblogs,spectral,99,1,1,710,1222,100,0,8.710362195968628,0.08798345652493564
84,$\|L_{t} - L_{0}\|_F$ / $\|L_{0}\|_F$,2.4015557186705427,polblogs,spectral,99,1,1,710,1222,100,0,8.710362195968628,0.08798345652493564
84,Polarization,-31.853408501325468,polblogs,spectral,99,1,1,710,1222,100,0,8.710362195968628,0.08798345652493564
84,Disparity,-29.031952068671846,polblogs,spectral,99,1,1,710,1222,100,0,8.710362195968628,0.08798345652493564
84,Surrogate,-10.080431117499277,polblogs,spectral,99,1,1,710,1222,100,0,8.710362195968628,0.08798345652493564
83,$\|L_{t} - L_{0}\|_F$ / $\|L_{0}\|_F$,2.3954911743469487,polblogs,spectral,99,1,1,710,1222,100,0,8.710362195968628,0.08798345652493564
83,Polarization,-31.823411626666463,polblogs,spectral,99,1,1,710,1222,100,0,8.710362195968628,0.08798345652493564
83,Disparity,-28.997645024057285,polblogs,spectral,99,1,1,710,1222,100,0,8.710362195968628,0.08798345652493564
83,Surrogate,-10.053316425866319,polblogs,spectral,99,1,1,710,1222,100,0,8.710362195968628,0.08798345652493564
82,$\|L_{t} - L_{0}\|_F$ / $\|L_{0}\|_F$,2.3526016751330143,polblogs,spectral,99,1,1,710,1222,100,0,8.710362195968628,0.08798345652493564
82,Polarization,-31.737393112873626,polblogs,spectral,99,1,1,710,1222,100,0,8.710362195968628,0.08798345652493564
82,Disparity,-28.89616998168119,polblogs,spectral,99,1,1,710,1222,100,0,8.710362195968628,0.08798345652493564
82,Surrogate,-9.970766758533076,polblogs,spectral,99,1,1,710,1222,100,0,8.710362195968628,0.08798345652493564
81,$\|L_{t} - L_{0}\|_F$ / $\|L_{0}\|_F$,2.335536749271939,polblogs,spectral,99,1,1,710,1222,100,0,8.710362195968628,0.08798345652493564
81,Polarization,-31.693590600810438,polblogs,spectral,99,1,1,710,1222,100,0,8.710362195968628,0.08798345652493564
81,Disparity,-28.846814490281865,polblogs,spectral,99,1,1,710,1222,100,0,8.710362195968628,0.08798345652493564
81,Surrogate,-9.927546018542223,polblogs,spectral,99,1,1,710,1222,100,0,8.710362195968628,0.08798345652493564
80,$\|L_{t} - L_{0}\|_F$ / $\|L_{0}\|_F$,2.324612026998456,polblogs,spectral,99,1,1,710,1222,100,0,8.710362195968628,0.08798345652493564
80,Disparity,-28.757185494033767,polblogs,spectral,99,1,1,710,1222,100,0,8.710362195968628,0.08798345652493564
49,Disparity,-26.384019696714038,polblogs,spectral,99,1,1,710,1222,100,0,8.710362195968628,0.08798345652493564
0,Surrogate,-0.21962736604111965,polblogs,spectral,99,1,1,710,1222,100,0,8.710362195968628,0.08798345652493564
48,$\|L_{t} - L_{0}\|_F$ / $\|L_{0}\|_F$,1.5515653434658014,polblogs,spectral,99,1,1,710,1222,100,0,8.710362195968628,0.08798345652493564
17,Disparity,-19.503172084034865,polblogs,spectral,99,1,1,710,1222,100,0,8.710362195968628,0.08798345652493564
17,Surrogate,-1.4407248213172557,polblogs,spectral,99,1,1,710,1222,100,0,8.710362195968628,0.08798345652493564
16,$\|L_{t} - L_{0}\|_F$ / $\|L_{0}\|_F$,0.8135359885956089,polblogs,spectral,99,1,1,710,1222,100,0,8.710362195968628,0.08798345652493564
16,Polarization,-22.57219822982107,polblogs,spectral,99,1,1,710,1222,100,0,8.710362195968628,0.08798345652493564
16,Disparity,-19.364803246177907,polblogs,spectral,99,1,1,710,1222,100,0,8.710362195968628,0.08798345652493564
16,Surrogate,-1.3467600560537625,polblogs,spectral,99,1,1,710,1222,100,0,8.710362195968628,0.08798345652493564
15,$\|L_{t} - L_{0}\|_F$ / $\|L_{0}\|_F$,0.7722590380525423,polblogs,spectral,99,1,1,710,1222,100,0,8.710362195968628,0.08798345652493564
15,Polarization,-22.449559333553445,polblogs,spectral,99,1,1,710,1222,100,0,8.710362195968628,0.08798345652493564
15,Disparity,-19.229543402761582,polblogs,spectral,99,1,1,710,1222,100,0,8.710362195968628,0.08798345652493564
17,Polarization,-22.706644953320875,polblogs,spectral,99,1,1,710,1222,100,0,8.710362195968628,0.08798345652493564
15,Surrogate,-1.1468484497913198,polblogs,spectral,99,1,1,710,1222,100,0,8.710362195968628,0.08798345652493564
14,Polarization,-22.397826198583097,polblogs,spectral,99,1,1,710,1222,100,0,8.710362195968628,0.08798345652493564
14,Disparity,-19.182212151155532,polblogs,spectral,99,1,1,710,1222,100,0,8.710362195968628,0.08798345652493564
14,Surrogate,-1.108958660982595,polblogs,spectral,99,1,1,710,1222,100,0,8.710362195968628,0.08798345652493564
13,$\|L_{t} - L_{0}\|_F$ / $\|L_{0}\|_F$,0.7084033705893669,polblogs,spectral,99,1,1,710,1222,100,0,8.710362195968628,0.08798345652493564
13,Polarization,-22.321211376863292,polblogs,spectral,99,1,1,710,1222,100,0,8.710362195968628,0.08798345652493564
13,Disparity,-19.106262792796876,polblogs,spectral,99,1,1,710,1222,100,0,8.710362195968628,0.08798345652493564
13,Surrogate,-1.0451402533149368,polblogs,spectral,99,1,1,710,1222,100,0,8.710362195968628,0.08798345652493564
12,$\|L_{t} - L_{0}\|_F$ / $\|L_{0}\|_F$,0.6822539527778819,polblogs,spectral,99,1,1,710,1222,100,0,8.710362195968628,0.08798345652493564
12,Polarization,-22.169057932839713,polblogs,spectral,99,1,1,710,1222,100,0,8.710362195968628,0.08798345652493564
14,$\|L_{t} - L_{0}\|_F$ / $\|L_{0}\|_F$,0.7483442673479275,polblogs,spectral,99,1,1,710,1222,100,0,8.710362195968628,0.08798345652493564
17,$\|L_{t} - L_{0}\|_F$ / $\|L_{0}\|_F$,0.8268371861310022,polblogs,spectral,99,1,1,710,1222,100,0,8.710362195968628,0.08798345652493564
18,Surrogate,-1.475962906068406,polblogs,spectral,99,1,1,710,1222,100,0,8.710362195968628,0.08798345652493564
18,Disparity,-19.55397389437066,polblogs,spectral,99,1,1,710,1222,100,0,8.710362195968628,0.08798345652493564
23,Polarization,-24.881296651553527,polblogs,spectral,99,1,1,710,1222,100,0,8.710362195968628,0.08798345652493564
23,Disparity,-21.685310525290692,polblogs,spectral,99,1,1,710,1222,100,0,8.710362195968628,0.08798345652493564
23,Surrogate,-3.3755083676145587,polblogs,spectral,99,1,1,710,1222,100,0,8.710362195968628,0.08798345652493564
22,$\|L_{t} - L_{0}\|_F$ / $\|L_{0}\|_F$,0.9303139949907727,polblogs,spectral,99,1,1,710,1222,100,0,8.710362195968628,0.08798345652493564
22,Polarization,-24.857109890724793,polblogs,spectral,99,1,1,710,1222,100,0,8.710362195968628,0.08798345652493564
22,Disparity,-21.655416805515376,polblogs,spectral,99,1,1,710,1222,100,0,8.710362195968628,0.08798345652493564
22,Surrogate,-3.3549774739794764,polblogs,spectral,99,1,1,710,1222,100,0,8.710362195968628,0.08798345652493564
21,$\|L_{t} - L_{0}\|_F$ / $\|L_{0}\|_F$,0.9145448188966062,polblogs,spectral,99,1,1,710,1222,100,0,8.710362195968628,0.08798345652493564
21,Polarization,-23.027289687605137,polblogs,spectral,99,1,1,710,1222,100,0,8.710362195968628,0.08798345652493564
21,Disparity,-19.84458031584165,polblogs,spectral,99,1,1,710,1222,100,0,8.710362195968628,0.08798345652493564
21,Surrogate,-1.6848217271984032,polblogs,spectral,99,1,1,710,1222,100,0,8.710362195968628,0.08798345652493564
20,$\|L_{t} - L_{0}\|_F$ / $\|L_{0}\|_F$,0.894442477965629,polblogs,spectral,99,1,1,710,1222,100,0,8.710362195968628,0.08798345652493564
20,Polarization,-22.97934110007742,polblogs,spectral,99,1,1,710,1222,100,0,8.710362195968628,0.08798345652493564
20,Disparity,-19.789119897138114,polblogs,spectral,99,1,1,710,1222,100,0,8.710362195968628,0.08798345652493564
20,Surrogate,-1.6373036636224445,polblogs,spectral,99,1,1,710,1222,100,0,8.710362195968628,0.08798345652493564
19,$\|L_{t} - L_{0}\|_F$ / $\|L_{0}\|_F$,0.8738778329995349,polblogs,spectral,99,1,1,710,1222,100,0,8.710362195968628,0.08798345652493564
19,Polarization,-22.88131636188475,polblogs,spectral,99,1,1,710,1222,100,0,8.710362195968628,0.08798345652493564
19,Disparity,-19.682911952271347,polblogs,spectral,99,1,1,710,1222,100,0,8.710362195968628,0.08798345652493564
19,Surrogate,-1.5583969662415165,polblogs,spectral,99,1,1,710,1222,100,0,8.710362195968628,0.08798345652493564
18,$\|L_{t} - L_{0}\|_F$ / $\|L_{0}\|_F$,0.8570709209294748,polblogs,spectral,99,1,1,710,1222,100,0,8.710362195968628,0.08798345652493564
18,Polarization,-22.75763561958593,polblogs,spectral,99,1,1,710,1222,100,0,8.710362195968628,0.08798345652493564
12,Disparity,-18.94564566609788,polblogs,spectral,99,1,1,710,1222,100,0,8.710362195968628,0.08798345652493564
12,Surrogate,-0.9424033066461637,polblogs,spectral,99,1,1,710,1222,100,0,8.710362195968628,0.08798345652493564
11,$\|L_{t} - L_{0}\|_F$ / $\|L_{0}\|_F$,0.6550615060432972,polblogs,spectral,99,1,1,710,1222,100,0,8.710362195968628,0.08798345652493564
11,Polarization,-22.040390426600293,polblogs,spectral,99,1,1,710,1222,100,0,8.710362195968628,0.08798345652493564
5,Surrogate,-0.5309820581656216,polblogs,spectral,99,1,1,710,1222,100,0,8.710362195968628,0.08798345652493564
4,$\|L_{t} - L_{0}\|_F$ / $\|L_{0}\|_F$,0.40899687670460916,polblogs,spectral,99,1,1,710,1222,100,0,8.710362195968628,0.08798345652493564
4,Polarization,-21.50720918651571,polblogs,spectral,99,1,1,710,1222,100,0,8.710362195968628,0.08798345652493564
4,Disparity,-18.253975386551474,polblogs,spectral,99,1,1,710,1222,100,0,8.710362195968628,0.08798345652493564
4,Surrogate,-0.4399998790886468,polblogs,spectral,99,1,1,710,1222,100,0,8.710362195968628,0.08798345652493564
3,$\|L_{t} - L_{0}\|_F$ / $\|L_{0}\|_F$,0.37173450424874466,polblogs,spectral,99,1,1,710,1222,100,0,8.710362195968628,0.08798345652493564
3,Polarization,-21.415754198703656,polblogs,spectral,99,1,1,710,1222,100,0,8.710362195968628,0.08798345652493564
3,Disparity,-18.163329882828492,polblogs,spectral,99,1,1,710,1222,100,0,8.710362195968628,0.08798345652493564
3,Surrogate,-0.3739201252011547,polblogs,spectral,99,1,1,710,1222,100,0,8.710362195968628,0.08798345652493564
2,$\|L_{t} - L_{0}\|_F$ / $\|L_{0}\|_F$,0.30748770120358,polblogs,spectral,99,1,1,710,1222,100,0,8.710362195968628,0.08798345652493564
2,Polarization,-21.377402857938936,polblogs,spectral,99,1,1,710,1222,100,0,8.710362195968628,0.08798345652493564
2,Disparity,-18.125245686584645,polblogs,spectral,99,1,1,710,1222,100,0,8.710362195968628,0.08798345652493564
2,Surrogate,-0.3424175579167859,polblogs,spectral,99,1,1,710,1222,100,0,8.710362195968628,0.08798345652493564
1,$\|L_{t} - L_{0}\|_F$ / $\|L_{0}\|_F$,0.25584523229170564,polblogs,spectral,99,1,1,710,1222,100,0,8.710362195968628,0.08798345652493564
1,Polarization,-21.291801355900926,polblogs,spectral,99,1,1,710,1222,100,0,8.710362195968628,0.08798345652493564
1,Disparity,-18.039262160635534,polblogs,spectral,99,1,1,710,1222,100,0,8.710362195968628,0.08798345652493564
1,Surrogate,-0.27414140633035905,polblogs,spectral,99,1,1,710,1222,100,0,8.710362195968628,0.08798345652493564
0,$\|L_{t} - L_{0}\|_F$ / $\|L_{0}\|_F$,0.17056348819447048,polblogs,spectral,99,1,1,710,1222,100,0,8.710362195968628,0.08798345652493564
0,Polarization,-21.230183392193837,polblogs,spectral,99,1,1,710,1222,100,0,8.710362195968628,0.08798345652493564
0,Disparity,-17.96834540153336,polblogs,spectral,99,1,1,710,1222,100,0,8.710362195968628,0.08798345652493564
98,Polarization,-33.30930816871192,polblogs,spectral,99,1,1,710,1222,100,0,8.710362195968628,0.08798345652493564
5,Disparity,-18.37241999481237,polblogs,spectral,99,1,1,710,1222,100,0,8.710362195968628,0.08798345652493564
23,$\|L_{t} - L_{0}\|_F$ / $\|L_{0}\|_F$,0.9458202962406532,polblogs,spectral,99,1,1,710,1222,100,0,8.710362195968628,0.08798345652493564
5,Polarization,-21.617669008007955,polblogs,spectral,99,1,1,710,1222,100,0,8.710362195968628,0.08798345652493564
6,Surrogate,-0.5703928308896116,polblogs,spectral,99,1,1,710,1222,100,0,8.710362195968628,0.08798345652493564
11,Disparity,-18.812325155062723,polblogs,spectral,99,1,1,710,1222,100,0,8.710362195968628,0.08798345652493564
11,Surrogate,-0.8278958268004322,polblogs,spectral,99,1,1,710,1222,100,0,8.710362195968628,0.08798345652493564
10,$\|L_{t} - L_{0}\|_F$ / $\|L_{0}\|_F$,0.6266902722385126,polblogs,spectral,99,1,1,710,1222,100,0,8.710362195968628,0.08798345652493564
10,Polarization,-22.01982294264654,polblogs,spectral,99,1,1,710,1222,100,0,8.710362195968628,0.08798345652493564
10,Disparity,-18.79255451636751,polblogs,spectral,99,1,1,710,1222,100,0,8.710362195968628,0.08798345652493564
10,Surrogate,-0.8122010165092697,polblogs,spectral,99,1,1,710,1222,100,0,8.710362195968628,0.08798345652493564
9,$\|L_{t} - L_{0}\|_F$ / $\|L_{0}\|_F$,0.6030329956257084,polblogs,spectral,99,1,1,710,1222,100,0,8.710362195968628,0.08798345652493564
9,Polarization,-21.89634620905275,polblogs,spectral,99,1,1,710,1222,100,0,8.710362195968628,0.08798345652493564
9,Disparity,-18.663630462365216,polblogs,spectral,99,1,1,710,1222,100,0,8.710362195968628,0.08798345652493564
9,Surrogate,-0.7321877431177299,polblogs,spectral,99,1,1,710,1222,100,0,8.710362195968628,0.08798345652493564
8,$\|L_{t} - L_{0}\|_F$ / $\|L_{0}\|_F$,0.5784089300038948,polblogs,spectral,99,1,1,710,1222,100,0,8.710362195968628,0.08798345652493564
8,Polarization,-21.851076986304598,polblogs,spectral,99,1,1,710,1222,100,0,8.710362195968628,0.08798345652493564
8,Disparity,-18.61546821650115,polblogs,spectral,99,1,1,710,1222,100,0,8.710362195968628,0.08798345652493564
8,Surrogate,-0.7039013025046744,polblogs,spectral,99,1,1,710,1222,100,0,8.710362195968628,0.08798345652493564
7,$\|L_{t} - L_{0}\|_F$ / $\|L_{0}\|_F$,0.5526888698021567,polblogs,spectral,99,1,1,710,1222,100,0,8.710362195968628,0.08798345652493564
7,Polarization,-21.73413855063417,polblogs,spectral,99,1,1,710,1222,100,0,8.710362195968628,0.08798345652493564
7,Disparity,-18.489152068847908,polblogs,spectral,99,1,1,710,1222,100,0,8.710362195968628,0.08798345652493564
7,Surrogate,-0.6116802928681248,polblogs,spectral,99,1,1,710,1222,100,0,8.710362195968628,0.08798345652493564
6,$\|L_{t} - L_{0}\|_F$ / $\|L_{0}\|_F$,0.49727374733948576,polblogs,spectral,99,1,1,710,1222,100,0,8.710362195968628,0.08798345652493564
6,Polarization,-21.669653542390307,polblogs,spectral,99,1,1,710,1222,100,0,8.710362195968628,0.08798345652493564
6,Disparity,-18.42476254460865,polblogs,spectral,99,1,1,710,1222,100,0,8.710362195968628,0.08798345652493564
5,$\|L_{t} - L_{0}\|_F$ / $\|L_{0}\|_F$,0.47482865558457593,polblogs,spectral,99,1,1,710,1222,100,0,8.710362195968628,0.08798345652493564
24,Surrogate,-3.4113029671174604,polblogs,spectral,99,1,1,710,1222,100,0,8.710362195968628,0.08798345652493564
24,Disparity,-21.726499616384856,polblogs,spectral,99,1,1,710,1222,100,0,8.710362195968628,0.08798345652493564
24,Polarization,-24.920307466397357,polblogs,spectral,99,1,1,710,1222,100,0,8.710362195968628,0.08798345652493564
42,Disparity,-25.39257859982828,polblogs,spectral,99,1,1,710,1222,100,0,8.710362195968628,0.08798345652493564
42,Surrogate,-6.830539887563687,polblogs,spectral,99,1,1,710,1222,100,0,8.710362195968628,0.08798345652493564
41,$\|L_{t} - L_{0}\|_F$ / $\|L_{0}\|_F$,1.421930832917704,polblogs,spectral,99,1,1,710,1222,100,0,8.710362195968628,0.08798345652493564
41,Polarization,-28.288646657773693,polblogs,spectral,99,1,1,710,1222,100,0,8.710362195968628,0.08798345652493564
41,Disparity,-25.24230800161519,polblogs,spectral,99,1,1,710,1222,100,0,8.710362195968628,0.08798345652493564
41,Surrogate,-6.700084155136635,polblogs,spectral,99,1,1,710,1222,100,0,8.710362195968628,0.08798345652493564
40,$\|L_{t} - L_{0}\|_F$ / $\|L_{0}\|_F$,1.4065025553991852,polblogs,spectral,99,1,1,710,1222,100,0,8.710362195968628,0.08798345652493564
40,Polarization,-28.2608666656748,polblogs,spectral,99,1,1,710,1222,100,0,8.710362195968628,0.08798345652493564
40,Disparity,-25.216220874113006,polblogs,spectral,99,1,1,710,1222,100,0,8.710362195968628,0.08798345652493564
40,Surrogate,-6.683121727300207,polblogs,spectral,99,1,1,710,1222,100,0,8.710362195968628,0.08798345652493564
39,$\|L_{t} - L_{0}\|_F$ / $\|L_{0}\|_F$,1.3909031537410648,polblogs,spectral,99,1,1,710,1222,100,0,8.710362195968628,0.08798345652493564
39,Polarization,-28.22106100733007,polblogs,spectral,99,1,1,710,1222,100,0,8.710362195968628,0.08798345652493564
39,Disparity,-25.174706237419798,polblogs,spectral,99,1,1,710,1222,100,0,8.710362195968628,0.08798345652493564
39,Surrogate,-6.652953549234438,polblogs,spectral,99,1,1,710,1222,100,0,8.710362195968628,0.08798345652493564
38,$\|L_{t} - L_{0}\|_F$ / $\|L_{0}\|_F$,1.3777687410104456,polblogs,spectral,99,1,1,710,1222,100,0,8.710362195968628,0.08798345652493564
38,Polarization,-28.161935251253105,polblogs,spectral,99,1,1,710,1222,100,0,8.710362195968628,0.08798345652493564
38,Disparity,-25.114941974701683,polblogs,spectral,99,1,1,710,1222,100,0,8.710362195968628,0.08798345652493564
38,Surrogate,-6.606198071711937,polblogs,spectral,99,1,1,710,1222,100,0,8.710362195968628,0.08798345652493564
37,$\|L_{t} - L_{0}\|_F$ / $\|L_{0}\|_F$,1.3618402433648047,polblogs,spectral,99,1,1,710,1222,100,0,8.710362195968628,0.08798345652493564
37,Polarization,-28.1164252579195,polblogs,spectral,99,1,1,710,1222,100,0,8.710362195968628,0.08798345652493564
37,Disparity,-25.065412242970808,polblogs,spectral,99,1,1,710,1222,100,0,8.710362195968628,0.08798345652493564
42,Polarization,-28.433281761592326,polblogs,spectral,99,1,1,710,1222,100,0,8.710362195968628,0.08798345652493564
37,Surrogate,-6.565305681463792,polblogs,spectral,99,1,1,710,1222,100,0,8.710362195968628,0.08798345652493564
42,$\|L_{t} - L_{0}\|_F$ / $\|L_{0}\|_F$,1.4321240159661806,polblogs,spectral,99,1,1,710,1222,100,0,8.710362195968628,0.08798345652493564
43,Disparity,-25.42133640583471,polblogs,spectral,99,1,1,710,1222,100,0,8.710362195968628,0.08798345652493564
48,Polarization,-29.290971169868268,polblogs,spectral,99,1,1,710,1222,100,0,8.710362195968628,0.08798345652493564
48,Disparity,-26.324538726437464,polblogs,spectral,99,1,1,710,1222,100,0,8.710362195968628,0.08798345652493564
48,Surrogate,-7.645466498297291,polblogs,spectral,99,1,1,710,1222,100,0,8.710362195968628,0.08798345652493564
47,$\|L_{t} - L_{0}\|_F$ / $\|L_{0}\|_F$,1.5374385060179,polblogs,spectral,99,1,1,710,1222,100,0,8.710362195968628,0.08798345652493564
47,Polarization,-29.22977583375481,polblogs,spectral,99,1,1,710,1222,100,0,8.710362195968628,0.08798345652493564
47,Disparity,-26.259936408141364,polblogs,spectral,99,1,1,710,1222,100,0,8.710362195968628,0.08798345652493564
47,Surrogate,-7.597939791188438,polblogs,spectral,99,1,1,710,1222,100,0,8.710362195968628,0.08798345652493564
46,$\|L_{t} - L_{0}\|_F$ / $\|L_{0}\|_F$,1.520791349479832,polblogs,spectral,99,1,1,710,1222,100,0,8.710362195968628,0.08798345652493564
46,Polarization,-29.178378855339805,polblogs,spectral,99,1,1,710,1222,100,0,8.710362195968628,0.08798345652493564
46,Disparity,-26.205162554351862,polblogs,spectral,99,1,1,710,1222,100,0,8.710362195968628,0.08798345652493564
46,Surrogate,-7.561718068546727,polblogs,spectral,99,1,1,710,1222,100,0,8.710362195968628,0.08798345652493564
45,$\|L_{t} - L_{0}\|_F$ / $\|L_{0}\|_F$,1.5087880730146819,polblogs,spectral,99,1,1,710,1222,100,0,8.710362195968628,0.08798345652493564
45,Polarization,-28.986942560775965,polblogs,spectral,99,1,1,710,1222,100,0,8.710362195968628,0.08798345652493564
45,Disparity,-25.98080933677861,polblogs,spectral,99,1,1,710,1222,100,0,8.710362195968628,0.08798345652493564
45,Surrogate,-7.363671829961745,polblogs,spectral,99,1,1,710,1222,100,0,8.710362195968628,0.08798345652493564
44,$\|L_{t} - L_{0}\|_F$ / $\|L_{0}\|_F$,1.4918212420184571,polblogs,spectral,99,1,1,710,1222,100,0,8.710362195968628,0.08798345652493564
44,Polarization,-28.489527489135906,polblogs,spectral,99,1,1,710,1222,100,0,8.710362195968628,0.08798345652493564
44,Disparity,-25.451539736650446,polblogs,spectral,99,1,1,710,1222,100,0,8.710362195968628,0.08798345652493564
44,Surrogate,-6.867512860378426,polblogs,spectral,99,1,1,710,1222,100,0,8.710362195968628,0.08798345652493564
43,$\|L_{t} - L_{0}\|_F$ / $\|L_{0}\|_F$,1.4746592104630913,polblogs,spectral,99,1,1,710,1222,100,0,8.710362195968628,0.08798345652493564
43,Polarization,-28.460102502569427,polblogs,spectral,99,1,1,710,1222,100,0,8.710362195968628,0.08798345652493564
43,Surrogate,-6.843492234044751,polblogs,spectral,99,1,1,710,1222,100,0,8.710362195968628,0.08798345652493564
49,Surrogate,-7.703778332086313,polblogs,spectral,99,1,1,710,1222,100,0,8.710362195968628,0.08798345652493564
36,$\|L_{t} - L_{0}\|_F$ / $\|L_{0}\|_F$,1.3156626689814463,polblogs,spectral,99,1,1,710,1222,100,0,8.710362195968628,0.08798345652493564
36,Disparity,-24.5056102848584,polblogs,spectral,99,1,1,710,1222,100,0,8.710362195968628,0.08798345652493564
29,$\|L_{t} - L_{0}\|_F$ / $\|L_{0}\|_F$,1.1313901865505425,polblogs,spectral,99,1,1,710,1222,100,0,8.710362195968628,0.08798345652493564
29,Polarization,-26.114441139371497,polblogs,spectral,99,1,1,710,1222,100,0,8.710362195968628,0.08798345652493564
29,Disparity,-22.98491539052394,polblogs,spectral,99,1,1,710,1222,100,0,8.710362195968628,0.08798345652493564
29,Surrogate,-4.689549196806079,polblogs,spectral,99,1,1,710,1222,100,0,8.710362195968628,0.08798345652493564
28,$\|L_{t} - L_{0}\|_F$ / $\|L_{0}\|_F$,1.0888044212949402,polblogs,spectral,99,1,1,710,1222,100,0,8.710362195968628,0.08798345652493564
28,Polarization,-26.088608574816092,polblogs,spectral,99,1,1,710,1222,100,0,8.710362195968628,0.08798345652493564
28,Disparity,-22.95487184435591,polblogs,spectral,99,1,1,710,1222,100,0,8.710362195968628,0.08798345652493564
28,Surrogate,-4.669725991471673,polblogs,spectral,99,1,1,710,1222,100,0,8.710362195968628,0.08798345652493564
27,$\|L_{t} - L_{0}\|_F$ / $\|L_{0}\|_F$,1.0444837870641879,polblogs,spectral,99,1,1,710,1222,100,0,8.710362195968628,0.08798345652493564
27,Polarization,-26.053262880924745,polblogs,spectral,99,1,1,710,1222,100,0,8.710362195968628,0.08798345652493564
27,Disparity,-22.912633171497774,polblogs,spectral,99,1,1,710,1222,100,0,8.710362195968628,0.08798345652493564
27,Surrogate,-4.6426272224010345,polblogs,spectral,99,1,1,710,1222,100,0,8.710362195968628,0.08798345652493564
26,$\|L_{t} - L_{0}\|_F$ / $\|L_{0}\|_F$,1.0304632346352207,polblogs,spectral,99,1,1,710,1222,100,0,8.710362195968628,0.08798345652493564
26,Polarization,-26.009346081692048,polblogs,spectral,99,1,1,710,1222,100,0,8.710362195968628,0.08798345652493564
26,Disparity,-22.86542335168883,polblogs,spectral,99,1,1,710,1222,100,0,8.710362195968628,0.08798345652493564
26,Surrogate,-4.609066867048258,polblogs,spectral,99,1,1,710,1222,100,0,8.710362195968628,0.08798345652493564
25,$\|L_{t} - L_{0}\|_F$ / $\|L_{0}\|_F$,0.9945474946789715,polblogs,spectral,99,1,1,710,1222,100,0,8.710362195968628,0.08798345652493564
25,Polarization,-24.999647163649218,polblogs,spectral,99,1,1,710,1222,100,0,8.710362195968628,0.08798345652493564
25,Disparity,-21.821179368719726,polblogs,spectral,99,1,1,710,1222,100,0,8.710362195968628,0.08798345652493564
25,Surrogate,-3.482545953271829,polblogs,spectral,99,1,1,710,1222,100,0,8.710362195968628,0.08798345652493564
24,$\|L_{t} - L_{0}\|_F$ / $\|L_{0}\|_F$,0.9760941756771666,polblogs,spectral,99,1,1,710,1222,100,0,8.710362195968628,0.08798345652493564
30,Surrogate,-4.747244902815199,polblogs,spectral,99,1,1,710,1222,100,0,8.710362195968628,0.08798345652493564
36,Polarization,-27.584434644053175,polblogs,spectral,99,1,1,710,1222,100,0,8.710362195968628,0.08798345652493564
30,Disparity,-23.055271872464104,polblogs,spectral,99,1,1,710,1222,100,0,8.710362195968628,0.08798345652493564
30,$\|L_{t} - L_{0}\|_F$ / $\|L_{0}\|_F$,1.1724301431703015,polblogs,spectral,99,1,1,710,1222,100,0,8.710362195968628,0.08798345652493564
36,Surrogate,-6.03381987804497,polblogs,spectral,99,1,1,710,1222,100,0,8.710362195968628,0.08798345652493564
35,$\|L_{t} - L_{0}\|_F$ / $\|L_{0}\|_F$,1.2735280210530855,polblogs,spectral,99,1,1,710,1222,100,0,8.710362195968628,0.08798345652493564
35,Polarization,-26.906832933758906,polblogs,spectral,99,1,1,710,1222,100,0,8.710362195968628,0.08798345652493564
35,Disparity,-23.829515549746784,polblogs,spectral,99,1,1,710,1222,100,0,8.710362195968628,0.08798345652493564
35,Surrogate,-5.355397396332484,polblogs,spectral,99,1,1,710,1222,100,0,8.710362195968628,0.08798345652493564
34,$\|L_{t} - L_{0}\|_F$ / $\|L_{0}\|_F$,1.2329038722218613,polblogs,spectral,99,1,1,710,1222,100,0,8.710362195968628,0.08798345652493564
34,Polarization,-26.88034246048754,polblogs,spectral,99,1,1,710,1222,100,0,8.710362195968628,0.08798345652493564
34,Disparity,-23.805820710151075,polblogs,spectral,99,1,1,710,1222,100,0,8.710362195968628,0.08798345652493564
34,Surrogate,-5.334033781702105,polblogs,spectral,99,1,1,710,1222,100,0,8.710362195968628,0.08798345652493564
33,$\|L_{t} - L_{0}\|_F$ / $\|L_{0}\|_F$,1.2210487519483382,polblogs,spectral,99,1,1,710,1222,100,0,8.710362195968628,0.08798345652493564
33,Polarization,-26.827692552785127,polblogs,spectral,99,1,1,710,1222,100,0,8.710362195968628,0.08798345652493564
33,Disparity,-23.745062302151478,polblogs,spectral,99,1,1,710,1222,100,0,8.710362195968628,0.08798345652493564
33,Surrogate,-5.2922346206439315,polblogs,spectral,99,1,1,710,1222,100,0,8.710362195968628,0.08798345652493564
32,$\|L_{t} - L_{0}\|_F$ / $\|L_{0}\|_F$,1.2090773966663713,polblogs,spectral,99,1,1,710,1222,100,0,8.710362195968628,0.08798345652493564
32,Polarization,-26.364707764297457,polblogs,spectral,99,1,1,710,1222,100,0,8.710362195968628,0.08798345652493564
32,Disparity,-23.25829982694356,polblogs,spectral,99,1,1,710,1222,100,0,8.710362195968628,0.08798345652493564
32,Surrogate,-4.893302478585992,polblogs,spectral,99,1,1,710,1222,100,0,8.710362195968628,0.08798345652493564
31,$\|L_{t} - L_{0}\|_F$ / $\|L_{0}\|_F$,1.1969863188961116,polblogs,spectral,99,1,1,710,1222,100,0,8.710362195968628,0.08798345652493564
31,Polarization,-26.268610485659522,polblogs,spectral,99,1,1,710,1222,100,0,8.710362195968628,0.08798345652493564
31,Disparity,-23.14899669190245,polblogs,spectral,99,1,1,710,1222,100,0,8.710362195968628,0.08798345652493564
31,Surrogate,-4.8125809469414085,polblogs,spectral,99,1,1,710,1222,100,0,8.710362195968628,0.08798345652493564
30,Polarization,-26.181119001664378,polblogs,spectral,99,1,1,710,1222,100,0,8.710362195968628,0.08798345652493564
98,$\|L_{t} - L_{0}\|_F$ / $\|L_{0}\|_F$,2.7303480131977635,polblogs,spectral,99,1,1,710,1222,100,0,8.710362195968628,0.08798345652493564
