Name,Rho,Value,User ID
reddit,0.1,-0.0032983884492960064,0
reddit,0.1,0.0019666302936731674,1
reddit,0.1,-0.0011381107004306643,2
reddit,0.1,-0.0036788027953768994,3
reddit,0.1,0.003936873777846403,4
reddit,0.1,-0.0026859156306355014,5
reddit,0.1,0.001708016335959775,6
reddit,0.1,-0.011186686484473669,7
reddit,0.1,0.00033422365397519965,8
reddit,0.1,-0.0012270593030885828,9
reddit,0.1,-0.001061789819881742,10
reddit,0.1,-0.0006649447221479692,11
reddit,0.1,-0.00020969110647944925,12
reddit,0.1,-0.0023987616845890384,13
reddit,0.1,0.0016083771414977157,14
reddit,0.1,0.0016641678932865316,15
reddit,0.1,0.0035155721702458892,16
reddit,0.1,0.002416984834826644,17
reddit,0.1,-0.0018343011372170368,18
reddit,0.1,-0.004129497469358526,19
reddit,0.1,-0.005627042620380864,20
reddit,0.1,-0.002745693694901943,21
reddit,0.1,-0.0017541575296728148,22
reddit,0.1,-0.001989347841833235,23
reddit,0.1,-0.002598538135288208,24
reddit,0.1,-0.007225855485136475,25
reddit,0.1,-0.007528360951433617,26
reddit,0.1,-0.004845848068048151,27
reddit,0.1,0.00012129060250711448,28
reddit,0.1,-0.0013124902721278122,29
reddit,0.1,-0.003371983116818934,30
reddit,0.1,-0.006057644473965708,31
reddit,0.1,0.00213086700858007,32
reddit,0.1,-0.0028943506466172064,33
reddit,0.1,-0.003421525764353557,34
reddit,0.1,0.001911035972026507,35
reddit,0.1,-0.0006777737969306838,36
reddit,0.1,-0.003298788676951711,37
reddit,0.1,0.00029242955152354404,38
reddit,0.1,-0.0016805290588338942,39
reddit,0.1,0.001646021240808511,40
reddit,0.1,-3.057109116546934e-05,41
reddit,0.1,-0.005216584339354944,42
reddit,0.1,0.003647302199751453,43
reddit,0.1,-0.0064095178220065245,44
reddit,0.1,-0.04459905463792469,45
reddit,0.1,-9.883822481930525e-05,46
reddit,0.1,-0.0021195877908433,47
reddit,0.1,0.002095337647401211,48
reddit,0.1,0.00013134581560086576,49
reddit,0.1,-0.0003541534545979666,50
reddit,0.1,-0.004256456321617114,51
reddit,0.1,0.0011386937920720886,52
reddit,0.1,-0.0015132657124474367,53
reddit,0.1,0.0039970781839264845,54
reddit,0.1,0.0007113261394536146,55
reddit,0.1,0.0012260300929801508,56
reddit,0.1,-0.005512165940777031,57
reddit,0.1,-0.004301505931877255,58
reddit,0.1,-0.002869075174900453,59
reddit,0.1,0.00027482731030653367,60
reddit,0.1,-0.00136968161551198,61
reddit,0.1,-0.002740344797355733,62
reddit,0.1,-0.0002615787518324548,63
reddit,0.1,-0.0010197333862541527,64
reddit,0.1,-0.004625514260608323,65
reddit,0.1,-0.002823778082234773,66
reddit,0.1,0.0015336423615357258,67
reddit,0.1,-0.004209196497631051,68
reddit,0.1,-0.0021015478532810297,69
reddit,0.1,-0.0008884856204643622,70
reddit,0.1,-0.001071377638988353,71
reddit,0.1,-0.0019150667434993066,72
reddit,0.1,-0.00206397625707158,73
reddit,0.1,0.0028638470583630467,74
reddit,0.1,-0.0036848753456186325,75
reddit,0.1,-0.0018745982981826865,76
reddit,0.1,0.002031797654887558,77
reddit,0.1,-0.002454502029185312,78
reddit,0.1,-0.0033941467552467564,79
reddit,0.1,-0.0011767875181765916,80
reddit,0.1,-0.002733892434659555,81
reddit,0.1,-0.0012522482424899546,82
reddit,0.1,-0.0015799833687043957,83
reddit,0.1,0.004044783516017047,84
reddit,0.1,0.002816180464303024,85
reddit,0.1,0.007256328286750924,86
reddit,0.1,-0.003722878536165293,87
reddit,0.1,-0.009963436933578852,88
reddit,0.1,-0.00043596462865695814,89
reddit,0.1,-1.7186784062914672e-06,90
reddit,0.1,-0.002090171184764823,91
reddit,0.1,-0.0034089907161469427,92
reddit,0.1,0.0002708149558789955,93
reddit,0.1,-0.0029826616517813287,94
reddit,0.1,-0.0020276008676807086,95
reddit,0.1,0.0005370732203600576,96
reddit,0.1,0.003189273031567303,97
reddit,0.1,0.001396963490822257,98
reddit,0.1,-0.0002917572873409905,99
reddit,0.1,-0.005220558228236896,100
reddit,0.1,-0.00360944656572926,101
reddit,0.1,0.0001519660569690423,102
reddit,0.1,-0.00326819847128477,103
reddit,0.1,-0.0012198565296983115,104
reddit,0.1,-0.007791293425405007,105
reddit,0.1,0.0017036050087717502,106
reddit,0.1,-0.0018102781229266012,107
reddit,0.1,-0.0035368646923578783,108
reddit,0.1,-0.00025293464618167047,109
reddit,0.1,-0.0021367740219103318,110
reddit,0.1,0.0002257939133450907,111
reddit,0.1,-0.004349327831036458,112
reddit,0.1,0.0038674329471302853,113
reddit,0.1,0.0018234847016474149,114
reddit,0.1,0.007064745914886188,115
reddit,0.1,0.0066530919258051486,116
reddit,0.1,0.004311496416743708,117
reddit,0.1,-0.001065352214870613,118
reddit,0.1,0.0012041404102806077,119
reddit,0.1,-0.001856348049686897,120
reddit,0.1,0.0035861183535655945,121
reddit,0.1,-0.0003292061467841261,122
reddit,0.1,-0.0004376179324602516,123
reddit,0.1,-0.0023991197939724684,124
reddit,0.1,0.0022943149247654,125
reddit,0.1,-0.006724537662551298,126
reddit,0.1,-0.00035921647464885823,127
reddit,0.1,0.0011607953961392326,128
reddit,0.1,0.0019220202618975928,129
reddit,0.1,-0.005352023891819798,130
reddit,0.1,0.0015282950891233821,131
reddit,0.1,-0.006094147096500175,132
reddit,0.1,-0.0023535887765494777,133
reddit,0.1,0.0005489796835763797,134
reddit,0.1,-0.001456583715570046,135
reddit,0.1,0.004689928041253804,136
reddit,0.1,0.00871096448046343,137
reddit,0.1,-0.0024114681198493353,138
reddit,0.1,0.0005569629286422869,139
reddit,0.1,-0.0009151661301128812,140
reddit,0.1,-0.004777921046386323,141
reddit,0.1,0.0018153573221650807,142
reddit,0.1,-0.00430682540497699,143
reddit,0.1,-0.007250971149778368,144
reddit,0.1,0.001067018602508728,145
reddit,0.1,-0.0020726116125550412,146
reddit,0.1,-0.0103110640727603,147
reddit,0.1,0.0006598467679952433,148
reddit,0.1,-0.0013675103957959793,149
reddit,0.1,0.0019938691138153167,150
reddit,0.1,-0.0010456659259691903,151
reddit,0.1,-0.0033817871277932745,152
reddit,0.1,0.0015924223814563457,153
reddit,0.1,-0.0030738956888873444,154
reddit,0.1,-0.00020780372062386085,155
reddit,0.1,-0.0019765065709764773,156
reddit,0.1,-0.00364448570978307,157
reddit,0.1,-0.004439499470769817,158
reddit,0.1,-0.003432591422776687,159
reddit,0.1,-0.0006353634087640251,160
reddit,0.1,-0.0022631084808236715,161
reddit,0.1,-0.007874209251139044,162
reddit,0.1,0.005215466931158216,163
reddit,0.1,0.0008047433125689149,164
reddit,0.1,0.0002471749096721933,165
reddit,0.1,0.0022320667995563473,166
reddit,0.1,0.0019873922206236575,167
reddit,0.1,-0.0026332176565647173,168
reddit,0.1,-0.0002484289074358391,169
reddit,0.1,0.014610375859513544,170
reddit,0.1,-0.0030903022026789804,171
reddit,0.1,-0.0008958652875901813,172
reddit,0.1,-0.004732697754596513,173
reddit,0.1,0.002906379703528388,174
reddit,0.1,0.005781412889079613,175
reddit,0.1,0.0004586306665401612,176
reddit,0.1,-0.009088303943763646,177
reddit,0.1,-0.0017437013692823567,178
reddit,0.1,-0.006392384437772685,179
reddit,0.1,-0.004906810708098556,180
reddit,0.1,-0.0061676612239076525,181
reddit,0.1,0.00046806894626927066,182
reddit,0.1,-0.000148760392962291,183
reddit,0.1,-0.0013238854476579093,184
reddit,0.1,0.00026421974288697746,185
reddit,0.1,0.000601870112225806,186
reddit,0.1,-0.0009363282586918115,187
reddit,0.1,-0.004193489991762702,188
reddit,0.1,0.004404437418988442,189
reddit,0.1,-0.0014985373755212659,190
reddit,0.1,-0.002026532311006302,191
reddit,0.1,0.0010771414492707083,192
reddit,0.1,-0.0055564437458551635,193
reddit,0.1,-0.0056014239366289666,194
reddit,0.1,0.0025842894250506974,195
reddit,0.1,-0.010366561700823868,196
reddit,0.1,-0.0001480053706884135,197
reddit,0.1,-0.0026720452976479406,198
reddit,0.1,-0.005230978800732449,199
reddit,0.1,-0.0012647113245565238,200
reddit,0.1,0.004184537252533867,201
reddit,0.1,-0.005468483455885474,202
reddit,0.1,-0.001720168319075634,203
reddit,0.1,-0.0028879870558801645,204
reddit,0.1,0.003169353818593849,205
reddit,0.1,-0.012464781248934157,206
reddit,0.1,-0.0003245372884888037,207
reddit,0.1,-0.0014385549251379412,208
reddit,0.1,-0.001268855617207534,209
reddit,0.1,0.00043666326019263345,210
reddit,0.1,0.0002523078833883649,211
reddit,0.1,-0.0014755762282118666,212
reddit,0.1,9.493955215272043e-05,213
reddit,0.1,0.0008702112638482232,214
reddit,0.1,-0.002877096732177309,215
reddit,0.1,-0.0012891421768047376,216
reddit,0.1,-0.004264264232552571,217
reddit,0.1,-0.0005655167367683502,218
reddit,0.1,0.006867151381960148,219
reddit,0.1,0.00039615445998735714,220
reddit,0.1,-0.005925816066788049,221
reddit,0.1,0.006700449995628329,222
reddit,0.1,0.008931591076089023,223
reddit,0.1,-0.0010447823202740854,224
reddit,0.1,-0.0003210637607629154,225
reddit,0.1,-9.746617614937318e-05,226
reddit,0.1,0.007584841509411117,227
reddit,0.1,-0.00014474161719954648,228
reddit,0.1,0.0004089526684849352,229
reddit,0.1,0.002788341794470171,230
reddit,0.1,-0.0021421536119215104,231
reddit,0.1,-0.0006069700261959687,232
reddit,0.1,-3.484347848879005e-05,233
reddit,0.1,0.021508107577775486,234
reddit,0.1,-0.009908569112113496,235
reddit,0.1,-0.002837741568025239,236
reddit,0.1,0.0005696778872830078,237
reddit,0.1,-0.002713601638986791,238
reddit,0.1,-0.0017507131725651714,239
reddit,0.1,-0.006806182639491268,240
reddit,0.1,-0.005160112409484905,241
reddit,0.1,-0.0032742559655636275,242
reddit,0.1,-0.0060714515917561504,243
reddit,0.1,-0.010756997126211783,244
reddit,0.1,0.0012981354804725079,245
reddit,0.1,0.006612935927826656,246
reddit,0.1,-0.00551753202237243,247
reddit,0.1,0.004224939923362715,248
reddit,0.1,-0.00020694080002022882,249
reddit,0.1,-0.003245377990934798,250
reddit,0.1,-0.0029981269524266335,251
reddit,0.1,-0.002827524178361239,252
reddit,0.1,0.0021368830735701864,253
reddit,0.1,-0.0016499647181943031,254
reddit,0.1,-0.005610869388695505,255
reddit,0.1,-0.006138332240134142,256
reddit,0.1,-0.0030715454578883754,257
reddit,0.1,0.00376976417329993,258
reddit,0.1,-0.010301778107297098,259
reddit,0.1,0.0014056397991338925,260
reddit,0.1,-0.008252962397885916,261
reddit,0.1,-0.00043167615448380653,262
reddit,0.1,-0.008084988331588988,263
reddit,0.1,-0.0037011750125680817,264
reddit,0.1,5.319732809961671e-05,265
reddit,0.1,0.0024054284954452532,266
reddit,0.1,-0.0040686446264096045,267
reddit,0.1,-0.002203550706450024,268
reddit,0.1,-0.00500547255853645,269
reddit,0.1,2.8818602498093697e-05,270
reddit,0.1,-0.01122410027522552,271
reddit,0.1,-0.0009341318919994674,272
reddit,0.1,-0.002902155946872917,273
reddit,0.1,-0.0021870610630485656,274
reddit,0.1,-0.0012895556306887139,275
reddit,0.1,-0.00240159298381193,276
reddit,0.1,-0.017262643182806143,277
reddit,0.1,0.001581385801013512,278
reddit,0.1,0.0009366036937159666,279
reddit,0.1,-0.002174978570973,280
reddit,0.1,-0.0025276610992465056,281
reddit,0.1,0.00015028891840199103,282
reddit,0.1,-0.0018602893456728948,283
reddit,0.1,0.00016808350179352513,284
reddit,0.1,0.00023626723233047446,285
reddit,0.1,-0.00024278312220664497,286
reddit,0.1,0.0010285209810236729,287
reddit,0.1,-0.002725048055859107,288
reddit,0.1,-0.001116543406621224,289
reddit,0.1,-0.0007710461580996602,290
reddit,0.1,-0.0022674021884786276,291
reddit,0.1,0.0007406730931201525,292
reddit,0.1,-0.0010516951278639684,293
reddit,0.1,-0.002417490533332263,294
reddit,0.1,0.004223975269128882,295
reddit,0.1,0.000717626134981552,296
reddit,0.1,-0.0028977990232388123,297
reddit,0.1,0.0014856064028440704,298
reddit,0.1,-0.0035226813857942383,299
reddit,0.1,0.0009613796569704925,300
reddit,0.1,-0.005713904324666444,301
reddit,0.1,-0.001663436365721297,302
reddit,0.1,-0.0003330351130708397,303
reddit,0.1,-0.0012178025888981469,304
reddit,0.1,-0.002039684319302409,305
reddit,0.1,0.004352786658887432,306
reddit,0.1,-0.0015392925976902365,307
reddit,0.1,-0.01712252315106372,308
reddit,0.1,-0.004540134092894183,309
reddit,0.1,0.0008182669815640085,310
reddit,0.1,-0.002181745553776041,311
reddit,0.1,0.0009206892940863991,312
reddit,0.1,-0.0033791076453565288,313
reddit,0.1,-0.00677583193737124,314
reddit,0.1,-0.01380179273695866,315
reddit,0.1,0.00902958840967282,316
reddit,0.1,0.001556200269076081,317
reddit,0.1,0.0004481206329232724,318
reddit,0.1,-0.0018563745935883643,319
reddit,0.1,-0.0016672865426513319,320
reddit,0.1,-0.0012500591577115296,321
reddit,0.1,-0.0017604804974286606,322
reddit,0.1,-0.0018304829029703296,323
reddit,0.1,0.0017707375064235952,324
reddit,0.1,-0.002024223307037984,325
reddit,0.1,0.00041097548151969635,326
reddit,0.1,-0.000552785124245432,327
reddit,0.1,-0.005519644104508356,328
reddit,0.1,0.0020168207505713194,329
reddit,0.1,-0.003335514378830026,330
reddit,0.1,-0.005667743688065687,331
reddit,0.1,-0.0018625908433435104,332
reddit,0.1,0.0006192436993857348,333
reddit,0.1,0.0009833565695529741,334
reddit,0.1,-0.005601745652137351,335
reddit,0.1,-0.008211211588468147,336
reddit,0.1,0.0007010736544451318,337
reddit,0.1,0.0021783742568130533,338
reddit,0.1,0.001690791528836783,339
reddit,0.1,-0.007961244390741525,340
reddit,0.1,-0.0034811095658734835,341
reddit,0.1,0.0035093693468954846,342
reddit,0.1,-0.013884482457417269,343
reddit,0.1,-0.004624837957019702,344
reddit,0.1,-0.0017725214692055507,345
reddit,0.1,-0.01305563367156223,346
reddit,0.1,0.003896251282433045,347
reddit,0.1,0.000931522292703108,348
reddit,0.1,-0.0005103337410618549,349
reddit,0.1,-0.0035352302823964416,350
reddit,0.1,-0.010330231019944923,351
reddit,0.1,-0.0004638542599698917,352
reddit,0.1,-0.005656176556663359,353
reddit,0.1,-0.0006744728769357435,354
reddit,0.1,-0.007148240255027868,355
reddit,0.1,-0.0013753446215517826,356
reddit,0.1,-0.001689944839476885,357
reddit,0.1,-0.00623892684902509,358
reddit,0.1,0.000751664181941044,359
reddit,0.1,-0.00010836690245015116,360
reddit,0.1,0.004370561569090364,361
reddit,0.1,-0.0004144546586167945,362
reddit,0.1,-0.22886165180246865,363
reddit,0.1,-0.0007236089144170381,364
reddit,0.1,0.006510425042763802,365
reddit,0.1,0.002595685937112969,366
reddit,0.1,-0.004009457986105486,367
reddit,0.1,0.03829254120359174,368
reddit,0.1,-0.004786154874231746,369
reddit,0.1,-0.00841516996241737,370
reddit,0.1,-0.004075287270560339,371
reddit,0.1,-0.002036030277898466,372
reddit,0.1,-0.01372105132301319,373
reddit,0.1,-9.176905203031863e-05,374
reddit,0.1,-0.004083844189683409,375
reddit,0.1,0.0013613194466721027,376
reddit,0.1,-0.0032090132284234817,377
reddit,0.1,-0.0024421531045828023,378
reddit,0.1,0.0041130383048214566,379
reddit,0.1,-0.00048498948576048914,380
reddit,0.1,-0.003564224817473128,381
reddit,0.1,-0.0016162804152961626,382
reddit,0.1,-0.003240898441161851,383
reddit,0.1,-0.00610677581772393,384
reddit,0.1,0.013132595198047685,385
reddit,0.1,0.0008524660075572456,386
reddit,0.1,-0.004895026700004962,387
reddit,0.1,-0.002002134412884854,388
reddit,0.1,-0.01148392042629661,389
reddit,0.1,-0.002403521139039267,390
reddit,0.1,-0.0027637335993934316,391
reddit,0.1,-0.003580684649227944,392
reddit,0.1,-0.007069951990269854,393
reddit,0.1,-0.00912802320189357,394
reddit,0.1,-0.001217371406360761,395
reddit,0.1,0.004789734845937401,396
reddit,0.1,-0.002861407318491481,397
reddit,0.1,-0.003759755714312074,398
reddit,0.1,-0.0001736701188685795,399
reddit,0.1,-0.004905870586258227,400
reddit,0.1,-0.003509890399659981,401
reddit,0.1,-0.003917755620096548,402
reddit,0.1,0.004558994060550233,403
reddit,0.1,0.04149224445443471,404
reddit,0.1,-0.000831346764090501,405
reddit,0.1,-0.011502234367455047,406
reddit,0.1,-0.00010632235998552012,407
reddit,0.1,0.003169212024732079,408
reddit,0.1,-0.0369195934294581,409
reddit,0.1,-0.008456541487214881,410
reddit,0.1,-0.01199420012135107,411
reddit,0.1,-0.0036488388342617905,412
reddit,0.1,0.0021876451181040597,413
reddit,0.1,-0.006651893419547517,414
reddit,0.1,0.0009326580590014589,415
reddit,0.1,0.0018890086626233774,416
reddit,0.1,0.0029697634225999813,417
reddit,0.1,-0.0005126740976813207,418
reddit,0.1,-0.001143851605963643,419
reddit,0.1,0.004820641531469095,420
reddit,0.1,-0.0007822666878934026,421
reddit,0.1,0.00047769960265680667,422
reddit,0.1,-0.00046733123995552315,423
reddit,0.1,-0.007578083833884151,424
reddit,0.1,-0.000863720356098182,425
reddit,0.1,-0.0004182050274192066,426
reddit,0.1,-0.0024846472733551276,427
reddit,0.1,0.007157057448022588,428
reddit,0.1,-0.000517661608519618,429
reddit,0.1,0.009909238189859174,430
reddit,0.1,0.005112548135776463,431
reddit,0.1,-0.003733942037614014,432
reddit,0.1,-0.005390616450251439,433
reddit,0.1,-0.004959575864047609,434
reddit,0.1,-0.003467015656625458,435
reddit,0.1,0.015366276465393612,436
reddit,0.1,-0.004826118993365614,437
reddit,0.1,-0.0004893179921176535,438
reddit,0.1,-0.0033425747957817006,439
reddit,0.1,-0.020519995154430967,440
reddit,0.1,-0.0032269180094671424,441
reddit,0.1,0.0036387705490032183,442
reddit,0.1,-0.002804527666410155,443
reddit,0.1,0.011649925767208538,444
reddit,0.1,-0.0009593363499844371,445
reddit,0.1,-0.007401596591338105,446
reddit,0.1,0.000537505528250282,447
reddit,0.1,-0.025016088312033644,448
reddit,0.1,-0.0010396662934254184,449
reddit,0.1,-0.001972281966102733,450
reddit,0.1,-0.0030037386500386936,451
reddit,0.1,0.005460183571543847,452
reddit,0.1,-0.009426910095380369,453
reddit,0.1,0.0009191428057259232,454
reddit,0.1,-0.0007365702727445879,455
reddit,0.1,0.0017031236191348252,456
reddit,0.1,-0.0003572183944042024,457
reddit,0.1,-0.0022175759273371453,458
reddit,0.1,-0.0021726655489093644,459
reddit,0.1,-0.0021314868245914807,460
reddit,0.1,0.0028561481076279835,461
reddit,0.1,-0.01119196675473837,462
reddit,0.1,0.003219989738550707,463
reddit,0.1,-0.0017144570690681073,464
reddit,0.1,-0.00025142048180735213,465
reddit,0.1,0.012043539178316822,466
reddit,0.1,-0.002405415599942218,467
reddit,0.1,-0.005737872427124637,468
reddit,0.1,-0.0024526136539185566,469
reddit,0.1,-0.002996478265856599,470
reddit,0.1,-0.0029190233154949845,471
reddit,0.1,-0.006561826242668714,472
reddit,0.1,-0.02255310280415736,473
reddit,0.1,0.016913490148765822,474
reddit,0.1,-0.002952167254123664,475
reddit,0.1,0.0018023370940985456,476
reddit,0.1,-0.00204604312976812,477
reddit,0.1,-0.01266306187925672,478
reddit,0.1,0.006602488988504284,479
reddit,0.1,0.0017428469495898921,480
reddit,0.1,0.00013795589378338087,481
reddit,0.1,0.0049242318301218274,482
reddit,0.1,-0.0024783599865986048,483
reddit,0.1,0.0005446590313666229,484
reddit,0.1,0.0015950845789205186,485
reddit,0.1,0.0012297945194785812,486
reddit,0.1,-0.0061144963349633015,487
reddit,0.1,-0.0027237417365973396,488
reddit,0.1,-0.00385568319659683,489
reddit,0.1,-0.0025418682981448283,490
reddit,0.1,-1.3171026068120706e-06,491
reddit,0.1,0.007705357103200817,492
reddit,0.1,-0.0012430691232212813,493
reddit,0.1,0.0027793224629826746,494
reddit,0.1,-0.0029854229380432543,495
reddit,0.1,0.0008848011589538283,496
reddit,0.1,0.029203866204888868,497
reddit,0.1,-0.005965008862585948,498
reddit,0.1,-0.0008114772850040145,499
reddit,0.1,-0.0026694464919625686,500
reddit,0.1,-0.003836451816044943,501
reddit,0.1,-0.003707890918755657,502
reddit,0.1,-0.031027053345717693,503
reddit,0.1,-0.008496514046054475,504
reddit,0.1,-0.0034520086216275996,505
reddit,0.1,0.005052970508196776,506
reddit,0.1,-0.0017645220213204306,507
reddit,0.1,-0.013564017362056296,508
reddit,0.1,-0.019002151119648144,509
reddit,0.1,0.008951996512509794,510
reddit,0.1,0.00356040092011839,511
reddit,0.1,-0.00030150515845330227,512
reddit,0.1,0.0029236844794234655,513
reddit,0.1,-0.0014912932254866475,514
reddit,0.1,-0.0011231170335656998,515
reddit,0.1,0.00606955665697818,516
reddit,0.1,-0.0037979586998432113,517
reddit,0.1,0.006359258562687338,518
reddit,0.1,-0.002694962564553049,519
reddit,0.1,-0.016629701535742614,520
reddit,0.1,-0.0023572130042656806,521
reddit,0.1,0.015709003762060365,522
reddit,0.1,-0.021482115535160273,523
reddit,0.1,0.0025969432709173654,524
reddit,0.1,-0.003377918221479079,525
reddit,0.1,0.34906455975722783,526
reddit,0.1,-0.006026377088196054,527
reddit,0.1,-0.001394982782947285,528
reddit,0.1,-0.002131569984171277,529
reddit,0.1,-0.009712643929966321,530
reddit,0.1,-0.003184962534402105,531
reddit,0.1,0.020999799564571407,532
reddit,0.1,-0.0007087545648363406,533
reddit,0.1,-0.0021223011942005875,534
reddit,0.1,-0.002167740191836161,535
reddit,0.1,-0.0049795478023825866,536
reddit,0.1,-0.003288727644450168,537
reddit,0.1,-0.003435377743499174,538
reddit,0.1,-0.045117972871001874,539
reddit,0.1,-0.0005896688107548632,540
reddit,0.1,0.016467683312497348,541
reddit,0.1,-0.009725436745503607,542
reddit,0.1,-5.4179342530934305e-05,543
reddit,0.1,0.00047665139367774294,544
reddit,0.1,0.010055458100168519,545
reddit,0.1,-0.0017070849856130042,546
reddit,0.1,0.008608800280155185,547
reddit,0.1,-0.893554606353958,548
reddit,0.1,0.002996551915424614,549
reddit,0.1,-0.024528592573664774,550
reddit,0.1,-0.003362424340839859,551
reddit,0.1,-0.03436406088652832,552
reddit,0.2,-0.003869686201288956,0
reddit,0.2,-0.004551152868609601,1
reddit,0.2,-0.0033198036912703128,2
reddit,0.2,-0.002235386684418232,3
reddit,0.2,-0.007716756811202565,4
reddit,0.2,-0.004571302072888763,5
reddit,0.2,-0.003921518511217758,6
reddit,0.2,-0.0017714853765434923,7
reddit,0.2,-0.005004329315547822,8
reddit,0.2,-0.002901203040394857,9
reddit,0.2,-0.004692392058425382,10
reddit,0.2,-0.004418257953990972,11
reddit,0.2,-0.005003231720920139,12
reddit,0.2,-0.003540277757972454,13
reddit,0.2,-0.0037233616378969723,14
reddit,0.2,-0.003567705982592994,15
reddit,0.2,-0.0036058324786794643,16
reddit,0.2,0.0017702137467124357,17
reddit,0.2,-0.003591137071042537,18
reddit,0.2,0.00040826987741947513,19
reddit,0.2,-0.004975999161246894,20
reddit,0.2,-0.0006291374440540752,21
reddit,0.2,-0.005676083901536935,22
reddit,0.2,-0.0029182968737231684,23
reddit,0.2,-0.0033990112966444126,24
reddit,0.2,-0.0031470401406483257,25
reddit,0.2,-0.008187953669833773,26
reddit,0.2,-0.0031569996023807305,27
reddit,0.2,-0.004814029461698382,28
reddit,0.2,-0.0013858747924251002,29
reddit,0.2,-0.0032862943917101447,30
reddit,0.2,0.00017499894013220605,31
reddit,0.2,-0.0022564874780069606,32
reddit,0.2,-0.0011051881633233024,33
reddit,0.2,-0.004376968032549641,34
reddit,0.2,-0.0034224947996595286,35
reddit,0.2,0.005010104717639957,36
reddit,0.2,-0.005284228662952768,37
reddit,0.2,-0.004038519120584226,38
reddit,0.2,-0.0010792486734855996,39
reddit,0.2,0.0038118928847281864,40
reddit,0.2,-0.003427886330361132,41
reddit,0.2,-0.006683970534828073,42
reddit,0.2,-0.0031034289803555564,43
reddit,0.2,-0.003135635411209244,44
reddit,0.2,-0.0007566533276055279,45
reddit,0.2,-0.0023482100753212743,46
reddit,0.2,-0.0026335524874381345,47
reddit,0.2,-0.005771081969868849,48
reddit,0.2,0.0018783003657866215,49
reddit,0.2,-0.0028186586048337967,50
reddit,0.2,-0.002614781188162011,51
reddit,0.2,-0.0028278404275650904,52
reddit,0.2,-0.0026823523644179674,53
reddit,0.2,-0.0011239772344731243,54
reddit,0.2,-0.004320603522901398,55
reddit,0.2,-0.0038505119645575584,56
reddit,0.2,-0.004856647342650182,57
reddit,0.2,-0.004082856643545922,58
reddit,0.2,-0.004556624547924917,59
reddit,0.2,-0.00250566848878905,60
reddit,0.2,-0.001495064254279738,61
reddit,0.2,0.0006009026543448865,62
reddit,0.2,-0.003685972771355274,63
reddit,0.2,-0.00047547505603232374,64
reddit,0.2,-0.005653691695791009,65
reddit,0.2,-0.010953716139661604,66
reddit,0.2,-0.008695886963501232,67
reddit,0.2,-0.005582382813150924,68
reddit,0.2,-0.004020539959985649,69
reddit,0.2,-0.002176624418957406,70
reddit,0.2,-0.005412849907302745,71
reddit,0.2,-0.004695398716750824,72
reddit,0.2,-0.0038143290224794298,73
reddit,0.2,-0.0011834718824386956,74
reddit,0.2,-0.0018541598255664151,75
reddit,0.2,-0.0023522812645434825,76
reddit,0.2,-0.002479787891620323,77
reddit,0.2,-2.7668380510779335e-05,78
reddit,0.2,-0.003870216164048089,79
reddit,0.2,-0.004240230975310529,80
reddit,0.2,-0.005186265926563931,81
reddit,0.2,-0.003494836957398111,82
reddit,0.2,-0.005884013964016137,83
reddit,0.2,-0.005040441038495283,84
reddit,0.2,-0.0015775117015227713,85
reddit,0.2,-0.004162193171935247,86
reddit,0.2,-0.00018735091437025836,87
reddit,0.2,-0.00093213221447267,88
reddit,0.2,-0.0016996828298206901,89
reddit,0.2,-0.002574853407509142,90
reddit,0.2,-0.0003988918451176716,91
reddit,0.2,-0.002035310777143783,92
reddit,0.2,-0.00025004994223847785,93
reddit,0.2,-0.004215749550545635,94
reddit,0.2,-0.002574434836059194,95
reddit,0.2,-0.001063792299992418,96
reddit,0.2,-0.01243833844090767,97
reddit,0.2,-0.00047574690992864945,98
reddit,0.2,-0.0029798555176723776,99
reddit,0.2,-0.0026301714523421296,100
reddit,0.2,-0.004990841674276019,101
reddit,0.2,-0.00822629079617444,102
reddit,0.2,-0.003442178133203215,103
reddit,0.2,-0.003130274702845962,104
reddit,0.2,-0.0032249901498359714,105
reddit,0.2,-0.0011214176087220636,106
reddit,0.2,-0.0039264078642641505,107
reddit,0.2,-0.0031601127282675965,108
reddit,0.2,-0.005686201482919378,109
reddit,0.2,-0.007059098537491644,110
reddit,0.2,-0.0008542461737098471,111
reddit,0.2,-0.004375940096035373,112
reddit,0.2,-0.0026738102767983373,113
reddit,0.2,-0.006111293308985293,114
reddit,0.2,-0.0013457198752824116,115
reddit,0.2,-0.002905879524903148,116
reddit,0.2,0.0020297185553745187,117
reddit,0.2,-0.002546543450394673,118
reddit,0.2,-0.003461107448453871,119
reddit,0.2,-0.005112730510737617,120
reddit,0.2,-0.006116951033299914,121
reddit,0.2,-0.0045728275321668295,122
reddit,0.2,-0.002431210057763412,123
reddit,0.2,-0.0024520574280483967,124
reddit,0.2,-0.001056701724612709,125
reddit,0.2,-0.006662527981088075,126
reddit,0.2,-0.0017138516617278903,127
reddit,0.2,-0.006958598638720042,128
reddit,0.2,-0.011111439088431867,129
reddit,0.2,0.0014525332690028178,130
reddit,0.2,-0.0013199536745906152,131
reddit,0.2,-0.001376374337740243,132
reddit,0.2,0.000737199078626267,133
reddit,0.2,-0.004178427776836735,134
reddit,0.2,-0.0028274195069473533,135
reddit,0.2,0.005627682981820865,136
reddit,0.2,-0.000976982482558186,137
reddit,0.2,-0.004016436185327276,138
reddit,0.2,0.0003717463629603487,139
reddit,0.2,-0.0002430888701480591,140
reddit,0.2,-0.0054072506310559485,141
reddit,0.2,-0.00520886141385703,142
reddit,0.2,-0.0030223532260815218,143
reddit,0.2,-0.002571935099131284,144
reddit,0.2,-0.0051238739277312565,145
reddit,0.2,-0.0062324594364302904,146
reddit,0.2,-0.0051736625196558035,147
reddit,0.2,-0.00022362365225580278,148
reddit,0.2,-0.004551675510510558,149
reddit,0.2,-0.0019862415116869417,150
reddit,0.2,-0.0015928983866836677,151
reddit,0.2,-0.001920239382804178,152
reddit,0.2,-0.004391420024422317,153
reddit,0.2,-0.0019114572396466824,154
reddit,0.2,-0.006959704992304533,155
reddit,0.2,-0.002872155695056909,156
reddit,0.2,-0.0012862074920467082,157
reddit,0.2,-0.008235147860855854,158
reddit,0.2,-0.0009223650964670141,159
reddit,0.2,-0.005147271620925786,160
reddit,0.2,-0.0011375673045496948,161
reddit,0.2,0.0010994262379824145,162
reddit,0.2,-0.005656959491853592,163
reddit,0.2,-0.005220962812517209,164
reddit,0.2,-0.0037865470433848985,165
reddit,0.2,-0.0026748711056922793,166
reddit,0.2,0.0003956927154037563,167
reddit,0.2,-0.007410143940843456,168
reddit,0.2,-0.0026254272994302285,169
reddit,0.2,-0.0027334030748301153,170
reddit,0.2,-0.004858826074606635,171
reddit,0.2,-0.0024123343560801674,172
reddit,0.2,-0.004761886089750966,173
reddit,0.2,-0.0019837348950223497,174
reddit,0.2,-0.0035702856241425713,175
reddit,0.2,-0.0037000298143349325,176
reddit,0.2,-0.0012822727333380343,177
reddit,0.2,-0.0038187020713527572,178
reddit,0.2,-0.012244970544425662,179
reddit,0.2,-0.002557519917365533,180
reddit,0.2,-0.0032663532598234506,181
reddit,0.2,-0.0030824281630519187,182
reddit,0.2,-0.0024262861389021256,183
reddit,0.2,-0.002768581440385442,184
reddit,0.2,-0.0015201664093387882,185
reddit,0.2,-0.0025511244667570346,186
reddit,0.2,-0.001545219360159543,187
reddit,0.2,-0.0020367744971898846,188
reddit,0.2,-0.0020487926205243114,189
reddit,0.2,-0.0030760819477450635,190
reddit,0.2,-0.004199486297628302,191
reddit,0.2,-0.008554832826984408,192
reddit,0.2,-0.003080319093098003,193
reddit,0.2,-0.0011672198950209664,194
reddit,0.2,-0.006165339314894583,195
reddit,0.2,-0.006488845333736704,196
reddit,0.2,-0.001744682966153603,197
reddit,0.2,-0.0013196908960801301,198
reddit,0.2,-0.017313601945320185,199
reddit,0.2,-0.002357792950544102,200
reddit,0.2,-0.0023678772232721547,201
reddit,0.2,-0.0016029519793409016,202
reddit,0.2,-0.00299983657215519,203
reddit,0.2,-0.0033619293339462375,204
reddit,0.2,-0.009994233007174367,205
reddit,0.2,-0.004387335086205822,206
reddit,0.2,-0.0036051088100120857,207
reddit,0.2,-0.0029687190958764577,208
reddit,0.2,-0.006858080549036704,209
reddit,0.2,-0.002912259845029808,210
reddit,0.2,-0.007340552961971175,211
reddit,0.2,-0.002175729966073032,212
reddit,0.2,-0.0016794935728641064,213
reddit,0.2,-0.0043383385615743605,214
reddit,0.2,-0.0012052343460494373,215
reddit,0.2,-0.0047282541379348765,216
reddit,0.2,0.00013919260090005747,217
reddit,0.2,-0.0032784685242620614,218
reddit,0.2,-0.016689418752195023,219
reddit,0.2,-0.0039421958692124805,220
reddit,0.2,0.000920318592845993,221
reddit,0.2,-0.0047404013897813365,222
reddit,0.2,-0.0001325390919640679,223
reddit,0.2,-0.001475880582199081,224
reddit,0.2,-0.02254706683907587,225
reddit,0.2,0.007671996963481197,226
reddit,0.2,0.002887156877595909,227
reddit,0.2,-0.003600205444548539,228
reddit,0.2,0.0007093235553777489,229
reddit,0.2,-0.003702408870404674,230
reddit,0.2,-0.0040967927205100615,231
reddit,0.2,-0.0067589386850927325,232
reddit,0.2,-0.00017642168862750364,233
reddit,0.2,-0.246128543962864,234
reddit,0.2,0.0015285194143697394,235
reddit,0.2,-0.00519753521751607,236
reddit,0.2,-0.0034360702181007756,237
reddit,0.2,-0.00205558482535812,238
reddit,0.2,-0.0027471738160593827,239
reddit,0.2,-0.004444354250999334,240
reddit,0.2,-0.0030951130286953773,241
reddit,0.2,-0.002511608815549502,242
reddit,0.2,-0.0027231839402831926,243
reddit,0.2,-0.0014835695971240732,244
reddit,0.2,-0.0035022686507239485,245
reddit,0.2,-0.006412678468764096,246
reddit,0.2,-0.0009598884408983208,247
reddit,0.2,-0.001205104308009034,248
reddit,0.2,-0.0024916947485325402,249
reddit,0.2,-0.0009974216353933784,250
reddit,0.2,-0.004192730444639977,251
reddit,0.2,-0.0008961245906166515,252
reddit,0.2,-0.004304925139845479,253
reddit,0.2,-0.003633864160638752,254
reddit,0.2,0.00036660708946146685,255
reddit,0.2,-0.0012389754423023636,256
reddit,0.2,-0.002922491206999857,257
reddit,0.2,-0.004054744054918724,258
reddit,0.2,-0.0005920010039797091,259
reddit,0.2,-0.0034700232298182183,260
reddit,0.2,-0.006485954183810119,261
reddit,0.2,-0.004933844316739762,262
reddit,0.2,-0.0017072993720218463,263
reddit,0.2,-0.004669302658779219,264
reddit,0.2,-0.003303650274268552,265
reddit,0.2,-0.00040169392001710856,266
reddit,0.2,-0.0054703039050558325,267
reddit,0.2,-0.0036805562165410826,268
reddit,0.2,-0.0024619150595587046,269
reddit,0.2,-0.0035233690472905024,270
reddit,0.2,-0.0020064883247052356,271
reddit,0.2,-0.001721761731417027,272
reddit,0.2,-0.0005085081226560475,273
reddit,0.2,-0.0035624328086206057,274
reddit,0.2,-0.004167446947548425,275
reddit,0.2,-0.0037173633326351187,276
reddit,0.2,-0.01476945691982509,277
reddit,0.2,-0.0004881987053588809,278
reddit,0.2,-0.004623761833272121,279
reddit,0.2,-0.0029404871247725142,280
reddit,0.2,-0.0013163900022339064,281
reddit,0.2,-0.0029396897224121333,282
reddit,0.2,-0.0032005927451823142,283
reddit,0.2,-0.00015318383792145289,284
reddit,0.2,-0.0006688112317183055,285
reddit,0.2,-0.0007333876220577268,286
reddit,0.2,-0.0012485685863960214,287
reddit,0.2,-0.0016486782204018645,288
reddit,0.2,-0.0038000771667798757,289
reddit,0.2,-0.006754242845901574,290
reddit,0.2,-0.00543895655781871,291
reddit,0.2,-0.0019417600877558033,292
reddit,0.2,-0.009384033091997515,293
reddit,0.2,0.001840832047105462,294
reddit,0.2,-0.007165301221628847,295
reddit,0.2,-0.009705228259986395,296
reddit,0.2,-0.0017583778141736439,297
reddit,0.2,-0.003084152685384627,298
reddit,0.2,-0.007003124938233034,299
reddit,0.2,-0.0038928531949598694,300
reddit,0.2,0.0037770400020138368,301
reddit,0.2,-0.0064890716019557464,302
reddit,0.2,-0.0010227441448462543,303
reddit,0.2,-0.00013997726205464264,304
reddit,0.2,-0.0036957203528631493,305
reddit,0.2,-0.0036409073125049075,306
reddit,0.2,-0.0009264609948232856,307
reddit,0.2,-0.011376361200551216,308
reddit,0.2,-0.0014681928668576175,309
reddit,0.2,-0.0007879256033515774,310
reddit,0.2,-0.0006342428646442405,311
reddit,0.2,-0.005631321577107398,312
reddit,0.2,-0.0038661084548688033,313
reddit,0.2,-7.443930051631643e-06,314
reddit,0.2,-0.011776555554355365,315
reddit,0.2,-0.00015429098594023954,316
reddit,0.2,-0.00798977354474239,317
reddit,0.2,-0.0010291490968271952,318
reddit,0.2,0.0021703048781249496,319
reddit,0.2,-0.0020773805493878718,320
reddit,0.2,-0.005905187274279934,321
reddit,0.2,0.0002763114099154235,322
reddit,0.2,-0.004698152852596762,323
reddit,0.2,-0.0012418459694587272,324
reddit,0.2,-0.005565779619859933,325
reddit,0.2,-0.0001580651640486027,326
reddit,0.2,-0.0028806674350530816,327
reddit,0.2,-0.006149480972491542,328
reddit,0.2,-0.0049208708403739075,329
reddit,0.2,-0.002832859721581352,330
reddit,0.2,-0.005858491128564109,331
reddit,0.2,-0.004375793757430022,332
reddit,0.2,-0.0004522127603616546,333
reddit,0.2,-0.0033395234173397726,334
reddit,0.2,-0.00414547752788821,335
reddit,0.2,-0.0016829292666335686,336
reddit,0.2,-0.004345431859884471,337
reddit,0.2,0.00033717618664032045,338
reddit,0.2,-0.008253918749689592,339
reddit,0.2,-0.012701174228011638,340
reddit,0.2,-0.004206647531444813,341
reddit,0.2,0.0038013646573751988,342
reddit,0.2,-0.01306803195823352,343
reddit,0.2,-0.0015421701670084822,344
reddit,0.2,-0.0026775703446972427,345
reddit,0.2,-0.007203465201135726,346
reddit,0.2,-0.005277613002686221,347
reddit,0.2,-0.0017289497183555988,348
reddit,0.2,-0.0018051563067925868,349
reddit,0.2,-2.8244769931756408e-05,350
reddit,0.2,-0.9487858409948274,351
reddit,0.2,0.001147162576519656,352
reddit,0.2,-0.002923771525113004,353
reddit,0.2,-0.0028596279819453523,354
reddit,0.2,-0.00048454795790219067,355
reddit,0.2,-0.003509220163103634,356
reddit,0.2,-0.0007375540150569062,357
reddit,0.2,-0.0016214375509211703,358
reddit,0.2,-0.002602346273874371,359
reddit,0.2,-0.0027600635056386396,360
reddit,0.2,0.0010726397964029432,361
reddit,0.2,-0.00039708480766977294,362
reddit,0.2,0.06675817988463995,363
reddit,0.2,-0.0023379397299872397,364
reddit,0.2,-0.015503696870591005,365
reddit,0.2,-0.0022141351882656677,366
reddit,0.2,-0.005620156047879474,367
reddit,0.2,-0.04576969302933378,368
reddit,0.2,0.0021613159657024187,369
reddit,0.2,-0.002200897830545566,370
reddit,0.2,-0.005530374308383194,371
reddit,0.2,-0.0035518356666565816,372
reddit,0.2,0.0024663835204713582,373
reddit,0.2,-0.0033360989908061637,374
reddit,0.2,-0.004168913882428315,375
reddit,0.2,-0.007133715952345028,376
reddit,0.2,-0.004594181048861865,377
reddit,0.2,-0.0014490571420050914,378
reddit,0.2,-0.0026854661702153605,379
reddit,0.2,-0.003978452104031439,380
reddit,0.2,-0.0021285474883471875,381
reddit,0.2,-0.001649280663372883,382
reddit,0.2,-0.010617125369928952,383
reddit,0.2,-0.0008380989319503101,384
reddit,0.2,-0.005286669702975477,385
reddit,0.2,-3.05471341126638e-05,386
reddit,0.2,-0.0022604751250465717,387
reddit,0.2,-0.0032674143880479264,388
reddit,0.2,-0.009683873008009908,389
reddit,0.2,-0.0011003390737477112,390
reddit,0.2,0.0014622023235857076,391
reddit,0.2,-0.006208061087297926,392
reddit,0.2,0.00045712721163127185,393
reddit,0.2,-0.0022609494357468357,394
reddit,0.2,-0.002570973909291511,395
reddit,0.2,0.00017218758847693574,396
reddit,0.2,-0.005077405290203442,397
reddit,0.2,-0.008170676968191803,398
reddit,0.2,9.197019531218986e-05,399
reddit,0.2,3.159584299655992e-05,400
reddit,0.2,-0.0021146456169616416,401
reddit,0.2,-0.004673586222203968,402
reddit,0.2,-0.005703814779846806,403
reddit,0.2,0.018544708525830754,404
reddit,0.2,-0.00466442509486995,405
reddit,0.2,-0.004645610367797134,406
reddit,0.2,-0.0023139437214036705,407
reddit,0.2,-0.024837857378452444,408
reddit,0.2,0.03252721150592278,409
reddit,0.2,-0.00317309514790754,410
reddit,0.2,-0.007353828691285119,411
reddit,0.2,-0.0058236436916142215,412
reddit,0.2,-0.0026068378516866412,413
reddit,0.2,0.002265778919634322,414
reddit,0.2,-0.003291996128492442,415
reddit,0.2,-0.007223682416839728,416
reddit,0.2,-0.006828153392369812,417
reddit,0.2,0.0025404233943465055,418
reddit,0.2,-0.0031189645834556255,419
reddit,0.2,-0.009336725177498468,420
reddit,0.2,-0.002080951178140544,421
reddit,0.2,-0.002995754553283803,422
reddit,0.2,-0.007374078881311679,423
reddit,0.2,-0.004030549487079554,424
reddit,0.2,-0.0046384856646536216,425
reddit,0.2,0.0021811641133112412,426
reddit,0.2,-0.000944243933915046,427
reddit,0.2,-0.02002239861914018,428
reddit,0.2,-0.0018093205287828137,429
reddit,0.2,-0.0036355715929417766,430
reddit,0.2,-0.00035205525128458547,431
reddit,0.2,-0.004746645212438149,432
reddit,0.2,-0.0029242053508573155,433
reddit,0.2,-0.0028508697916509733,434
reddit,0.2,-0.002823452949578638,435
reddit,0.2,-0.0031847152317115556,436
reddit,0.2,-0.00012738747388131813,437
reddit,0.2,-2.3940839939233798e-05,438
reddit,0.2,-0.006957644620944769,439
reddit,0.2,-0.012430426492910054,440
reddit,0.2,-0.0034606461325204906,441
reddit,0.2,-0.003986714456531759,442
reddit,0.2,-0.0017293917302081724,443
reddit,0.2,-0.014885198618463814,444
reddit,0.2,-0.005369580961295995,445
reddit,0.2,0.0029216950205482356,446
reddit,0.2,-0.003036491956441815,447
reddit,0.2,0.00023538328230708483,448
reddit,0.2,-0.0010512324733853002,449
reddit,0.2,-0.0018550737144048342,450
reddit,0.2,-0.0026906774478534685,451
reddit,0.2,-0.009782649645273242,452
reddit,0.2,-0.004180240171685838,453
reddit,0.2,-0.0019040968235263021,454
reddit,0.2,-0.004195662268355293,455
reddit,0.2,0.0012106808972600308,456
reddit,0.2,0.004670135453997627,457
reddit,0.2,0.0011588260076766952,458
reddit,0.2,-0.0015677372004884677,459
reddit,0.2,-0.004019904951814066,460
reddit,0.2,0.0067662757273323736,461
reddit,0.2,-0.0050847849930010045,462
reddit,0.2,-0.005008623009757514,463
reddit,0.2,-0.00831591800622831,464
reddit,0.2,-0.008465260202780621,465
reddit,0.2,-0.001682727138360391,466
reddit,0.2,-0.003686352061736408,467
reddit,0.2,0.0014158564915026594,468
reddit,0.2,-0.013805803082243544,469
reddit,0.2,-0.0028378826182252725,470
reddit,0.2,-0.004721086155905997,471
reddit,0.2,-0.002747382792990537,472
reddit,0.2,-0.020003859573585515,473
reddit,0.2,0.010191932766572096,474
reddit,0.2,0.011010222697992254,475
reddit,0.2,-0.002832716524996154,476
reddit,0.2,-0.003816077844623388,477
reddit,0.2,-0.009718607544895862,478
reddit,0.2,0.018511150426299215,479
reddit,0.2,-0.002164102375618493,480
reddit,0.2,-0.0007480418707156745,481
reddit,0.2,0.004891228678542041,482
reddit,0.2,-0.0015119629573487232,483
reddit,0.2,-0.0025392027339556592,484
reddit,0.2,-0.010161704699681794,485
reddit,0.2,-0.0007922546703583336,486
reddit,0.2,-0.00029941385261270575,487
reddit,0.2,-0.002265423598994386,488
reddit,0.2,-0.0028507281439146266,489
reddit,0.2,-0.0007843535696244143,490
reddit,0.2,-0.002373476731546773,491
reddit,0.2,-0.000932227932003642,492
reddit,0.2,-0.003450441152071448,493
reddit,0.2,-0.003203736120764092,494
reddit,0.2,-0.0028997251415639343,495
reddit,0.2,-0.002928021143751858,496
reddit,0.2,-0.01453855736285105,497
reddit,0.2,-1.6378441867574683e-05,498
reddit,0.2,-0.0013014583856737305,499
reddit,0.2,-0.001292318954024405,500
reddit,0.2,-0.001141040742084231,501
reddit,0.2,-0.005922217338311604,502
reddit,0.2,0.0010032477894403038,503
reddit,0.2,-0.0007399285474610255,504
reddit,0.2,-0.0017543363298686396,505
reddit,0.2,-0.001306503286257918,506
reddit,0.2,-0.0049260417724710385,507
reddit,0.2,-0.0041621639055428525,508
reddit,0.2,0.022369766864882436,509
reddit,0.2,-0.005403846385798968,510
reddit,0.2,0.03258596195280321,511
reddit,0.2,-0.001507041889497259,512
reddit,0.2,-0.0057339499616200695,513
reddit,0.2,-0.0012276432801822698,514
reddit,0.2,-0.004419319894886606,515
reddit,0.2,0.0012617606062471395,516
reddit,0.2,-0.002532478398096453,517
reddit,0.2,-0.0008289232470280167,518
reddit,0.2,-0.002671626266869737,519
reddit,0.2,0.00014293367548407978,520
reddit,0.2,-0.0014615397780865058,521
reddit,0.2,0.00655904754947205,522
reddit,0.2,0.016499137084848004,523
reddit,0.2,0.0006634349120061119,524
reddit,0.2,-0.0020954943969951115,525
reddit,0.2,0.0006151964912316406,526
reddit,0.2,-0.0006814834722556928,527
reddit,0.2,0.0016056491488994791,528
reddit,0.2,-0.005311378226229159,529
reddit,0.2,-0.006925147544208175,530
reddit,0.2,-0.012357920815480476,531
reddit,0.2,-0.009066326899274772,532
reddit,0.2,-0.0020441819291921286,533
reddit,0.2,-0.003656893949912861,534
reddit,0.2,-0.0018175964410608542,535
reddit,0.2,-0.008910145093351468,536
reddit,0.2,-0.00316459019734761,537
reddit,0.2,0.007579917124978261,538
reddit,0.2,-0.011485626160778022,539
reddit,0.2,-0.0022502590319977427,540
reddit,0.2,-0.011382188378709033,541
reddit,0.2,-0.01888425123267643,542
reddit,0.2,-0.0038578583164040623,543
reddit,0.2,-0.0018094889707896754,544
reddit,0.2,0.09925705797835432,545
reddit,0.2,-0.003114536013344595,546
reddit,0.2,-0.004661930824135146,547
reddit,0.2,0.02091018691803236,548
reddit,0.2,0.0014812640989272194,549
reddit,0.2,0.014097343667538087,550
reddit,0.2,-0.0053976245579742494,551
reddit,0.2,-0.06961452449200209,552
reddit,0.3,0.0002932461679085735,0
reddit,0.3,0.002940699415044181,1
reddit,0.3,0.0015114243780206562,2
reddit,0.3,0.0005780894365210251,3
reddit,0.3,0.006226875917642203,4
reddit,0.3,0.0015084265623264317,5
reddit,0.3,0.00141096388345156,6
reddit,0.3,0.0035749984382324775,7
reddit,0.3,0.001393963131514053,8
reddit,0.3,0.0008834707895877682,9
reddit,0.3,-0.00021527546777585054,10
reddit,0.3,0.002052283081980571,11
reddit,0.3,0.004345205662028161,12
reddit,0.3,0.002332817653549278,13
reddit,0.3,0.0022221636025321063,14
reddit,0.3,0.00209140909225484,15
reddit,0.3,0.001578313581363031,16
reddit,0.3,-0.00017515290456699185,17
reddit,0.3,0.0027453179294577,18
reddit,0.3,0.003917876983621563,19
reddit,0.3,0.0017248091109275513,20
reddit,0.3,0.004012388271336535,21
reddit,0.3,-8.002626256945245e-05,22
reddit,0.3,0.004903319288805269,23
reddit,0.3,0.0013512597425364432,24
reddit,0.3,0.0015707428699477802,25
reddit,0.3,0.003561292869799463,26
reddit,0.3,-0.00015805517977086263,27
reddit,0.3,0.0024263677171725887,28
reddit,0.3,0.0035370037402437664,29
reddit,0.3,0.002554230283972471,30
reddit,0.3,0.0007749254851192369,31
reddit,0.3,0.0010857138600447861,32
reddit,0.3,-0.0015837170789646682,33
reddit,0.3,0.0028345019827923867,34
reddit,0.3,-0.00017324390029416984,35
reddit,0.3,0.006412877710984654,36
reddit,0.3,-7.470796165184992e-05,37
reddit,0.3,0.0031736988395004175,38
reddit,0.3,-0.00011692798368787288,39
reddit,0.3,0.004872820011422303,40
reddit,0.3,0.0032812120523380995,41
reddit,0.3,0.008770977912320971,42
reddit,0.3,0.0036105819775352718,43
reddit,0.3,0.0029686611925750428,44
reddit,0.3,-0.003314450085213385,45
reddit,0.3,0.002620094836839425,46
reddit,0.3,0.002903062559090574,47
reddit,0.3,0.0009546019339043083,48
reddit,0.3,0.0025172363446304214,49
reddit,0.3,0.0007499154470656918,50
reddit,0.3,0.00042877702000508855,51
reddit,0.3,0.002775724055378958,52
reddit,0.3,0.0010216191335275318,53
reddit,0.3,-0.0009940126800527024,54
reddit,0.3,0.002178061438356947,55
reddit,0.3,1.0354834914313343e-05,56
reddit,0.3,0.0037953018912220914,57
reddit,0.3,0.0029306567527998158,58
reddit,0.3,0.0024012900436389617,59
reddit,0.3,-0.00018394827903081304,60
reddit,0.3,0.003340475241819308,61
reddit,0.3,0.0026833000164932378,62
reddit,0.3,0.0030522340932748354,63
reddit,0.3,0.001221938557436064,64
reddit,0.3,0.0016598101287028791,65
reddit,0.3,0.00035438672578051207,66
reddit,0.3,0.001448651773669071,67
reddit,0.3,0.00559345454996716,68
reddit,0.3,9.197714666482838e-05,69
reddit,0.3,0.003562188019670907,70
reddit,0.3,0.0019174139285352092,71
reddit,0.3,0.002221598800285448,72
reddit,0.3,0.002938707973389556,73
reddit,0.3,0.002945112335342378,74
reddit,0.3,0.0032573204216417733,75
reddit,0.3,0.0006264387597793351,76
reddit,0.3,0.0018221719423782102,77
reddit,0.3,0.0021768400525825327,78
reddit,0.3,0.0005099282838493322,79
reddit,0.3,0.0024613986026848153,80
reddit,0.3,0.001208438132167243,81
reddit,0.3,0.005546919791395213,82
reddit,0.3,0.002371866583458008,83
reddit,0.3,0.004995077003012279,84
reddit,0.3,0.0015183210816979416,85
reddit,0.3,0.00238104226273292,86
reddit,0.3,0.0019876068155995283,87
reddit,0.3,0.003973045349020759,88
reddit,0.3,0.0003456835634433798,89
reddit,0.3,0.0014668932571206411,90
reddit,0.3,0.0013100749842194603,91
reddit,0.3,0.0011167398336053044,92
reddit,0.3,0.0010052584258232091,93
reddit,0.3,0.0011297715347591492,94
reddit,0.3,-0.0009153807666261435,95
reddit,0.3,-1.9229417404942612e-05,96
reddit,0.3,0.003246217778831014,97
reddit,0.3,0.0035524792556564494,98
reddit,0.3,0.003684325500054151,99
reddit,0.3,-0.0012121229593344408,100
reddit,0.3,-0.001135853924189702,101
reddit,0.3,0.0003585368907558968,102
reddit,0.3,0.00024641469172198587,103
reddit,0.3,0.00124313286649803,104
reddit,0.3,0.001765160782247781,105
reddit,0.3,0.001462187022973478,106
reddit,0.3,0.0009285827163192046,107
reddit,0.3,0.00212920007210012,108
reddit,0.3,0.008455398372612924,109
reddit,0.3,-0.0025731662832445394,110
reddit,0.3,0.0019684362018277863,111
reddit,0.3,0.002982975182569749,112
reddit,0.3,0.0011727358249745145,113
reddit,0.3,-1.0592406162194499e-05,114
reddit,0.3,0.0022312374310468276,115
reddit,0.3,0.004836395039689098,116
reddit,0.3,0.004794393546320934,117
reddit,0.3,0.000695814036585431,118
reddit,0.3,0.0033163887136396786,119
reddit,0.3,-0.0006026495985221504,120
reddit,0.3,-0.0005859576994885151,121
reddit,0.3,0.0024716235349046306,122
reddit,0.3,0.0006539194612520079,123
reddit,0.3,-0.00014671036516778523,124
reddit,0.3,0.001120078826303121,125
reddit,0.3,0.007807608575895973,126
reddit,0.3,0.005096208077439127,127
reddit,0.3,0.0038119595531409555,128
reddit,0.3,0.0016789973138453638,129
reddit,0.3,0.0015124739686161695,130
reddit,0.3,0.001712520186150931,131
reddit,0.3,0.000659458496650201,132
reddit,0.3,-0.0011224235339281883,133
reddit,0.3,0.001014129719012897,134
reddit,0.3,0.0018996106810146363,135
reddit,0.3,-0.0010284493206548625,136
reddit,0.3,7.50437446777728e-05,137
reddit,0.3,0.0009794677029470312,138
reddit,0.3,0.004030476757692754,139
reddit,0.3,0.004259231352165044,140
reddit,0.3,0.00347075827255355,141
reddit,0.3,-0.004290466114906624,142
reddit,0.3,0.0018514644271459774,143
reddit,0.3,-0.014033164674476963,144
reddit,0.3,0.0024907597411300045,145
reddit,0.3,0.0011277623827335283,146
reddit,0.3,0.0018438000508719605,147
reddit,0.3,0.0015620552643901403,148
reddit,0.3,0.003282751221860207,149
reddit,0.3,-0.00035106972811400124,150
reddit,0.3,0.0014053852949926764,151
reddit,0.3,0.00326313833056502,152
reddit,0.3,0.0011077697399462017,153
reddit,0.3,0.0002202943788291102,154
reddit,0.3,0.0026068399810545047,155
reddit,0.3,0.000492965296266115,156
reddit,0.3,0.002870400096352752,157
reddit,0.3,-0.0007787614772434088,158
reddit,0.3,0.00026387152854735724,159
reddit,0.3,-0.00014804787140965383,160
reddit,0.3,0.005125538744598801,161
reddit,0.3,-0.0002158038173276846,162
reddit,0.3,0.005291078699461579,163
reddit,0.3,0.00013947190598933955,164
reddit,0.3,0.0031953594099022667,165
reddit,0.3,0.0016592590788036107,166
reddit,0.3,0.002359485310445266,167
reddit,0.3,0.0039046848517793726,168
reddit,0.3,0.00015846215773809846,169
reddit,0.3,-0.00057180305029075,170
reddit,0.3,0.0012848088033835037,171
reddit,0.3,0.0029578697216983093,172
reddit,0.3,0.000364945133851226,173
reddit,0.3,0.0008715528943593505,174
reddit,0.3,0.0017622164795801328,175
reddit,0.3,0.0017221849382887174,176
reddit,0.3,-0.0013633858641751485,177
reddit,0.3,0.0012302481066643613,178
reddit,0.3,0.0010131402794845334,179
reddit,0.3,-0.0014983199150863037,180
reddit,0.3,0.0025046936528428554,181
reddit,0.3,0.0012638911396407404,182
reddit,0.3,0.002923193497472674,183
reddit,0.3,0.0023022303784497075,184
reddit,0.3,0.0014216886883431613,185
reddit,0.3,0.004711868810447399,186
reddit,0.3,0.002182711337188665,187
reddit,0.3,0.0023559894460500838,188
reddit,0.3,0.0007412340621479941,189
reddit,0.3,0.0033411409959207233,190
reddit,0.3,0.001971368133889679,191
reddit,0.3,0.0018229284258226366,192
reddit,0.3,0.004019493035908216,193
reddit,0.3,0.0010574373351640604,194
reddit,0.3,0.002368275684383797,195
reddit,0.3,-0.004091104579254019,196
reddit,0.3,0.0036024229414721486,197
reddit,0.3,-0.0018118458006990224,198
reddit,0.3,0.006777946722291585,199
reddit,0.3,0.0023662634687283616,200
reddit,0.3,0.0018124999617389005,201
reddit,0.3,0.002036259311841104,202
reddit,0.3,0.001857406509810709,203
reddit,0.3,0.0027749098871163594,204
reddit,0.3,0.0031411050913455344,205
reddit,0.3,0.00991138144512786,206
reddit,0.3,-0.001395496684968209,207
reddit,0.3,0.0013668215977296592,208
reddit,0.3,0.0017147363090775783,209
reddit,0.3,0.0048529234903461884,210
reddit,0.3,0.003743009418830116,211
reddit,0.3,0.003120876209583856,212
reddit,0.3,0.0025162487947982585,213
reddit,0.3,0.0006904253132577082,214
reddit,0.3,0.0013440704426248313,215
reddit,0.3,0.0029592379272917937,216
reddit,0.3,-0.0035747655980613866,217
reddit,0.3,0.000597333751385569,218
reddit,0.3,0.008110826207542799,219
reddit,0.3,0.0034774305012586146,220
reddit,0.3,0.00035477451037544907,221
reddit,0.3,0.0034906931649584887,222
reddit,0.3,-0.0017639740518679238,223
reddit,0.3,0.0031630912899591867,224
reddit,0.3,0.004489248852868865,225
reddit,0.3,0.0010262399694009315,226
reddit,0.3,0.0006911552132351418,227
reddit,0.3,0.0005143954630722836,228
reddit,0.3,0.0011043251051116967,229
reddit,0.3,0.002132400178889357,230
reddit,0.3,0.0028638656608424365,231
reddit,0.3,0.002959494266649749,232
reddit,0.3,0.003252159670035052,233
reddit,0.3,-0.009806338457910364,234
reddit,0.3,-0.0012930332448739352,235
reddit,0.3,0.0017082100294366412,236
reddit,0.3,0.0029656377060505827,237
reddit,0.3,0.0037814425776734628,238
reddit,0.3,7.87635948048661e-06,239
reddit,0.3,0.004679502703971812,240
reddit,0.3,0.0023084889799744753,241
reddit,0.3,0.003253814044752917,242
reddit,0.3,0.0044863101264625595,243
reddit,0.3,0.0011038145547934833,244
reddit,0.3,0.003433391426336599,245
reddit,0.3,0.005491275721907388,246
reddit,0.3,0.004388815234305249,247
reddit,0.3,-0.0012416350612845142,248
reddit,0.3,-0.0008755218180973987,249
reddit,0.3,0.0022243159765677816,250
reddit,0.3,0.0021907589912017254,251
reddit,0.3,-4.911797717902417e-05,252
reddit,0.3,0.0014244670623146868,253
reddit,0.3,0.00604224001329434,254
reddit,0.3,0.002360905570132264,255
reddit,0.3,0.0010687336893718806,256
reddit,0.3,0.003816463662649723,257
reddit,0.3,0.001542124885590801,258
reddit,0.3,0.0028023581041804607,259
reddit,0.3,0.004166928473011715,260
reddit,0.3,-0.0023892872133816864,261
reddit,0.3,0.0006532136845095755,262
reddit,0.3,0.0021804150066405733,263
reddit,0.3,0.0010754253482289761,264
reddit,0.3,0.0024316802127558627,265
reddit,0.3,0.001950088809214121,266
reddit,0.3,0.005239419926306573,267
reddit,0.3,0.00326938126017878,268
reddit,0.3,0.0005120042046119788,269
reddit,0.3,0.0016087492114679398,270
reddit,0.3,0.0011821306175691907,271
reddit,0.3,0.003402416564508322,272
reddit,0.3,0.0003968438793887047,273
reddit,0.3,0.004363698239698835,274
reddit,0.3,0.0008361177144706444,275
reddit,0.3,0.0026634194578346168,276
reddit,0.3,0.012491951177578524,277
reddit,0.3,0.003992953663220185,278
reddit,0.3,0.002895385694604197,279
reddit,0.3,0.0014782548731420914,280
reddit,0.3,0.002778440583913053,281
reddit,0.3,0.0031098922975057617,282
reddit,0.3,-0.0006037836276795924,283
reddit,0.3,0.0015657033582939456,284
reddit,0.3,-0.0001132163143464267,285
reddit,0.3,0.002075766306154865,286
reddit,0.3,0.001451043630894582,287
reddit,0.3,0.002387990490925934,288
reddit,0.3,0.0029123397784449,289
reddit,0.3,0.0016600718826841941,290
reddit,0.3,0.004615879240324815,291
reddit,0.3,0.0034203965925152903,292
reddit,0.3,0.0020669357249772776,293
reddit,0.3,0.0012914226795716136,294
reddit,0.3,0.0017728688939127406,295
reddit,0.3,-0.0029011214534433514,296
reddit,0.3,0.001954689937448063,297
reddit,0.3,0.0038924342739578683,298
reddit,0.3,0.00509039352435568,299
reddit,0.3,0.0027395317066888406,300
reddit,0.3,0.003518120145298245,301
reddit,0.3,-0.0017866898088217727,302
reddit,0.3,0.00334135007857209,303
reddit,0.3,0.0016673692720973355,304
reddit,0.3,0.0004917191121208121,305
reddit,0.3,-0.0007246914533884174,306
reddit,0.3,0.0006131723572685679,307
reddit,0.3,-0.00404321505552305,308
reddit,0.3,0.0004733611500092698,309
reddit,0.3,0.005556073634439172,310
reddit,0.3,0.0022902185327286955,311
reddit,0.3,0.0012311743941143091,312
reddit,0.3,0.0018653944688130414,313
reddit,0.3,0.00871558327396564,314
reddit,0.3,0.0019716553938627607,315
reddit,0.3,0.0014355067040721181,316
reddit,0.3,-0.0018807943484134186,317
reddit,0.3,0.0010161988377220882,318
reddit,0.3,0.001205324103816256,319
reddit,0.3,0.003733979841153776,320
reddit,0.3,0.0007055983338047491,321
reddit,0.3,-0.000740195326266269,322
reddit,0.3,-0.0008513317039153191,323
reddit,0.3,0.0016459159834904039,324
reddit,0.3,0.00281249938442831,325
reddit,0.3,0.004104501444748743,326
reddit,0.3,0.0016839712105710088,327
reddit,0.3,0.0030721633489148637,328
reddit,0.3,0.0013707692592584812,329
reddit,0.3,0.002445977449439854,330
reddit,0.3,0.0007158713325012251,331
reddit,0.3,0.00129073102400387,332
reddit,0.3,0.0030182024048159457,333
reddit,0.3,0.003661158361272137,334
reddit,0.3,0.002248270490069447,335
reddit,0.3,0.0036767945439026557,336
reddit,0.3,0.00891930652408135,337
reddit,0.3,0.0028447239894103657,338
reddit,0.3,0.004257837792677588,339
reddit,0.3,0.002167895899864118,340
reddit,0.3,0.002191171162139095,341
reddit,0.3,-0.001831112558105884,342
reddit,0.3,-0.002024513477494666,343
reddit,0.3,0.002710590477303473,344
reddit,0.3,0.0015979204256389404,345
reddit,0.3,0.0032411078595416683,346
reddit,0.3,0.0008525799706122344,347
reddit,0.3,-0.00012071408081566286,348
reddit,0.3,-0.0015624174961588705,349
reddit,0.3,-2.6719598400297154e-05,350
reddit,0.3,0.018595764909237422,351
reddit,0.3,-0.0001746013866963557,352
reddit,0.3,0.0009980617099850165,353
reddit,0.3,0.0030139335564468863,354
reddit,0.3,0.0035267146728470565,355
reddit,0.3,0.0006131632908007461,356
reddit,0.3,0.0012617803632084664,357
reddit,0.3,0.0023103403594548254,358
reddit,0.3,0.0018664885438879784,359
reddit,0.3,0.0030594756261347125,360
reddit,0.3,0.003345051367409667,361
reddit,0.3,-0.000284295309082274,362
reddit,0.3,-0.06342699186687278,363
reddit,0.3,-0.001034612104263167,364
reddit,0.3,0.003983607818953898,365
reddit,0.3,0.0009187140571277387,366
reddit,0.3,0.0004346201491522973,367
reddit,0.3,-0.00548697324017919,368
reddit,0.3,-0.0010110008889371285,369
reddit,0.3,-0.004450220988079057,370
reddit,0.3,-0.0028840544494452025,371
reddit,0.3,0.0035351133824865293,372
reddit,0.3,-0.0009755676781338716,373
reddit,0.3,0.0009174734860975769,374
reddit,0.3,-0.0026023734598328726,375
reddit,0.3,0.004456607989506469,376
reddit,0.3,0.0018264076167079954,377
reddit,0.3,0.0029736494010262605,378
reddit,0.3,0.0018080150433507558,379
reddit,0.3,0.0019244818013820898,380
reddit,0.3,0.0019080782353624978,381
reddit,0.3,0.0024501285091662337,382
reddit,0.3,0.006414348682431304,383
reddit,0.3,0.0006887233417261102,384
reddit,0.3,0.005590423491942094,385
reddit,0.3,0.0019105759046958738,386
reddit,0.3,0.0016109191906640975,387
reddit,0.3,0.0014228982169403024,388
reddit,0.3,0.002986752018371188,389
reddit,0.3,0.0022067995923739287,390
reddit,0.3,0.0008052576456736283,391
reddit,0.3,-0.004354242664247224,392
reddit,0.3,0.0016993523086085,393
reddit,0.3,0.005246874250054401,394
reddit,0.3,0.00105910766320188,395
reddit,0.3,0.008414913600128521,396
reddit,0.3,0.0018466644580431887,397
reddit,0.3,-0.00014964222059158394,398
reddit,0.3,0.00019453295551437541,399
reddit,0.3,0.0027695978581634226,400
reddit,0.3,0.0018753608894624182,401
reddit,0.3,0.0012805191860840006,402
reddit,0.3,0.001492767168761818,403
reddit,0.3,0.003308945004357032,404
reddit,0.3,-0.0033548688126329718,405
reddit,0.3,-0.0015111149839788522,406
reddit,0.3,-0.0007233966371061726,407
reddit,0.3,0.008958483812358588,408
reddit,0.3,0.00984720336290525,409
reddit,0.3,0.0016939799989026828,410
reddit,0.3,0.011254816804136725,411
reddit,0.3,0.0007664877245583397,412
reddit,0.3,0.004864588190195478,413
reddit,0.3,0.01028066250927401,414
reddit,0.3,0.0024136121975092267,415
reddit,0.3,-0.0002691207949733057,416
reddit,0.3,0.0010931004192755605,417
reddit,0.3,0.00041750032926361367,418
reddit,0.3,-0.00015248413344299178,419
reddit,0.3,0.004122979257049791,420
reddit,0.3,0.0010226393296720868,421
reddit,0.3,0.003717477988532978,422
reddit,0.3,0.0028156704686903775,423
reddit,0.3,0.0017176789643681442,424
reddit,0.3,0.004849092324407575,425
reddit,0.3,0.0049672231310515244,426
reddit,0.3,0.0030929244595864886,427
reddit,0.3,0.008037162651626092,428
reddit,0.3,0.00044943900915235237,429
reddit,0.3,0.0019171286532491958,430
reddit,0.3,-0.0023446261345559907,431
reddit,0.3,0.002010996072437152,432
reddit,0.3,0.0021242663699641514,433
reddit,0.3,0.006082087895969596,434
reddit,0.3,0.001079424713884341,435
reddit,0.3,0.004413351228781161,436
reddit,0.3,-0.029835498081539673,437
reddit,0.3,0.0012778905500512427,438
reddit,0.3,0.004428321169112354,439
reddit,0.3,0.005985025536129533,440
reddit,0.3,0.002246911239221093,441
reddit,0.3,0.006612905427641942,442
reddit,0.3,0.0014381317145191544,443
reddit,0.3,-0.0021956649583083536,444
reddit,0.3,0.0018706487135895626,445
reddit,0.3,0.001411418986612719,446
reddit,0.3,0.0004975795429199548,447
reddit,0.3,0.0013020905515246078,448
reddit,0.3,0.0011570789898784277,449
reddit,0.3,0.003480557611109022,450
reddit,0.3,0.002388890332863877,451
reddit,0.3,0.0028955065151156875,452
reddit,0.3,0.005806997274880032,453
reddit,0.3,0.0020181197372457996,454
reddit,0.3,-0.0015081748079662847,455
reddit,0.3,-0.00041978646729718983,456
reddit,0.3,-0.003764492822516976,457
reddit,0.3,8.20019500117914e-05,458
reddit,0.3,0.0019670759998669978,459
reddit,0.3,0.0014797367507187616,460
reddit,0.3,0.004568249265342116,461
reddit,0.3,-4.3584556403840524e-05,462
reddit,0.3,0.0027823438244671257,463
reddit,0.3,0.0006873263351319078,464
reddit,0.3,0.009423578028740952,465
reddit,0.3,-0.0023696601273840642,466
reddit,0.3,-0.0013743094659949364,467
reddit,0.3,-0.008542854736497662,468
reddit,0.3,0.0020185377932930406,469
reddit,0.3,0.003972317465744033,470
reddit,0.3,0.0016380773292904284,471
reddit,0.3,0.007681114299233218,472
reddit,0.3,-0.00622504475595156,473
reddit,0.3,0.013408840627676204,474
reddit,0.3,0.0034542837859203156,475
reddit,0.3,0.002620915413149461,476
reddit,0.3,-0.0009603940288518729,477
reddit,0.3,0.0050092262137425595,478
reddit,0.3,0.02310284546365336,479
reddit,0.3,0.0022232541327518256,480
reddit,0.3,1.0020925210701093e-05,481
reddit,0.3,-0.0017941786130631226,482
reddit,0.3,0.0041418620091211765,483
reddit,0.3,0.004387872499818057,484
reddit,0.3,0.007253815482692503,485
reddit,0.3,0.0022615417883978476,486
reddit,0.3,0.003343017611777101,487
reddit,0.3,-8.375225206291649e-05,488
reddit,0.3,0.00036504285251230505,489
reddit,0.3,-0.0010387641572451685,490
reddit,0.3,-7.357276306572942e-05,491
reddit,0.3,0.001539202647584883,492
reddit,0.3,0.003413235562163888,493
reddit,0.3,0.0035267458455939507,494
reddit,0.3,-0.001625074486545225,495
reddit,0.3,0.0030833335628341904,496
reddit,0.3,-0.008976835060249707,497
reddit,0.3,0.003317822724472423,498
reddit,0.3,0.0018102058966029066,499
reddit,0.3,0.00033045594901397494,500
reddit,0.3,0.0016156171736539683,501
reddit,0.3,0.005799384871366125,502
reddit,0.3,-0.9887430865828752,503
reddit,0.3,0.00021064633836031198,504
reddit,0.3,0.0012148985899286832,505
reddit,0.3,0.0006631669732970975,506
reddit,0.3,0.000909977577460306,507
reddit,0.3,-0.01091587364556334,508
reddit,0.3,-0.038135491809585025,509
reddit,0.3,0.006998742079477519,510
reddit,0.3,0.006540498910129164,511
reddit,0.3,-0.0015420821458424917,512
reddit,0.3,0.04822539372602552,513
reddit,0.3,0.0033883597565799077,514
reddit,0.3,0.0018320082496748875,515
reddit,0.3,0.0046559137193410835,516
reddit,0.3,0.0023989035300269234,517
reddit,0.3,-0.0013149246031542415,518
reddit,0.3,0.0027025306045156557,519
reddit,0.3,0.01089430961862014,520
reddit,0.3,0.0030032551987993743,521
reddit,0.3,-0.0018401636771768607,522
reddit,0.3,-0.020363004382906322,523
reddit,0.3,-0.0034932715121186327,524
reddit,0.3,0.005849465331772449,525
reddit,0.3,0.029564240699262733,526
reddit,0.3,0.0023770045891988952,527
reddit,0.3,0.023385548944533152,528
reddit,0.3,0.0018942319608945253,529
reddit,0.3,0.005290794697321415,530
reddit,0.3,-0.0024240357029110754,531
reddit,0.3,-0.0006953039437651244,532
reddit,0.3,0.002694814683597707,533
reddit,0.3,0.0074831390188206965,534
reddit,0.3,0.00048474385992197823,535
reddit,0.3,0.005784087833092239,536
reddit,0.3,0.003647351118923874,537
reddit,0.3,0.009282655559354386,538
reddit,0.3,0.006963978588349064,539
reddit,0.3,-0.0029170415683537616,540
reddit,0.3,0.006996041738808746,541
reddit,0.3,0.0020578554903958966,542
reddit,0.3,-0.00014059043217164825,543
reddit,0.3,-0.0008487215097429407,544
reddit,0.3,-0.01973278341219115,545
reddit,0.3,0.003992750982204798,546
reddit,0.3,0.0018698147096167094,547
reddit,0.3,-0.01750750558800665,548
reddit,0.3,0.013194870089382367,549
reddit,0.3,-0.04448763948393603,550
reddit,0.3,-0.002846223283343403,551
reddit,0.3,0.043373522282586285,552
reddit,0.4,0.004217220332013705,0
reddit,0.4,0.004762926635083735,1
reddit,0.4,0.0040673530225313346,2
reddit,0.4,0.0035356147533859446,3
reddit,0.4,0.009561370956409366,4
reddit,0.4,0.0027106415507372793,5
reddit,0.4,0.002443671755446985,6
reddit,0.4,0.008444671804745693,7
reddit,0.4,0.002132712095656953,8
reddit,0.4,0.002310127300202965,9
reddit,0.4,0.0055223386953502165,10
reddit,0.4,0.0036104061746344896,11
reddit,0.4,0.003374134167824239,12
reddit,0.4,0.002742617959079919,13
reddit,0.4,0.0031016324605594114,14
reddit,0.4,0.003880723443973688,15
reddit,0.4,0.0032926457505837014,16
reddit,0.4,0.004955195585037442,17
reddit,0.4,0.0059063745227428835,18
reddit,0.4,0.0037277645002712846,19
reddit,0.4,0.003356102070523628,20
reddit,0.4,0.004106983537308564,21
reddit,0.4,0.003645901403894868,22
reddit,0.4,0.002885299935109534,23
reddit,0.4,0.003645517923845354,24
reddit,0.4,0.003786415878590717,25
reddit,0.4,0.005017702072559597,26
reddit,0.4,0.0037527707296661538,27
reddit,0.4,0.002581232891171038,28
reddit,0.4,0.002818003685919412,29
reddit,0.4,0.004672879853535472,30
reddit,0.4,0.002575585926991625,31
reddit,0.4,0.0030129386656462384,32
reddit,0.4,0.0009044631992792642,33
reddit,0.4,0.005729939118398752,34
reddit,0.4,0.005523840452451204,35
reddit,0.4,0.004117663056603617,36
reddit,0.4,0.0006770190283220357,37
reddit,0.4,0.004458179719494046,38
reddit,0.4,0.001640907731587646,39
reddit,0.4,0.004205133382798999,40
reddit,0.4,0.0034557962478196412,41
reddit,0.4,0.011712188385457917,42
reddit,0.4,0.0045040375867273245,43
reddit,0.4,0.0038017151134348164,44
reddit,0.4,-0.0004003414693599665,45
reddit,0.4,0.0039610859391355545,46
reddit,0.4,0.0014693517192185335,47
reddit,0.4,0.0032025989415878173,48
reddit,0.4,-0.0008845431998423002,49
reddit,0.4,0.0038184572662704223,50
reddit,0.4,0.0034128637752257733,51
reddit,0.4,0.0034560331907829062,52
reddit,0.4,0.0018197269990598605,53
reddit,0.4,0.003498363766703547,54
reddit,0.4,0.002809724076921874,55
reddit,0.4,0.001061436113352775,56
reddit,0.4,0.0034767329354518026,57
reddit,0.4,0.003761171702750445,58
reddit,0.4,0.003870288759611007,59
reddit,0.4,0.0039469641567171365,60
reddit,0.4,0.003637697900656912,61
reddit,0.4,0.0028229651925645036,62
reddit,0.4,0.001993041895073394,63
reddit,0.4,0.003212759859649575,64
reddit,0.4,0.003296700436808214,65
reddit,0.4,0.005054839967889009,66
reddit,0.4,0.0017639847889802038,67
reddit,0.4,0.003485785418572019,68
reddit,0.4,0.0008963901313222772,69
reddit,0.4,0.003702204761218895,70
reddit,0.4,0.0021743583122238964,71
reddit,0.4,0.006046758554758938,72
reddit,0.4,0.001612761824046088,73
reddit,0.4,0.00456870149104158,74
reddit,0.4,0.006990162090932298,75
reddit,0.4,0.001294188345983679,76
reddit,0.4,0.0051731018525840895,77
reddit,0.4,0.004752010130379587,78
reddit,0.4,0.0025127229315640245,79
reddit,0.4,0.0027657588764414573,80
reddit,0.4,0.004969704939619403,81
reddit,0.4,0.0022587395691928995,82
reddit,0.4,0.004822559774818915,83
reddit,0.4,0.0005475781542882296,84
reddit,0.4,0.003135631457586378,85
reddit,0.4,0.004962488184424551,86
reddit,0.4,0.0027476771060563846,87
reddit,0.4,0.000947671093246803,88
reddit,0.4,0.003383709847477023,89
reddit,0.4,0.003017045173890514,90
reddit,0.4,0.005647744279968933,91
reddit,0.4,0.005415323566885078,92
reddit,0.4,-0.0005804475332864291,93
reddit,0.4,0.0013719756203993988,94
reddit,0.4,0.0055358168834284405,95
reddit,0.4,-0.002634391433822506,96
reddit,0.4,0.001209653831202272,97
reddit,0.4,0.0022878818464939195,98
reddit,0.4,0.0030377490184757424,99
reddit,0.4,0.002772910958563628,100
reddit,0.4,0.0024584605374034694,101
reddit,0.4,0.0011949674627807546,102
reddit,0.4,0.0040777858887946225,103
reddit,0.4,0.0022986960828023945,104
reddit,0.4,0.00331776610215836,105
reddit,0.4,0.004271382396762451,106
reddit,0.4,0.0014533988570813526,107
reddit,0.4,0.0029062596297859907,108
reddit,0.4,0.0035149579196064678,109
reddit,0.4,0.00449358275961881,110
reddit,0.4,0.0021081238796521883,111
reddit,0.4,0.002423178050342634,112
reddit,0.4,0.00289176983865333,113
reddit,0.4,0.005763011811650592,114
reddit,0.4,0.005162057368814082,115
reddit,0.4,0.003864723367671158,116
reddit,0.4,0.00500474886530236,117
reddit,0.4,0.00407735690021504,118
reddit,0.4,0.0014401374359101584,119
reddit,0.4,0.0014297479483638188,120
reddit,0.4,0.0036671449967430403,121
reddit,0.4,0.005095678148927478,122
reddit,0.4,0.003705098475847421,123
reddit,0.4,0.0014719277649759804,124
reddit,0.4,0.004198214351833536,125
reddit,0.4,0.000808739177965266,126
reddit,0.4,0.0027050950308906514,127
reddit,0.4,0.005095285955704512,128
reddit,0.4,0.002685087331444009,129
reddit,0.4,0.0029114551813640586,130
reddit,0.4,0.003860466861447929,131
reddit,0.4,0.0043644586859877665,132
reddit,0.4,0.006271158822412107,133
reddit,0.4,0.0022057074303177032,134
reddit,0.4,0.0023871354134020434,135
reddit,0.4,0.011942388798113728,136
reddit,0.4,2.7957205101164544e-05,137
reddit,0.4,0.002699627524605998,138
reddit,0.4,0.005815147579354204,139
reddit,0.4,0.0053776187616041285,140
reddit,0.4,0.0032282726855740237,141
reddit,0.4,-0.003394502627619839,142
reddit,0.4,0.0036414132105447084,143
reddit,0.4,0.014508417155829406,144
reddit,0.4,0.0056290821306896445,145
reddit,0.4,0.0037560733446586375,146
reddit,0.4,0.002512825471449983,147
reddit,0.4,0.00383675643219383,148
reddit,0.4,0.0033517498485174687,149
reddit,0.4,0.003046355846400649,150
reddit,0.4,0.0021353185185717205,151
reddit,0.4,0.002149900210681594,152
reddit,0.4,0.0045733409740373815,153
reddit,0.4,0.002367666041871965,154
reddit,0.4,0.0034626831394897243,155
reddit,0.4,0.004615427186702202,156
reddit,0.4,0.003630475518495619,157
reddit,0.4,0.0023753181793685213,158
reddit,0.4,0.005366756517550856,159
reddit,0.4,0.0028843137798812927,160
reddit,0.4,0.003706487838758292,161
reddit,0.4,0.00601358386998513,162
reddit,0.4,-0.0012459731260465855,163
reddit,0.4,0.003928703944946121,164
reddit,0.4,0.0015868686726514469,165
reddit,0.4,0.00203095520430358,166
reddit,0.4,0.004469271478593185,167
reddit,0.4,0.0023109914014044024,168
reddit,0.4,0.008024296849730642,169
reddit,0.4,0.0043257341589979575,170
reddit,0.4,0.002497317972659946,171
reddit,0.4,0.0030020945247221705,172
reddit,0.4,0.0031059292918453074,173
reddit,0.4,0.004967707639595965,174
reddit,0.4,0.002658309389214517,175
reddit,0.4,0.006888139681137005,176
reddit,0.4,0.005792073986588579,177
reddit,0.4,0.003603788762586317,178
reddit,0.4,0.005695228197699264,179
reddit,0.4,0.001475987477278211,180
reddit,0.4,0.008134463110280167,181
reddit,0.4,0.002204738817426273,182
reddit,0.4,0.003987530140655445,183
reddit,0.4,0.004727893424933329,184
reddit,0.4,0.0031958509795291697,185
reddit,0.4,0.0037217978664749753,186
reddit,0.4,0.006138281879231826,187
reddit,0.4,0.004202508648793846,188
reddit,0.4,0.005402926552491083,189
reddit,0.4,0.003127468334027956,190
reddit,0.4,0.004358515692494053,191
reddit,0.4,0.00017649427203223237,192
reddit,0.4,0.0049777868148383085,193
reddit,0.4,0.003663548749648237,194
reddit,0.4,0.004658486665068685,195
reddit,0.4,-0.0016491668969436729,196
reddit,0.4,0.0028842873946917113,197
reddit,0.4,0.003970536765205891,198
reddit,0.4,0.008292615118049821,199
reddit,0.4,0.0027759723304429025,200
reddit,0.4,0.0025952983276672998,201
reddit,0.4,0.002284402786770726,202
reddit,0.4,0.003923718806296691,203
reddit,0.4,0.004247441326722545,204
reddit,0.4,0.0050072602700890765,205
reddit,0.4,0.00389679653461139,206
reddit,0.4,0.0024877128011336716,207
reddit,0.4,0.002847861574062483,208
reddit,0.4,0.00107026696426405,209
reddit,0.4,0.005171457049788472,210
reddit,0.4,0.002456773893130325,211
reddit,0.4,0.002859657745962562,212
reddit,0.4,0.0029651909801717904,213
reddit,0.4,0.005982825855641456,214
reddit,0.4,0.0028215813578786,215
reddit,0.4,0.00040638742746940777,216
reddit,0.4,0.00036600104195735824,217
reddit,0.4,0.0024228470367297504,218
reddit,0.4,0.0035380852851282477,219
reddit,0.4,0.0036100932309859,220
reddit,0.4,0.003942903857223047,221
reddit,0.4,0.003232437603318569,222
reddit,0.4,-0.002931042923273693,223
reddit,0.4,0.003483372200558157,224
reddit,0.4,0.0015113215048370462,225
reddit,0.4,0.004806459984567681,226
reddit,0.4,-0.000594467868674506,227
reddit,0.4,0.001744366983516569,228
reddit,0.4,0.0037049839877334235,229
reddit,0.4,0.0021938142303037393,230
reddit,0.4,-0.0002202738119717002,231
reddit,0.4,0.003958242868216585,232
reddit,0.4,0.0058440477260030075,233
reddit,0.4,-0.010414391384224907,234
reddit,0.4,-0.006176334967623965,235
reddit,0.4,0.003661007336006639,236
reddit,0.4,0.004789600030541695,237
reddit,0.4,0.0014240566202614287,238
reddit,0.4,0.0054949201986481426,239
reddit,0.4,0.0020211601146909457,240
reddit,0.4,0.0034804506281132267,241
reddit,0.4,0.00325176113481899,242
reddit,0.4,0.004059403726466394,243
reddit,0.4,0.004586069667587334,244
reddit,0.4,0.0037914982615532187,245
reddit,0.4,0.0044921561321091385,246
reddit,0.4,0.002250549807519855,247
reddit,0.4,0.002061928763040631,248
reddit,0.4,0.006338068264978862,249
reddit,0.4,0.005831654333236288,250
reddit,0.4,0.002183089383901925,251
reddit,0.4,0.004434426771877998,252
reddit,0.4,0.005205777155686268,253
reddit,0.4,0.007591997205348804,254
reddit,0.4,0.002041129888195791,255
reddit,0.4,0.004175546128403039,256
reddit,0.4,0.0038231130724587963,257
reddit,0.4,0.005506776952162749,258
reddit,0.4,0.004439072268919408,259
reddit,0.4,0.01470827555329967,260
reddit,0.4,0.000597815269608425,261
reddit,0.4,0.004099660834177211,262
reddit,0.4,0.006161803619324133,263
reddit,0.4,0.0016621035694226627,264
reddit,0.4,0.0035459105452176677,265
reddit,0.4,0.003686972794949039,266
reddit,0.4,0.004135620052673221,267
reddit,0.4,0.003971064885592797,268
reddit,0.4,0.004625235236897391,269
reddit,0.4,0.004206074440900592,270
reddit,0.4,0.005982557524986777,271
reddit,0.4,0.003931437691134893,272
reddit,0.4,0.0052918686645511215,273
reddit,0.4,0.003463960694181764,274
reddit,0.4,0.0026205006449794383,275
reddit,0.4,0.0035658527809518522,276
reddit,0.4,0.002243283784354943,277
reddit,0.4,0.003963499849284439,278
reddit,0.4,0.0028533242006296847,279
reddit,0.4,0.002420209571129669,280
reddit,0.4,0.0034800404250884816,281
reddit,0.4,0.00269224365062651,282
reddit,0.4,0.004272475295316831,283
reddit,0.4,0.002805826039351578,284
reddit,0.4,0.006733694416274581,285
reddit,0.4,0.0037691268894353546,286
reddit,0.4,0.0060470156761566135,287
reddit,0.4,0.004730129033673225,288
reddit,0.4,0.006692636814440811,289
reddit,0.4,0.002918914774787157,290
reddit,0.4,0.004238246249037956,291
reddit,0.4,0.004848209428470758,292
reddit,0.4,0.007681096002690903,293
reddit,0.4,0.005800543615540005,294
reddit,0.4,0.0029380722262213094,295
reddit,0.4,-0.006460864772994801,296
reddit,0.4,0.0033690099640477427,297
reddit,0.4,0.0011568111039832838,298
reddit,0.4,0.006192161467433404,299
reddit,0.4,0.004986774137448452,300
reddit,0.4,0.0035404146560881963,301
reddit,0.4,0.0035602692878445824,302
reddit,0.4,0.001852638410226712,303
reddit,0.4,0.003324508157229423,304
reddit,0.4,0.004661818503174817,305
reddit,0.4,0.0020978160709142707,306
reddit,0.4,0.003572358810222324,307
reddit,0.4,0.00839098820631997,308
reddit,0.4,0.004440195367385454,309
reddit,0.4,0.003941505629772345,310
reddit,0.4,0.004529169355290519,311
reddit,0.4,0.004817127227686929,312
reddit,0.4,0.005058880026984747,313
reddit,0.4,-0.00016740909148053559,314
reddit,0.4,0.0040048059350053485,315
reddit,0.4,0.006030211770433289,316
reddit,0.4,-0.0003220656114939515,317
reddit,0.4,0.004639614842052119,318
reddit,0.4,0.002679721833885861,319
reddit,0.4,0.002668000062461003,320
reddit,0.4,0.003946489905862007,321
reddit,0.4,0.003380608410443877,322
reddit,0.4,0.0025542427921846304,323
reddit,0.4,0.00618128352848969,324
reddit,0.4,0.003472904663147121,325
reddit,0.4,0.00563977077274235,326
reddit,0.4,0.003063820690285745,327
reddit,0.4,0.002200315076547408,328
reddit,0.4,-0.0007365949418848892,329
reddit,0.4,0.003114100080884107,330
reddit,0.4,-0.001994195705327176,331
reddit,0.4,0.002860149768258244,332
reddit,0.4,0.002491782313652961,333
reddit,0.4,0.001086005692351335,334
reddit,0.4,0.006351998000003106,335
reddit,0.4,0.001983091428978853,336
reddit,0.4,0.006278841977804738,337
reddit,0.4,0.0035250173594712796,338
reddit,0.4,0.0033213363684994382,339
reddit,0.4,0.006663848464171413,340
reddit,0.4,0.007004167642672492,341
reddit,0.4,0.0019850726397723784,342
reddit,0.4,0.001584524801983095,343
reddit,0.4,0.003484259841135795,344
reddit,0.4,0.004129578401572756,345
reddit,0.4,0.0017162095962334912,346
reddit,0.4,0.0048324204923533365,347
reddit,0.4,0.0031229633098987593,348
reddit,0.4,0.003033763805859144,349
reddit,0.4,0.003952665482645709,350
reddit,0.4,0.050049498358366494,351
reddit,0.4,0.0030911164485291297,352
reddit,0.4,0.0014811256715690196,353
reddit,0.4,0.004450109888527709,354
reddit,0.4,0.004279713003108829,355
reddit,0.4,0.0028296434457190413,356
reddit,0.4,0.006247561922932326,357
reddit,0.4,0.00325557447703105,358
reddit,0.4,0.0017148283164634347,359
reddit,0.4,0.004095228306227673,360
reddit,0.4,0.0035889477595727956,361
reddit,0.4,0.0023285190642765956,362
reddit,0.4,0.060164678893501626,363
reddit,0.4,0.0001541918834183792,364
reddit,0.4,0.018306500419617813,365
reddit,0.4,0.0028126493744316315,366
reddit,0.4,0.0029148990412756924,367
reddit,0.4,0.010931408575955058,368
reddit,0.4,0.0014761744991051166,369
reddit,0.4,0.004547569219770678,370
reddit,0.4,0.005449598053317046,371
reddit,0.4,0.00303715949411122,372
reddit,0.4,0.0024155766748924436,373
reddit,0.4,0.003660043961576849,374
reddit,0.4,0.0061214298547331725,375
reddit,0.4,0.005097959297174838,376
reddit,0.4,0.0017889595845484438,377
reddit,0.4,0.004569641733357491,378
reddit,0.4,0.0011672678354789797,379
reddit,0.4,0.0021134494941366204,380
reddit,0.4,6.083611545548382e-05,381
reddit,0.4,0.003746427493892872,382
reddit,0.4,-0.0008936020185126175,383
reddit,0.4,0.0036773855189160543,384
reddit,0.4,-0.0022392543222060062,385
reddit,0.4,0.002808344402147173,386
reddit,0.4,0.004569150197412009,387
reddit,0.4,0.004783683761919564,388
reddit,0.4,0.009121211263479917,389
reddit,0.4,0.003386223977377375,390
reddit,0.4,0.0030860923294480274,391
reddit,0.4,0.004243771426246339,392
reddit,0.4,0.004413910898598873,393
reddit,0.4,0.0010834656031090922,394
reddit,0.4,0.0030148619162397717,395
reddit,0.4,0.003244188607753399,396
reddit,0.4,0.003352627873672445,397
reddit,0.4,0.0014449040105266957,398
reddit,0.4,0.002092732059490359,399
reddit,0.4,0.0030945199119974585,400
reddit,0.4,0.0029378455909191874,401
reddit,0.4,0.005575187890161665,402
reddit,0.4,0.003164085745252405,403
reddit,0.4,-0.003071718980992172,404
reddit,0.4,0.0033562154725878435,405
reddit,0.4,0.004530596777011519,406
reddit,0.4,0.002333184676608413,407
reddit,0.4,0.005188163272744268,408
reddit,0.4,0.018100582647170807,409
reddit,0.4,0.004979798362956373,410
reddit,0.4,0.011569973178404427,411
reddit,0.4,0.004163778773397096,412
reddit,0.4,0.004010926995246627,413
reddit,0.4,-0.004885966027178306,414
reddit,0.4,0.0012657817891223774,415
reddit,0.4,0.008132214237644845,416
reddit,0.4,0.006446422550644857,417
reddit,0.4,0.002024636629406446,418
reddit,0.4,0.004449553109142333,419
reddit,0.4,0.0051327731914935,420
reddit,0.4,0.006724411539559216,421
reddit,0.4,0.0011641012739674725,422
reddit,0.4,0.0013326399938963708,423
reddit,0.4,0.004715236841860093,424
reddit,0.4,0.003636598560872729,425
reddit,0.4,-0.0010449232233081733,426
reddit,0.4,0.005709384276278238,427
reddit,0.4,0.004919065689899356,428
reddit,0.4,0.005574324541046723,429
reddit,0.4,0.004288652204224213,430
reddit,0.4,0.005172353114074319,431
reddit,0.4,0.0028446008701658765,432
reddit,0.4,0.004571041343354069,433
reddit,0.4,0.00020844004930724639,434
reddit,0.4,0.003270332858086608,435
reddit,0.4,0.008409803931578884,436
reddit,0.4,0.005182569064188522,437
reddit,0.4,0.004348383620908058,438
reddit,0.4,0.006509268680233748,439
reddit,0.4,0.00550042022663432,440
reddit,0.4,-0.00014480572323511144,441
reddit,0.4,0.003366838827335626,442
reddit,0.4,-0.0002028195493251449,443
reddit,0.4,0.005642351416228597,444
reddit,0.4,-0.0011823158155943642,445
reddit,0.4,0.004125456804920382,446
reddit,0.4,0.0036065163236723846,447
reddit,0.4,0.014106067383622356,448
reddit,0.4,0.006668825522625506,449
reddit,0.4,0.0013496280971598256,450
reddit,0.4,0.0015382787461773008,451
reddit,0.4,0.0037718391506415014,452
reddit,0.4,0.0018475063221046499,453
reddit,0.4,0.003311756864457396,454
reddit,0.4,0.0048843105975236115,455
reddit,0.4,0.0035147958673831694,456
reddit,0.4,0.003965555706069298,457
reddit,0.4,0.002813275611414839,458
reddit,0.4,0.00424699768169109,459
reddit,0.4,0.0052217571100107545,460
reddit,0.4,-0.009370652197456489,461
reddit,0.4,0.005097244279323714,462
reddit,0.4,0.00405880793550463,463
reddit,0.4,0.005682646849704157,464
reddit,0.4,0.008245898520718586,465
reddit,0.4,-0.00031447676521262157,466
reddit,0.4,0.004773740802881225,467
reddit,0.4,0.009435014894731204,468
reddit,0.4,-0.005314033221444554,469
reddit,0.4,0.0031198857035590467,470
reddit,0.4,0.004104311933775768,471
reddit,0.4,-0.0015302561176600965,472
reddit,0.4,0.020605976390355305,473
reddit,0.4,0.00998288175999256,474
reddit,0.4,0.0041326475383854045,475
reddit,0.4,0.0020811774810334735,476
reddit,0.4,0.0017144785471310319,477
reddit,0.4,-0.004644643842024069,478
reddit,0.4,-0.0014102557064090413,479
reddit,0.4,0.002593644895358587,480
reddit,0.4,0.0018884229666217927,481
reddit,0.4,0.004046849068833076,482
reddit,0.4,0.0046278672920852275,483
reddit,0.4,0.0037650073836044532,484
reddit,0.4,0.00805105640344979,485
reddit,0.4,0.0033086633768040184,486
reddit,0.4,0.0019665320582032495,487
reddit,0.4,0.0025849370295819435,488
reddit,0.4,0.004576636564310183,489
reddit,0.4,0.004466891688228158,490
reddit,0.4,0.0039023503579806483,491
reddit,0.4,0.0024673391499841087,492
reddit,0.4,0.004416316660394212,493
reddit,0.4,0.0034057520631677256,494
reddit,0.4,0.0022912707205093095,495
reddit,0.4,0.00028459175287627765,496
reddit,0.4,-0.009608844171762701,497
reddit,0.4,0.0052411688487848515,498
reddit,0.4,0.004426716341513374,499
reddit,0.4,0.011207102800029465,500
reddit,0.4,0.003173821105199065,501
reddit,0.4,0.003495117959720415,502
reddit,0.4,0.014472898864900396,503
reddit,0.4,0.0010036738777334773,504
reddit,0.4,0.0025759513859976795,505
reddit,0.4,0.0017916290202584487,506
reddit,0.4,0.0041714707152857924,507
reddit,0.4,-0.004469720162202166,508
reddit,0.4,0.026131673261266038,509
reddit,0.4,0.002772512646609954,510
reddit,0.4,0.035140533669102,511
reddit,0.4,0.007896032835177003,512
reddit,0.4,0.005603593618837016,513
reddit,0.4,0.005367632066919916,514
reddit,0.4,0.004495276646013883,515
reddit,0.4,0.002517602024403689,516
reddit,0.4,0.0033509980730448098,517
reddit,0.4,0.003243993463385528,518
reddit,0.4,0.003800817691638861,519
reddit,0.4,0.01630776181301208,520
reddit,0.4,0.0027197729863606334,521
reddit,0.4,0.00834768390964951,522
reddit,0.4,0.008190498653013502,523
reddit,0.4,0.0023602179015873546,524
reddit,0.4,0.003287543381723264,525
reddit,0.4,0.029184925698711776,526
reddit,0.4,0.0031503240104475095,527
reddit,0.4,0.00588986970056125,528
reddit,0.4,0.0014327303006704958,529
reddit,0.4,0.005059753405093904,530
reddit,0.4,-0.0009320867822149732,531
reddit,0.4,0.0030958876242168252,532
reddit,0.4,0.003109369654572075,533
reddit,0.4,0.007511136895934725,534
reddit,0.4,0.0028915443918553795,535
reddit,0.4,0.008232524435582433,536
reddit,0.4,0.003254053256156631,537
reddit,0.4,0.008442405083028428,538
reddit,0.4,0.0023378552398374253,539
reddit,0.4,0.005491936712222309,540
reddit,0.4,0.003681122165909623,541
reddit,0.4,0.0053560764866538305,542
reddit,0.4,0.0033699449938809755,543
reddit,0.4,0.010981603734929977,544
reddit,0.4,-0.01678441274943277,545
reddit,0.4,0.0044605565475705775,546
reddit,0.4,0.003176692993185044,547
reddit,0.4,0.015076517695747747,548
reddit,0.4,0.007438085538092008,549
reddit,0.4,-0.038611316415778064,550
reddit,0.4,-0.9883686442470293,551
reddit,0.4,-0.015128568399993216,552
reddit,0.5,-0.00018576588591406358,0
reddit,0.5,0.0016824776697548847,1
reddit,0.5,-0.0005610309362857421,2
reddit,0.5,-0.0009855824681130312,3
reddit,0.5,-0.004692175658925567,4
reddit,0.5,-0.0012078814208875653,5
reddit,0.5,-0.0006683412852809125,6
reddit,0.5,-0.0016474538995590387,7
reddit,0.5,0.0005223375209050444,8
reddit,0.5,-0.0004868670692368336,9
reddit,0.5,0.00035678171063267355,10
reddit,0.5,-0.0013860769291289998,11
reddit,0.5,-0.003727608903203046,12
reddit,0.5,-0.0005935368889928002,13
reddit,0.5,-0.001220071217384019,14
reddit,0.5,-0.002564922433704949,15
reddit,0.5,0.00031821149824331867,16
reddit,0.5,0.0008207008814788014,17
reddit,0.5,-0.0011967694675428184,18
reddit,0.5,-0.001730081161845763,19
reddit,0.5,-0.0010615636313893086,20
reddit,0.5,-0.002058158420826167,21
reddit,0.5,0.001029607218550245,22
reddit,0.5,-0.0035897398475259468,23
reddit,0.5,-0.0002978755528794022,24
reddit,0.5,-0.00044653926551348205,25
reddit,0.5,-0.0035203916906905663,26
reddit,0.5,-0.0023564390196313856,27
reddit,0.5,-0.0015641651293197244,28
reddit,0.5,-0.0018697124376733038,29
reddit,0.5,-0.0029946235333073263,30
reddit,0.5,-0.0024985536770245906,31
reddit,0.5,-0.0008458569354111569,32
reddit,0.5,0.001688212632758918,33
reddit,0.5,-0.0022087399117564467,34
reddit,0.5,0.000723590735164424,35
reddit,0.5,-0.0016849580219224672,36
reddit,0.5,0.00025925685695218854,37
reddit,0.5,-0.0023452378291031425,38
reddit,0.5,0.0008114482906765223,39
reddit,0.5,-0.0015517084509802134,40
reddit,0.5,-0.0026941762026912587,41
reddit,0.5,-0.009842006360351483,42
reddit,0.5,0.0007639985421755255,43
reddit,0.5,-0.0014342892047565176,44
reddit,0.5,0.0036484328903661923,45
reddit,0.5,0.004360388458291886,46
reddit,0.5,-0.0008199532125854418,47
reddit,0.5,-0.00035901634040276786,48
reddit,0.5,-0.001495832565735061,49
reddit,0.5,-0.0008544228478028265,50
reddit,0.5,-0.0002235385104804651,51
reddit,0.5,-0.0011563793425668383,52
reddit,0.5,-0.00032053834762565416,53
reddit,0.5,0.0012887947737957412,54
reddit,0.5,-0.0008228850977196699,55
reddit,0.5,0.0015242440959644431,56
reddit,0.5,-0.0024191471215484614,57
reddit,0.5,-0.003013698799691561,58
reddit,0.5,-0.0017119153570635402,59
reddit,0.5,0.0006980750723391852,60
reddit,0.5,-0.0020868048699892354,61
reddit,0.5,-0.0010768668686096613,62
reddit,0.5,-0.00293838549703817,63
reddit,0.5,-0.00021535265245273014,64
reddit,0.5,-0.0006020771247588269,65
reddit,0.5,0.0052213112139599185,66
reddit,0.5,-0.0020407094558797722,67
reddit,0.5,-0.004765742640235091,68
reddit,0.5,0.0003040325687705366,69
reddit,0.5,-0.002459398324191515,70
reddit,0.5,-0.0012607197292971695,71
reddit,0.5,-0.0018372893264789346,72
reddit,0.5,-0.0010479908830766421,73
reddit,0.5,-0.0008117629291707051,74
reddit,0.5,-0.0026042334606846615,75
reddit,0.5,0.0001169501614490777,76
reddit,0.5,-0.0005879908980701937,77
reddit,0.5,-0.0017293579094317909,78
reddit,0.5,0.000895799154692897,79
reddit,0.5,-0.0012065969456254919,80
reddit,0.5,-0.0015092104512635517,81
reddit,0.5,-0.003706543697800616,82
reddit,0.5,-0.00044577600260652057,83
reddit,0.5,-0.003363165486109325,84
reddit,0.5,-0.0006182292053109991,85
reddit,0.5,0.0005305901215214994,86
reddit,0.5,-0.0010906015682962669,87
reddit,0.5,-0.0022769007352897836,88
reddit,0.5,0.0007924758190721968,89
reddit,0.5,-2.0550695895023658e-05,90
reddit,0.5,-0.0008660313682716112,91
reddit,0.5,-0.0026909109661505132,92
reddit,0.5,-0.0020428569423764464,93
reddit,0.5,-0.00035642998984128474,94
reddit,0.5,0.0006079099381419619,95
reddit,0.5,0.0012821765281962995,96
reddit,0.5,-0.0030479624569098485,97
reddit,0.5,-0.002707394237593218,98
reddit,0.5,-0.003425146693254464,99
reddit,0.5,0.0027678633891071816,100
reddit,0.5,-0.0003033920105314213,101
reddit,0.5,0.0020606692233836404,102
reddit,0.5,0.0008294009135153834,103
reddit,0.5,-0.0006804544695952435,104
reddit,0.5,-0.0010203181305454437,105
reddit,0.5,-0.0008291993878135939,106
reddit,0.5,0.0007271833640378885,107
reddit,0.5,-0.0033121890223068075,108
reddit,0.5,-0.003448260955209815,109
reddit,0.5,0.00382690997250697,110
reddit,0.5,0.0020694325000978108,111
reddit,0.5,-0.00169606330392154,112
reddit,0.5,-0.00021967106435185707,113
reddit,0.5,0.0033988137869226448,114
reddit,0.5,-0.002275729754224571,115
reddit,0.5,-0.0009332427676278586,116
reddit,0.5,-0.0043495584615181,117
reddit,0.5,-0.0007692129743689051,118
reddit,0.5,-0.0008036769474783734,119
reddit,0.5,0.001516081438390498,120
reddit,0.5,0.0018668337061199297,121
reddit,0.5,-0.0022008478880595583,122
reddit,0.5,-0.0003114084769319547,123
reddit,0.5,0.0008767636660505088,124
reddit,0.5,-0.002388617579233744,125
reddit,0.5,-0.004350399384213142,126
reddit,0.5,-0.004442453507553923,127
reddit,0.5,-0.0036721860919332367,128
reddit,0.5,0.00200503410764264,129
reddit,0.5,-0.0015589001403466926,130
reddit,0.5,-0.0007971061479823404,131
reddit,0.5,0.00046302414795938165,132
reddit,0.5,-0.0011804961691350697,133
reddit,0.5,-0.0004677412713162653,134
reddit,0.5,-0.0004192081084807204,135
reddit,0.5,0.0002247145160663463,136
reddit,0.5,0.001014266541165474,137
reddit,0.5,0.0012777476413915769,138
reddit,0.5,-0.004483635829914261,139
reddit,0.5,-0.004342073990422029,140
reddit,0.5,-0.0009397465795050226,141
reddit,0.5,0.005637806087207102,142
reddit,0.5,-0.0009293033417761894,143
reddit,0.5,0.0108954498948941,144
reddit,0.5,0.0006870868015185779,145
reddit,0.5,-0.0017604755045941627,146
reddit,0.5,0.0006723457177258838,147
reddit,0.5,-0.0007069291194359139,148
reddit,0.5,-0.0013989393877007071,149
reddit,0.5,-0.0016878357565931269,150
reddit,0.5,-0.0018454262796207344,151
reddit,0.5,-0.000967657325775162,152
reddit,0.5,-0.0005329381608380947,153
reddit,0.5,-0.0008122176615348951,154
reddit,0.5,-0.001567590800607538,155
reddit,0.5,-0.00020408864600538317,156
reddit,0.5,-0.004099827376495076,157
reddit,0.5,-0.0006897943485818177,158
reddit,0.5,-0.0009774749908613735,159
reddit,0.5,0.00034695100273282207,160
reddit,0.5,-0.0017795473891253604,161
reddit,0.5,-0.0015221182364875028,162
reddit,0.5,0.0020387074137846913,163
reddit,0.5,-0.0001405911632595943,164
reddit,0.5,-0.00047971129393709294,165
reddit,0.5,-0.0015389232003325285,166
reddit,0.5,-0.001693582939269405,167
reddit,0.5,-0.0030248465661368196,168
reddit,0.5,-0.0035148292578620413,169
reddit,0.5,0.001924208443925844,170
reddit,0.5,0.0007420688057929712,171
reddit,0.5,-0.0018629171211648815,172
reddit,0.5,-0.0009575165263708402,173
reddit,0.5,0.0026906954260753828,174
reddit,0.5,-8.570861674792077e-06,175
reddit,0.5,-0.0012219414305236255,176
reddit,0.5,0.0018260778129882123,177
reddit,0.5,-0.00018436297301435098,178
reddit,0.5,0.00014657246511925545,179
reddit,0.5,0.0020325790685745593,180
reddit,0.5,0.0007599902190922812,181
reddit,0.5,0.0012825937812124518,182
reddit,0.5,-0.0011032074401485562,183
reddit,0.5,-0.0026614571818814976,184
reddit,0.5,-0.0008090925315472171,185
reddit,0.5,-0.002076090132903542,186
reddit,0.5,-0.000624522597079771,187
reddit,0.5,-0.0011877100353296674,188
reddit,0.5,-0.00019263801681790118,189
reddit,0.5,-0.001885846973155361,190
reddit,0.5,-0.0007567442654707509,191
reddit,0.5,-0.001517447167574868,192
reddit,0.5,-0.0014953795375372298,193
reddit,0.5,-0.0020488567531320692,194
reddit,0.5,-0.0009805684291183366,195
reddit,0.5,0.00011737108569122632,196
reddit,0.5,-0.0026143288683758725,197
reddit,0.5,0.0030717902446382402,198
reddit,0.5,-0.00569109269610042,199
reddit,0.5,-0.001081935451399501,200
reddit,0.5,-0.001436174863136363,201
reddit,0.5,-0.000249198849603045,202
reddit,0.5,-0.0018723826887503596,203
reddit,0.5,-0.0021189998020694064,204
reddit,0.5,4.492233743687676e-05,205
reddit,0.5,-0.009128684626266363,206
reddit,0.5,-0.000517458618860721,207
reddit,0.5,-0.00040563151166780084,208
reddit,0.5,0.0004206232251494387,209
reddit,0.5,-0.0033529185370023257,210
reddit,0.5,-0.0034627712919901854,211
reddit,0.5,-0.0029864254609538407,212
reddit,0.5,-0.0002566501954978164,213
reddit,0.5,-0.00022214402981686094,214
reddit,0.5,-0.002060842914530571,215
reddit,0.5,-0.0009954745591268098,216
reddit,0.5,-0.0009921542196590725,217
reddit,0.5,-0.0004762744086718467,218
reddit,0.5,-0.004101227919437606,219
reddit,0.5,-0.0012051631430774856,220
reddit,0.5,0.001345791624391351,221
reddit,0.5,-0.0009316052387773876,222
reddit,0.5,0.002458683328167682,223
reddit,0.5,-0.002062923011045724,224
reddit,0.5,-0.008655287589794114,225
reddit,0.5,0.002099179001164242,226
reddit,0.5,0.0006146199660896457,227
reddit,0.5,-0.00023029802929755628,228
reddit,0.5,-0.0013470705870733213,229
reddit,0.5,-0.002045112547153813,230
reddit,0.5,-0.0017225543859859915,231
reddit,0.5,-0.002876432941013318,232
reddit,0.5,-0.0006278509609637595,233
reddit,0.5,0.015829683825465863,234
reddit,0.5,0.0019493552328922537,235
reddit,0.5,-0.001267625743790248,236
reddit,0.5,-0.001845207029270345,237
reddit,0.5,-0.0013292829834178224,238
reddit,0.5,0.00018329707774682074,239
reddit,0.5,-0.0029399556188499285,240
reddit,0.5,-0.0016208964289605521,241
reddit,0.5,-0.002265040457186293,242
reddit,0.5,-0.005363464494652623,243
reddit,0.5,-0.002134196476853978,244
reddit,0.5,-0.0012506534257259812,245
reddit,0.5,-0.0009347016367931596,246
reddit,0.5,-0.0010792283020219994,247
reddit,0.5,0.0011157676545311666,248
reddit,0.5,0.0014145245249012315,249
reddit,0.5,-0.0024555523806744986,250
reddit,0.5,-0.0008655940743139183,251
reddit,0.5,0.00017976373838971834,252
reddit,0.5,-0.0005486448043235152,253
reddit,0.5,-0.002770096824237445,254
reddit,0.5,-0.0009276967956522878,255
reddit,0.5,0.00026036814193924147,256
reddit,0.5,-0.0012916075673882852,257
reddit,0.5,-0.0012298745375066463,258
reddit,0.5,-0.0017357259645043716,259
reddit,0.5,-0.0026480609817489393,260
reddit,0.5,0.003080950483587766,261
reddit,0.5,-0.00011586155273609375,262
reddit,0.5,-0.003729446335273774,263
reddit,0.5,0.0005069117904245914,264
reddit,0.5,5.923714167084771e-05,265
reddit,0.5,-0.0006137121816364115,266
reddit,0.5,-0.002547381433682887,267
reddit,0.5,-0.002571261967557731,268
reddit,0.5,-0.0015264892797369682,269
reddit,0.5,-0.0007005456881815876,270
reddit,0.5,0.0009681492872066628,271
reddit,0.5,-0.0018477225813712803,272
reddit,0.5,6.755054584466487e-05,273
reddit,0.5,-0.003194406745608795,274
reddit,0.5,-6.637004421935256e-05,275
reddit,0.5,-0.0005326250891268875,276
reddit,0.5,-0.005348909956538325,277
reddit,0.5,-0.0042218733458966404,278
reddit,0.5,-0.001976576635843294,279
reddit,0.5,-0.00039229268831896083,280
reddit,0.5,-0.002800771120346713,281
reddit,0.5,-0.0012526676073490264,282
reddit,0.5,0.001942108573800379,283
reddit,0.5,-0.0004261343714783706,284
reddit,0.5,0.0021430883757335437,285
reddit,0.5,-0.0012966934649064875,286
reddit,0.5,0.0020383294664600804,287
reddit,0.5,7.786826655723052e-05,288
reddit,0.5,0.005550374046959007,289
reddit,0.5,0.001991807638078074,290
reddit,0.5,-0.0001943983824514307,291
reddit,0.5,-0.0018874371157286862,292
reddit,0.5,-0.0017155970098779538,293
reddit,0.5,-0.0007575335648131198,294
reddit,0.5,-0.0005395223983667867,295
reddit,0.5,0.007514393981363875,296
reddit,0.5,-0.0003003821601303885,297
reddit,0.5,-0.002816014455599121,298
reddit,0.5,-0.004227498058231527,299
reddit,0.5,-0.0012767824148803791,300
reddit,0.5,-0.002710646611456266,301
reddit,0.5,0.003527324212891882,302
reddit,0.5,-0.0009094036362784642,303
reddit,0.5,-0.0010384365305374029,304
reddit,0.5,0.0005209623781261162,305
reddit,0.5,-0.0004759724687718193,306
reddit,0.5,0.00031031589709094447,307
reddit,0.5,0.0021858326022018803,308
reddit,0.5,-0.00040557147456301196,309
reddit,0.5,-0.005038240089711852,310
reddit,0.5,-0.002259034558471567,311
reddit,0.5,-0.0006859561749182588,312
reddit,0.5,-0.0001058594368158472,313
reddit,0.5,-0.0031291493627607575,314
reddit,0.5,-0.006652638595421816,315
reddit,0.5,0.00465554201068715,316
reddit,0.5,0.0017921661015179462,317
reddit,0.5,0.0003357368062174782,318
reddit,0.5,0.0005715828397048577,319
reddit,0.5,-0.0017702924144520828,320
reddit,0.5,0.00024833917611526813,321
reddit,0.5,-0.0014263425383397536,322
reddit,0.5,0.0005971221127328435,323
reddit,0.5,-0.0007637394515770013,324
reddit,0.5,-0.0014797782338635801,325
reddit,0.5,-0.0031599577699969674,326
reddit,0.5,-0.0014786796945607116,327
reddit,0.5,-0.0014271201396811423,328
reddit,0.5,-0.001354567236917245,329
reddit,0.5,-0.001615051050486078,330
reddit,0.5,-0.0016372114149901173,331
reddit,0.5,-0.0012764546883441382,332
reddit,0.5,-0.0020552325820950824,333
reddit,0.5,-0.0029835011410171437,334
reddit,0.5,-0.0022491264799105923,335
reddit,0.5,-0.0035698304139018338,336
reddit,0.5,-0.008147027561177361,337
reddit,0.5,0.00018414539819375163,338
reddit,0.5,-0.000857875049817202,339
reddit,0.5,-0.005323439482228065,340
reddit,0.5,-0.001580373318949073,341
reddit,0.5,0.006623890937951162,342
reddit,0.5,0.0013172446137471887,343
reddit,0.5,-0.002288892650960009,344
reddit,0.5,-0.0015697322916610186,345
reddit,0.5,-0.005450019515964197,346
reddit,0.5,-0.004441772848630756,347
reddit,0.5,-0.0001732204308791217,348
reddit,0.5,0.0012746041989839898,349
reddit,0.5,4.185023049295213e-05,350
reddit,0.5,-0.019935652583321053,351
reddit,0.5,0.001749223308408275,352
reddit,0.5,-0.0009393737313449145,353
reddit,0.5,-0.0027123520082774594,354
reddit,0.5,-0.0012562050939433397,355
reddit,0.5,-0.001841241086836047,356
reddit,0.5,-0.0014951294336376549,357
reddit,0.5,-0.0033881746843029167,358
reddit,0.5,-0.0005174914170895383,359
reddit,0.5,-0.002134617233317531,360
reddit,0.5,-0.004042195264371356,361
reddit,0.5,0.0015225059623603923,362
reddit,0.5,-0.07078107329969589,363
reddit,0.5,0.0015392284291745107,364
reddit,0.5,-0.006933149361894165,365
reddit,0.5,-0.0011982267382179257,366
reddit,0.5,-0.0007814929376227881,367
reddit,0.5,0.0070323777588879345,368
reddit,0.5,-0.001324654769323466,369
reddit,0.5,0.005006630492056877,370
reddit,0.5,0.0034038346327195596,371
reddit,0.5,-0.0025556202979215206,372
reddit,0.5,-7.344312138205402e-05,373
reddit,0.5,-0.0007975067719543278,374
reddit,0.5,-0.0010170741362696782,375
reddit,0.5,-0.0028101620245354906,376
reddit,0.5,-0.001608556397890042,377
reddit,0.5,0.00153851060075687,378
reddit,0.5,-0.0019885749330475415,379
reddit,0.5,0.0006728172226383896,380
reddit,0.5,-0.002308100030083253,381
reddit,0.5,-0.0006235087241344428,382
reddit,0.5,-0.0034660043154800227,383
reddit,0.5,0.000538672261521561,384
reddit,0.5,0.003884100104409998,385
reddit,0.5,0.00013806920347026204,386
reddit,0.5,-0.004075787571519967,387
reddit,0.5,0.00018334675980947914,388
reddit,0.5,-0.0070959277943355,389
reddit,0.5,-0.00090189117887855,390
reddit,0.5,0.0010230706820447,391
reddit,0.5,0.003517507046791342,392
reddit,0.5,-0.00034060052374916344,393
reddit,0.5,-0.0019573509927659207,394
reddit,0.5,-0.000594691830368994,395
reddit,0.5,-0.0054669288188916206,396
reddit,0.5,-0.0008681482114789016,397
reddit,0.5,7.895544775053582e-05,398
reddit,0.5,0.0004879120651064447,399
reddit,0.5,-0.002524850927395594,400
reddit,0.5,0.00012509566270568377,401
reddit,0.5,-0.0002044489887884042,402
reddit,0.5,-0.00400065623034821,403
reddit,0.5,-0.003607910074159688,404
reddit,0.5,0.0025086033589660404,405
reddit,0.5,-0.0030697844126388665,406
reddit,0.5,0.0006161544671956917,407
reddit,0.5,-0.004541343087511203,408
reddit,0.5,-0.0037783413982276346,409
reddit,0.5,-0.0015990677477331443,410
reddit,0.5,-0.006280502161738561,411
reddit,0.5,1.3216372147271683e-05,412
reddit,0.5,-0.0035551427247510225,413
reddit,0.5,-0.009587212773714592,414
reddit,0.5,-0.00024569359750881267,415
reddit,0.5,0.0014918857284031146,416
reddit,0.5,-0.001423428450798797,417
reddit,0.5,-0.00012078086447826235,418
reddit,0.5,-0.0006441970170226048,419
reddit,0.5,-0.004529583724420095,420
reddit,0.5,0.0008778584362989007,421
reddit,0.5,-0.0027969704443801193,422
reddit,0.5,-0.0009300272198001746,423
reddit,0.5,-7.69342062737836e-05,424
reddit,0.5,-0.004947745869110833,425
reddit,0.5,-0.003938181398358234,426
reddit,0.5,-0.001775340710505139,427
reddit,0.5,-0.01711608378353016,428
reddit,0.5,-0.0003809036322980708,429
reddit,0.5,0.0003395782904448022,430
reddit,0.5,0.0018855521740829464,431
reddit,0.5,-0.001970659933503999,432
reddit,0.5,-0.002736496616934233,433
reddit,0.5,-0.00348728942765084,434
reddit,0.5,-0.0011354829036373032,435
reddit,0.5,-0.003173587910656766,436
reddit,0.5,0.029654294040412612,437
reddit,0.5,-0.0018324357790625528,438
reddit,0.5,-0.004965672973288062,439
reddit,0.5,-0.0025643171559429673,440
reddit,0.5,-0.0028055772396002173,441
reddit,0.5,-0.0005059194201388614,442
reddit,0.5,-0.0006762804843807442,443
reddit,0.5,0.001694690719404017,444
reddit,0.5,-0.0008065111598518857,445
reddit,0.5,-0.0019346385883833002,446
reddit,0.5,0.0005187595574133912,447
reddit,0.5,-0.005133286517504265,448
reddit,0.5,-0.00032244738595078697,449
reddit,0.5,-0.00041977153079340753,450
reddit,0.5,0.0005557505702448053,451
reddit,0.5,-0.001193682245083091,452
reddit,0.5,-0.011461729180942936,453
reddit,0.5,-0.0002780536211427101,454
reddit,0.5,-0.0005132476137159291,455
reddit,0.5,0.0007794698773166989,456
reddit,0.5,0.002501771172314454,457
reddit,0.5,0.001158325491208095,458
reddit,0.5,-0.0006404304628647852,459
reddit,0.5,0.0006861268587608978,460
reddit,0.5,0.001350020329512069,461
reddit,0.5,0.0033257697968325983,462
reddit,0.5,-0.004023206276997083,463
reddit,0.5,-0.0008003554649285464,464
reddit,0.5,-0.007384288541449927,465
reddit,0.5,-0.004118859016700859,466
reddit,0.5,0.0022735413584452748,467
reddit,0.5,0.015808404611034443,468
reddit,0.5,0.0021950020541132913,469
reddit,0.5,-0.0018646738302444308,470
reddit,0.5,-0.000563331586772799,471
reddit,0.5,-0.006939610765947542,472
reddit,0.5,0.009366656803818674,473
reddit,0.5,0.0076200046375074215,474
reddit,0.5,-0.004699659782284941,475
reddit,0.5,-0.003010312849388295,476
reddit,0.5,0.0035440051747301256,477
reddit,0.5,-0.002656716052746023,478
reddit,0.5,-0.01936999478679145,479
reddit,0.5,0.00011538829787188559,480
reddit,0.5,0.001146794430203099,481
reddit,0.5,0.004746756790772412,482
reddit,0.5,-0.0026672255137218577,483
reddit,0.5,-0.0025235489637852777,484
reddit,0.5,0.0002379591639111003,485
reddit,0.5,-0.0015766538963113317,486
reddit,0.5,-0.0025067174109937103,487
reddit,0.5,0.0010219539951641771,488
reddit,0.5,-9.466487143585074e-05,489
reddit,0.5,-0.00036398587936340023,490
reddit,0.5,0.0006724899472644016,491
reddit,0.5,0.001372834493837647,492
reddit,0.5,-0.003208759575880665,493
reddit,0.5,-0.000783966774664356,494
reddit,0.5,0.0007421028965849054,495
reddit,0.5,-0.002887483435965917,496
reddit,0.5,0.016836337716681454,497
reddit,0.5,-0.003249833836772176,498
reddit,0.5,-3.30628080894495e-05,499
reddit,0.5,-0.0018057093970232556,500
reddit,0.5,0.0005549973190645307,501
reddit,0.5,-0.002740464261389436,502
reddit,0.5,0.9898797259227936,503
reddit,0.5,0.0004382921327979075,504
reddit,0.5,-0.0008820349542655164,505
reddit,0.5,-0.0004934805999685706,506
reddit,0.5,-0.00021258874799349927,507
reddit,0.5,-0.05359799412693601,508
reddit,0.5,0.0330389173412928,509
reddit,0.5,-0.004374690147435238,510
reddit,0.5,0.008478342655892862,511
reddit,0.5,0.004002529332283509,512
reddit,0.5,-0.011857006724592115,513
reddit,0.5,-0.0021237794825269608,514
reddit,0.5,0.00011275352372327288,515
reddit,0.5,-0.0015581712820732958,516
reddit,0.5,-0.001563733600338459,517
reddit,0.5,9.7570182208675e-05,518
reddit,0.5,-0.0016434306850241266,519
reddit,0.5,0.004844133861242036,520
reddit,0.5,-0.004272118782669216,521
reddit,0.5,0.0038210019900216507,522
reddit,0.5,0.023152307160252197,523
reddit,0.5,-0.002239284142406491,524
reddit,0.5,-0.0020543225803082788,525
reddit,0.5,0.016550503039266466,526
reddit,0.5,-0.001911352920734022,527
reddit,0.5,-0.022512192318773737,528
reddit,0.5,-0.0005653690909663715,529
reddit,0.5,-0.007147902375358628,530
reddit,0.5,-0.0017763693790230455,531
reddit,0.5,0.0034983893718608192,532
reddit,0.5,-0.00326391291229614,533
reddit,0.5,-0.00862006260725247,534
reddit,0.5,0.0016146636716021204,535
reddit,0.5,-0.001839900586045687,536
reddit,0.5,-0.0023337602316048246,537
reddit,0.5,-0.004426737612804395,538
reddit,0.5,-0.0041369344858375465,539
reddit,0.5,0.0030723421671690144,540
reddit,0.5,-0.008460369555000433,541
reddit,0.5,-0.007630897096385332,542
reddit,0.5,0.0007808686497423608,543
reddit,0.5,-0.007001311117468586,544
reddit,0.5,0.024148029360341987,545
reddit,0.5,-0.0011600100063872542,546
reddit,0.5,-0.00018693257086486268,547
reddit,0.5,0.014086389898403415,548
reddit,0.5,-0.024629725554026247,549
reddit,0.5,0.028229980838917784,550
reddit,0.5,-0.022049436419085643,551
reddit,0.5,0.017176493696473744,552
twitter,0.1,0.010078838859254318,0
twitter,0.1,0.0015932858376309523,1
twitter,0.1,0.007417517514436848,2
twitter,0.1,0.016131852712913276,3
twitter,0.1,0.007983188269632862,4
twitter,0.1,0.004362122014039162,5
twitter,0.1,-0.005822528573378814,6
twitter,0.1,-0.001482818559638115,7
twitter,0.1,0.020491269710639182,8
twitter,0.1,-0.024771209714115852,9
twitter,0.1,0.010223748170269486,10
twitter,0.1,0.029768956518167137,11
twitter,0.1,0.004714728934117208,12
twitter,0.1,0.002819681049024128,13
twitter,0.1,0.00913530994805139,14
twitter,0.1,0.006765857586591293,15
twitter,0.1,0.0024697459106047927,16
twitter,0.1,0.0045659631953717935,17
twitter,0.1,0.005940604968106246,18
twitter,0.1,-0.011265076610091974,19
twitter,0.1,0.011713264046592363,20
twitter,0.1,0.009820437116226937,21
twitter,0.1,0.006254570942236511,22
twitter,0.1,0.0062629750741774876,23
twitter,0.1,0.005770604951073158,24
twitter,0.1,0.006651865863866689,25
twitter,0.1,0.007171395064751112,26
twitter,0.1,-0.0010616763585631483,27
twitter,0.1,0.0019977404804030333,28
twitter,0.1,-0.01154860503646804,29
twitter,0.1,0.0055884904036154134,30
twitter,0.1,0.002591392186716882,31
twitter,0.1,-0.0005947525580685971,32
twitter,0.1,0.013680269861401717,33
twitter,0.1,0.006803212043378171,34
twitter,0.1,0.005922150226980385,35
twitter,0.1,-0.02560401772154295,36
twitter,0.1,0.02714285314880579,37
twitter,0.1,0.0049457735392418965,38
twitter,0.1,0.013777883134977235,39
twitter,0.1,-0.012940685923397784,40
twitter,0.1,0.0030047564458602458,41
twitter,0.1,0.00217213323856886,42
twitter,0.1,0.0009003929114688949,43
twitter,0.1,0.00846453502346781,44
twitter,0.1,0.0010859076530445495,45
twitter,0.1,0.011696101959787942,46
twitter,0.1,0.0005244586780652461,47
twitter,0.1,0.009281130470957216,48
twitter,0.1,0.008033843179888457,49
twitter,0.1,0.00416950241088812,50
twitter,0.1,0.01613135646412016,51
twitter,0.1,0.08157547679185695,52
twitter,0.1,0.011123892092537951,53
twitter,0.1,0.01797010986790404,54
twitter,0.1,0.018944057420532616,55
twitter,0.1,0.006114757467486089,56
twitter,0.1,0.016172796903663002,57
twitter,0.1,-0.012000163534791507,58
twitter,0.1,0.005492074204123792,59
twitter,0.1,0.009496333691936008,60
twitter,0.1,0.016500424374785376,61
twitter,0.1,0.015109524236819393,62
twitter,0.1,0.00871369739680463,63
twitter,0.1,-0.05116187647403481,64
twitter,0.1,0.008341762980159564,65
twitter,0.1,0.029799470121632723,66
twitter,0.1,0.02181721783985228,67
twitter,0.1,0.006554825552131651,68
twitter,0.1,0.0037593973926394646,69
twitter,0.1,0.009530316649212263,70
twitter,0.1,0.019448141264536617,71
twitter,0.1,-0.02285246880099684,72
twitter,0.1,-0.032787347226169744,73
twitter,0.1,0.006092137062977699,74
twitter,0.1,0.009099922358431394,75
twitter,0.1,0.009010975257510765,76
twitter,0.1,-0.009048645378652404,77
twitter,0.1,0.013540184102213398,78
twitter,0.1,0.015277011271306,79
twitter,0.1,0.0011660530136329427,80
twitter,0.1,0.00013861826871568666,81
twitter,0.1,0.020558044609230296,82
twitter,0.1,0.02371683321339893,83
twitter,0.1,0.006372626823075694,84
twitter,0.1,0.048830550334112925,85
twitter,0.1,0.023972814845915274,86
twitter,0.1,0.007760996649708786,87
twitter,0.1,0.0048885812505297145,88
twitter,0.1,0.001155840514674139,89
twitter,0.1,-0.0005167294172146959,90
twitter,0.1,0.0020839440531122562,91
twitter,0.1,-0.018873637664793042,92
twitter,0.1,-0.011204523338768372,93
twitter,0.1,0.021628716658789054,94
twitter,0.1,0.010447730405605267,95
twitter,0.1,-0.002573348110066754,96
twitter,0.1,0.007739877752457934,97
twitter,0.1,0.009450614861616956,98
twitter,0.1,0.020916826099354503,99
twitter,0.1,0.0061313573259057395,100
twitter,0.1,-0.008228688597095912,101
twitter,0.1,0.041141563348005,102
twitter,0.1,0.0002994026348445961,103
twitter,0.1,-0.029417803997067702,104
twitter,0.1,0.013168740437431437,105
twitter,0.1,0.018160968136701722,106
twitter,0.1,0.0029152993272756776,107
twitter,0.1,0.008293337872959668,108
twitter,0.1,0.006987158822481379,109
twitter,0.1,-0.1419064678912213,110
twitter,0.1,-0.00948399867180909,111
twitter,0.1,0.020267964575695387,112
twitter,0.1,0.011510093881831607,113
twitter,0.1,0.004800469734711253,114
twitter,0.1,-0.002612471227456895,115
twitter,0.1,-0.002083979040063822,116
twitter,0.1,0.012315237249234837,117
twitter,0.1,0.008581227041141688,118
twitter,0.1,0.020706947758420545,119
twitter,0.1,0.0037668327712077018,120
twitter,0.1,0.021740040076646434,121
twitter,0.1,0.018276209121199215,122
twitter,0.1,0.017987139629528623,123
twitter,0.1,-0.014557951872336152,124
twitter,0.1,0.0016359205016816607,125
twitter,0.1,0.019152191512150793,126
twitter,0.1,-0.007414279765934666,127
twitter,0.1,0.010718498072946288,128
twitter,0.1,0.009427531841041349,129
twitter,0.1,0.011844054416416616,130
twitter,0.1,0.027742898084574915,131
twitter,0.1,-0.004308892617457381,132
twitter,0.1,0.01040533769237147,133
twitter,0.1,-0.007436655309053789,134
twitter,0.1,0.014438390681661693,135
twitter,0.1,0.002618264456643038,136
twitter,0.1,-0.025392224685988108,137
twitter,0.1,-0.0011143697866137993,138
twitter,0.1,-0.04998622984548813,139
twitter,0.1,0.021781167388559095,140
twitter,0.1,0.014470822740517496,141
twitter,0.1,0.0070551662331042545,142
twitter,0.1,0.014360604740487053,143
twitter,0.1,0.02442309954386164,144
twitter,0.1,0.025141174931787434,145
twitter,0.1,0.023677464653669506,146
twitter,0.1,0.007753912778764289,147
twitter,0.1,0.017520202393880503,148
twitter,0.1,0.012378535571048191,149
twitter,0.1,0.00876336754555973,150
twitter,0.1,1.6034277274402446e-05,151
twitter,0.1,0.017342521711390307,152
twitter,0.1,0.01436771678762694,153
twitter,0.1,0.014711507486635703,154
twitter,0.1,0.007700297753241416,155
twitter,0.1,0.011942585601323871,156
twitter,0.1,0.011832280989725942,157
twitter,0.1,0.014387110751376083,158
twitter,0.1,0.006593132851698056,159
twitter,0.1,0.009718831216323182,160
twitter,0.1,0.008576303437541972,161
twitter,0.1,0.008685319080877859,162
twitter,0.1,0.0003952781730417947,163
twitter,0.1,0.005508974926496658,164
twitter,0.1,-0.00412952174587084,165
twitter,0.1,0.006989481104025519,166
twitter,0.1,-0.0012986906905955455,167
twitter,0.1,-0.0012399502209388554,168
twitter,0.1,0.01043700146723408,169
twitter,0.1,0.0026277465233875102,170
twitter,0.1,-0.0478626635201009,171
twitter,0.1,-0.044941427023664625,172
twitter,0.1,0.004037148573934835,173
twitter,0.1,0.014737329110158437,174
twitter,0.1,0.0034719125748191855,175
twitter,0.1,0.012519472790748009,176
twitter,0.1,0.0072481992772777,177
twitter,0.1,0.006979056052618948,178
twitter,0.1,0.02223550631712333,179
twitter,0.1,0.016803766952161445,180
twitter,0.1,0.008358641509825834,181
twitter,0.1,0.013147915492827003,182
twitter,0.1,0.02040507432622841,183
twitter,0.1,0.005014858725179581,184
twitter,0.1,0.022067685488291664,185
twitter,0.1,0.007444431489997749,186
twitter,0.1,-0.028807372571254267,187
twitter,0.1,-0.018705143666464086,188
twitter,0.1,0.010900627931279,189
twitter,0.1,0.00522632392375192,190
twitter,0.1,0.027466169037968016,191
twitter,0.1,0.009763987090530337,192
twitter,0.1,0.006132758486695925,193
twitter,0.1,0.018923173528646076,194
twitter,0.1,-0.029096642803147787,195
twitter,0.1,0.008783225014993344,196
twitter,0.1,0.02642988582246292,197
twitter,0.1,0.006086989713481807,198
twitter,0.1,0.040850558119987036,199
twitter,0.1,0.017709246593715974,200
twitter,0.1,0.023317287056054514,201
twitter,0.1,0.0671084710335003,202
twitter,0.1,0.008029988090012811,203
twitter,0.1,0.018319577186127277,204
twitter,0.1,-0.005414372228721082,205
twitter,0.1,-0.008225474074507593,206
twitter,0.1,-0.05298341148120651,207
twitter,0.1,0.006520375522862101,208
twitter,0.1,0.001933031379728507,209
twitter,0.1,0.021627318011061637,210
twitter,0.1,0.01147619911423692,211
twitter,0.1,0.015708234515450975,212
twitter,0.1,0.023708900320118242,213
twitter,0.1,0.001877393525119635,214
twitter,0.1,-0.0053254633398547545,215
twitter,0.1,0.006870803557206743,216
twitter,0.1,0.00938943701760108,217
twitter,0.1,0.006727343793046407,218
twitter,0.1,-0.0006177012650225816,219
twitter,0.1,0.004655965776874426,220
twitter,0.1,0.0023632957506506624,221
twitter,0.1,0.006061548660721022,222
twitter,0.1,0.014959130246637819,223
twitter,0.1,-0.0031242256647292933,224
twitter,0.1,-0.013082686240685391,225
twitter,0.1,-0.02491000946712472,226
twitter,0.1,0.01204592934704251,227
twitter,0.1,0.0024534667632646495,228
twitter,0.1,0.030914882800342543,229
twitter,0.1,-0.01402314770036023,230
twitter,0.1,0.03473203942130723,231
twitter,0.1,0.012977127700594546,232
twitter,0.1,0.0038445646785486556,233
twitter,0.1,0.0013651209707857552,234
twitter,0.1,0.013242109391666281,235
twitter,0.1,-0.009844470318078745,236
twitter,0.1,0.014049122321206467,237
twitter,0.1,-0.05430194740792275,238
twitter,0.1,0.011803618963216677,239
twitter,0.1,0.05291591929311514,240
twitter,0.1,0.005027428740955804,241
twitter,0.1,-0.008704384575081549,242
twitter,0.1,0.016941154823482327,243
twitter,0.1,0.0023026105435072154,244
twitter,0.1,-0.027438149662959887,245
twitter,0.1,-0.0338110387006757,246
twitter,0.1,-0.01491299996576936,247
twitter,0.1,0.0061797539117600135,248
twitter,0.1,0.022118632968666948,249
twitter,0.1,0.013396918348517741,250
twitter,0.1,0.00585097588605882,251
twitter,0.1,0.0030103651713541835,252
twitter,0.1,-0.018119631892359357,253
twitter,0.1,-0.017077411292134637,254
twitter,0.1,-0.007723813884663156,255
twitter,0.1,-0.013160597379439353,256
twitter,0.1,0.000862746696691726,257
twitter,0.1,0.0075943877868467355,258
twitter,0.1,0.0033008242735266145,259
twitter,0.1,-0.003027604732330541,260
twitter,0.1,0.0032848846404757766,261
twitter,0.1,0.007895451603995985,262
twitter,0.1,0.008496098554267927,263
twitter,0.1,-0.007609343169391064,264
twitter,0.1,-0.012739003897527038,265
twitter,0.1,0.011981105542239344,266
twitter,0.1,-0.04344382656054334,267
twitter,0.1,-0.015221340815698642,268
twitter,0.1,0.01447354503283671,269
twitter,0.1,0.02352629374372312,270
twitter,0.1,0.016492473049181697,271
twitter,0.1,0.0010817578382981904,272
twitter,0.1,-0.009454233489073623,273
twitter,0.1,0.004308411409669211,274
twitter,0.1,0.008559381418796457,275
twitter,0.1,-0.019074731154182532,276
twitter,0.1,0.014246728163596664,277
twitter,0.1,0.01593678696335578,278
twitter,0.1,0.01389214946665783,279
twitter,0.1,0.002529414190378748,280
twitter,0.1,-0.0303533264953236,281
twitter,0.1,0.01633010890678607,282
twitter,0.1,0.003331699618619205,283
twitter,0.1,-0.000990689917417754,284
twitter,0.1,-0.006052065933041628,285
twitter,0.1,0.008054265790467351,286
twitter,0.1,0.03896960856668623,287
twitter,0.1,-0.018702392542564363,288
twitter,0.1,0.0009829955893219868,289
twitter,0.1,0.02736838245436638,290
twitter,0.1,0.02687044178533613,291
twitter,0.1,0.0269781590332824,292
twitter,0.1,0.020037189801691342,293
twitter,0.1,0.023908857867657375,294
twitter,0.1,0.007762558311039566,295
twitter,0.1,0.017888791201629,296
twitter,0.1,0.014141157132988389,297
twitter,0.1,-0.005842757966611403,298
twitter,0.1,-0.028901436527284143,299
twitter,0.1,0.061775191027676445,300
twitter,0.1,0.0004734007081380695,301
twitter,0.1,0.014520957696151443,302
twitter,0.1,-0.014356696995952158,303
twitter,0.1,-0.012524802756716216,304
twitter,0.1,0.02471266567793199,305
twitter,0.1,0.028871060633674044,306
twitter,0.1,0.03799670561815285,307
twitter,0.1,0.0023659927143795086,308
twitter,0.1,-0.01685468077389424,309
twitter,0.1,0.0011153855312314254,310
twitter,0.1,0.042930965659124305,311
twitter,0.1,0.002663527458454177,312
twitter,0.1,0.00199270631241096,313
twitter,0.1,0.004209791205839086,314
twitter,0.1,0.006182875780034717,315
twitter,0.1,0.007010029545883545,316
twitter,0.1,0.009652701921868753,317
twitter,0.1,0.0062123864785034195,318
twitter,0.1,0.0025004452338672958,319
twitter,0.1,0.01978021215683976,320
twitter,0.1,0.004744639330136024,321
twitter,0.1,0.012361136356669902,322
twitter,0.1,0.014469966449019558,323
twitter,0.1,0.0005878278358446051,324
twitter,0.1,-0.014641064559688863,325
twitter,0.1,0.016852384652951555,326
twitter,0.1,-0.0027593348113013243,327
twitter,0.1,-0.0003646027317169336,328
twitter,0.1,-0.012250597107147494,329
twitter,0.1,0.007185795535280077,330
twitter,0.1,0.04212459457932239,331
twitter,0.1,0.005918409944524324,332
twitter,0.1,0.01470671116916582,333
twitter,0.1,-0.1407346162109446,334
twitter,0.1,0.02504101181732305,335
twitter,0.1,0.007843928963145931,336
twitter,0.1,-0.044941181104982936,337
twitter,0.1,-0.04482018517663166,338
twitter,0.1,0.0003300204839645102,339
twitter,0.1,0.00702659639837976,340
twitter,0.1,0.000493944039864914,341
twitter,0.1,0.0088965419458634,342
twitter,0.1,-0.009713097673213896,343
twitter,0.1,0.003341926221545694,344
twitter,0.1,-0.017427046131957235,345
twitter,0.1,-0.0569165399016422,346
twitter,0.1,0.035766034252196044,347
twitter,0.1,0.01771863586944705,348
twitter,0.1,0.002904688798163506,349
twitter,0.1,0.022327417954416402,350
twitter,0.1,0.07886390094304953,351
twitter,0.1,0.0003643536583442895,352
twitter,0.1,0.004246010594051521,353
twitter,0.1,-0.01038868871357223,354
twitter,0.1,0.004952307837531614,355
twitter,0.1,0.002258494282829717,356
twitter,0.1,0.0028993804333239856,357
twitter,0.1,0.015003260945765146,358
twitter,0.1,0.0028955312517232436,359
twitter,0.1,-0.0001431526724595441,360
twitter,0.1,-0.002099604830013874,361
twitter,0.1,-0.010763044660711733,362
twitter,0.1,0.04326755769212421,363
twitter,0.1,0.0017231059202970902,364
twitter,0.1,0.004608467924647555,365
twitter,0.1,0.010631008051234288,366
twitter,0.1,-0.006603666005371479,367
twitter,0.1,0.033972605511630324,368
twitter,0.1,-0.0023627215899606636,369
twitter,0.1,-0.02264227600630001,370
twitter,0.1,0.006358254019633925,371
twitter,0.1,-0.012232376305262407,372
twitter,0.1,0.006594834810982522,373
twitter,0.1,0.0035701019845140306,374
twitter,0.1,0.0033751249119104067,375
twitter,0.1,0.02983001529587433,376
twitter,0.1,-0.01965029322722505,377
twitter,0.1,0.021915455706430657,378
twitter,0.1,0.01227985932143508,379
twitter,0.1,0.009402697789335883,380
twitter,0.1,0.012761925588430213,381
twitter,0.1,-0.013290780897241896,382
twitter,0.1,0.0011492331200064138,383
twitter,0.1,0.018303534677958002,384
twitter,0.1,0.006130556770835175,385
twitter,0.1,0.02886330404225348,386
twitter,0.1,0.010795686557985391,387
twitter,0.1,0.009994526677175285,388
twitter,0.1,-0.002524426109270647,389
twitter,0.1,-0.011018371571876856,390
twitter,0.1,0.01945793071504052,391
twitter,0.1,-0.012404769773781365,392
twitter,0.1,0.00024708010987679294,393
twitter,0.1,0.01703617973390887,394
twitter,0.1,0.019592069569497047,395
twitter,0.1,0.0033407924097036967,396
twitter,0.1,0.017447325543906548,397
twitter,0.1,0.03571828346548987,398
twitter,0.1,0.020515783820313084,399
twitter,0.1,-0.008032020743893916,400
twitter,0.1,0.010808783400985447,401
twitter,0.1,0.0038922361616303396,402
twitter,0.1,0.009023444491696215,403
twitter,0.1,-0.012617904703800583,404
twitter,0.1,0.006312420259563116,405
twitter,0.1,0.002108118137758672,406
twitter,0.1,-0.003843013833281674,407
twitter,0.1,0.02287647836101955,408
twitter,0.1,0.01354314653306965,409
twitter,0.1,0.009923023148977812,410
twitter,0.1,-0.010359601874520367,411
twitter,0.1,0.044330379578936284,412
twitter,0.1,0.014075839862764028,413
twitter,0.1,-0.0027053431783046708,414
twitter,0.1,-0.01305294208201698,415
twitter,0.1,0.031356655559624115,416
twitter,0.1,0.006119235735535251,417
twitter,0.1,0.004596832085122626,418
twitter,0.1,0.02188809228376283,419
twitter,0.1,0.00467676757400293,420
twitter,0.1,0.008227099359593412,421
twitter,0.1,0.0013998617388788963,422
twitter,0.1,0.006633381456842191,423
twitter,0.1,0.010468015776165228,424
twitter,0.1,0.02128021385167112,425
twitter,0.1,0.009379499283755173,426
twitter,0.1,0.00599971701127844,427
twitter,0.1,-0.015887214554765154,428
twitter,0.1,0.041352434540960145,429
twitter,0.1,0.0015261630945282328,430
twitter,0.1,0.01451623318349326,431
twitter,0.1,0.08456832099684455,432
twitter,0.1,-0.02635762811302897,433
twitter,0.1,0.019511538400526607,434
twitter,0.1,-0.030907506833691447,435
twitter,0.1,0.013812304154321811,436
twitter,0.1,0.046338532050555555,437
twitter,0.1,0.012963999029373806,438
twitter,0.1,0.08887072703545974,439
twitter,0.1,0.003941638885773382,440
twitter,0.1,0.004707822816393757,441
twitter,0.1,-0.014848386749501804,442
twitter,0.1,-0.057226021112189086,443
twitter,0.1,0.005049767810197297,444
twitter,0.1,0.024249158340798608,445
twitter,0.1,0.011204008536669002,446
twitter,0.1,-0.0037928796788021337,447
twitter,0.1,-0.011858618082220674,448
twitter,0.1,0.014441595579223265,449
twitter,0.1,0.004705996217872154,450
twitter,0.1,0.033621556860430085,451
twitter,0.1,0.01439966113290172,452
twitter,0.1,-0.08312706388059364,453
twitter,0.1,0.0004140695114435568,454
twitter,0.1,0.02886888833869708,455
twitter,0.1,0.04760148301215381,456
twitter,0.1,-0.03359960594411879,457
twitter,0.1,0.017075494622674093,458
twitter,0.1,0.008040641467469158,459
twitter,0.1,0.025150082511603594,460
twitter,0.1,-0.08496479564402334,461
twitter,0.1,0.04093588937640475,462
twitter,0.1,0.002830001230737993,463
twitter,0.1,-0.0015192403334012658,464
twitter,0.1,-0.0016157218122930736,465
twitter,0.1,0.008260346350792258,466
twitter,0.1,0.04065766717700916,467
twitter,0.1,-0.02030843890059934,468
twitter,0.1,-0.043508242348262484,469
twitter,0.1,0.0006111816883166365,470
twitter,0.1,-0.023229269385925285,471
twitter,0.1,-0.0069439806614811465,472
twitter,0.1,0.019675889279187418,473
twitter,0.1,0.016516833262476417,474
twitter,0.1,0.003968149473935338,475
twitter,0.1,-0.029508323718962302,476
twitter,0.1,0.051826768196982474,477
twitter,0.1,0.005351862843605078,478
twitter,0.1,-0.013786590135495193,479
twitter,0.1,0.03709794609913342,480
twitter,0.1,0.02129952369054846,481
twitter,0.1,0.0469803288089197,482
twitter,0.1,0.0037445801126586883,483
twitter,0.1,-0.0012154625627683838,484
twitter,0.1,0.02425328369734773,485
twitter,0.1,-0.029711083192686706,486
twitter,0.1,0.03766516418390704,487
twitter,0.1,-0.01584792188815928,488
twitter,0.1,0.008724463144709114,489
twitter,0.1,0.0043203649149099925,490
twitter,0.1,0.0047497277207674046,491
twitter,0.1,-0.0057281311999923925,492
twitter,0.1,-0.006208817461523962,493
twitter,0.1,-0.006630821431813415,494
twitter,0.1,0.019277177067360745,495
twitter,0.1,0.001040349022633729,496
twitter,0.1,0.029831083145634273,497
twitter,0.1,0.023119281827197927,498
twitter,0.1,-0.05166280148596069,499
twitter,0.1,-0.040083635135452135,500
twitter,0.1,0.025045895237743625,501
twitter,0.1,0.012455651745452576,502
twitter,0.1,-0.0366376463897507,503
twitter,0.1,0.004495644342800623,504
twitter,0.1,-0.017652491641790773,505
twitter,0.1,0.061806929432336156,506
twitter,0.1,-0.018814984555746227,507
twitter,0.1,0.016278049668752348,508
twitter,0.1,0.031114137916456137,509
twitter,0.1,0.004053607634379963,510
twitter,0.1,0.06214628417245158,511
twitter,0.1,0.043537599893728095,512
twitter,0.1,0.018420124310714103,513
twitter,0.1,0.0006093500696314584,514
twitter,0.1,0.03523935131325374,515
twitter,0.1,-0.017852267357224196,516
twitter,0.1,-0.44711552265344706,517
twitter,0.1,0.022441902443699265,518
twitter,0.1,-0.028121592641480782,519
twitter,0.1,0.004627685862738946,520
twitter,0.1,0.042214664303689274,521
twitter,0.1,-0.0496663223842835,522
twitter,0.1,-0.04390029915652873,523
twitter,0.1,-0.008734032705741114,524
twitter,0.1,0.024410211764199385,525
twitter,0.1,-0.0010544936738462755,526
twitter,0.1,-0.041196829616036455,527
twitter,0.1,-0.02660075132651972,528
twitter,0.1,0.017779618730717907,529
twitter,0.1,0.02721675579043627,530
twitter,0.1,-0.003008955616844506,531
twitter,0.1,-0.015097703617607625,532
twitter,0.1,0.021615108634072244,533
twitter,0.1,0.017124473085952115,534
twitter,0.1,0.0006801540294523549,535
twitter,0.1,-0.03738250358434791,536
twitter,0.1,-0.03956925436004952,537
twitter,0.1,0.21757352285307424,538
twitter,0.1,-0.030589072256389245,539
twitter,0.1,0.04702628233047703,540
twitter,0.1,0.02112292156765199,541
twitter,0.1,-0.018135243213823305,542
twitter,0.1,0.656629361226156,543
twitter,0.1,-0.18381929368313274,544
twitter,0.1,-0.00642590791595185,545
twitter,0.1,-0.009827527582249487,546
twitter,0.1,-0.00010237792326105303,547
twitter,0.2,0.014774044282194346,0
twitter,0.2,-0.0068816950767962995,1
twitter,0.2,-0.0022260732381747016,2
twitter,0.2,0.018639877747527376,3
twitter,0.2,0.005882100308031207,4
twitter,0.2,0.00046201589042741477,5
twitter,0.2,0.008958975067784345,6
twitter,0.2,0.00949703366548066,7
twitter,0.2,0.006278298278709335,8
twitter,0.2,0.018606972897384028,9
twitter,0.2,0.002727981643571671,10
twitter,0.2,0.0016751338085181588,11
twitter,0.2,-0.0011806587221896336,12
twitter,0.2,0.0012434389811689672,13
twitter,0.2,-0.002949473770082026,14
twitter,0.2,0.004151142519663887,15
twitter,0.2,0.0018283129500303483,16
twitter,0.2,-0.0017992671325769232,17
twitter,0.2,-0.0020270255922595973,18
twitter,0.2,0.0008167829728916025,19
twitter,0.2,0.0020824858142180908,20
twitter,0.2,0.0069338754428582864,21
twitter,0.2,0.0014177216351478003,22
twitter,0.2,-0.0016652279352595222,23
twitter,0.2,-0.004223753168799369,24
twitter,0.2,-0.00593722770226781,25
twitter,0.2,-0.0005285091546832393,26
twitter,0.2,-0.0012149593434407158,27
twitter,0.2,0.010431787131503625,28
twitter,0.2,0.016246256308942386,29
twitter,0.2,0.005575518410668975,30
twitter,0.2,0.007870238922832406,31
twitter,0.2,0.008856153277498094,32
twitter,0.2,0.00781832907024659,33
twitter,0.2,0.011198436969365117,34
twitter,0.2,0.01056032812516365,35
twitter,0.2,0.015601131480723457,36
twitter,0.2,0.007974244208021883,37
twitter,0.2,0.006051665657881381,38
twitter,0.2,0.011656002173700513,39
twitter,0.2,-0.012832494955160373,40
twitter,0.2,0.007984083879046464,41
twitter,0.2,0.003241958931032652,42
twitter,0.2,0.01097825620252598,43
twitter,0.2,-0.005854606874494938,44
twitter,0.2,0.0047049667634714845,45
twitter,0.2,0.006231450433924826,46
twitter,0.2,0.012644408222310635,47
twitter,0.2,0.0052979552272135865,48
twitter,0.2,0.005339066426206726,49
twitter,0.2,0.007202283510535911,50
twitter,0.2,0.01445178488219307,51
twitter,0.2,0.05541975052020795,52
twitter,0.2,-0.006918004548710189,53
twitter,0.2,-0.0049384922454599085,54
twitter,0.2,-0.005215053412051586,55
twitter,0.2,-0.004144171823334393,56
twitter,0.2,0.010883108172436646,57
twitter,0.2,0.013485894461733672,58
twitter,0.2,0.012508502697090557,59
twitter,0.2,0.008308180324242591,60
twitter,0.2,0.001131219436528605,61
twitter,0.2,0.008389771074777395,62
twitter,0.2,0.008877028209143534,63
twitter,0.2,-0.04264268323742959,64
twitter,0.2,0.008512476775852325,65
twitter,0.2,-0.01205878355488165,66
twitter,0.2,-0.006367084644210047,67
twitter,0.2,0.0027960996824875953,68
twitter,0.2,-0.0020515168548427883,69
twitter,0.2,-0.0007730492745337274,70
twitter,0.2,0.009115673826400272,71
twitter,0.2,0.0331766435332855,72
twitter,0.2,-0.0058912544180588005,73
twitter,0.2,0.007412177027947261,74
twitter,0.2,0.03881669797247559,75
twitter,0.2,0.010520902834253039,76
twitter,0.2,0.020156291872025254,77
twitter,0.2,0.006079341325416437,78
twitter,0.2,0.017925767055715854,79
twitter,0.2,0.010412736475763924,80
twitter,0.2,0.018492782066246147,81
twitter,0.2,0.04368649673308119,82
twitter,0.2,-0.0016710977147057183,83
twitter,0.2,0.003914708675522587,84
twitter,0.2,-0.005703491087623191,85
twitter,0.2,0.01138852152106453,86
twitter,0.2,0.012909295550471187,87
twitter,0.2,0.0036502795219865857,88
twitter,0.2,0.009123624769717049,89
twitter,0.2,0.009928106210856652,90
twitter,0.2,0.006205972378373051,91
twitter,0.2,-0.008499436641449335,92
twitter,0.2,0.013915737724910402,93
twitter,0.2,0.004761456678418969,94
twitter,0.2,0.004747543872170282,95
twitter,0.2,-0.0007912174134549344,96
twitter,0.2,-0.013029066507991346,97
twitter,0.2,5.884015684115718e-06,98
twitter,0.2,-0.0011015284958950358,99
twitter,0.2,0.014867261936283287,100
twitter,0.2,-0.010444732686138722,101
twitter,0.2,-0.005246290172722426,102
twitter,0.2,0.01142616612003755,103
twitter,0.2,0.008046349385882466,104
twitter,0.2,0.011343547447325584,105
twitter,0.2,0.0035485723953406364,106
twitter,0.2,0.011007623182412222,107
twitter,0.2,0.006124037142220292,108
twitter,0.2,0.000484976375164543,109
twitter,0.2,-0.15091788744334597,110
twitter,0.2,-0.020973720491961195,111
twitter,0.2,0.005782718857674431,112
twitter,0.2,-0.017854699662139036,113
twitter,0.2,-0.006162615450813162,114
twitter,0.2,0.0021558593146464894,115
twitter,0.2,-0.0017130953785797517,116
twitter,0.2,0.0013825343801153534,117
twitter,0.2,0.007385305247038679,118
twitter,0.2,0.011161359573148014,119
twitter,0.2,0.003862299142406072,120
twitter,0.2,-0.005400276649306104,121
twitter,0.2,0.008572853151988026,122
twitter,0.2,0.01331474684726679,123
twitter,0.2,0.005355636952585592,124
twitter,0.2,-0.15091716076778935,125
twitter,0.2,0.01147017461508252,126
twitter,0.2,0.026348182249399447,127
twitter,0.2,0.004338467724089451,128
twitter,0.2,-0.0019966392916600855,129
twitter,0.2,0.019908600891699445,130
twitter,0.2,0.023154632072061972,131
twitter,0.2,0.024126387190730913,132
twitter,0.2,-0.002225165727670851,133
twitter,0.2,0.0070748316184049915,134
twitter,0.2,0.017983410661310355,135
twitter,0.2,-0.0016430727474361043,136
twitter,0.2,0.02291327711386079,137
twitter,0.2,0.004392529031989565,138
twitter,0.2,0.030991157655253964,139
twitter,0.2,0.04942604804529343,140
twitter,0.2,-0.002919015360008776,141
twitter,0.2,-0.0020234728521441717,142
twitter,0.2,-0.02740525945047217,143
twitter,0.2,0.01350829866766304,144
twitter,0.2,0.00222331708330209,145
twitter,0.2,0.015258916251019715,146
twitter,0.2,0.01915520540573886,147
twitter,0.2,0.008233473776478225,148
twitter,0.2,-0.0014379232181836485,149
twitter,0.2,0.00831883911273899,150
twitter,0.2,-0.0013762186492175827,151
twitter,0.2,-0.0033724198121757453,152
twitter,0.2,-0.005132945169538581,153
twitter,0.2,-0.0023049493200176033,154
twitter,0.2,0.002964176191057499,155
twitter,0.2,-0.0025428255405392872,156
twitter,0.2,-0.008095043383130157,157
twitter,0.2,0.003810862966740499,158
twitter,0.2,-0.003728558509354012,159
twitter,0.2,-0.0018838752141177618,160
twitter,0.2,-8.849174887296977e-05,161
twitter,0.2,-0.0007458043986177125,162
twitter,0.2,0.0005811844220985386,163
twitter,0.2,-0.004455625349226113,164
twitter,0.2,-0.00830801458823286,165
twitter,0.2,3.01038365945727e-05,166
twitter,0.2,0.0076624828045020075,167
twitter,0.2,-0.009827097776455046,168
twitter,0.2,0.002230557415019453,169
twitter,0.2,-0.0013443179530592934,170
twitter,0.2,0.02066531802367225,171
twitter,0.2,0.01029048904922071,172
twitter,0.2,0.016048530736386124,173
twitter,0.2,0.0009019671007502394,174
twitter,0.2,-0.011657502519281932,175
twitter,0.2,-0.0012978376234664012,176
twitter,0.2,0.009891930168256569,177
twitter,0.2,-0.0066696062936794035,178
twitter,0.2,-0.012776717654480952,179
twitter,0.2,0.005805234408130763,180
twitter,0.2,0.011010075509209443,181
twitter,0.2,0.006300817553976148,182
twitter,0.2,0.015299384657059437,183
twitter,0.2,-0.0059739711365764505,184
twitter,0.2,0.011943710127556966,185
twitter,0.2,0.00880114624213954,186
twitter,0.2,-0.01715499251791119,187
twitter,0.2,0.0056148791081733086,188
twitter,0.2,0.01082255909751739,189
twitter,0.2,0.010649610189842573,190
twitter,0.2,-0.008016455138835882,191
twitter,0.2,0.011159304908832634,192
twitter,0.2,0.007913702091999793,193
twitter,0.2,0.004878325543545981,194
twitter,0.2,-0.009242506056000233,195
twitter,0.2,0.02105337567196474,196
twitter,0.2,0.00843584086704265,197
twitter,0.2,0.0014254164716624759,198
twitter,0.2,0.02797590812946546,199
twitter,0.2,0.016675352677680173,200
twitter,0.2,0.006292725548029394,201
twitter,0.2,0.0668121048476252,202
twitter,0.2,0.010670538565205983,203
twitter,0.2,0.021088250556342465,204
twitter,0.2,0.022330786253450627,205
twitter,0.2,-0.00239375213369509,206
twitter,0.2,-0.03825221523141091,207
twitter,0.2,0.013441849852733253,208
twitter,0.2,0.0027662884813022866,209
twitter,0.2,0.02264727552616914,210
twitter,0.2,0.023737887228984303,211
twitter,0.2,0.017652865946418957,212
twitter,0.2,0.007822111298917234,213
twitter,0.2,0.010219904875382286,214
twitter,0.2,0.016555436632508462,215
twitter,0.2,0.0019387793625387205,216
twitter,0.2,-0.0012525165322229451,217
twitter,0.2,0.000657997473566452,218
twitter,0.2,0.019302722203274558,219
twitter,0.2,0.0018246062219265484,220
twitter,0.2,-0.0018173123720565875,221
twitter,0.2,0.00014848550320064547,222
twitter,0.2,0.003823766288090221,223
twitter,0.2,0.11954833510345057,224
twitter,0.2,-0.015216727204094649,225
twitter,0.2,-0.009426393056272396,226
twitter,0.2,0.026928846286484526,227
twitter,0.2,0.014481272945023164,228
twitter,0.2,0.00013615032866821943,229
twitter,0.2,0.014372841493019643,230
twitter,0.2,-0.0013781682396497013,231
twitter,0.2,-0.0025115429866934113,232
twitter,0.2,0.013965633054143611,233
twitter,0.2,0.01599199772011021,234
twitter,0.2,0.009042553288371561,235
twitter,0.2,-0.050545694421580245,236
twitter,0.2,0.005748002921366955,237
twitter,0.2,-0.04321588247327031,238
twitter,0.2,0.01394551239479804,239
twitter,0.2,0.01464087756761375,240
twitter,0.2,0.009250583888409514,241
twitter,0.2,0.005267346489686562,242
twitter,0.2,-0.014424512879909918,243
twitter,0.2,0.005170551079188355,244
twitter,0.2,0.0062598220485266766,245
twitter,0.2,-0.01053722001318493,246
twitter,0.2,0.021840388412024632,247
twitter,0.2,0.012089780619048151,248
twitter,0.2,0.00555658614587438,249
twitter,0.2,0.009734813237121684,250
twitter,0.2,0.018292322880065017,251
twitter,0.2,0.003297002733230311,252
twitter,0.2,0.012326189329323776,253
twitter,0.2,0.0764159871126431,254
twitter,0.2,0.00307923692745838,255
twitter,0.2,-0.003733963662088526,256
twitter,0.2,0.008731695085664565,257
twitter,0.2,-0.006851633482174469,258
twitter,0.2,-0.000153651934143312,259
twitter,0.2,0.010083692923420165,260
twitter,0.2,-0.004858693347691047,261
twitter,0.2,0.013664306983522556,262
twitter,0.2,0.02385091715171496,263
twitter,0.2,0.019291557594139985,264
twitter,0.2,0.005533201296328946,265
twitter,0.2,0.0046127702615888855,266
twitter,0.2,0.01681150888133807,267
twitter,0.2,-0.0060691092943063255,268
twitter,0.2,-0.0042545072303669,269
twitter,0.2,0.005953032153548953,270
twitter,0.2,0.011134970271478811,271
twitter,0.2,-0.0006867583963900528,272
twitter,0.2,-0.014041311448802175,273
twitter,0.2,-0.0010681080613485117,274
twitter,0.2,-0.003907774451200503,275
twitter,0.2,-0.008900464642257046,276
twitter,0.2,0.017321151927969024,277
twitter,0.2,0.005157095632725978,278
twitter,0.2,0.0003819723419046634,279
twitter,0.2,0.015700430411530082,280
twitter,0.2,-0.01081137985772973,281
twitter,0.2,-0.00926598115216664,282
twitter,0.2,-0.0027881035275639714,283
twitter,0.2,-0.004691420417123607,284
twitter,0.2,0.016098202601331945,285
twitter,0.2,0.010021397601308971,286
twitter,0.2,0.047706556182923944,287
twitter,0.2,0.02650924128621513,288
twitter,0.2,0.01961875145138304,289
twitter,0.2,0.012317773459209974,290
twitter,0.2,0.018039531178613497,291
twitter,0.2,0.01874565540571599,292
twitter,0.2,0.0175584411132588,293
twitter,0.2,0.016508676629814433,294
twitter,0.2,0.018402222261740722,295
twitter,0.2,0.01514916251401801,296
twitter,0.2,0.009090749035631644,297
twitter,0.2,0.004493553590654578,298
twitter,0.2,0.017439623827474195,299
twitter,0.2,-0.004999683934231853,300
twitter,0.2,0.006889189496906275,301
twitter,0.2,0.025195418704032305,302
twitter,0.2,-0.007626721628828313,303
twitter,0.2,-0.03846619373569569,304
twitter,0.2,0.0011843429427385605,305
twitter,0.2,0.010195854967743409,306
twitter,0.2,0.027661173086376493,307
twitter,0.2,0.008399775160348691,308
twitter,0.2,-0.0015570646768010012,309
twitter,0.2,0.021959797732504123,310
twitter,0.2,-0.013228798511436197,311
twitter,0.2,0.0001906146278355116,312
twitter,0.2,-0.011839136812776749,313
twitter,0.2,0.005400076817624316,314
twitter,0.2,0.004397496846522737,315
twitter,0.2,-0.0028851572611157433,316
twitter,0.2,-0.019018193120394426,317
twitter,0.2,-0.002036314303909834,318
twitter,0.2,-0.0023245783575074567,319
twitter,0.2,0.005852244642895402,320
twitter,0.2,0.0017932556842196463,321
twitter,0.2,-0.008389116145820188,322
twitter,0.2,0.0003541406567195359,323
twitter,0.2,-0.0024071984565039494,324
twitter,0.2,-0.009446774639618377,325
twitter,0.2,0.1455391587672222,326
twitter,0.2,0.7873518042436554,327
twitter,0.2,0.0283946155950277,328
twitter,0.2,0.12983545162161508,329
twitter,0.2,0.014359300358742298,330
twitter,0.2,-0.004499399451384448,331
twitter,0.2,0.011034811140370334,332
twitter,0.2,0.01639577461916486,333
twitter,0.2,0.030385163044038484,334
twitter,0.2,-0.0021179671223420142,335
twitter,0.2,0.015678630908855247,336
twitter,0.2,0.00637243147581648,337
twitter,0.2,0.015158937023298232,338
twitter,0.2,0.00380462962178548,339
twitter,0.2,-0.0012404767458788876,340
twitter,0.2,0.0013277667404855925,341
twitter,0.2,-0.0029350411627216584,342
twitter,0.2,-0.005966454047364649,343
twitter,0.2,-0.004028150724364094,344
twitter,0.2,-0.022016416334561775,345
twitter,0.2,0.0068929152878356124,346
twitter,0.2,0.008084448333181372,347
twitter,0.2,0.028397559275844825,348
twitter,0.2,0.021791836442490626,349
twitter,0.2,0.07921457070755972,350
twitter,0.2,0.03329226617918655,351
twitter,0.2,9.738836882056934e-05,352
twitter,0.2,0.0015361023216675226,353
twitter,0.2,-0.0031173462962306216,354
twitter,0.2,0.0028280866505122682,355
twitter,0.2,-0.003077292363348444,356
twitter,0.2,0.005152677594702861,357
twitter,0.2,0.010285943378384012,358
twitter,0.2,0.07711890876290933,359
twitter,0.2,0.02166830743306832,360
twitter,0.2,0.007618358227184482,361
twitter,0.2,0.02537720062624503,362
twitter,0.2,0.0030541406745468757,363
twitter,0.2,-0.009140799202298391,364
twitter,0.2,-0.006433954736723316,365
twitter,0.2,-0.036138705788661685,366
twitter,0.2,0.008670212969684501,367
twitter,0.2,0.01099984359315466,368
twitter,0.2,0.025874758696636486,369
twitter,0.2,0.003295770259188459,370
twitter,0.2,-0.0028160800738416952,371
twitter,0.2,-0.004377994590319779,372
twitter,0.2,9.495290424529883e-05,373
twitter,0.2,1.277976565246759e-05,374
twitter,0.2,0.0021969239339915347,375
twitter,0.2,0.01843235580117773,376
twitter,0.2,0.08037200123888885,377
twitter,0.2,0.014008359615086435,378
twitter,0.2,-0.0008276010863587786,379
twitter,0.2,0.01987972902922395,380
twitter,0.2,-0.00041372072353249565,381
twitter,0.2,-0.0043111668324073244,382
twitter,0.2,0.0036999705603112105,383
twitter,0.2,0.016294713023767567,384
twitter,0.2,-0.0024091246305948484,385
twitter,0.2,-0.005840994384592298,386
twitter,0.2,0.0011598680646296902,387
twitter,0.2,0.00200236200664873,388
twitter,0.2,-0.01861330814231524,389
twitter,0.2,-0.009240896863807174,390
twitter,0.2,-0.004392990727030473,391
twitter,0.2,0.0006308569441589616,392
twitter,0.2,0.0013678203245693586,393
twitter,0.2,-0.008970793864475902,394
twitter,0.2,0.008108181654336938,395
twitter,0.2,0.0007473427977382663,396
twitter,0.2,0.0027595942627743923,397
twitter,0.2,0.001860268831179904,398
twitter,0.2,-0.0037692962918696514,399
twitter,0.2,0.010879459525075005,400
twitter,0.2,0.0032774765899216897,401
twitter,0.2,0.00026515591380150294,402
twitter,0.2,0.004334149287312469,403
twitter,0.2,0.010489700506173549,404
twitter,0.2,0.003324311229206622,405
twitter,0.2,-0.0006305427371916095,406
twitter,0.2,-0.011682668932849775,407
twitter,0.2,0.0025794711951083954,408
twitter,0.2,0.005971760814812127,409
twitter,0.2,0.018976427972620488,410
twitter,0.2,0.0005890925109588568,411
twitter,0.2,0.028191224815456096,412
twitter,0.2,-0.006565759358903795,413
twitter,0.2,-0.004064064395735856,414
twitter,0.2,0.01682849853020073,415
twitter,0.2,-0.022825720384292054,416
twitter,0.2,-0.008919383797159935,417
twitter,0.2,-0.0036275193877815214,418
twitter,0.2,-0.03190996850529892,419
twitter,0.2,-0.004023227446191047,420
twitter,0.2,0.013890213241595098,421
twitter,0.2,-0.01433714929787479,422
twitter,0.2,1.5385821041653325e-05,423
twitter,0.2,0.001681233808184588,424
twitter,0.2,0.07428530449231785,425
twitter,0.2,-0.0021649833151477947,426
twitter,0.2,-0.005725735254373054,427
twitter,0.2,0.00870391357021494,428
twitter,0.2,0.04830362293498825,429
twitter,0.2,0.0082010048577044,430
twitter,0.2,0.009579926703907683,431
twitter,0.2,0.041509761296763335,432
twitter,0.2,-0.02547039762268242,433
twitter,0.2,0.01760460453081143,434
twitter,0.2,-0.012479462602217746,435
twitter,0.2,0.021076872881041188,436
twitter,0.2,0.012446181106791406,437
twitter,0.2,-0.009839953023509283,438
twitter,0.2,0.00059618348825106,439
twitter,0.2,2.5967823243174284e-05,440
twitter,0.2,-0.00030359897256889985,441
twitter,0.2,0.0022774282467450994,442
twitter,0.2,-0.0008439747575123787,443
twitter,0.2,-0.01996039909785698,444
twitter,0.2,-0.015914885600981234,445
twitter,0.2,-0.007374570488690272,446
twitter,0.2,-0.04157501223084077,447
twitter,0.2,-0.01132397817191756,448
twitter,0.2,0.011204648698807804,449
twitter,0.2,-0.0267324092904648,450
twitter,0.2,-0.026789543449744047,451
twitter,0.2,0.007852127461474205,452
twitter,0.2,0.00010999691317357759,453
twitter,0.2,-0.011520552334461243,454
twitter,0.2,-0.008121691391919443,455
twitter,0.2,0.02189447079444869,456
twitter,0.2,0.05443395141335048,457
twitter,0.2,-0.0022022510114831037,458
twitter,0.2,0.00112663580027529,459
twitter,0.2,0.03442049259875652,460
twitter,0.2,-0.05081799775672769,461
twitter,0.2,-0.022441759532081936,462
twitter,0.2,-0.00011575379860869763,463
twitter,0.2,-0.018795059934423413,464
twitter,0.2,-0.010166614104964635,465
twitter,0.2,-0.0008279575906989398,466
twitter,0.2,-0.006573497042219533,467
twitter,0.2,0.012752618368288168,468
twitter,0.2,0.006099216889075676,469
twitter,0.2,-0.00830883814280092,470
twitter,0.2,0.05232137597846379,471
twitter,0.2,-0.010126881978160881,472
twitter,0.2,-0.002268734476750034,473
twitter,0.2,0.023566333149666614,474
twitter,0.2,0.014233167072332334,475
twitter,0.2,0.0026406761812588064,476
twitter,0.2,0.0008048231931841307,477
twitter,0.2,0.009648353534570981,478
twitter,0.2,-0.03012043020779252,479
twitter,0.2,0.02196940404471882,480
twitter,0.2,0.0021967831444495707,481
twitter,0.2,0.06547756661245704,482
twitter,0.2,0.038366476099686846,483
twitter,0.2,0.023063319072517522,484
twitter,0.2,0.031353962040930376,485
twitter,0.2,-0.020936246008216433,486
twitter,0.2,-0.004746730324316706,487
twitter,0.2,0.0003054733505967023,488
twitter,0.2,0.006469482355263102,489
twitter,0.2,-0.003913892746768324,490
twitter,0.2,0.03439444039956173,491
twitter,0.2,-0.004804723498707052,492
twitter,0.2,-0.10942778550061891,493
twitter,0.2,-0.022700577372828948,494
twitter,0.2,-0.04167101329472074,495
twitter,0.2,0.013424008661027465,496
twitter,0.2,0.016939902552959737,497
twitter,0.2,0.039119359370852945,498
twitter,0.2,0.05448755605506788,499
twitter,0.2,-0.02547403610221771,500
twitter,0.2,-0.014807160845001678,501
twitter,0.2,0.007004900690847062,502
twitter,0.2,-0.00607233845825431,503
twitter,0.2,0.04837597319841373,504
twitter,0.2,0.017272786862036222,505
twitter,0.2,0.010624662561734662,506
twitter,0.2,0.009098570865039578,507
twitter,0.2,-0.01683383032437628,508
twitter,0.2,0.00256701547657893,509
twitter,0.2,0.028054225978961466,510
twitter,0.2,0.012123964062255924,511
twitter,0.2,0.009623497903828859,512
twitter,0.2,0.017855121751206546,513
twitter,0.2,-0.0037039077568768518,514
twitter,0.2,0.013691312086786716,515
twitter,0.2,0.017534022627269306,516
twitter,0.2,-0.2770059800176041,517
twitter,0.2,-0.004198184745065514,518
twitter,0.2,0.034400510041605485,519
twitter,0.2,0.00793706849720772,520
twitter,0.2,0.0011577977747336252,521
twitter,0.2,0.06807607546966622,522
twitter,0.2,-0.08385357357311223,523
twitter,0.2,-0.026056010975815985,524
twitter,0.2,0.020374275416325326,525
twitter,0.2,0.020895819142393666,526
twitter,0.2,-0.13669278558351855,527
twitter,0.2,-0.01353998995227246,528
twitter,0.2,0.005027717340674409,529
twitter,0.2,0.02433002416307576,530
twitter,0.2,0.0025552486440302527,531
twitter,0.2,0.012806322834576963,532
twitter,0.2,0.026326159431813382,533
twitter,0.2,0.011445923809855974,534
twitter,0.2,0.003224741622136575,535
twitter,0.2,-0.0005575718256760616,536
twitter,0.2,-0.009832023465352106,537
twitter,0.2,0.02182068227280782,538
twitter,0.2,0.006165776774195426,539
twitter,0.2,-0.02422211689498074,540
twitter,0.2,-0.0036664682549477565,541
twitter,0.2,-0.01979766715639679,542
twitter,0.2,-0.008776801541663562,543
twitter,0.2,-0.02577004019393356,544
twitter,0.2,0.0012722971312178765,545
twitter,0.2,-0.0009755397280894821,546
twitter,0.2,-0.022114908637912236,547
twitter,0.3,-0.04073912171075656,0
twitter,0.3,0.00641606536413433,1
twitter,0.3,-0.002953879562633766,2
twitter,0.3,-0.016188168828735586,3
twitter,0.3,-0.022185517068409696,4
twitter,0.3,-0.009997739129363026,5
twitter,0.3,-0.03314069204891562,6
twitter,0.3,-0.0025775172583182206,7
twitter,0.3,-0.0036311506928952135,8
twitter,0.3,-0.030560810805926875,9
twitter,0.3,-0.014033412907318686,10
twitter,0.3,-0.03307025921305191,11
twitter,0.3,-0.002198927509826558,12
twitter,0.3,-0.005995348851529466,13
twitter,0.3,-0.004325804182411342,14
twitter,0.3,-0.021000251821186575,15
twitter,0.3,-0.0034767905640493077,16
twitter,0.3,-0.0024039299231498105,17
twitter,0.3,-0.006604701802082256,18
twitter,0.3,-0.010962466586207498,19
twitter,0.3,0.0013659545300273395,20
twitter,0.3,-0.012853669603994294,21
twitter,0.3,-0.0040617941879833785,22
twitter,0.3,-0.0026743463429116368,23
twitter,0.3,-0.002070815393046982,24
twitter,0.3,-0.003550374700611917,25
twitter,0.3,-0.003465239079986564,26
twitter,0.3,-0.00042908232817382005,27
twitter,0.3,-0.0031947876021131026,28
twitter,0.3,-0.004119430260443623,29
twitter,0.3,-0.010526230102132968,30
twitter,0.3,-0.018049346108880135,31
twitter,0.3,-0.007820790493377961,32
twitter,0.3,0.0006921302062126543,33
twitter,0.3,-0.013142851703401138,34
twitter,0.3,-0.01074726826103961,35
twitter,0.3,0.006474549349344411,36
twitter,0.3,-0.019543972129041482,37
twitter,0.3,-0.017378148105938393,38
twitter,0.3,-0.010827603568975799,39
twitter,0.3,0.012263072035076041,40
twitter,0.3,-0.011471416013938855,41
twitter,0.3,-0.010035168346225785,42
twitter,0.3,-0.011824191288978601,43
twitter,0.3,-0.012543079866267574,44
twitter,0.3,0.0006639176854515632,45
twitter,0.3,0.0027014212158658854,46
twitter,0.3,-0.0025039085093604843,47
twitter,0.3,-0.005883986585014998,48
twitter,0.3,0.0075956581274854605,49
twitter,0.3,-0.004571582011380897,50
twitter,0.3,-0.003979538809781934,51
twitter,0.3,0.005949631941788395,52
twitter,0.3,-0.004591202440747303,53
twitter,0.3,0.001625846694758997,54
twitter,0.3,-0.01128236339744361,55
twitter,0.3,-0.011326851892382474,56
twitter,0.3,0.029602030864608796,57
twitter,0.3,-0.005881594139901,58
twitter,0.3,0.019471996040485304,59
twitter,0.3,-0.005787545904779242,60
twitter,0.3,-0.010143956965669887,61
twitter,0.3,-0.015966939594230945,62
twitter,0.3,0.0019375493922021523,63
twitter,0.3,-0.05005141153069846,64
twitter,0.3,-0.009126867567568895,65
twitter,0.3,-0.0022152416242686543,66
twitter,0.3,0.003261146683667991,67
twitter,0.3,0.0013436660219167313,68
twitter,0.3,-0.005267254349390301,69
twitter,0.3,-0.003083534417028869,70
twitter,0.3,0.00017085659509817733,71
twitter,0.3,0.008706742318341827,72
twitter,0.3,-0.0030430513694838313,73
twitter,0.3,-0.01953736097322369,74
twitter,0.3,0.014020708830277567,75
twitter,0.3,-0.01449168138487109,76
twitter,0.3,-0.015137543641750238,77
twitter,0.3,-0.007820584424437088,78
twitter,0.3,-0.014768844072353661,79
twitter,0.3,-0.003093512079722881,80
twitter,0.3,0.014375865768389744,81
twitter,0.3,0.01045143108439801,82
twitter,0.3,0.026357656484307986,83
twitter,0.3,-0.0037499462361212524,84
twitter,0.3,-0.023398561189558763,85
twitter,0.3,0.0022788543160529554,86
twitter,0.3,-0.010533045691663401,87
twitter,0.3,0.003456663362075772,88
twitter,0.3,-0.00996897966753041,89
twitter,0.3,-0.011280154966510898,90
twitter,0.3,0.007713082743720872,91
twitter,0.3,-0.015252097983721005,92
twitter,0.3,0.004543694860356573,93
twitter,0.3,-0.006125115860261684,94
twitter,0.3,0.007204030897453312,95
twitter,0.3,0.00016017450032089893,96
twitter,0.3,-0.008057766471544936,97
twitter,0.3,-0.000963541774790675,98
twitter,0.3,-0.008315880509916825,99
twitter,0.3,-0.01262980373454406,100
twitter,0.3,-0.01006322524835765,101
twitter,0.3,0.023672409498598505,102
twitter,0.3,-0.00010558980914889762,103
twitter,0.3,0.00011040950123442672,104
twitter,0.3,-0.007567429124332806,105
twitter,0.3,-0.005611408427523302,106
twitter,0.3,0.009782093982840622,107
twitter,0.3,-0.0024538232325370733,108
twitter,0.3,0.00610790823399454,109
twitter,0.3,0.1053933404224137,110
twitter,0.3,-0.0212231746353779,111
twitter,0.3,0.016818254712996108,112
twitter,0.3,0.01775125864956345,113
twitter,0.3,-0.007484698085151825,114
twitter,0.3,0.00026270540483110886,115
twitter,0.3,-0.005192408546633742,116
twitter,0.3,-0.013913445053999387,117
twitter,0.3,-0.007302995550228279,118
twitter,0.3,-0.0009130335007013478,119
twitter,0.3,-0.049332263478410944,120
twitter,0.3,-0.014815010562903802,121
twitter,0.3,-0.0026597478049452715,122
twitter,0.3,-0.005958901924186914,123
twitter,0.3,-0.003802751883006371,124
twitter,0.3,0.02679464453321269,125
twitter,0.3,-0.006812864435179728,126
twitter,0.3,-0.013603290178028823,127
twitter,0.3,-0.016673788198334122,128
twitter,0.3,-0.008314667705091601,129
twitter,0.3,-0.00207389961530267,130
twitter,0.3,-0.17477637345026464,131
twitter,0.3,-0.010677444108805135,132
twitter,0.3,0.002869266873532709,133
twitter,0.3,-0.006821637642369616,134
twitter,0.3,-0.027478505934432722,135
twitter,0.3,-0.006333047252375903,136
twitter,0.3,-0.034208743892569615,137
twitter,0.3,-0.007265822761186446,138
twitter,0.3,0.06030680608330012,139
twitter,0.3,0.007491859937804661,140
twitter,0.3,-0.010218397887656492,141
twitter,0.3,-0.003157566798893519,142
twitter,0.3,0.04339644206086561,143
twitter,0.3,0.006206947839059836,144
twitter,0.3,0.023322326233237257,145
twitter,0.3,-0.007504309727879508,146
twitter,0.3,-0.04126959491647692,147
twitter,0.3,-0.004391779396889686,148
twitter,0.3,-0.0027708180559883225,149
twitter,0.3,-0.001942850696891558,150
twitter,0.3,-0.007931689321249692,151
twitter,0.3,0.004597946654512277,152
twitter,0.3,-0.010003105128815496,153
twitter,0.3,-0.020804090970505056,154
twitter,0.3,-0.01208088901528472,155
twitter,0.3,0.002298149163368986,156
twitter,0.3,0.011239818490794746,157
twitter,0.3,-0.007213039107765453,158
twitter,0.3,-0.0040114002900319325,159
twitter,0.3,0.0011985009575319484,160
twitter,0.3,-0.005198645000280848,161
twitter,0.3,-0.006416631562372482,162
twitter,0.3,-0.0073382014549907065,163
twitter,0.3,-0.011775994376615403,164
twitter,0.3,0.0011186288143037895,165
twitter,0.3,-0.002922434348586122,166
twitter,0.3,-0.015691738859883685,167
twitter,0.3,0.0016461033964998916,168
twitter,0.3,-0.006847762548505289,169
twitter,0.3,-0.020012223305103664,170
twitter,0.3,-0.0344127278742207,171
twitter,0.3,-0.00460504223323967,172
twitter,0.3,-0.025251092906495604,173
twitter,0.3,0.036300014833122854,174
twitter,0.3,-0.01301969268209956,175
twitter,0.3,0.016017632704368543,176
twitter,0.3,-0.006940708915455494,177
twitter,0.3,-0.03629803044236789,178
twitter,0.3,-0.0017165174726907282,179
twitter,0.3,0.00198567600391181,180
twitter,0.3,0.0005983889593386455,181
twitter,0.3,-0.010248412949192863,182
twitter,0.3,-0.02045540884076162,183
twitter,0.3,-0.003237030570241611,184
twitter,0.3,-0.01003115453451088,185
twitter,0.3,-0.012507551570920847,186
twitter,0.3,0.007117104525248974,187
twitter,0.3,0.020813931196455453,188
twitter,0.3,-0.0014805004827550727,189
twitter,0.3,-0.015217182076198878,190
twitter,0.3,-0.006064912048372334,191
twitter,0.3,-0.002844052858730311,192
twitter,0.3,-0.012335071159068766,193
twitter,0.3,-0.022560726856341366,194
twitter,0.3,-0.043349293920738725,195
twitter,0.3,0.004356753308882249,196
twitter,0.3,0.0011406059444662873,197
twitter,0.3,0.00227921320672615,198
twitter,0.3,0.020352837932524348,199
twitter,0.3,-0.011466137383272665,200
twitter,0.3,-0.0054701627357004005,201
twitter,0.3,0.04191090875730324,202
twitter,0.3,-0.00738014332674782,203
twitter,0.3,-0.008702827120166803,204
twitter,0.3,0.005751654023201054,205
twitter,0.3,-0.0076374019867702005,206
twitter,0.3,-0.02004467732451142,207
twitter,0.3,0.026612667378461546,208
twitter,0.3,0.00683223637885894,209
twitter,0.3,-0.00786406235875193,210
twitter,0.3,0.00759432320444244,211
twitter,0.3,0.00490662817417754,212
twitter,0.3,-0.001611276108538597,213
twitter,0.3,0.0013049963963683775,214
twitter,0.3,-0.0016300320743834944,215
twitter,0.3,-0.002330323816770289,216
twitter,0.3,-0.005999757122782245,217
twitter,0.3,-0.0011013634733663493,218
twitter,0.3,-0.009534702739171529,219
twitter,0.3,0.005948140861171019,220
twitter,0.3,-0.0036634264949377106,221
twitter,0.3,0.028066778861958824,222
twitter,0.3,-0.0018050055707188044,223
twitter,0.3,0.010580220052974465,224
twitter,0.3,-0.043136819397142895,225
twitter,0.3,-0.007071618251396255,226
twitter,0.3,-0.01754605197429874,227
twitter,0.3,-0.030970460587793538,228
twitter,0.3,-0.0019204031741694172,229
twitter,0.3,-0.0070883402269952284,230
twitter,0.3,-0.010067060042043241,231
twitter,0.3,-0.02437326480812588,232
twitter,0.3,0.0028050902893498246,233
twitter,0.3,-0.008520789214126868,234
twitter,0.3,-0.02180100158540944,235
twitter,0.3,0.049538917557990475,236
twitter,0.3,-0.013616875341653588,237
twitter,0.3,0.02987321841034036,238
twitter,0.3,-0.044005053063820944,239
twitter,0.3,0.14506280934757268,240
twitter,0.3,-0.003101159848340882,241
twitter,0.3,-0.016740784769148934,242
twitter,0.3,0.02330054291731886,243
twitter,0.3,-0.011115444761402563,244
twitter,0.3,-0.013090548794881791,245
twitter,0.3,0.019232520901190868,246
twitter,0.3,0.005900992279882499,247
twitter,0.3,-0.027507491032301674,248
twitter,0.3,-0.0015414749060340288,249
twitter,0.3,-0.006258140964484207,250
twitter,0.3,-0.014769517772400296,251
twitter,0.3,-0.028340184095465154,252
twitter,0.3,-0.003990331690236574,253
twitter,0.3,-0.05692990862705115,254
twitter,0.3,-0.009601283331436375,255
twitter,0.3,0.0026223337971838893,256
twitter,0.3,0.03762208377327211,257
twitter,0.3,0.007459442624827889,258
twitter,0.3,0.003248707203415853,259
twitter,0.3,-0.07480579087840003,260
twitter,0.3,-0.034971534636835215,261
twitter,0.3,-0.03519171500619035,262
twitter,0.3,0.005572744777883395,263
twitter,0.3,-0.05349780399615352,264
twitter,0.3,-0.008710102305878912,265
twitter,0.3,-0.011281827248291392,266
twitter,0.3,0.004232973669319263,267
twitter,0.3,-0.002810094198138315,268
twitter,0.3,-0.00941625280014922,269
twitter,0.3,-0.018797073483676218,270
twitter,0.3,-0.051836583775716115,271
twitter,0.3,-0.0003735779714460677,272
twitter,0.3,-0.00510737581590195,273
twitter,0.3,-0.0053955350374765,274
twitter,0.3,-0.003503715536687235,275
twitter,0.3,-0.0010952741336940006,276
twitter,0.3,-0.01425317708504747,277
twitter,0.3,-0.0021045356386615336,278
twitter,0.3,-0.009093182422192031,279
twitter,0.3,-0.016127161125801853,280
twitter,0.3,-0.08372518040724855,281
twitter,0.3,-0.03350531788073641,282
twitter,0.3,-0.002036027704156678,283
twitter,0.3,-0.003002411544174624,284
twitter,0.3,-0.0033058288331980724,285
twitter,0.3,0.010976487465520721,286
twitter,0.3,-0.005128176718798622,287
twitter,0.3,-0.04669980941507203,288
twitter,0.3,-0.012204470347339982,289
twitter,0.3,0.009112251047509281,290
twitter,0.3,0.00873564927404362,291
twitter,0.3,0.01831280663259951,292
twitter,0.3,0.025951278350071074,293
twitter,0.3,0.01719323168299331,294
twitter,0.3,0.005982421679925976,295
twitter,0.3,0.0183740489509965,296
twitter,0.3,0.001263515831999177,297
twitter,0.3,-0.023306519224510453,298
twitter,0.3,-0.029377405531616958,299
twitter,0.3,-0.03430478449446821,300
twitter,0.3,-0.016505867013619446,301
twitter,0.3,-0.02183181333237219,302
twitter,0.3,0.006405337422306693,303
twitter,0.3,0.010853563675911395,304
twitter,0.3,0.018455350281245505,305
twitter,0.3,-0.007981871178703068,306
twitter,0.3,-0.028085686072832287,307
twitter,0.3,-0.01979683876909943,308
twitter,0.3,-0.005402434267190539,309
twitter,0.3,-0.028016431160637862,310
twitter,0.3,0.05385912270817951,311
twitter,0.3,0.004145016453805854,312
twitter,0.3,-0.0046615398590248176,313
twitter,0.3,-0.00739049837383687,314
twitter,0.3,-0.009500748418772027,315
twitter,0.3,-0.000955869465172021,316
twitter,0.3,0.014827545765204762,317
twitter,0.3,-0.004961976102468435,318
twitter,0.3,-0.0017807284687601738,319
twitter,0.3,-0.02133752669282803,320
twitter,0.3,-0.011684386386719222,321
twitter,0.3,-0.005390810499771099,322
twitter,0.3,-0.001131195720480864,323
twitter,0.3,0.0005680910339425042,324
twitter,0.3,-0.008938979314052114,325
twitter,0.3,-0.014866703136984656,326
twitter,0.3,-0.05190230348977535,327
twitter,0.3,-0.010254781476020203,328
twitter,0.3,-0.04899413988926592,329
twitter,0.3,0.006242667482667472,330
twitter,0.3,0.021079674409789244,331
twitter,0.3,-0.002361665496575146,332
twitter,0.3,-0.020515472592095622,333
twitter,0.3,-0.07241108703407455,334
twitter,0.3,-0.024028281077074658,335
twitter,0.3,-0.019823621150041174,336
twitter,0.3,-0.014061379543239359,337
twitter,0.3,0.04863078419805481,338
twitter,0.3,0.007751080129396493,339
twitter,0.3,-0.00322208726768766,340
twitter,0.3,-0.0064439285326398305,341
twitter,0.3,0.00534281186799047,342
twitter,0.3,0.011121401084292446,343
twitter,0.3,-0.04524588842780183,344
twitter,0.3,-0.02315615155987719,345
twitter,0.3,-0.050425774749929556,346
twitter,0.3,0.015836355172736637,347
twitter,0.3,0.005194728096030524,348
twitter,0.3,-0.018227908982834568,349
twitter,0.3,-0.011425924006835746,350
twitter,0.3,-0.0627168369878728,351
twitter,0.3,0.00034409174292643894,352
twitter,0.3,0.002933741979900224,353
twitter,0.3,0.008294693318258186,354
twitter,0.3,-0.006194124779712864,355
twitter,0.3,-0.0029512972273061156,356
twitter,0.3,-0.010723062035242734,357
twitter,0.3,0.005681971713288234,358
twitter,0.3,-0.052599454797966606,359
twitter,0.3,-0.013315028524824857,360
twitter,0.3,-0.004718194641525086,361
twitter,0.3,-0.01902045253476185,362
twitter,0.3,-0.028774992290854482,363
twitter,0.3,-0.002548036744218529,364
twitter,0.3,0.02407870896466068,365
twitter,0.3,0.038723855956828625,366
twitter,0.3,0.00010836012223593725,367
twitter,0.3,-0.011723418006977475,368
twitter,0.3,-0.004156836369241717,369
twitter,0.3,-0.018062020040979544,370
twitter,0.3,-0.0005669372303756529,371
twitter,0.3,-0.008794712732268756,372
twitter,0.3,-0.01073707997322733,373
twitter,0.3,-0.005855661792711927,374
twitter,0.3,-0.0030773603103547834,375
twitter,0.3,-0.04458401798933393,376
twitter,0.3,-0.15213781350731725,377
twitter,0.3,-0.0018296824681827545,378
twitter,0.3,0.060173026095229544,379
twitter,0.3,0.023063556992488358,380
twitter,0.3,0.0085507706893708,381
twitter,0.3,-0.034978123200305224,382
twitter,0.3,-0.0048781243715448905,383
twitter,0.3,0.05460529014008536,384
twitter,0.3,0.0035150364074380603,385
twitter,0.3,-0.02137309948167765,386
twitter,0.3,-0.03558699748136717,387
twitter,0.3,0.014067828135816059,388
twitter,0.3,-0.04676525541212203,389
twitter,0.3,0.04022824461695801,390
twitter,0.3,0.004625194657128635,391
twitter,0.3,0.008211990375880171,392
twitter,0.3,-0.0142042202598083,393
twitter,0.3,-0.015706411130436002,394
twitter,0.3,-0.00948173308618695,395
twitter,0.3,-0.004043817959855296,396
twitter,0.3,-0.001482802435604439,397
twitter,0.3,-0.013677273116134694,398
twitter,0.3,-0.004423844072700283,399
twitter,0.3,-0.002996991268684547,400
twitter,0.3,-0.019934610430920242,401
twitter,0.3,-0.0028504415112922264,402
twitter,0.3,-0.0032213723314185564,403
twitter,0.3,-0.028379852937025808,404
twitter,0.3,-0.014571686591618463,405
twitter,0.3,-0.0042921563521380515,406
twitter,0.3,-0.004708353870317571,407
twitter,0.3,-0.02249961755378772,408
twitter,0.3,-0.009535413949696954,409
twitter,0.3,-0.00671875864789629,410
twitter,0.3,-0.0014666067760915698,411
twitter,0.3,0.004506992763843722,412
twitter,0.3,-0.003692303331180935,413
twitter,0.3,-0.005941882628694675,414
twitter,0.3,0.01566957579075985,415
twitter,0.3,-0.017370854370049458,416
twitter,0.3,0.003402400139611296,417
twitter,0.3,0.0012568116855056367,418
twitter,0.3,0.3393933400909938,419
twitter,0.3,-0.02177142134490722,420
twitter,0.3,-0.02093301830565811,421
twitter,0.3,-0.07199358620113126,422
twitter,0.3,0.0003925782332148654,423
twitter,0.3,0.001341598285246328,424
twitter,0.3,-0.0293242059984155,425
twitter,0.3,-0.0005053855172845123,426
twitter,0.3,0.03546646200083336,427
twitter,0.3,0.0431849131980353,428
twitter,0.3,-0.08962536957806733,429
twitter,0.3,-0.011287526931229516,430
twitter,0.3,0.01699651243026273,431
twitter,0.3,-0.015998290978037965,432
twitter,0.3,0.054567417742207414,433
twitter,0.3,-0.008606726454902375,434
twitter,0.3,0.0435745046043285,435
twitter,0.3,-0.027937308351735742,436
twitter,0.3,-0.008424298588724196,437
twitter,0.3,0.006974835379847673,438
twitter,0.3,-0.10788236229815301,439
twitter,0.3,0.000957687145096743,440
twitter,0.3,-0.0059840024116778025,441
twitter,0.3,0.007685762959769296,442
twitter,0.3,0.0013405306133662217,443
twitter,0.3,0.011978332221157729,444
twitter,0.3,0.006375982255899411,445
twitter,0.3,0.009714598468899351,446
twitter,0.3,0.018781126075255637,447
twitter,0.3,-0.018009880570170292,448
twitter,0.3,-0.015342343811616959,449
twitter,0.3,-0.018672365788653385,450
twitter,0.3,-0.015216152039624986,451
twitter,0.3,-0.029266681011557587,452
twitter,0.3,-0.05544890657735367,453
twitter,0.3,-0.012567386450895439,454
twitter,0.3,-0.01024176679325252,455
twitter,0.3,0.361443380394494,456
twitter,0.3,-0.031258199676083454,457
twitter,0.3,-0.01300989091300753,458
twitter,0.3,-0.014429080638651021,459
twitter,0.3,-0.05910570505742604,460
twitter,0.3,-0.030517920729392706,461
twitter,0.3,-0.04146949861526997,462
twitter,0.3,-0.005795653423838491,463
twitter,0.3,0.024144247903108155,464
twitter,0.3,-0.010534865884133542,465
twitter,0.3,0.03180730409284744,466
twitter,0.3,0.004289361911717138,467
twitter,0.3,-0.00891432206350396,468
twitter,0.3,-0.06968270065203903,469
twitter,0.3,0.030117836133266164,470
twitter,0.3,0.22510404285155022,471
twitter,0.3,-0.10264300409080107,472
twitter,0.3,-0.011806917923303822,473
twitter,0.3,-0.011081098747279975,474
twitter,0.3,0.022909146485402442,475
twitter,0.3,-0.07089402674178781,476
twitter,0.3,-0.011018310774471865,477
twitter,0.3,-0.0006001050085957857,478
twitter,0.3,0.020052136957926642,479
twitter,0.3,-0.06589453200858755,480
twitter,0.3,0.01892443622290958,481
twitter,0.3,0.11451392206895522,482
twitter,0.3,0.009529961756997786,483
twitter,0.3,0.002924365394658573,484
twitter,0.3,-0.026590793624034572,485
twitter,0.3,0.027498891116956282,486
twitter,0.3,-0.09745966923763419,487
twitter,0.3,0.0021946893550837455,488
twitter,0.3,0.008224806675410729,489
twitter,0.3,-0.006134236373848302,490
twitter,0.3,-0.004735865505774391,491
twitter,0.3,0.022703173564985715,492
twitter,0.3,-0.0018451539702986654,493
twitter,0.3,-0.016179885785329952,494
twitter,0.3,0.003698015571163237,495
twitter,0.3,0.022757010844140977,496
twitter,0.3,0.014098842597621751,497
twitter,0.3,0.007321416497613646,498
twitter,0.3,0.06487042633170727,499
twitter,0.3,0.01177987047000367,500
twitter,0.3,0.002912133051616433,501
twitter,0.3,0.002117312315388775,502
twitter,0.3,0.036959700726528315,503
twitter,0.3,0.02561694007605132,504
twitter,0.3,-0.02579672959340305,505
twitter,0.3,0.011528808882124607,506
twitter,0.3,0.03739402286561752,507
twitter,0.3,-0.07539713122048972,508
twitter,0.3,-0.03590332429596358,509
twitter,0.3,-0.11848419027887935,510
twitter,0.3,-0.021014755687039234,511
twitter,0.3,0.007738859701676424,512
twitter,0.3,0.049570348220434296,513
twitter,0.3,-0.0001317412909277837,514
twitter,0.3,0.055722275233046153,515
twitter,0.3,0.001976674232171379,516
twitter,0.3,0.3991408330091087,517
twitter,0.3,0.03400740924649111,518
twitter,0.3,0.014484334219283254,519
twitter,0.3,-0.13749418638994132,520
twitter,0.3,-0.033740757459111155,521
twitter,0.3,-0.057001463202180046,522
twitter,0.3,-0.09557513356497592,523
twitter,0.3,0.2880019248126287,524
twitter,0.3,-0.004630460759796179,525
twitter,0.3,-6.696029679232885e-05,526
twitter,0.3,0.020908884990898713,527
twitter,0.3,-0.044222056952803256,528
twitter,0.3,0.03241427383609723,529
twitter,0.3,0.011469995815269016,530
twitter,0.3,-0.009221232206110104,531
twitter,0.3,0.004253883234361043,532
twitter,0.3,-0.03914744663863636,533
twitter,0.3,0.011050872210577304,534
twitter,0.3,-0.03265453178120651,535
twitter,0.3,0.03851834719875763,536
twitter,0.3,0.011657521078635673,537
twitter,0.3,0.003775649767578848,538
twitter,0.3,0.03705523166576451,539
twitter,0.3,0.009323095855270238,540
twitter,0.3,-0.007759173104107426,541
twitter,0.3,0.04663659105991288,542
twitter,0.3,0.016734119080594564,543
twitter,0.3,0.06295384208900306,544
twitter,0.3,0.0025358556735539215,545
twitter,0.3,-0.15894071270588087,546
twitter,0.3,0.04133203870074673,547
twitter,0.4,0.014759498986427429,0
twitter,0.4,0.008923580911059457,1
twitter,0.4,-0.0018541010827207028,2
twitter,0.4,-0.035061139721547764,3
twitter,0.4,0.008299582461126439,4
twitter,0.4,0.002674761853015936,5
twitter,0.4,-0.0006651354374935963,6
twitter,0.4,-0.0184121980161322,7
twitter,0.4,0.0138192223919938,8
twitter,0.4,-0.04727873801689479,9
twitter,0.4,0.011482042177707548,10
twitter,0.4,0.004240484573986578,11
twitter,0.4,-0.0009695196098061693,12
twitter,0.4,-0.0009259146489141698,13
twitter,0.4,-0.0033081334345999203,14
twitter,0.4,0.005872814585527889,15
twitter,0.4,0.026709282379448855,16
twitter,0.4,0.003961977776186666,17
twitter,0.4,0.005712813834758021,18
twitter,0.4,0.05621099415499709,19
twitter,0.4,-0.0011028764742265725,20
twitter,0.4,0.0037355679591499647,21
twitter,0.4,-0.004416589407170809,22
twitter,0.4,0.0015599904178197495,23
twitter,0.4,0.009835060422108393,24
twitter,0.4,-0.000783813416492687,25
twitter,0.4,0.008368041036720621,26
twitter,0.4,0.005177842281666358,27
twitter,0.4,0.008244940345528577,28
twitter,0.4,-0.014133053796553954,29
twitter,0.4,0.003579616756343291,30
twitter,0.4,0.019850522125640615,31
twitter,0.4,-0.005667765322726735,32
twitter,0.4,-0.0015418902935550871,33
twitter,0.4,0.00239588335992106,34
twitter,0.4,0.0032274159477440824,35
twitter,0.4,0.01712255979396107,36
twitter,0.4,0.01225474988760204,37
twitter,0.4,0.016900491331461657,38
twitter,0.4,0.019581936516793904,39
twitter,0.4,0.06583735292701812,40
twitter,0.4,0.010508621552243056,41
twitter,0.4,0.0003708453633235304,42
twitter,0.4,0.018257317617837235,43
twitter,0.4,0.006803864798596519,44
twitter,0.4,-0.020065983667513092,45
twitter,0.4,0.014317521651089007,46
twitter,0.4,0.0007111056859120602,47
twitter,0.4,0.0007371366600960122,48
twitter,0.4,-0.006008430247187462,49
twitter,0.4,-0.028601030185513084,50
twitter,0.4,0.008345627158632858,51
twitter,0.4,0.02386079348024789,52
twitter,0.4,0.00830795893694927,53
twitter,0.4,0.010639181699845382,54
twitter,0.4,0.021654336632339382,55
twitter,0.4,0.02987108799308685,56
twitter,0.4,-0.0045156900282884134,57
twitter,0.4,0.016171999973274363,58
twitter,0.4,0.0032336721068921335,59
twitter,0.4,0.009240277571063367,60
twitter,0.4,-0.027031665422589224,61
twitter,0.4,0.0020180724979121383,62
twitter,0.4,-0.0045031486729377726,63
twitter,0.4,0.039256979101811126,64
twitter,0.4,0.014770413237396548,65
twitter,0.4,0.024548514289984304,66
twitter,0.4,0.011470532189377568,67
twitter,0.4,-0.006128729718570749,68
twitter,0.4,0.0024871669035631725,69
twitter,0.4,-0.0036691975251063164,70
twitter,0.4,-0.0009369157665513287,71
twitter,0.4,0.22458449544698394,72
twitter,0.4,-0.023686971796154078,73
twitter,0.4,0.014262252276905025,74
twitter,0.4,-0.05822723519593812,75
twitter,0.4,0.00942145464017204,76
twitter,0.4,0.0052087636793264344,77
twitter,0.4,-0.01052483473371011,78
twitter,0.4,0.000936118123376051,79
twitter,0.4,0.008847154173727603,80
twitter,0.4,0.022257271207407798,81
twitter,0.4,-0.010099779997288519,82
twitter,0.4,-0.018145615416830643,83
twitter,0.4,-0.0029669363594169757,84
twitter,0.4,0.03984368457473356,85
twitter,0.4,0.002458071328479182,86
twitter,0.4,0.0010906492717215784,87
twitter,0.4,0.0019043076610052911,88
twitter,0.4,-0.003088351214350765,89
twitter,0.4,0.006689869491479356,90
twitter,0.4,-0.0011412239325079977,91
twitter,0.4,-0.0018604413907348826,92
twitter,0.4,-0.00023930038114013924,93
twitter,0.4,0.013342930935525304,94
twitter,0.4,0.0021849041480723466,95
twitter,0.4,0.006558269098357495,96
twitter,0.4,-0.010160445795320978,97
twitter,0.4,0.005775323091021222,98
twitter,0.4,0.009591752279679655,99
twitter,0.4,-0.0033537905043194327,100
twitter,0.4,-0.007105006431903931,101
twitter,0.4,-0.03385109413791363,102
twitter,0.4,0.023904057851740587,103
twitter,0.4,-0.0017539727892551976,104
twitter,0.4,0.016260187427598133,105
twitter,0.4,-0.02289101988606353,106
twitter,0.4,-0.02423987765876742,107
twitter,0.4,0.00950475507394228,108
twitter,0.4,0.015702904401135233,109
twitter,0.4,0.09281429294606541,110
twitter,0.4,0.02249799493483749,111
twitter,0.4,0.016480928527440767,112
twitter,0.4,0.023233506431925666,113
twitter,0.4,0.0020900770723216405,114
twitter,0.4,0.01512282253100516,115
twitter,0.4,0.025220802023201677,116
twitter,0.4,-0.00022952982942257328,117
twitter,0.4,-0.0014476905794316255,118
twitter,0.4,-0.00422013208926208,119
twitter,0.4,0.018368483052216285,120
twitter,0.4,-0.029466455365676814,121
twitter,0.4,-0.00906754862498377,122
twitter,0.4,-0.0053452008872298135,123
twitter,0.4,0.11786618052528827,124
twitter,0.4,0.349868521841424,125
twitter,0.4,-0.004303641654698476,126
twitter,0.4,0.011198068431146754,127
twitter,0.4,0.01956362834616486,128
twitter,0.4,-0.004135938441772455,129
twitter,0.4,0.006056808949162737,130
twitter,0.4,0.021332330342335337,131
twitter,0.4,0.004153044830215951,132
twitter,0.4,0.00959848321793205,133
twitter,0.4,0.03607868604752009,134
twitter,0.4,0.006978918132155305,135
twitter,0.4,0.009587411787999163,136
twitter,0.4,-0.007974682871249137,137
twitter,0.4,0.03509694840883926,138
twitter,0.4,-0.04223376215400337,139
twitter,0.4,0.05818734709705768,140
twitter,0.4,0.004292942125880634,141
twitter,0.4,0.0042147688690666735,142
twitter,0.4,-0.03992954392375407,143
twitter,0.4,0.004126084877079155,144
twitter,0.4,-0.018177944805052963,145
twitter,0.4,-0.045000975502715326,146
twitter,0.4,-0.01821734790778759,147
twitter,0.4,-0.03765038991415624,148
twitter,0.4,0.006696956776572688,149
twitter,0.4,0.011964369401673123,150
twitter,0.4,0.0048753281644949775,151
twitter,0.4,0.005368592013013904,152
twitter,0.4,0.00963263657688732,153
twitter,0.4,0.03512228689890504,154
twitter,0.4,0.0010981027129081285,155
twitter,0.4,0.009458242442203111,156
twitter,0.4,0.009937962326722536,157
twitter,0.4,-0.0038676526205567658,158
twitter,0.4,0.0010481960224018006,159
twitter,0.4,0.0028324421381038653,160
twitter,0.4,0.0017017492016347282,161
twitter,0.4,0.00045563206356832425,162
twitter,0.4,0.0020461271910836294,163
twitter,0.4,0.009099136560330522,164
twitter,0.4,-0.009946284586950562,165
twitter,0.4,-0.00383844178492989,166
twitter,0.4,0.012454251474324395,167
twitter,0.4,-0.010874918823776236,168
twitter,0.4,0.001327171732114666,169
twitter,0.4,0.039784042105410956,170
twitter,0.4,0.020829940521029287,171
twitter,0.4,0.049401744892555076,172
twitter,0.4,0.006781551184514481,173
twitter,0.4,-0.002314426728938633,174
twitter,0.4,0.001404503959076615,175
twitter,0.4,0.006057702183760786,176
twitter,0.4,0.0015933653359339831,177
twitter,0.4,0.011089944654510709,178
twitter,0.4,-0.021754779177433903,179
twitter,0.4,0.013451844434071951,180
twitter,0.4,0.008545185097919307,181
twitter,0.4,0.014073328980561928,182
twitter,0.4,0.00914190061659612,183
twitter,0.4,0.014649918012305155,184
twitter,0.4,-0.00572438699378996,185
twitter,0.4,0.01184447384880022,186
twitter,0.4,0.01916641357883864,187
twitter,0.4,-0.004803533450184826,188
twitter,0.4,0.02529958512303054,189
twitter,0.4,-0.002393055359656045,190
twitter,0.4,0.007782383785033179,191
twitter,0.4,0.009293312437274196,192
twitter,0.4,0.016391434248462265,193
twitter,0.4,0.003383145129242075,194
twitter,0.4,0.03416554903639352,195
twitter,0.4,0.0982615730646558,196
twitter,0.4,0.016194987192000337,197
twitter,0.4,-0.007430468954422466,198
twitter,0.4,-0.015449163610930024,199
twitter,0.4,-0.03739961473842427,200
twitter,0.4,-0.008070804683737122,201
twitter,0.4,0.011397912355739151,202
twitter,0.4,0.020686674558198448,203
twitter,0.4,-0.002816572434881034,204
twitter,0.4,0.050465116006044336,205
twitter,0.4,0.0015354620350591245,206
twitter,0.4,0.014332882770394507,207
twitter,0.4,-0.015568128502486525,208
twitter,0.4,0.006830154200178616,209
twitter,0.4,0.011256973070252196,210
twitter,0.4,-0.0023042204982197554,211
twitter,0.4,0.012074079492232883,212
twitter,0.4,-0.017501122805505327,213
twitter,0.4,0.012481750153787724,214
twitter,0.4,-0.0004285677207711968,215
twitter,0.4,0.0059834505025109005,216
twitter,0.4,0.018924629754896383,217
twitter,0.4,0.0002683336193635268,218
twitter,0.4,-0.006667359336091262,219
twitter,0.4,-0.006194203277124957,220
twitter,0.4,-0.0037493790803088283,221
twitter,0.4,0.019376400664157988,222
twitter,0.4,0.01433281397921042,223
twitter,0.4,-0.01987278636662286,224
twitter,0.4,0.03090536837389375,225
twitter,0.4,0.0249794087374688,226
twitter,0.4,0.04288388218604641,227
twitter,0.4,0.020828715934787582,228
twitter,0.4,0.009296188746998007,229
twitter,0.4,-0.0052504278783014925,230
twitter,0.4,-0.01683468425366444,231
twitter,0.4,0.022586613662118414,232
twitter,0.4,0.016558463206904506,233
twitter,0.4,0.01593906841840207,234
twitter,0.4,0.024494490255007956,235
twitter,0.4,-0.11759394435404695,236
twitter,0.4,-0.011328404057425025,237
twitter,0.4,0.048055555342868095,238
twitter,0.4,0.008739898613734583,239
twitter,0.4,-0.0377873319854955,240
twitter,0.4,0.01503820381613684,241
twitter,0.4,0.013169700951502822,242
twitter,0.4,0.02466721878980752,243
twitter,0.4,0.00974561654882744,244
twitter,0.4,0.01611451983608271,245
twitter,0.4,0.11420360102135017,246
twitter,0.4,-0.0024615005810125577,247
twitter,0.4,0.014075954348064568,248
twitter,0.4,0.00634965252878713,249
twitter,0.4,0.01347689007852337,250
twitter,0.4,0.00812519135703545,251
twitter,0.4,-0.005122128478589746,252
twitter,0.4,-0.013525103155741392,253
twitter,0.4,-0.017569469740983293,254
twitter,0.4,0.007670698342981902,255
twitter,0.4,0.005060601014457884,256
twitter,0.4,0.026389942478508017,257
twitter,0.4,0.010473567039694069,258
twitter,0.4,0.010507355966358496,259
twitter,0.4,-0.008477724863087356,260
twitter,0.4,-0.015751550303522575,261
twitter,0.4,-0.0009855859050260068,262
twitter,0.4,0.007443514678717736,263
twitter,0.4,0.01587146766728354,264
twitter,0.4,0.03269851275773573,265
twitter,0.4,4.706217514877279e-06,266
twitter,0.4,0.08168318313420649,267
twitter,0.4,-0.016657089658335587,268
twitter,0.4,-0.008282755553515687,269
twitter,0.4,6.514828772533946e-05,270
twitter,0.4,-0.017586973840696497,271
twitter,0.4,-0.00486197628730947,272
twitter,0.4,0.00802591931520311,273
twitter,0.4,0.0073693618406965805,274
twitter,0.4,0.004010524945267282,275
twitter,0.4,-0.010491541635670175,276
twitter,0.4,-0.005741963236680655,277
twitter,0.4,-0.0020293278158921347,278
twitter,0.4,-0.013983598215376123,279
twitter,0.4,-0.017939388023195824,280
twitter,0.4,0.024136387839988446,281
twitter,0.4,0.0375007706629938,282
twitter,0.4,-0.001988639745913812,283
twitter,0.4,0.005495470187073301,284
twitter,0.4,0.01593090989291058,285
twitter,0.4,0.019626782467523696,286
twitter,0.4,0.021782939382867225,287
twitter,0.4,0.030941899400440318,288
twitter,0.4,-0.029007329417059056,289
twitter,0.4,0.004275140746482095,290
twitter,0.4,-0.021373743305911727,291
twitter,0.4,-0.0232253297058492,292
twitter,0.4,-0.01886488635167903,293
twitter,0.4,-0.03147896194226464,294
twitter,0.4,-0.02504820492469995,295
twitter,0.4,-0.025245821922838647,296
twitter,0.4,-0.009501852065570741,297
twitter,0.4,0.02525129150000943,298
twitter,0.4,0.03530235772989547,299
twitter,0.4,0.02782288769020973,300
twitter,0.4,0.00913950185210446,301
twitter,0.4,0.023816646574884064,302
twitter,0.4,0.012657165638293083,303
twitter,0.4,-0.013797191092481417,304
twitter,0.4,-0.036546204541731644,305
twitter,0.4,-0.004477043618189275,306
twitter,0.4,0.010181190915100592,307
twitter,0.4,0.024801488768885452,308
twitter,0.4,0.006880962986711695,309
twitter,0.4,0.010504700427744222,310
twitter,0.4,0.06155190327998051,311
twitter,0.4,0.011630297697574319,312
twitter,0.4,0.030802908464091953,313
twitter,0.4,-0.0018957739189915204,314
twitter,0.4,0.0029598300840403243,315
twitter,0.4,0.0009243150203920213,316
twitter,0.4,0.03426506958870617,317
twitter,0.4,-0.0011238012192483627,318
twitter,0.4,0.0060364985372869185,319
twitter,0.4,0.005473398287924629,320
twitter,0.4,0.0034746660133516973,321
twitter,0.4,-0.006592722697204004,322
twitter,0.4,0.0032960304154197196,323
twitter,0.4,0.011794548129740639,324
twitter,0.4,0.010197246955312314,325
twitter,0.4,-0.013025465301340428,326
twitter,0.4,-0.0564711356679326,327
twitter,0.4,-0.000259100849672058,328
twitter,0.4,0.07446011091727571,329
twitter,0.4,-0.0026920117630281977,330
twitter,0.4,0.0923883564114473,331
twitter,0.4,-0.002598916126266631,332
twitter,0.4,-0.011418878851339027,333
twitter,0.4,0.1882058430578861,334
twitter,0.4,0.06571924010524897,335
twitter,0.4,0.05019650119340496,336
twitter,0.4,-0.045471633393106545,337
twitter,0.4,0.10827556367277928,338
twitter,0.4,0.005209610258887194,339
twitter,0.4,0.005086672155221041,340
twitter,0.4,0.008598474806414217,341
twitter,0.4,0.002587791391868309,342
twitter,0.4,-0.013231843855870137,343
twitter,0.4,-0.014783320738129381,344
twitter,0.4,0.07550688711325519,345
twitter,0.4,0.05584468915577724,346
twitter,0.4,0.061122487908835295,347
twitter,0.4,0.022446420451061124,348
twitter,0.4,-0.009453063868414855,349
twitter,0.4,0.04777219094653533,350
twitter,0.4,-0.08236733980569629,351
twitter,0.4,0.004347749838236291,352
twitter,0.4,0.001851098757949445,353
twitter,0.4,0.008862484611745984,354
twitter,0.4,0.008034773732577064,355
twitter,0.4,0.002682152812883809,356
twitter,0.4,-0.0035552877912532546,357
twitter,0.4,-0.013679546740645306,358
twitter,0.4,-0.10380132002074743,359
twitter,0.4,-0.01330999636997662,360
twitter,0.4,0.013974557851898115,361
twitter,0.4,-0.0033931903910617883,362
twitter,0.4,-0.02004566873770291,363
twitter,0.4,-0.012389376172644082,364
twitter,0.4,0.018242721716611,365
twitter,0.4,-0.029214478092450733,366
twitter,0.4,0.028893391301944203,367
twitter,0.4,0.0068694674256228735,368
twitter,0.4,0.031209954668522,369
twitter,0.4,0.05388360789699102,370
twitter,0.4,0.006430149538473521,371
twitter,0.4,0.007799062043216994,372
twitter,0.4,0.0018948737113629731,373
twitter,0.4,0.0015005609224620817,374
twitter,0.4,-0.010427330495195937,375
twitter,0.4,0.025635924284435264,376
twitter,0.4,0.14418638976436204,377
twitter,0.4,0.0002123568993993298,378
twitter,0.4,-0.02362136599515491,379
twitter,0.4,-0.08823566703363515,380
twitter,0.4,0.0012539770831216273,381
twitter,0.4,0.04934536791210104,382
twitter,0.4,-0.0248017510679417,383
twitter,0.4,0.021660246558319073,384
twitter,0.4,0.0011605881505897247,385
twitter,0.4,-0.004455203288787172,386
twitter,0.4,0.02948272543923512,387
twitter,0.4,-0.011823840208713807,388
twitter,0.4,-0.01922793422216417,389
twitter,0.4,0.014025395502801402,390
twitter,0.4,0.003674648451579551,391
twitter,0.4,-0.01638393941072993,392
twitter,0.4,0.008904775735153301,393
twitter,0.4,0.009748820465806801,394
twitter,0.4,0.005521966056935909,395
twitter,0.4,-0.00046856479356949054,396
twitter,0.4,-0.004231336591077364,397
twitter,0.4,0.04738994363218854,398
twitter,0.4,0.014538331995757419,399
twitter,0.4,-0.019942175264485787,400
twitter,0.4,-0.002547136495630308,401
twitter,0.4,0.00911680520368266,402
twitter,0.4,-0.01820757172777727,403
twitter,0.4,-0.033643219818331786,404
twitter,0.4,-0.008196210678788184,405
twitter,0.4,0.001957316711594937,406
twitter,0.4,-0.001257656710830992,407
twitter,0.4,0.00980599531039009,408
twitter,0.4,-0.0030540455973434655,409
twitter,0.4,-0.026328414008535465,410
twitter,0.4,0.020466750391634213,411
twitter,0.4,-0.010884246888555866,412
twitter,0.4,0.01376162790034322,413
twitter,0.4,0.000836027057131166,414
twitter,0.4,0.012003485213248892,415
twitter,0.4,-0.02618056414181574,416
twitter,0.4,0.00010516537695946173,417
twitter,0.4,-0.0069389049445203665,418
twitter,0.4,0.09718305228271215,419
twitter,0.4,0.005245567247597623,420
twitter,0.4,0.021984372847692925,421
twitter,0.4,-0.02054440595075093,422
twitter,0.4,0.014410169310011411,423
twitter,0.4,0.0035769714786244916,424
twitter,0.4,0.016025904643543924,425
twitter,0.4,-0.03454995480775921,426
twitter,0.4,0.01708659015853656,427
twitter,0.4,-0.06442936614574248,428
twitter,0.4,0.0023938310123093266,429
twitter,0.4,-0.004291098588475838,430
twitter,0.4,-0.002317446091892761,431
twitter,0.4,-0.009139716052975358,432
twitter,0.4,0.02315842875524177,433
twitter,0.4,-0.020313876566758326,434
twitter,0.4,-0.053791145289079384,435
twitter,0.4,-0.0018567550718349903,436
twitter,0.4,0.0322686267059598,437
twitter,0.4,-0.023618480254467167,438
twitter,0.4,0.02536720615987266,439
twitter,0.4,-0.02305433088318996,440
twitter,0.4,0.006008215720939023,441
twitter,0.4,0.0017910816678552285,442
twitter,0.4,-0.013763631578733958,443
twitter,0.4,0.01626507328306138,444
twitter,0.4,0.024804212502053325,445
twitter,0.4,0.0019413431186303092,446
twitter,0.4,0.058731629319828435,447
twitter,0.4,-0.054571985240081756,448
twitter,0.4,-0.008048728161931954,449
twitter,0.4,0.01479967767929539,450
twitter,0.4,-0.03570578857640797,451
twitter,0.4,-0.008394338335527978,452
twitter,0.4,-0.005796164930414309,453
twitter,0.4,-0.0019437999477301194,454
twitter,0.4,0.002721390856303845,455
twitter,0.4,-0.21726919193396835,456
twitter,0.4,-0.05583354289126692,457
twitter,0.4,-0.010013859495002605,458
twitter,0.4,0.0009815862414566839,459
twitter,0.4,-0.047401488125230706,460
twitter,0.4,-0.009434494638557854,461
twitter,0.4,0.03528269455700703,462
twitter,0.4,0.008647728338919523,463
twitter,0.4,0.0005033719454205671,464
twitter,0.4,0.011201566812219153,465
twitter,0.4,-0.04827589194190695,466
twitter,0.4,-0.024467217934534925,467
twitter,0.4,0.027860453420345262,468
twitter,0.4,0.06680635375121385,469
twitter,0.4,0.03576393730245696,470
twitter,0.4,0.17815238387664756,471
twitter,0.4,0.17181392432948608,472
twitter,0.4,-0.0007972506626481956,473
twitter,0.4,-0.0013873940170135036,474
twitter,0.4,-0.028844565718119802,475
twitter,0.4,0.037524650721802014,476
twitter,0.4,0.03779000335565989,477
twitter,0.4,-0.004230895136647341,478
twitter,0.4,-0.008538486081450013,479
twitter,0.4,0.02684825391594495,480
twitter,0.4,-0.0057965765383590625,481
twitter,0.4,-0.09471533488103784,482
twitter,0.4,-0.02843472674085855,483
twitter,0.4,0.005963096771761255,484
twitter,0.4,0.0200385246391681,485
twitter,0.4,-0.05480088264251528,486
twitter,0.4,0.07722462932106246,487
twitter,0.4,0.00011793768235651208,488
twitter,0.4,0.016002388737830973,489
twitter,0.4,0.008036502916101109,490
twitter,0.4,-0.0012946268557133143,491
twitter,0.4,-0.051390741892166455,492
twitter,0.4,-0.10335886572939114,493
twitter,0.4,0.01999847128492453,494
twitter,0.4,-0.012489320294146306,495
twitter,0.4,-0.019310412145690323,496
twitter,0.4,-0.020123681879737527,497
twitter,0.4,-0.0448765647538815,498
twitter,0.4,0.00040434677264362934,499
twitter,0.4,-0.04651313265978506,500
twitter,0.4,0.0072883704581386925,501
twitter,0.4,0.02910834431651736,502
twitter,0.4,-0.0314940328486317,503
twitter,0.4,0.06986949983909313,504
twitter,0.4,0.04150831571257269,505
twitter,0.4,0.0387810929147718,506
twitter,0.4,-0.04500919433477876,507
twitter,0.4,-0.05229536453096401,508
twitter,0.4,0.02901406173962425,509
twitter,0.4,-0.011955911488376061,510
twitter,0.4,-0.018546841715117748,511
twitter,0.4,-0.011602320715703517,512
twitter,0.4,-0.07175568302210547,513
twitter,0.4,-0.0005215391600377205,514
twitter,0.4,0.024193128369268416,515
twitter,0.4,-0.008448684791648873,516
twitter,0.4,-0.4263244206313708,517
twitter,0.4,-0.029439032603373157,518
twitter,0.4,-0.016106788796967513,519
twitter,0.4,0.1342973501379382,520
twitter,0.4,-0.006676027630930363,521
twitter,0.4,-0.11478757382065316,522
twitter,0.4,0.04586550982196081,523
twitter,0.4,0.04143378153482055,524
twitter,0.4,-0.03724480910754402,525
twitter,0.4,-0.04050523021836792,526
twitter,0.4,0.05085088178018362,527
twitter,0.4,0.020851548713451507,528
twitter,0.4,0.01568615881658546,529
twitter,0.4,-0.019959365756496227,530
twitter,0.4,-0.025051626193000994,531
twitter,0.4,0.05958713635967202,532
twitter,0.4,0.027244307677570998,533
twitter,0.4,-0.02158666018808024,534
twitter,0.4,0.03538377173525441,535
twitter,0.4,0.05446974864899804,536
twitter,0.4,-0.035449028799892625,537
twitter,0.4,0.16257606856178564,538
twitter,0.4,-0.036249396913599685,539
twitter,0.4,0.04569308379062271,540
twitter,0.4,0.004258732030573039,541
twitter,0.4,0.0010027735902582726,542
twitter,0.4,0.05727432325331953,543
twitter,0.4,-0.026627988714692918,544
twitter,0.4,0.0006441783010210792,545
twitter,0.4,0.06870825067490705,546
twitter,0.4,-0.003861630827515426,547
twitter,0.5,0.016639974182055567,0
twitter,0.5,-0.012362226904725462,1
twitter,0.5,-0.004441887029303599,2
twitter,0.5,0.021886510919799065,3
twitter,0.5,0.03056206503030655,4
twitter,0.5,-0.0037564010017021587,5
twitter,0.5,-0.01973631197892141,6
twitter,0.5,0.0050265591064659965,7
twitter,0.5,0.029878673555613567,8
twitter,0.5,-0.08315018696306117,9
twitter,0.5,1.7040206086833318e-05,10
twitter,0.5,0.015409212096734902,11
twitter,0.5,0.007680056567965871,12
twitter,0.5,0.002631622695063493,13
twitter,0.5,0.008340744098547227,14
twitter,0.5,-0.004812436043628871,15
twitter,0.5,0.006903556934748783,16
twitter,0.5,0.005675889070756459,17
twitter,0.5,0.001436894581365501,18
twitter,0.5,0.03468236530287847,19
twitter,0.5,0.007261942524911302,20
twitter,0.5,0.0038015980991305317,21
twitter,0.5,-0.0017942940351235422,22
twitter,0.5,0.004658053421860855,23
twitter,0.5,0.009109036209938724,24
twitter,0.5,0.005062269994821213,25
twitter,0.5,0.005093693902062223,26
twitter,0.5,0.012090114712634914,27
twitter,0.5,0.010576861585136894,28
twitter,0.5,0.0060479815241974546,29
twitter,0.5,-0.008330398614257306,30
twitter,0.5,-0.004427059014115672,31
twitter,0.5,0.0022679841346190514,32
twitter,0.5,0.019085004181341382,33
twitter,0.5,0.0036750793869472728,34
twitter,0.5,0.01645577650496823,35
twitter,0.5,-0.04636744095017255,36
twitter,0.5,0.01566448177475048,37
twitter,0.5,0.004244549226731617,38
twitter,0.5,0.029387871612930713,39
twitter,0.5,0.07779481301163325,40
twitter,0.5,0.00328800902923668,41
twitter,0.5,-0.005273768228333066,42
twitter,0.5,0.008968027402211094,43
twitter,0.5,0.02936770935282432,44
twitter,0.5,-0.00038824982182978263,45
twitter,0.5,0.012487252643087738,46
twitter,0.5,0.005087754399190505,47
twitter,0.5,0.01388885381570252,48
twitter,0.5,-0.002379286764348028,49
twitter,0.5,0.018420089464165634,50
twitter,0.5,0.014032577352445013,51
twitter,0.5,0.020661187305348206,52
twitter,0.5,0.005408825610720059,53
twitter,0.5,0.03347683328784912,54
twitter,0.5,0.005974203971949438,55
twitter,0.5,-0.029537832391386052,56
twitter,0.5,0.007179290873380305,57
twitter,0.5,0.000835856683553624,58
twitter,0.5,0.029223984724998295,59
twitter,0.5,-0.001105152247536772,60
twitter,0.5,0.01812042416557,61
twitter,0.5,0.018530108374863644,62
twitter,0.5,-0.0002798779010694589,63
twitter,0.5,0.009728797277226833,64
twitter,0.5,0.010843392456908272,65
twitter,0.5,0.010871132984138799,66
twitter,0.5,0.018176789612718756,67
twitter,0.5,0.010318700149871617,68
twitter,0.5,0.0024977822721293542,69
twitter,0.5,0.007824102113617417,70
twitter,0.5,0.010534297656771224,71
twitter,0.5,0.06517438012062823,72
twitter,0.5,-0.03655486828988863,73
twitter,0.5,-0.0005019755944073827,74
twitter,0.5,0.02921597550879823,75
twitter,0.5,0.0035428039456617305,76
twitter,0.5,0.0007304985701498269,77
twitter,0.5,0.02489306308740754,78
twitter,0.5,0.020122123140847846,79
twitter,0.5,0.014340803131143045,80
twitter,0.5,-0.005160398081166723,81
twitter,0.5,0.07033459597129114,82
twitter,0.5,0.010449496643313,83
twitter,0.5,0.0054489932261720855,84
twitter,0.5,0.004768532884120367,85
twitter,0.5,0.07688494903557881,86
twitter,0.5,0.0041565966069299345,87
twitter,0.5,0.005139077099183811,88
twitter,0.5,0.010238293214793831,89
twitter,0.5,0.01276676992321659,90
twitter,0.5,0.010063472903500745,91
twitter,0.5,-0.0280356638248339,92
twitter,0.5,-0.006460790108663269,93
twitter,0.5,0.009355250928264296,94
twitter,0.5,0.011604210226620513,95
twitter,0.5,0.010234487048044208,96
twitter,0.5,0.005452288922977289,97
twitter,0.5,0.0032205620539247025,98
twitter,0.5,0.012583892102292391,99
twitter,0.5,-0.0007296026730210515,100
twitter,0.5,-0.01809664011050562,101
twitter,0.5,-0.0053067450131274955,102
twitter,0.5,0.011021250172134272,103
twitter,0.5,0.013840237140726434,104
twitter,0.5,0.012339726233893646,105
twitter,0.5,0.0016610925827711637,106
twitter,0.5,0.06154398680595403,107
twitter,0.5,0.014179160229632158,108
twitter,0.5,0.03501410227780821,109
twitter,0.5,-0.268565809839516,110
twitter,0.5,0.018237380698299364,111
twitter,0.5,0.05496826266847584,112
twitter,0.5,0.0342486958847683,113
twitter,0.5,0.00042978039068670146,114
twitter,0.5,0.013000707137104783,115
twitter,0.5,0.022462722543949768,116
twitter,0.5,0.012981629739854122,117
twitter,0.5,0.011473003832846579,118
twitter,0.5,0.014378935996339512,119
twitter,0.5,0.01018966182791784,120
twitter,0.5,0.014022432354350842,121
twitter,0.5,0.015920725873159923,122
twitter,0.5,0.0239335713297447,123
twitter,0.5,0.0043162005789281355,124
twitter,0.5,-0.039925416979799296,125
twitter,0.5,0.011051836711139924,126
twitter,0.5,0.015231026564877726,127
twitter,0.5,-0.0009282616566891966,128
twitter,0.5,0.004743042576890564,129
twitter,0.5,0.006337748204724215,130
twitter,0.5,0.0022687000706036985,131
twitter,0.5,0.030378558062159267,132
twitter,0.5,0.00603847970135567,133
twitter,0.5,0.03397214018847756,134
twitter,0.5,0.023789856864266816,135
twitter,0.5,-0.008677725620846054,136
twitter,0.5,-0.0960402403689493,137
twitter,0.5,0.02366174833752257,138
twitter,0.5,0.0738882703349409,139
twitter,0.5,0.06709707653250634,140
twitter,0.5,-0.0077943233834896165,141
twitter,0.5,-0.0006688736119435345,142
twitter,0.5,0.029856919677791808,143
twitter,0.5,0.018277296772302436,144
twitter,0.5,0.015460028340021411,145
twitter,0.5,0.014816083696937021,146
twitter,0.5,0.0036898020104212995,147
twitter,0.5,-0.03628292169264557,148
twitter,0.5,-0.0017197304731932871,149
twitter,0.5,0.010944601179958857,150
twitter,0.5,0.0029196724785434283,151
twitter,0.5,0.023341401565702188,152
twitter,0.5,0.0016139910120594805,153
twitter,0.5,0.03923037025849521,154
twitter,0.5,0.0015351330375596435,155
twitter,0.5,0.010647406412705757,156
twitter,0.5,0.013386668558443934,157
twitter,0.5,0.005331161804977993,158
twitter,0.5,0.0037794024930066722,159
twitter,0.5,0.0068442835347060325,160
twitter,0.5,0.005655323713893065,161
twitter,0.5,0.009125054025793305,162
twitter,0.5,0.003079346586610499,163
twitter,0.5,0.020117645505988983,164
twitter,0.5,-0.028751537393991545,165
twitter,0.5,0.01064110631086213,166
twitter,0.5,0.005606183084297339,167
twitter,0.5,-0.008973047820173583,168
twitter,0.5,0.010356830195337514,169
twitter,0.5,0.008462369177655225,170
twitter,0.5,-0.04020152870655973,171
twitter,0.5,-0.05758031475935255,172
twitter,0.5,-0.011818953570656753,173
twitter,0.5,0.02684313900740782,174
twitter,0.5,0.008419038229839547,175
twitter,0.5,0.005584240090188586,176
twitter,0.5,0.020740165961831116,177
twitter,0.5,0.005234240328780626,178
twitter,0.5,-0.038856471680663626,179
twitter,0.5,0.010461237077973634,180
twitter,0.5,0.02137554401930043,181
twitter,0.5,0.008424075733855936,182
twitter,0.5,0.0005502880999915012,183
twitter,0.5,0.0010168035160692556,184
twitter,0.5,0.008714650284032656,185
twitter,0.5,0.012651598227731443,186
twitter,0.5,0.011729611587197604,187
twitter,0.5,-0.014664987490888067,188
twitter,0.5,0.008018724883217664,189
twitter,0.5,0.009848507183980023,190
twitter,0.5,0.014941856684381024,191
twitter,0.5,0.006092001082786087,192
twitter,0.5,0.014545509986328765,193
twitter,0.5,0.001469996690807646,194
twitter,0.5,0.0797028315523173,195
twitter,0.5,0.022567469450728007,196
twitter,0.5,0.019934272416874326,197
twitter,0.5,-0.0016854438945805394,198
twitter,0.5,-0.010452056273693574,199
twitter,0.5,-0.010741292467410901,200
twitter,0.5,-0.0013912955903919411,201
twitter,0.5,0.14767971039076153,202
twitter,0.5,0.01413039159688642,203
twitter,0.5,0.013444371296719935,204
twitter,0.5,0.05296441933376609,205
twitter,0.5,0.015848940624573118,206
twitter,0.5,-0.016781275882617797,207
twitter,0.5,-0.005943659555886292,208
twitter,0.5,0.022568906434815416,209
twitter,0.5,0.030525703020777735,210
twitter,0.5,-0.005329752999498511,211
twitter,0.5,-0.0006118276399471364,212
twitter,0.5,0.00860993909807688,213
twitter,0.5,0.014807749699657625,214
twitter,0.5,-0.004699977650659112,215
twitter,0.5,0.011128910863008684,216
twitter,0.5,-0.012808104229654376,217
twitter,0.5,0.006576605038485557,218
twitter,0.5,-0.019284625086002323,219
twitter,0.5,0.03174329247491839,220
twitter,0.5,-0.013400536301688718,221
twitter,0.5,0.0318068693602135,222
twitter,0.5,-0.01768955823947496,223
twitter,0.5,0.003710363180447007,224
twitter,0.5,0.01233256035302197,225
twitter,0.5,0.022566855253073274,226
twitter,0.5,0.05368724512628323,227
twitter,0.5,0.015815711951035084,228
twitter,0.5,0.012059641110956544,229
twitter,0.5,-0.032438321263887855,230
twitter,0.5,0.005387400156737395,231
twitter,0.5,-0.03131532095121838,232
twitter,0.5,0.006731171032981693,233
twitter,0.5,0.010328006491304796,234
twitter,0.5,0.0035275399958060276,235
twitter,0.5,-0.050766242879019395,236
twitter,0.5,4.408374671621794e-05,237
twitter,0.5,0.005455393110694374,238
twitter,0.5,-0.007143698722812888,239
twitter,0.5,0.05463302543459604,240
twitter,0.5,0.012569499579998946,241
twitter,0.5,-0.0021780735537848765,242
twitter,0.5,-0.017809685087826904,243
twitter,0.5,-0.001926272811450192,244
twitter,0.5,0.02188499759465195,245
twitter,0.5,-0.02351586404621243,246
twitter,0.5,-0.013214327027631138,247
twitter,0.5,0.013211655377926521,248
twitter,0.5,0.026427561707227792,249
twitter,0.5,0.0052068197125468545,250
twitter,0.5,0.004587951690423638,251
twitter,0.5,0.026706208938660676,252
twitter,0.5,-0.01803297756683665,253
twitter,0.5,-0.014499092932377259,254
twitter,0.5,0.004755516709044372,255
twitter,0.5,-0.009768638595038575,256
twitter,0.5,0.04617669509686259,257
twitter,0.5,-0.008046243870570291,258
twitter,0.5,-0.006869102761751977,259
twitter,0.5,-0.021973780855243433,260
twitter,0.5,0.006134856520373079,261
twitter,0.5,0.03342703626644197,262
twitter,0.5,0.0569154424992817,263
twitter,0.5,0.009833122834110369,264
twitter,0.5,-0.0005205280454881623,265
twitter,0.5,0.019088918167073022,266
twitter,0.5,-0.01835639750200096,267
twitter,0.5,-0.01162380865352863,268
twitter,0.5,-0.01720236881286699,269
twitter,0.5,-0.003372616393662735,270
twitter,0.5,0.013477494823835355,271
twitter,0.5,0.002775048307406013,272
twitter,0.5,0.050923523851629765,273
twitter,0.5,0.01661549606060067,274
twitter,0.5,0.009261961204761778,275
twitter,0.5,-0.006628975768094025,276
twitter,0.5,0.03178796199148528,277
twitter,0.5,0.0031831486976598516,278
twitter,0.5,0.024955754044890033,279
twitter,0.5,0.03700134030447311,280
twitter,0.5,-0.05754634797901138,281
twitter,0.5,0.04947920043554885,282
twitter,0.5,0.008264006605587263,283
twitter,0.5,0.009109348782565854,284
twitter,0.5,-0.003939852002923312,285
twitter,0.5,0.0016603181048876836,286
twitter,0.5,-0.020347373396561726,287
twitter,0.5,-0.013700965978326403,288
twitter,0.5,0.004375756676977607,289
twitter,0.5,0.010776386575988806,290
twitter,0.5,0.020023647475827598,291
twitter,0.5,-0.0007607933274397463,292
twitter,0.5,0.013297519067973903,293
twitter,0.5,0.0170273429453866,294
twitter,0.5,-0.0007131683510224742,295
twitter,0.5,0.021144526912499868,296
twitter,0.5,0.01486904379586832,297
twitter,0.5,-0.007914297350235109,298
twitter,0.5,0.016095268302988717,299
twitter,0.5,0.011977568647117106,300
twitter,0.5,-0.010669213206839506,301
twitter,0.5,0.03738372871270353,302
twitter,0.5,0.0014678850919013595,303
twitter,0.5,-0.03854328088897887,304
twitter,0.5,-0.010269792722942242,305
twitter,0.5,0.01885184264291812,306
twitter,0.5,0.038353177995696694,307
twitter,0.5,-0.005033566196194016,308
twitter,0.5,-0.021012452036066,309
twitter,0.5,0.01467206475811492,310
twitter,0.5,-0.02869235960881315,311
twitter,0.5,0.0025906078419204864,312
twitter,0.5,-0.09219199604814685,313
twitter,0.5,0.007317695943201129,314
twitter,0.5,0.007635217228579579,315
twitter,0.5,0.0047500789771395,316
twitter,0.5,0.025073397101147664,317
twitter,0.5,-0.000997951546599545,318
twitter,0.5,-0.0022996729097153885,319
twitter,0.5,0.018985296723075498,320
twitter,0.5,0.005068494990286109,321
twitter,0.5,-0.004558279813531802,322
twitter,0.5,0.011716272512467919,323
twitter,0.5,0.032756783080970825,324
twitter,0.5,-0.0006288679800284662,325
twitter,0.5,0.0017226733238445932,326
twitter,0.5,0.006048791031904519,327
twitter,0.5,-0.018117782006314555,328
twitter,0.5,-0.01853066003045224,329
twitter,0.5,0.016471004324106434,330
twitter,0.5,0.018413827470503533,331
twitter,0.5,0.021190420924618047,332
twitter,0.5,-0.0051343821423391065,333
twitter,0.5,-0.06340242212142184,334
twitter,0.5,0.021028546433143024,335
twitter,0.5,0.05474881245041965,336
twitter,0.5,0.04400639794637203,337
twitter,0.5,-0.0013133654769792817,338
twitter,0.5,0.014942644855221352,339
twitter,0.5,0.004991079421457148,340
twitter,0.5,0.013537639718242133,341
twitter,0.5,0.004322307933155365,342
twitter,0.5,0.0031876448900490864,343
twitter,0.5,0.0157811839096795,344
twitter,0.5,0.01070701240122485,345
twitter,0.5,0.02975504303085284,346
twitter,0.5,-0.02854791733424298,347
twitter,0.5,0.029893627657516686,348
twitter,0.5,0.017855769451816297,349
twitter,0.5,0.06289110171558877,350
twitter,0.5,0.06745277349948792,351
twitter,0.5,0.004546126883072063,352
twitter,0.5,0.0005911604661500038,353
twitter,0.5,-0.012441801522758927,354
twitter,0.5,0.01203699353809369,355
twitter,0.5,0.0004961302568331661,356
twitter,0.5,0.016409716200663962,357
twitter,0.5,0.020246428836003905,358
twitter,0.5,-0.07567352480671076,359
twitter,0.5,-0.0021039573941407834,360
twitter,0.5,0.04957974956813537,361
twitter,0.5,-0.004709553914615246,362
twitter,0.5,0.019776560736379723,363
twitter,0.5,-0.017952298040641898,364
twitter,0.5,0.0036497869054073467,365
twitter,0.5,0.008528495964756888,366
twitter,0.5,-0.0020966690917295127,367
twitter,0.5,0.013801024778125181,368
twitter,0.5,0.0021233297173691135,369
twitter,0.5,0.021585029634421868,370
twitter,0.5,0.0032440373525130695,371
twitter,0.5,0.008536775187564247,372
twitter,0.5,-0.00343464006470389,373
twitter,0.5,0.006310496284495896,374
twitter,0.5,-0.008157961804870665,375
twitter,0.5,0.03451916597725416,376
twitter,0.5,-0.028543186560134163,377
twitter,0.5,0.03365968559309679,378
twitter,0.5,0.08828063470556076,379
twitter,0.5,-0.02206372532491126,380
twitter,0.5,0.022148352708778806,381
twitter,0.5,0.04218291265601912,382
twitter,0.5,0.006783639571472712,383
twitter,0.5,0.11460153580331882,384
twitter,0.5,0.0168074321687982,385
twitter,0.5,0.006013039438950617,386
twitter,0.5,-0.03134145418048152,387
twitter,0.5,0.022639634006806453,388
twitter,0.5,-0.002317274644163275,389
twitter,0.5,0.014829468328919685,390
twitter,0.5,0.006143912762911225,391
twitter,0.5,-0.024625388026407655,392
twitter,0.5,0.0005675166618479213,393
twitter,0.5,0.012064476055743912,394
twitter,0.5,0.005763325110063129,395
twitter,0.5,0.0075431847728384,396
twitter,0.5,0.0010703600759578232,397
twitter,0.5,0.026751671796566297,398
twitter,0.5,0.01920677738412098,399
twitter,0.5,0.005375847035231063,400
twitter,0.5,0.013133974904177436,401
twitter,0.5,0.009794683611403987,402
twitter,0.5,0.00626285685502791,403
twitter,0.5,-0.0075848051454654895,404
twitter,0.5,-0.029121159171542038,405
twitter,0.5,0.00662221158429355,406
twitter,0.5,-0.0013154555469600134,407
twitter,0.5,0.012046533348046434,408
twitter,0.5,0.003363030628475082,409
twitter,0.5,0.00787066806326528,410
twitter,0.5,0.013770619104676304,411
twitter,0.5,0.03499948012008554,412
twitter,0.5,0.007652173792902722,413
twitter,0.5,0.0014521366087417514,414
twitter,0.5,0.012359004925358052,415
twitter,0.5,0.0035677161720824462,416
twitter,0.5,-0.013151585400644095,417
twitter,0.5,-0.005280579424629099,418
twitter,0.5,0.015356823195773795,419
twitter,0.5,0.012654932925005531,420
twitter,0.5,0.011209150141322372,421
twitter,0.5,0.0071660279102128575,422
twitter,0.5,0.020008527956969488,423
twitter,0.5,0.006674745328990791,424
twitter,0.5,0.027199097103209207,425
twitter,0.5,-0.018251831483062784,426
twitter,0.5,0.05496031363543799,427
twitter,0.5,0.048701911279651365,428
twitter,0.5,0.01312645974474319,429
twitter,0.5,0.002370794548151372,430
twitter,0.5,0.008962962062169682,431
twitter,0.5,0.04214539714958633,432
twitter,0.5,-0.024057546115577696,433
twitter,0.5,0.028162755605345768,434
twitter,0.5,-0.05403612177405461,435
twitter,0.5,-0.003541375424501834,436
twitter,0.5,0.036326332467498654,437
twitter,0.5,-0.00470039512073297,438
twitter,0.5,-0.038246356940021556,439
twitter,0.5,0.010872946194609654,440
twitter,0.5,0.005905998086599684,441
twitter,0.5,-0.006080578183158112,442
twitter,0.5,-0.008928587062814186,443
twitter,0.5,-0.0016903495633262876,444
twitter,0.5,0.01072735229395281,445
twitter,0.5,0.008634012371659564,446
twitter,0.5,0.0011371601117241377,447
twitter,0.5,-0.01588062113442431,448
twitter,0.5,0.04133144655534275,449
twitter,0.5,-0.015155167923199323,450
twitter,0.5,-0.00876921553845856,451
twitter,0.5,-0.01126102680096482,452
twitter,0.5,-0.034333608996516864,453
twitter,0.5,-1.7188939869016532e-06,454
twitter,0.5,0.016478742731670003,455
twitter,0.5,0.06876115435925226,456
twitter,0.5,-0.00935837070172936,457
twitter,0.5,0.00288932795472797,458
twitter,0.5,0.013553885096512935,459
twitter,0.5,-0.06790919024198681,460
twitter,0.5,-0.07203341166963312,461
twitter,0.5,-0.017905341938921102,462
twitter,0.5,0.00802018915403585,463
twitter,0.5,0.003468259157523031,464
twitter,0.5,0.0038770238272636615,465
twitter,0.5,-0.002561408377229217,466
twitter,0.5,0.05391546210138213,467
twitter,0.5,0.013873553913819182,468
twitter,0.5,0.005579316491434703,469
twitter,0.5,0.02789860494065517,470
twitter,0.5,0.26554509266395854,471
twitter,0.5,0.05208133986801653,472
twitter,0.5,-0.02130319342141653,473
twitter,0.5,0.07581082307100202,474
twitter,0.5,0.07231201304121257,475
twitter,0.5,-0.02230909397410559,476
twitter,0.5,0.022204028323924808,477
twitter,0.5,0.016095217599247594,478
twitter,0.5,0.008042325665552325,479
twitter,0.5,0.043729093169128444,480
twitter,0.5,0.0014417068034091294,481
twitter,0.5,0.052637279583142495,482
twitter,0.5,0.023956755567799266,483
twitter,0.5,-0.008273674300681115,484
twitter,0.5,0.011591121386299969,485
twitter,0.5,-0.02725651304044923,486
twitter,0.5,0.05063197205449955,487
twitter,0.5,0.004907007702623707,488
twitter,0.5,0.011538560603425296,489
twitter,0.5,0.0037880312240593985,490
twitter,0.5,0.031169343723667902,491
twitter,0.5,-0.02234096427312101,492
twitter,0.5,-0.28124616805109953,493
twitter,0.5,-0.03392488721904724,494
twitter,0.5,-0.022525645407092055,495
twitter,0.5,0.011282729158173981,496
twitter,0.5,0.018358386065394576,497
twitter,0.5,0.01916412779861885,498
twitter,0.5,0.03160619439153371,499
twitter,0.5,-0.08850544417657473,500
twitter,0.5,0.003795240073971065,501
twitter,0.5,0.008186028132658157,502
twitter,0.5,0.024095091261356998,503
twitter,0.5,0.022659580238688318,504
twitter,0.5,0.04861335354757488,505
twitter,0.5,-0.008763376891724725,506
twitter,0.5,0.007785953720861245,507
twitter,0.5,-0.03753261600750247,508
twitter,0.5,-0.029229254017310993,509
twitter,0.5,-0.006448816606972681,510
twitter,0.5,-0.029973917371879752,511
twitter,0.5,0.01589851873312856,512
twitter,0.5,0.031233350090606467,513
twitter,0.5,0.008321003285336989,514
twitter,0.5,-0.0411422974254104,515
twitter,0.5,-0.0023708722308056324,516
twitter,0.5,-0.47455902293738866,517
twitter,0.5,0.04299861605084855,518
twitter,0.5,0.027583669246331304,519
twitter,0.5,0.0030236793281669867,520
twitter,0.5,0.02394592621597479,521
twitter,0.5,-0.3179620841254922,522
twitter,0.5,-0.07084546182589978,523
twitter,0.5,0.007134027886367338,524
twitter,0.5,0.051370120444867884,525
twitter,0.5,0.002278237537558915,526
twitter,0.5,-0.17263100118449412,527
twitter,0.5,0.017140847899603323,528
twitter,0.5,0.030589637502392145,529
twitter,0.5,0.03808043080603753,530
twitter,0.5,0.010908350172845119,531
twitter,0.5,-0.018504426608165783,532
twitter,0.5,-0.04625982363661377,533
twitter,0.5,-0.021090017128637985,534
twitter,0.5,-0.012675410280033134,535
twitter,0.5,0.04485825797651585,536
twitter,0.5,-0.025484481742485687,537
twitter,0.5,0.010950120664125667,538
twitter,0.5,0.04639477044995233,539
twitter,0.5,0.07433110551570433,540
twitter,0.5,-0.025063444374053247,541
twitter,0.5,0.10634684672993719,542
twitter,0.5,-0.14537726123608066,543
twitter,0.5,-0.038655595523889946,544
twitter,0.5,0.004147304637485583,545
twitter,0.5,-0.07173863301933635,546
twitter,0.5,-0.027233139507533914,547
polblogs,0.1,0.0021574466518514647,0
polblogs,0.1,-0.005689805160845959,1
polblogs,0.1,0.0029375784400096287,2
polblogs,0.1,-0.003075997861933572,3
polblogs,0.1,-0.007173751623254795,4
polblogs,0.1,0.00016763021347335766,5
polblogs,0.1,-0.0017265319363101554,6
polblogs,0.1,-0.0039584556047008255,7
polblogs,0.1,-0.0027085204706432456,8
polblogs,0.1,0.0007325306791351078,9
polblogs,0.1,-0.00794562713629121,10
polblogs,0.1,-0.003028708471274544,11
polblogs,0.1,-0.0022021844037966357,12
polblogs,0.1,-0.002696705443457357,13
polblogs,0.1,-0.0037769507229099206,14
polblogs,0.1,-0.003623763840238718,15
polblogs,0.1,-0.0002877153528401533,16
polblogs,0.1,-0.0025195346648319286,17
polblogs,0.1,-0.005477259932966939,18
polblogs,0.1,-0.0014002872560689667,19
polblogs,0.1,-0.004746646844996862,20
polblogs,0.1,-0.001708871988282716,21
polblogs,0.1,-0.004420385092372812,22
polblogs,0.1,-0.0003137887483984756,23
polblogs,0.1,-0.0022101931294712927,24
polblogs,0.1,-0.0030230787644745807,25
polblogs,0.1,-0.003900502385273879,26
polblogs,0.1,-0.005376731476081025,27
polblogs,0.1,-0.007931239461353302,28
polblogs,0.1,-0.007154918957442757,29
polblogs,0.1,-0.0018848360197042603,30
polblogs,0.1,-0.0038154284086460363,31
polblogs,0.1,-0.0035837104096251723,32
polblogs,0.1,-0.005456738496824152,33
polblogs,0.1,-0.00033492305016462836,34
polblogs,0.1,-0.0031702584153503275,35
polblogs,0.1,-0.0036303227187795767,36
polblogs,0.1,-0.00346630566019333,37
polblogs,0.1,-0.0052753184715162126,38
polblogs,0.1,-0.0031496181482329644,39
polblogs,0.1,-0.003913089888004131,40
polblogs,0.1,-0.001867570792992271,41
polblogs,0.1,-0.004421675245656147,42
polblogs,0.1,-0.0025097700732275474,43
polblogs,0.1,-0.0005866749390816393,44
polblogs,0.1,-0.0036796825614128182,45
polblogs,0.1,-0.002896722686193466,46
polblogs,0.1,-0.0018482228624930566,47
polblogs,0.1,-0.0014530445153016812,48
polblogs,0.1,-0.004310607034889,49
polblogs,0.1,-0.00734145232444178,50
polblogs,0.1,-0.025818113633843964,51
polblogs,0.1,-0.04930521289802036,52
polblogs,0.1,-0.004485719465371095,53
polblogs,0.1,-0.001202163466211344,54
polblogs,0.1,-0.043975340730936764,55
polblogs,0.1,-0.007152239881586664,56
polblogs,0.1,-0.009637151977595817,57
polblogs,0.1,-0.003910825463679057,58
polblogs,0.1,-0.005774905945871362,59
polblogs,0.1,-0.008461906738158794,60
polblogs,0.1,-0.004372607995043543,61
polblogs,0.1,-0.0002484518121445716,62
polblogs,0.1,-0.004102825163198479,63
polblogs,0.1,-0.0012353061536636927,64
polblogs,0.1,-0.004571549076323307,65
polblogs,0.1,-0.004790355024016279,66
polblogs,0.1,-0.0016274907949593938,67
polblogs,0.1,-0.006040531616032232,68
polblogs,0.1,-0.009664188177672828,69
polblogs,0.1,-0.002325631292142464,70
polblogs,0.1,-0.023539785176543978,71
polblogs,0.1,-0.005563392511226275,72
polblogs,0.1,-0.0031879241624968484,73
polblogs,0.1,-0.004304528022826191,74
polblogs,0.1,-0.00087094231376332,75
polblogs,0.1,0.002064489387800896,76
polblogs,0.1,-0.015207886734191036,77
polblogs,0.1,-0.003941179964161581,78
polblogs,0.1,-0.00044148416364653905,79
polblogs,0.1,-0.0026904231944384683,80
polblogs,0.1,-0.004201456205013122,81
polblogs,0.1,-0.007487873764166771,82
polblogs,0.1,-0.005957321539370397,83
polblogs,0.1,0.030836133895405998,84
polblogs,0.1,-0.0005124173488393829,85
polblogs,0.1,-0.01597390567575758,86
polblogs,0.1,-0.01114833859905677,87
polblogs,0.1,-0.0037492397994105873,88
polblogs,0.1,-0.007118618567167944,89
polblogs,0.1,-0.0017712489966891702,90
polblogs,0.1,-0.0020166767265951137,91
polblogs,0.1,0.0002937304435770947,92
polblogs,0.1,-0.0032109686378716537,93
polblogs,0.1,-0.0015671458989560039,94
polblogs,0.1,-0.005793033566998143,95
polblogs,0.1,-0.0038899772564519,96
polblogs,0.1,-0.002085720889185372,97
polblogs,0.1,-0.006121086257808274,98
polblogs,0.1,-0.00013278145148287135,99
polblogs,0.1,-0.0006181075838961731,100
polblogs,0.1,-0.002623344877117725,101
polblogs,0.1,-0.0016618802342934483,102
polblogs,0.1,-0.00513235155014613,103
polblogs,0.1,-0.0021395781966577184,104
polblogs,0.1,-0.0033685577827554927,105
polblogs,0.1,-0.0030280348106976685,106
polblogs,0.1,0.0005630965552925389,107
polblogs,0.1,-0.0022706408996244283,108
polblogs,0.1,-0.002613432928212889,109
polblogs,0.1,-0.0007933179015597208,110
polblogs,0.1,-0.0050243610005575,111
polblogs,0.1,0.0008190398741964827,112
polblogs,0.1,-0.0009644610422120867,113
polblogs,0.1,0.0012388959935998953,114
polblogs,0.1,-0.003273831621356537,115
polblogs,0.1,-0.002787749071595374,116
polblogs,0.1,-0.0054750792627326714,117
polblogs,0.1,-0.0022177571630825864,118
polblogs,0.1,-0.00506607376547983,119
polblogs,0.1,-0.00277887441537346,120
polblogs,0.1,-0.00028482547221653464,121
polblogs,0.1,-0.000270820341652919,122
polblogs,0.1,5.5207753728276e-05,123
polblogs,0.1,0.00011486448583748135,124
polblogs,0.1,5.331485523467302e-05,125
polblogs,0.1,-0.0006398898147201926,126
polblogs,0.1,-0.005255698516515616,127
polblogs,0.1,-0.005449849463583684,128
polblogs,0.1,-0.004579074476635948,129
polblogs,0.1,-0.00386412647006512,130
polblogs,0.1,-0.00497896387247496,131
polblogs,0.1,-0.005804036890335054,132
polblogs,0.1,-0.003959091211650798,133
polblogs,0.1,-0.006443893281544849,134
polblogs,0.1,-0.0038530795110859216,135
polblogs,0.1,-0.0029398042760479704,136
polblogs,0.1,-0.0034555575721256547,137
polblogs,0.1,-0.0015959661267960588,138
polblogs,0.1,-0.0012823715678998214,139
polblogs,0.1,1.6686538946194977e-06,140
polblogs,0.1,0.004904658440393207,141
polblogs,0.1,-0.0024915621009467303,142
polblogs,0.1,-0.011239618446887268,143
polblogs,0.1,-0.00011318744137810716,144
polblogs,0.1,-0.0014957731825530679,145
polblogs,0.1,-0.0020820875126656866,146
polblogs,0.1,-0.0020305137812300965,147
polblogs,0.1,-0.002974282794797147,148
polblogs,0.1,-0.004673784198238773,149
polblogs,0.1,-0.004089277765537353,150
polblogs,0.1,-0.001955826241159312,151
polblogs,0.1,-0.0035791941022871674,152
polblogs,0.1,-0.0029060843480579693,153
polblogs,0.1,-0.0015933433812278003,154
polblogs,0.1,-0.03993488326929965,155
polblogs,0.1,0.001518424618498624,156
polblogs,0.1,-0.004048202655791446,157
polblogs,0.1,-0.00652790429543993,158
polblogs,0.1,-0.002330523624582401,159
polblogs,0.1,-0.0439092160564874,160
polblogs,0.1,-0.05112804445997083,161
polblogs,0.1,0.005570584265357084,162
polblogs,0.1,-0.0018480290971094537,163
polblogs,0.1,-0.00628497779742063,164
polblogs,0.1,-0.0035577546382428893,165
polblogs,0.1,-0.004765303091370901,166
polblogs,0.1,-0.0009318177290582535,167
polblogs,0.1,-0.0073205135676665594,168
polblogs,0.1,-0.0017251170459861502,169
polblogs,0.1,-0.012525401529129166,170
polblogs,0.1,-0.00240500111169022,171
polblogs,0.1,-0.004235620372246383,172
polblogs,0.1,-0.07374879489802108,173
polblogs,0.1,-0.0208089391583325,174
polblogs,0.1,-0.0028688671507252354,175
polblogs,0.1,-0.0034556152085621706,176
polblogs,0.1,0.000906761348673662,177
polblogs,0.1,-0.0038453771511500106,178
polblogs,0.1,0.0022750823207435423,179
polblogs,0.1,-0.001001318868358291,180
polblogs,0.1,-0.0013620497923741825,181
polblogs,0.1,-0.0020093154868364026,182
polblogs,0.1,-0.002370834383447346,183
polblogs,0.1,0.01306163501495499,184
polblogs,0.1,2.2190300490648443e-05,185
polblogs,0.1,-0.004692566909000455,186
polblogs,0.1,4.80132179744275e-05,187
polblogs,0.1,-0.0057809622435960875,188
polblogs,0.1,0.001335744918004546,189
polblogs,0.1,0.04509169283673073,190
polblogs,0.1,-0.005557856786234128,191
polblogs,0.1,0.0030654332614683225,192
polblogs,0.1,-0.0021962436391491156,193
polblogs,0.1,-0.007057406719857434,194
polblogs,0.1,-0.010200449414599936,195
polblogs,0.1,-0.027841672091379055,196
polblogs,0.1,-0.0016161482126816095,197
polblogs,0.1,0.009998101521695458,198
polblogs,0.1,0.01930675191964017,199
polblogs,0.1,-0.011643833612442355,200
polblogs,0.1,-0.005220678832706488,201
polblogs,0.1,-0.0034762025695767402,202
polblogs,0.1,-0.0029330318195633052,203
polblogs,0.1,-0.0019136264404855594,204
polblogs,0.1,-0.0014265166234187863,205
polblogs,0.1,-0.0003336316474697528,206
polblogs,0.1,-0.006405592034928167,207
polblogs,0.1,0.02846134780136261,208
polblogs,0.1,-0.0034865462918746274,209
polblogs,0.1,-0.031784635207831584,210
polblogs,0.1,0.006891854711357949,211
polblogs,0.1,0.002407946212762464,212
polblogs,0.1,-0.0015528380438613585,213
polblogs,0.1,0.0013025677506546616,214
polblogs,0.1,-0.02498905441071086,215
polblogs,0.1,-0.002629870108117275,216
polblogs,0.1,0.004741445008861989,217
polblogs,0.1,-0.004413339551314317,218
polblogs,0.1,-0.00197479194041579,219
polblogs,0.1,-0.0003312854179202461,220
polblogs,0.1,-0.006245923062037075,221
polblogs,0.1,0.0037966702068479093,222
polblogs,0.1,6.876284892505925e-05,223
polblogs,0.1,-0.0016051864613942156,224
polblogs,0.1,0.011922632984760376,225
polblogs,0.1,-0.009390835122943697,226
polblogs,0.1,0.0021801466262067475,227
polblogs,0.1,0.003389613590879038,228
polblogs,0.1,9.920631923446693e-05,229
polblogs,0.1,0.00041979687627217836,230
polblogs,0.1,-0.0009608643702391172,231
polblogs,0.1,-0.003247883970995664,232
polblogs,0.1,-0.003697963302890876,233
polblogs,0.1,-0.006494953505405851,234
polblogs,0.1,-0.013184851850000156,235
polblogs,0.1,-0.004422471406271407,236
polblogs,0.1,-0.0030439383460569708,237
polblogs,0.1,-0.004899862952001413,238
polblogs,0.1,-0.002738646140955015,239
polblogs,0.1,-0.0045220448595892655,240
polblogs,0.1,0.003187844389768429,241
polblogs,0.1,-0.001503140492503362,242
polblogs,0.1,-0.0029796519859383256,243
polblogs,0.1,-0.006621413766391166,244
polblogs,0.1,-0.0070595276915116365,245
polblogs,0.1,-0.0002575063829198453,246
polblogs,0.1,0.0050187144736440654,247
polblogs,0.1,-0.005348229169247316,248
polblogs,0.1,-0.020645808978842436,249
polblogs,0.1,0.0006299786837637898,250
polblogs,0.1,-0.041059736206771634,251
polblogs,0.1,-0.00890603443127616,252
polblogs,0.1,-0.008364825761734543,253
polblogs,0.1,0.019251846645541595,254
polblogs,0.1,0.0010661846416306325,255
polblogs,0.1,0.0036319821832055676,256
polblogs,0.1,-0.0033467123883906386,257
polblogs,0.1,-0.0026392870162213014,258
polblogs,0.1,-0.004938830631318772,259
polblogs,0.1,8.36215543281895e-05,260
polblogs,0.1,-0.01444532108813196,261
polblogs,0.1,-0.0029429510013576346,262
polblogs,0.1,-0.008247602664631868,263
polblogs,0.1,-0.0007881764739595869,264
polblogs,0.1,-0.005515592393998913,265
polblogs,0.1,-0.003105043961580312,266
polblogs,0.1,-0.007817474797403327,267
polblogs,0.1,0.0017331362536523803,268
polblogs,0.1,-0.00020546663378658394,269
polblogs,0.1,-0.01089061869005883,270
polblogs,0.1,-0.0006625419511459117,271
polblogs,0.1,0.01964099231985697,272
polblogs,0.1,-0.0008944657227802762,273
polblogs,0.1,-0.002475068155283245,274
polblogs,0.1,0.007198861637800568,275
polblogs,0.1,-0.0026703395985561173,276
polblogs,0.1,-0.00341550153077536,277
polblogs,0.1,0.026630123915870132,278
polblogs,0.1,0.0015330593582277958,279
polblogs,0.1,-0.006070977880295666,280
polblogs,0.1,-0.0012833797895478226,281
polblogs,0.1,-6.830990942631393e-05,282
polblogs,0.1,-0.0019951339295585365,283
polblogs,0.1,-0.004285431113066525,284
polblogs,0.1,-0.007291255266159284,285
polblogs,0.1,-0.0016855700489050082,286
polblogs,0.1,0.0035040165991415202,287
polblogs,0.1,0.002146301267237841,288
polblogs,0.1,-0.0005320589585138526,289
polblogs,0.1,-0.0024691137818850083,290
polblogs,0.1,0.0014449890072376667,291
polblogs,0.1,0.01817440861891421,292
polblogs,0.1,-0.0025639684528132186,293
polblogs,0.1,-0.012673274806312054,294
polblogs,0.1,0.0031181260689956613,295
polblogs,0.1,-0.08233259112483268,296
polblogs,0.1,0.006155156138449141,297
polblogs,0.1,0.005143852600540117,298
polblogs,0.1,-0.01771521413452298,299
polblogs,0.1,0.0013592518662133048,300
polblogs,0.1,0.001855970028397506,301
polblogs,0.1,0.001220260839204539,302
polblogs,0.1,0.0060936330470039435,303
polblogs,0.1,-0.03482098898973697,304
polblogs,0.1,0.0008242603747860053,305
polblogs,0.1,0.025133979545979505,306
polblogs,0.1,-0.02298776069743687,307
polblogs,0.1,0.0002642182441366139,308
polblogs,0.1,0.0034107684628038857,309
polblogs,0.1,-0.005539581128193655,310
polblogs,0.1,-0.017018952469553157,311
polblogs,0.1,-0.006156825272800192,312
polblogs,0.1,-0.0049275630006149936,313
polblogs,0.1,-0.0020410903905037974,314
polblogs,0.1,-0.13018585454878764,315
polblogs,0.1,0.001101375280801663,316
polblogs,0.1,-0.018659234738371805,317
polblogs,0.1,-0.0023834565625912214,318
polblogs,0.1,0.007856408966808346,319
polblogs,0.1,-0.005153301543195043,320
polblogs,0.1,0.013627868415729029,321
polblogs,0.1,-0.0016380527250722896,322
polblogs,0.1,-0.018524899631863035,323
polblogs,0.1,-0.003032602635761424,324
polblogs,0.1,-0.0012588677495679458,325
polblogs,0.1,-0.006496821231956499,326
polblogs,0.1,0.008260367189348498,327
polblogs,0.1,6.492489193698597e-05,328
polblogs,0.1,-0.027739169321516582,329
polblogs,0.1,-0.013958680086177165,330
polblogs,0.1,-0.0021650273370884417,331
polblogs,0.1,-0.015041809164517415,332
polblogs,0.1,-0.0014886656949673008,333
polblogs,0.1,0.0042464860996120095,334
polblogs,0.1,0.002624364085147845,335
polblogs,0.1,0.002861347583204399,336
polblogs,0.1,-0.0011092831924130809,337
polblogs,0.1,0.003461736874486963,338
polblogs,0.1,-0.002728428503353365,339
polblogs,0.1,0.005138625876727475,340
polblogs,0.1,-0.001187858433756901,341
polblogs,0.1,-0.028338916449582363,342
polblogs,0.1,0.005759527385892699,343
polblogs,0.1,-0.00011433337925538791,344
polblogs,0.1,-0.016818000184086638,345
polblogs,0.1,0.0016016534454953984,346
polblogs,0.1,0.001204569106222486,347
polblogs,0.1,0.0010137776042962714,348
polblogs,0.1,0.0018451105543712465,349
polblogs,0.1,-0.0027923236334329916,350
polblogs,0.1,-0.006161775172763163,351
polblogs,0.1,-0.0029689810619922138,352
polblogs,0.1,0.005024283665744227,353
polblogs,0.1,0.041243360012936624,354
polblogs,0.1,0.0033058414436189227,355
polblogs,0.1,-0.031920927355901726,356
polblogs,0.1,-0.01431430254883573,357
polblogs,0.1,-0.009585631231572474,358
polblogs,0.1,-0.006994598348636556,359
polblogs,0.1,0.024973655953597417,360
polblogs,0.1,-0.0006892805947597397,361
polblogs,0.1,0.01018811135908453,362
polblogs,0.1,0.03397396419834897,363
polblogs,0.1,0.0029296651299720177,364
polblogs,0.1,-0.00509230452867882,365
polblogs,0.1,0.009320249746081942,366
polblogs,0.1,0.002103327735365242,367
polblogs,0.1,-0.015590808476506466,368
polblogs,0.1,-0.000330272533690294,369
polblogs,0.1,0.0010810985759883394,370
polblogs,0.1,-0.0008357728850891259,371
polblogs,0.1,0.004152911928352011,372
polblogs,0.1,-0.0026829009184422864,373
polblogs,0.1,0.02604722196839441,374
polblogs,0.1,-0.056870688027454375,375
polblogs,0.1,-0.010565218571092093,376
polblogs,0.1,-0.005623498151151284,377
polblogs,0.1,-0.0037040937635456927,378
polblogs,0.1,-0.0008371326040134579,379
polblogs,0.1,-0.0009738618609587688,380
polblogs,0.1,0.02385243041915095,381
polblogs,0.1,0.0047196253422084914,382
polblogs,0.1,-0.008448019799608929,383
polblogs,0.1,-0.008222501986517671,384
polblogs,0.1,0.019714034554267817,385
polblogs,0.1,0.0020740989005580486,386
polblogs,0.1,0.0068603874171329566,387
polblogs,0.1,-0.015349481325997135,388
polblogs,0.1,0.00213023267901433,389
polblogs,0.1,0.002449193743079223,390
polblogs,0.1,-0.026991970352748446,391
polblogs,0.1,-0.00048713707935619925,392
polblogs,0.1,-0.013781436821889731,393
polblogs,0.1,-0.015726075562732016,394
polblogs,0.1,-0.0021721341733568506,395
polblogs,0.1,0.01108230752061846,396
polblogs,0.1,-0.000499164230595399,397
polblogs,0.1,-0.004422145816979034,398
polblogs,0.1,-0.013325481273969259,399
polblogs,0.1,0.0007027228393791533,400
polblogs,0.1,0.002228304915523417,401
polblogs,0.1,-0.0009229925747509957,402
polblogs,0.1,-0.0008654102631385236,403
polblogs,0.1,0.0014830850509693176,404
polblogs,0.1,-0.009619116634036133,405
polblogs,0.1,-0.0051837262056023715,406
polblogs,0.1,-0.004688322107062595,407
polblogs,0.1,0.08868128812452883,408
polblogs,0.1,-0.010392915293393165,409
polblogs,0.1,-0.003739738735240062,410
polblogs,0.1,-0.002030125971940463,411
polblogs,0.1,-0.004970032504089674,412
polblogs,0.1,-0.004195436466574734,413
polblogs,0.1,-0.004375885563118773,414
polblogs,0.1,0.008905630610267728,415
polblogs,0.1,0.07700420379599802,416
polblogs,0.1,0.03425304210514802,417
polblogs,0.1,-0.024171868734283123,418
polblogs,0.1,-0.006774256932831445,419
polblogs,0.1,0.035322382484554854,420
polblogs,0.1,-0.02218386757326563,421
polblogs,0.1,-0.028191960486878453,422
polblogs,0.1,-0.006832364527404787,423
polblogs,0.1,-0.0008639458795560582,424
polblogs,0.1,-0.010783697684816875,425
polblogs,0.1,0.0017316440996932507,426
polblogs,0.1,0.00020831686055285443,427
polblogs,0.1,0.0016484212754013243,428
polblogs,0.1,-0.009822625190228067,429
polblogs,0.1,-0.023159604080132942,430
polblogs,0.1,-0.0023170238032424,431
polblogs,0.1,-0.0006752418478520138,432
polblogs,0.1,0.0032521042995542738,433
polblogs,0.1,0.00041292366048104067,434
polblogs,0.1,-0.007050789478371982,435
polblogs,0.1,-0.0523775658326108,436
polblogs,0.1,-0.03684577467067583,437
polblogs,0.1,0.0022306483732846597,438
polblogs,0.1,0.0563648067175675,439
polblogs,0.1,0.024673990699815358,440
polblogs,0.1,-0.008534904351004206,441
polblogs,0.1,0.0032199432941286926,442
polblogs,0.1,-0.0011525101676935453,443
polblogs,0.1,-0.0003242798359712277,444
polblogs,0.1,-0.01878889068089333,445
polblogs,0.1,0.0006371963869895707,446
polblogs,0.1,-0.02228489555584107,447
polblogs,0.1,-0.002496205978881628,448
polblogs,0.1,-0.03675024671862934,449
polblogs,0.1,0.058129272133420076,450
polblogs,0.1,-0.0036496242768048297,451
polblogs,0.1,-0.005260161690982316,452
polblogs,0.1,-0.00792444788491254,453
polblogs,0.1,0.025786822587187775,454
polblogs,0.1,-0.012982765321674637,455
polblogs,0.1,-0.00290943058756193,456
polblogs,0.1,0.004651188430502204,457
polblogs,0.1,-0.006282169958067992,458
polblogs,0.1,-0.0015954999870727968,459
polblogs,0.1,-0.0006723095045578344,460
polblogs,0.1,0.03356687743348617,461
polblogs,0.1,-0.0071513189728735225,462
polblogs,0.1,-0.010123374622311611,463
polblogs,0.1,-0.003936172488736914,464
polblogs,0.1,-0.05628439862188977,465
polblogs,0.1,-0.04543475026063333,466
polblogs,0.1,0.031474166471318,467
polblogs,0.1,-0.018020399926796885,468
polblogs,0.1,-0.010944322363795672,469
polblogs,0.1,-0.007706793718677112,470
polblogs,0.1,-0.002057159133663971,471
polblogs,0.1,-0.023047727036961556,472
polblogs,0.1,-0.009958128425757324,473
polblogs,0.1,0.057555041136856416,474
polblogs,0.1,-0.009032446292587464,475
polblogs,0.1,0.000388777931026656,476
polblogs,0.1,-0.020243075131741613,477
polblogs,0.1,-0.04336807253284003,478
polblogs,0.1,0.01775644221109484,479
polblogs,0.1,-0.0007407188218670788,480
polblogs,0.1,-0.00012758081119094866,481
polblogs,0.1,0.002259335245461314,482
polblogs,0.1,-0.002740915689300344,483
polblogs,0.1,0.003939395425089139,484
polblogs,0.1,0.0035966445646638204,485
polblogs,0.1,-0.01668590135825017,486
polblogs,0.1,-0.002650936200557136,487
polblogs,0.1,0.034543714252518544,488
polblogs,0.1,-0.00853263025053097,489
polblogs,0.1,-0.005921971444386762,490
polblogs,0.1,-0.02380162230431744,491
polblogs,0.1,0.0013235044112133866,492
polblogs,0.1,-0.011950006650856873,493
polblogs,0.1,-0.03822705821617845,494
polblogs,0.1,0.001795041322035746,495
polblogs,0.1,0.006158157128940348,496
polblogs,0.1,-0.008036651881329852,497
polblogs,0.1,-0.00123458054935958,498
polblogs,0.1,-0.015533881926292063,499
polblogs,0.1,0.039894593862568134,500
polblogs,0.1,0.0017263995985416494,501
polblogs,0.1,0.007474801509957935,502
polblogs,0.1,-0.0405067110417651,503
polblogs,0.1,0.02474308780967317,504
polblogs,0.1,-0.00020173430119371454,505
polblogs,0.1,0.004835641859858706,506
polblogs,0.1,-0.006219422292363575,507
polblogs,0.1,-0.005064762948705616,508
polblogs,0.1,-0.005388930042078798,509
polblogs,0.1,0.004203705089445591,510
polblogs,0.1,0.0012041690488965233,511
polblogs,0.1,-0.00011299261062163186,512
polblogs,0.1,0.0003975514019452228,513
polblogs,0.1,-0.016044484636242626,514
polblogs,0.1,-0.0022701336652100022,515
polblogs,0.1,0.0006246181795029152,516
polblogs,0.1,-0.020713213908568794,517
polblogs,0.1,-0.011778216490450034,518
polblogs,0.1,0.014575917820056041,519
polblogs,0.1,-0.019548676838587183,520
polblogs,0.1,0.0656380100896108,521
polblogs,0.1,0.01789725925680486,522
polblogs,0.1,-2.9161667970020456e-05,523
polblogs,0.1,-0.02278557826153541,524
polblogs,0.1,-0.023895396117163552,525
polblogs,0.1,0.0008888580881898745,526
polblogs,0.1,-0.04948882200318127,527
polblogs,0.1,0.013130684021939981,528
polblogs,0.1,-0.0005686523698620414,529
polblogs,0.1,-0.0042175465135589904,530
polblogs,0.1,0.001187704364577769,531
polblogs,0.1,0.0008249949863773993,532
polblogs,0.1,-6.1584029557853e-05,533
polblogs,0.1,0.0009095989007424751,534
polblogs,0.1,0.002566186257128568,535
polblogs,0.1,0.0011673768501053638,536
polblogs,0.1,0.0009086591964847071,537
polblogs,0.1,-0.034177193321713206,538
polblogs,0.1,0.0029449554030930147,539
polblogs,0.1,-0.038293655838444116,540
polblogs,0.1,-0.011289869895698397,541
polblogs,0.1,-0.011051143658359535,542
polblogs,0.1,0.005551786800716089,543
polblogs,0.1,0.004604957120732964,544
polblogs,0.1,0.003323401601439221,545
polblogs,0.1,0.0009760833227369331,546
polblogs,0.1,0.004691025414043472,547
polblogs,0.1,0.0005866428363800241,548
polblogs,0.1,0.013354964817417941,549
polblogs,0.1,-0.02134467853513062,550
polblogs,0.1,-0.028629051755043856,551
polblogs,0.1,0.0008990045219800333,552
polblogs,0.1,0.01400707521857047,553
polblogs,0.1,0.0001855381527308574,554
polblogs,0.1,-0.010218087550455928,555
polblogs,0.1,0.016452399879846286,556
polblogs,0.1,-0.055106883464571446,557
polblogs,0.1,-0.0475075861515199,558
polblogs,0.1,-0.005504797146817243,559
polblogs,0.1,-0.038430847491521015,560
polblogs,0.1,0.008809967173695563,561
polblogs,0.1,-0.02476126218470444,562
polblogs,0.1,0.065384479549952,563
polblogs,0.1,-0.03755223116903727,564
polblogs,0.1,0.007701574269386684,565
polblogs,0.1,-0.0017263053694632348,566
polblogs,0.1,-0.00803164901878188,567
polblogs,0.1,0.025219991713928813,568
polblogs,0.1,0.00629897727904256,569
polblogs,0.1,0.00412559469272735,570
polblogs,0.1,-0.002483800055989405,571
polblogs,0.1,-0.01246157542712439,572
polblogs,0.1,-0.001536093902750655,573
polblogs,0.1,0.0027881327751675825,574
polblogs,0.1,0.002601247682718209,575
polblogs,0.1,-0.007679912146726482,576
polblogs,0.1,-0.003488903902366531,577
polblogs,0.1,0.01274232312590902,578
polblogs,0.1,-0.008126044122121472,579
polblogs,0.1,0.000307487233651927,580
polblogs,0.1,-0.006206253642027163,581
polblogs,0.1,0.005432917815845715,582
polblogs,0.1,-0.005517390764340443,583
polblogs,0.1,0.010194066850730816,584
polblogs,0.1,-0.003279339032318872,585
polblogs,0.1,-0.03008779089486205,586
polblogs,0.1,-0.014406704019851934,587
polblogs,0.1,-0.04506053255211241,588
polblogs,0.1,-0.012463358954270552,589
polblogs,0.1,0.002239790420695664,590
polblogs,0.1,-0.0004628938484836981,591
polblogs,0.1,0.005867086582409549,592
polblogs,0.1,-0.012597345832417657,593
polblogs,0.1,-0.06623443822108999,594
polblogs,0.1,0.0014478117878846616,595
polblogs,0.1,0.0008975900406177723,596
polblogs,0.1,0.00125196733866028,597
polblogs,0.1,0.027557519068510304,598
polblogs,0.1,0.013621216290187855,599
polblogs,0.1,-0.0005251387376509291,600
polblogs,0.1,-0.0808448581389995,601
polblogs,0.1,-1.2083652415000528e-05,602
polblogs,0.1,0.08385574462762091,603
polblogs,0.1,-0.003796674511504959,604
polblogs,0.1,0.022403034263839994,605
polblogs,0.1,0.015032692690599812,606
polblogs,0.1,0.0162712129909974,607
polblogs,0.1,0.0029023092507824253,608
polblogs,0.1,0.015311009984008967,609
polblogs,0.1,-0.0011229955534887992,610
polblogs,0.1,-0.00415619289418734,611
polblogs,0.1,-0.013024328524012743,612
polblogs,0.1,-0.10644206367562185,613
polblogs,0.1,0.020786086639744537,614
polblogs,0.1,0.03546967344946522,615
polblogs,0.1,-0.07948925694233495,616
polblogs,0.1,-0.04481138045821199,617
polblogs,0.1,0.0011371005711405134,618
polblogs,0.1,-0.007730554424556194,619
polblogs,0.1,-0.06342565172811182,620
polblogs,0.1,0.005307451862189146,621
polblogs,0.1,-0.004596586308559534,622
polblogs,0.1,-0.0022384076321686707,623
polblogs,0.1,-0.02568010485851392,624
polblogs,0.1,-0.0150232536082818,625
polblogs,0.1,-0.0024716307339271047,626
polblogs,0.1,-0.00046191453957686014,627
polblogs,0.1,0.0009617408184520277,628
polblogs,0.1,-0.004907796061009061,629
polblogs,0.1,0.017039663101987235,630
polblogs,0.1,0.09457767125941108,631
polblogs,0.1,0.015927622322636694,632
polblogs,0.1,-0.038857514628852716,633
polblogs,0.1,-0.004083720721174948,634
polblogs,0.1,-0.0003074529594664637,635
polblogs,0.1,-0.0792991676675834,636
polblogs,0.1,-0.013406236092887498,637
polblogs,0.1,0.0007179442223915161,638
polblogs,0.1,-0.028131727209816902,639
polblogs,0.1,-0.008957157721157415,640
polblogs,0.1,-0.019119633824778895,641
polblogs,0.1,-0.01717387699813579,642
polblogs,0.1,-0.0030439093956628727,643
polblogs,0.1,0.10276517162500001,644
polblogs,0.1,-0.01198542141729982,645
polblogs,0.1,-0.039836852363624636,646
polblogs,0.1,-0.00901438458566362,647
polblogs,0.1,0.003322732876834935,648
polblogs,0.1,0.0030683452604746914,649
polblogs,0.1,-0.0007307691631057456,650
polblogs,0.1,0.005416231556574617,651
polblogs,0.1,0.009416073514371851,652
polblogs,0.1,0.004547931228115604,653
polblogs,0.1,-0.023230523580419177,654
polblogs,0.1,-0.030431042501505835,655
polblogs,0.1,-0.004107452476561891,656
polblogs,0.1,-0.0005218126097326461,657
polblogs,0.1,-0.025237333491114237,658
polblogs,0.1,0.014596124832247287,659
polblogs,0.1,-0.01302041229566536,660
polblogs,0.1,0.00725649048650017,661
polblogs,0.1,-0.09449537700427146,662
polblogs,0.1,-0.0011815259038053527,663
polblogs,0.1,-0.00030298214949365913,664
polblogs,0.1,0.0017107959056069152,665
polblogs,0.1,0.0034286258026832253,666
polblogs,0.1,-0.00431377282174456,667
polblogs,0.1,-0.0012506001345094495,668
polblogs,0.1,0.0017667081630054675,669
polblogs,0.1,-0.005489035377917013,670
polblogs,0.1,-0.02605649118363983,671
polblogs,0.1,0.010075661861664385,672
polblogs,0.1,-0.006475947154734904,673
polblogs,0.1,-0.0030735226133058267,674
polblogs,0.1,0.0008796463761054016,675
polblogs,0.1,-0.023755599291322586,676
polblogs,0.1,-0.034560261567470794,677
polblogs,0.1,-0.001539261953700653,678
polblogs,0.1,-0.05566881971117705,679
polblogs,0.1,-0.012182418371658597,680
polblogs,0.1,-0.0013542078711906147,681
polblogs,0.1,0.2961200084795248,682
polblogs,0.1,0.013132586110150762,683
polblogs,0.1,-0.006518623063376635,684
polblogs,0.1,0.0011123313619252951,685
polblogs,0.1,0.000793918590406974,686
polblogs,0.1,0.008442788189104097,687
polblogs,0.1,0.00981847991027908,688
polblogs,0.1,-0.03159016405885174,689
polblogs,0.1,-0.06207873782909219,690
polblogs,0.1,-0.007197177247629599,691
polblogs,0.1,0.0697225754333202,692
polblogs,0.1,0.022685365225228855,693
polblogs,0.1,-0.0342629561185763,694
polblogs,0.1,-0.012127886920961837,695
polblogs,0.1,-0.004272835898783825,696
polblogs,0.1,-0.011341129284379386,697
polblogs,0.1,-0.00971891773082326,698
polblogs,0.1,-0.000765029843904835,699
polblogs,0.1,0.023154661663289392,700
polblogs,0.1,-0.014344261216552556,701
polblogs,0.1,-0.04237788964422285,702
polblogs,0.1,0.0043771813457072605,703
polblogs,0.1,-0.021019831300878748,704
polblogs,0.1,-0.014634217755820815,705
polblogs,0.1,0.001688068831361867,706
polblogs,0.1,0.007899773409838773,707
polblogs,0.1,0.021003999223213547,708
polblogs,0.1,-0.0011521980436156613,709
polblogs,0.1,-0.004952978423548701,710
polblogs,0.1,0.017503981627072784,711
polblogs,0.1,-0.014435128064274928,712
polblogs,0.1,-0.006003492153511342,713
polblogs,0.1,-0.0653232383520156,714
polblogs,0.1,-0.015157150534117893,715
polblogs,0.1,-0.051211452714054376,716
polblogs,0.1,-0.022201940184307788,717
polblogs,0.1,-0.02982745811718524,718
polblogs,0.1,0.0010115793706812787,719
polblogs,0.1,0.005106712450335419,720
polblogs,0.1,-0.10672204565927283,721
polblogs,0.1,-0.0037415931281593187,722
polblogs,0.1,0.004634391005857228,723
polblogs,0.1,-0.14477507551661403,724
polblogs,0.1,-0.012860826247221136,725
polblogs,0.1,-0.031011778916896403,726
polblogs,0.1,-0.023728981108279052,727
polblogs,0.1,-0.003941796000061209,728
polblogs,0.1,-0.01899314166881968,729
polblogs,0.1,0.0004234565933416593,730
polblogs,0.1,0.0001103401262590235,731
polblogs,0.1,0.03994393587857505,732
polblogs,0.1,0.000673055608893946,733
polblogs,0.1,0.0008972119054564158,734
polblogs,0.1,0.0004111783712914262,735
polblogs,0.1,-0.002151263375080529,736
polblogs,0.1,0.0062265204230232685,737
polblogs,0.1,0.006092615998850158,738
polblogs,0.1,0.00015450822254950398,739
polblogs,0.1,0.005094001721900188,740
polblogs,0.1,-0.0009088535873403077,741
polblogs,0.1,-0.003196093339959443,742
polblogs,0.1,-0.007512767774271618,743
polblogs,0.1,0.0025785732639413105,744
polblogs,0.1,0.006657596012473046,745
polblogs,0.1,0.0013084827448028725,746
polblogs,0.1,-0.0017529481450642421,747
polblogs,0.1,0.003552488440361571,748
polblogs,0.1,0.0014338457614979359,749
polblogs,0.1,0.002119039901973609,750
polblogs,0.1,-0.0015954051081600445,751
polblogs,0.1,0.001989943900185087,752
polblogs,0.1,0.004798107022173047,753
polblogs,0.1,-0.007395355253044844,754
polblogs,0.1,-0.005057437580870518,755
polblogs,0.1,0.0132339043151113,756
polblogs,0.1,0.0017755655390028994,757
polblogs,0.1,-0.0002659355488397938,758
polblogs,0.1,0.0004357392472225869,759
polblogs,0.1,-0.0026543993230124263,760
polblogs,0.1,0.004671374293493609,761
polblogs,0.1,-0.002450309792982577,762
polblogs,0.1,4.3698457188697784e-06,763
polblogs,0.1,-0.0045586567318240175,764
polblogs,0.1,0.0012240397566457505,765
polblogs,0.1,9.241132586893897e-06,766
polblogs,0.1,-0.0024112381317081253,767
polblogs,0.1,0.004311002614329961,768
polblogs,0.1,-0.005923733478204611,769
polblogs,0.1,-0.0019692921011938824,770
polblogs,0.1,0.0033418487960367995,771
polblogs,0.1,0.003905672610666111,772
polblogs,0.1,0.011659137963083249,773
polblogs,0.1,0.000913952782752335,774
polblogs,0.1,-0.0010560797380691613,775
polblogs,0.1,-0.00022615672227786358,776
polblogs,0.1,0.01374897269894628,777
polblogs,0.1,-0.015249738222485841,778
polblogs,0.1,0.00046251949850497,779
polblogs,0.1,0.0055226594818903706,780
polblogs,0.1,0.02022942415100757,781
polblogs,0.1,-0.0021672043084719687,782
polblogs,0.1,0.0010062402311652357,783
polblogs,0.1,0.0034223003160204143,784
polblogs,0.1,0.001197649910655603,785
polblogs,0.1,-0.012573734285933523,786
polblogs,0.1,0.0005048854410746428,787
polblogs,0.1,0.009646559768983418,788
polblogs,0.1,0.003985020821951077,789
polblogs,0.1,-0.020581175122059675,790
polblogs,0.1,0.005801427079958495,791
polblogs,0.1,-0.001041868237676975,792
polblogs,0.1,0.02704296762877094,793
polblogs,0.1,0.009676870324515153,794
polblogs,0.1,0.00016186584435067374,795
polblogs,0.1,-0.0003073725782731451,796
polblogs,0.1,-0.002017158903766212,797
polblogs,0.1,0.002441871701406424,798
polblogs,0.1,0.0005579205552244804,799
polblogs,0.1,0.000405215146759052,800
polblogs,0.1,0.004046464812912896,801
polblogs,0.1,0.0034118891739206327,802
polblogs,0.1,0.06736143812707676,803
polblogs,0.1,0.056927339504410084,804
polblogs,0.1,-0.0006382639703782623,805
polblogs,0.1,0.0011277801686621343,806
polblogs,0.1,0.0029706483875578376,807
polblogs,0.1,0.0025876981212703716,808
polblogs,0.1,0.0033556556430767367,809
polblogs,0.1,-0.00044236210305946853,810
polblogs,0.1,-0.00950063490030651,811
polblogs,0.1,-0.013046375769851272,812
polblogs,0.1,0.006736639498302926,813
polblogs,0.1,0.023511359819146805,814
polblogs,0.1,-0.01988972304351093,815
polblogs,0.1,-0.005024341265677547,816
polblogs,0.1,-0.010014221378480829,817
polblogs,0.1,0.0024869388480436567,818
polblogs,0.1,0.002394014605503879,819
polblogs,0.1,0.012105327438360028,820
polblogs,0.1,0.005705005763913161,821
polblogs,0.1,0.002638248287340118,822
polblogs,0.1,0.01584851769441991,823
polblogs,0.1,-0.001677556128576317,824
polblogs,0.1,0.0022660249461125496,825
polblogs,0.1,-0.009889278404185254,826
polblogs,0.1,0.0010092114733215678,827
polblogs,0.1,-0.00018384452457041896,828
polblogs,0.1,-0.008154827561547055,829
polblogs,0.1,-0.008620316363754028,830
polblogs,0.1,0.001905140092091685,831
polblogs,0.1,-0.0006144105219489637,832
polblogs,0.1,0.026903301273273162,833
polblogs,0.1,0.0007189537370551794,834
polblogs,0.1,-0.00020012178706061201,835
polblogs,0.1,0.0038850072108824137,836
polblogs,0.1,-0.0033010543700977,837
polblogs,0.1,0.004676162294554269,838
polblogs,0.1,0.010062811233692799,839
polblogs,0.1,-0.022422945742115778,840
polblogs,0.1,-0.01370809887803314,841
polblogs,0.1,0.0020216988334169008,842
polblogs,0.1,-0.0010264697312826528,843
polblogs,0.1,0.001075307235921048,844
polblogs,0.1,0.0015568917275512102,845
polblogs,0.1,0.002206041911296196,846
polblogs,0.1,-0.01088756338245559,847
polblogs,0.1,-0.003172647830022981,848
polblogs,0.1,0.04718673144773601,849
polblogs,0.1,0.03158878292142402,850
polblogs,0.1,-0.027553704341987718,851
polblogs,0.1,-0.005036763961242555,852
polblogs,0.1,-0.001708021624702536,853
polblogs,0.1,0.006680609904980343,854
polblogs,0.1,-0.008916237168813143,855
polblogs,0.1,-0.004724914720248245,856
polblogs,0.1,-0.00363285540618793,857
polblogs,0.1,0.001268529713434958,858
polblogs,0.1,-0.0016324085805081818,859
polblogs,0.1,0.001952125144114086,860
polblogs,0.1,0.0061876679433242685,861
polblogs,0.1,0.0020214454875616314,862
polblogs,0.1,-0.002896119754546165,863
polblogs,0.1,-0.006738619209801033,864
polblogs,0.1,0.0032413237033935816,865
polblogs,0.1,-0.0006124673537975615,866
polblogs,0.1,0.000411619035538683,867
polblogs,0.1,0.0024645805615226535,868
polblogs,0.1,-0.0015604554834159226,869
polblogs,0.1,0.002593115262645352,870
polblogs,0.1,0.001742751139137963,871
polblogs,0.1,-0.021079218006476365,872
polblogs,0.1,0.01287963732617385,873
polblogs,0.1,0.018692085394412677,874
polblogs,0.1,0.028708592281939074,875
polblogs,0.1,-0.0028689513768841153,876
polblogs,0.1,0.023041486338801192,877
polblogs,0.1,0.0068931815589285406,878
polblogs,0.1,-0.023632120755289223,879
polblogs,0.1,0.007509844957827026,880
polblogs,0.1,-0.0012174744263596829,881
polblogs,0.1,-0.013135109469778467,882
polblogs,0.1,-0.011749668376393524,883
polblogs,0.1,-0.005134738341786123,884
polblogs,0.1,-0.017871605809178057,885
polblogs,0.1,0.027109181379306034,886
polblogs,0.1,0.0008922724055991777,887
polblogs,0.1,0.011444728270914232,888
polblogs,0.1,-0.0005101592053953343,889
polblogs,0.1,-0.002071168845780822,890
polblogs,0.1,-0.0021625713507427663,891
polblogs,0.1,-0.003070036988857364,892
polblogs,0.1,-2.3271300163676434e-05,893
polblogs,0.1,0.006822790905823352,894
polblogs,0.1,-0.003622660272601174,895
polblogs,0.1,-0.0015482462116712505,896
polblogs,0.1,-0.058122849873634454,897
polblogs,0.1,-0.07843623347300689,898
polblogs,0.1,0.008223458212503575,899
polblogs,0.1,-0.01107594522926626,900
polblogs,0.1,-0.0038454480786128896,901
polblogs,0.1,-0.015527771677427206,902
polblogs,0.1,0.009478152302556124,903
polblogs,0.1,-0.0012900815707097232,904
polblogs,0.1,-0.0011520812402111287,905
polblogs,0.1,0.0018477284117828913,906
polblogs,0.1,0.01077483226503907,907
polblogs,0.1,0.02001936047113865,908
polblogs,0.1,0.025189351017478337,909
polblogs,0.1,-0.012411560406087006,910
polblogs,0.1,-0.0009619848218064734,911
polblogs,0.1,-0.0010756253960219936,912
polblogs,0.1,-0.007519466013550338,913
polblogs,0.1,0.005197270142582669,914
polblogs,0.1,-0.0691229864097729,915
polblogs,0.1,-0.007385781161947356,916
polblogs,0.1,-0.004173331252032201,917
polblogs,0.1,0.010309082399463411,918
polblogs,0.1,-0.004519311856783689,919
polblogs,0.1,-0.02704106225200228,920
polblogs,0.1,0.006677810923329926,921
polblogs,0.1,0.005929482500064571,922
polblogs,0.1,0.0033606220034869344,923
polblogs,0.1,0.0022058744343147326,924
polblogs,0.1,0.0034571920057816564,925
polblogs,0.1,-0.0037358923078705626,926
polblogs,0.1,0.003492871717747495,927
polblogs,0.1,-0.0021965321368237075,928
polblogs,0.1,-0.0005160783975608989,929
polblogs,0.1,-0.0005612582811081663,930
polblogs,0.1,0.006429427531600533,931
polblogs,0.1,0.004450106576825649,932
polblogs,0.1,0.0011114761043562232,933
polblogs,0.1,0.0362972341381695,934
polblogs,0.1,0.004230413914675631,935
polblogs,0.1,-0.006631169890272588,936
polblogs,0.1,-0.03631387215106637,937
polblogs,0.1,0.008279879588435311,938
polblogs,0.1,-0.00047068997173867227,939
polblogs,0.1,0.01521801450746986,940
polblogs,0.1,-0.006333302733104054,941
polblogs,0.1,0.01120554344440087,942
polblogs,0.1,-0.06540037802072024,943
polblogs,0.1,-0.010089007696206555,944
polblogs,0.1,-0.0006448811828678743,945
polblogs,0.1,0.0011764799827323241,946
polblogs,0.1,-0.02423142151134693,947
polblogs,0.1,-0.0005432914532160012,948
polblogs,0.1,-0.008532365234785918,949
polblogs,0.1,0.008898587044522767,950
polblogs,0.1,0.004425108520740885,951
polblogs,0.1,0.002720586264002276,952
polblogs,0.1,-0.009156190383328693,953
polblogs,0.1,-0.0009094688998726349,954
polblogs,0.1,-0.00041285398975592904,955
polblogs,0.1,0.005609805184890424,956
polblogs,0.1,0.0020277787181051258,957
polblogs,0.1,0.07139568509402909,958
polblogs,0.1,0.005394573459118402,959
polblogs,0.1,0.029360429311254245,960
polblogs,0.1,0.004254448683029231,961
polblogs,0.1,0.013902627226758548,962
polblogs,0.1,0.00855606327070326,963
polblogs,0.1,0.028478712064039225,964
polblogs,0.1,0.0043541236448077225,965
polblogs,0.1,0.001893440379511748,966
polblogs,0.1,0.008810933315758128,967
polblogs,0.1,0.02838581527706839,968
polblogs,0.1,0.005667429196352457,969
polblogs,0.1,-0.022819823642572176,970
polblogs,0.1,0.0053358400593468535,971
polblogs,0.1,0.00048189706160236303,972
polblogs,0.1,-0.008318122737061928,973
polblogs,0.1,0.03535916747522079,974
polblogs,0.1,-0.004199677303872331,975
polblogs,0.1,0.00031742066672560973,976
polblogs,0.1,-0.0048202418210215245,977
polblogs,0.1,-0.005081827556702253,978
polblogs,0.1,0.00066071451202915,979
polblogs,0.1,0.001247386171630811,980
polblogs,0.1,-0.01730593447796427,981
polblogs,0.1,-0.015282864155195287,982
polblogs,0.1,0.00445590920271931,983
polblogs,0.1,0.005563239988228415,984
polblogs,0.1,0.010459013342879438,985
polblogs,0.1,-0.01700241009071884,986
polblogs,0.1,0.004044832673088899,987
polblogs,0.1,0.03144931252259495,988
polblogs,0.1,0.024612795263524844,989
polblogs,0.1,-0.013354059307159988,990
polblogs,0.1,0.014465463661133394,991
polblogs,0.1,0.014897683758917753,992
polblogs,0.1,-0.04337940620377117,993
polblogs,0.1,-0.0036892078158177297,994
polblogs,0.1,-0.0018951525899422305,995
polblogs,0.1,-0.00528081105094252,996
polblogs,0.1,0.0033987537366684324,997
polblogs,0.1,-0.04141659057194503,998
polblogs,0.1,-0.0190510264560119,999
polblogs,0.1,0.021267631294695964,1000
polblogs,0.1,0.057718026124472355,1001
polblogs,0.1,0.03333489982764885,1002
polblogs,0.1,0.02540008015781613,1003
polblogs,0.1,0.013610549585094807,1004
polblogs,0.1,0.009094600220388481,1005
polblogs,0.1,-0.005583540609165943,1006
polblogs,0.1,0.03585566982594515,1007
polblogs,0.1,-0.0028158850922240016,1008
polblogs,0.1,0.015544086931542285,1009
polblogs,0.1,0.050816683647093235,1010
polblogs,0.1,0.01941033879500546,1011
polblogs,0.1,0.007863393851903927,1012
polblogs,0.1,0.0061974898400236084,1013
polblogs,0.1,-0.0222908733399917,1014
polblogs,0.1,0.06759307442548837,1015
polblogs,0.1,0.049716636830172446,1016
polblogs,0.1,-0.011145926260641101,1017
polblogs,0.1,-0.01927501501534788,1018
polblogs,0.1,0.0017057474445282747,1019
polblogs,0.1,0.012201488025823003,1020
polblogs,0.1,-0.054647704007560256,1021
polblogs,0.1,0.075628792676412,1022
polblogs,0.1,0.01385464837319228,1023
polblogs,0.1,-0.007858166020398773,1024
polblogs,0.1,-0.0018455233028704422,1025
polblogs,0.1,0.0003249091935819587,1026
polblogs,0.1,-0.0018103227734676275,1027
polblogs,0.1,0.00027731503198612174,1028
polblogs,0.1,-0.012536241238064101,1029
polblogs,0.1,-0.05829323922183995,1030
polblogs,0.1,0.01111314239912431,1031
polblogs,0.1,0.0028031033402265847,1032
polblogs,0.1,0.001138073126440436,1033
polblogs,0.1,-0.01716757989271575,1034
polblogs,0.1,0.014004347053965577,1035
polblogs,0.1,-0.008588343155400508,1036
polblogs,0.1,-0.22018291439179205,1037
polblogs,0.1,0.007807180742110964,1038
polblogs,0.1,0.006077426501317053,1039
polblogs,0.1,0.0026438925893838543,1040
polblogs,0.1,-0.0032053800716791586,1041
polblogs,0.1,-0.09044169237775576,1042
polblogs,0.1,0.04511504890992073,1043
polblogs,0.1,0.01571069224353198,1044
polblogs,0.1,-0.001169687708881803,1045
polblogs,0.1,-0.0348332800519942,1046
polblogs,0.1,-0.003745219123132134,1047
polblogs,0.1,-0.001530969195098881,1048
polblogs,0.1,-0.0013489686077263106,1049
polblogs,0.1,0.023735381664558533,1050
polblogs,0.1,-0.001372034537970822,1051
polblogs,0.1,-0.008810299236746104,1052
polblogs,0.1,-0.0006263057385205932,1053
polblogs,0.1,0.015190233414182682,1054
polblogs,0.1,0.005157739596860022,1055
polblogs,0.1,-0.005015331341434076,1056
polblogs,0.1,0.047525517545333594,1057
polblogs,0.1,-0.0019798805192272504,1058
polblogs,0.1,-0.015336848742229686,1059
polblogs,0.1,-0.048337594334118765,1060
polblogs,0.1,0.00162838340638126,1061
polblogs,0.1,-0.03433572005461065,1062
polblogs,0.1,0.03269889624896084,1063
polblogs,0.1,-0.03416566762888315,1064
polblogs,0.1,0.005293075553255557,1065
polblogs,0.1,-0.02505976331283108,1066
polblogs,0.1,0.004303602991209585,1067
polblogs,0.1,0.02427688947878526,1068
polblogs,0.1,0.0034614135726108008,1069
polblogs,0.1,-0.007228891949829788,1070
polblogs,0.1,0.003939696053954284,1071
polblogs,0.1,0.02566247120837084,1072
polblogs,0.1,0.0034231124496588656,1073
polblogs,0.1,0.024677552569312953,1074
polblogs,0.1,-0.04667391345388414,1075
polblogs,0.1,0.012820976901863625,1076
polblogs,0.1,-0.018171752657777825,1077
polblogs,0.1,0.03895429972414121,1078
polblogs,0.1,0.020727821322253134,1079
polblogs,0.1,0.03098856781645639,1080
polblogs,0.1,-0.007214619717529466,1081
polblogs,0.1,0.011721381187762373,1082
polblogs,0.1,-0.002859859576147002,1083
polblogs,0.1,-0.007670414426107894,1084
polblogs,0.1,-0.021166522826409753,1085
polblogs,0.1,-0.014005736486180477,1086
polblogs,0.1,0.009065434489004681,1087
polblogs,0.1,0.017573340155735875,1088
polblogs,0.1,-0.028876803496227947,1089
polblogs,0.1,0.005782017636667094,1090
polblogs,0.1,0.003983737341195013,1091
polblogs,0.1,0.0006490605774686642,1092
polblogs,0.1,0.04674162340566173,1093
polblogs,0.1,-0.04069027310817706,1094
polblogs,0.1,0.014121982067817576,1095
polblogs,0.1,0.0025438333818645726,1096
polblogs,0.1,-0.0016169551708750112,1097
polblogs,0.1,0.00020493883850047085,1098
polblogs,0.1,0.02644832311481071,1099
polblogs,0.1,-0.0005496910155538904,1100
polblogs,0.1,0.023670493636054585,1101
polblogs,0.1,0.0024094661986852643,1102
polblogs,0.1,-0.015568276984228436,1103
polblogs,0.1,-0.0033341795766187233,1104
polblogs,0.1,-0.008581151027197505,1105
polblogs,0.1,0.008725991050688133,1106
polblogs,0.1,-0.006575302037705516,1107
polblogs,0.1,-0.001761860429870009,1108
polblogs,0.1,0.044778995291873264,1109
polblogs,0.1,0.0017879133473719265,1110
polblogs,0.1,0.029382962891543556,1111
polblogs,0.1,-0.0027561428831409376,1112
polblogs,0.1,0.045863160785504724,1113
polblogs,0.1,-0.005375891904884551,1114
polblogs,0.1,-0.05341557781013277,1115
polblogs,0.1,0.00296865255179214,1116
polblogs,0.1,0.010391928259082929,1117
polblogs,0.1,0.007591871248450164,1118
polblogs,0.1,0.025036078919081425,1119
polblogs,0.1,0.013095913245658846,1120
polblogs,0.1,-0.0005387865907376899,1121
polblogs,0.1,0.0015049523041262372,1122
polblogs,0.1,0.0074174372969161104,1123
polblogs,0.1,0.007711642126297083,1124
polblogs,0.1,0.03636105467218906,1125
polblogs,0.1,0.03202205813941884,1126
polblogs,0.1,-0.48583496091454426,1127
polblogs,0.1,-0.05111833714954642,1128
polblogs,0.1,-0.007535525135491737,1129
polblogs,0.1,0.10069424346745845,1130
polblogs,0.1,0.0007845784054044232,1131
polblogs,0.1,-0.03022406782163935,1132
polblogs,0.1,0.14114026853171485,1133
polblogs,0.1,0.0028667729651480687,1134
polblogs,0.1,0.0021855654156709326,1135
polblogs,0.1,-0.005772062455444402,1136
polblogs,0.1,0.005929782773555785,1137
polblogs,0.1,0.0002235645607106434,1138
polblogs,0.1,-0.02441713571777128,1139
polblogs,0.1,-0.030343541454251634,1140
polblogs,0.1,0.039081173870100454,1141
polblogs,0.1,-0.005957382231136089,1142
polblogs,0.1,-0.002982065829461748,1143
polblogs,0.1,-0.01573131022745774,1144
polblogs,0.1,-0.02981107863600575,1145
polblogs,0.1,-0.0017915003551991434,1146
polblogs,0.1,0.0074513394688758665,1147
polblogs,0.1,0.0025442928534641193,1148
polblogs,0.1,0.0051349398316396224,1149
polblogs,0.1,-0.0007645915286646619,1150
polblogs,0.1,-0.011469132214052494,1151
polblogs,0.1,0.008795761271094838,1152
polblogs,0.1,-0.02656206195556992,1153
polblogs,0.1,0.010597885923601502,1154
polblogs,0.1,0.013780981022738958,1155
polblogs,0.1,0.015571607912947366,1156
polblogs,0.1,0.02023901370748317,1157
polblogs,0.1,-0.007883315199705877,1158
polblogs,0.1,-0.0369686697619274,1159
polblogs,0.1,-0.0014069888943561279,1160
polblogs,0.1,-0.0025386131022812103,1161
polblogs,0.1,-0.01037553214253951,1162
polblogs,0.1,-0.009658761680819514,1163
polblogs,0.1,-0.05106406699894979,1164
polblogs,0.1,0.000999632245526643,1165
polblogs,0.1,-0.002241178395400634,1166
polblogs,0.1,-0.005509454532609131,1167
polblogs,0.1,0.010453226379324132,1168
polblogs,0.1,-0.03651922381165548,1169
polblogs,0.1,0.006711245322818669,1170
polblogs,0.1,-0.006122988997973309,1171
polblogs,0.1,-0.006419709097724664,1172
polblogs,0.1,0.02360806096210309,1173
polblogs,0.1,0.0031286910439495452,1174
polblogs,0.1,-0.019179667391924306,1175
polblogs,0.1,-0.020959823108311685,1176
polblogs,0.1,-0.042211006189525266,1177
polblogs,0.1,0.001547499875211608,1178
polblogs,0.1,0.027929309814213453,1179
polblogs,0.1,-0.013639265954816009,1180
polblogs,0.1,-0.002140434940808479,1181
polblogs,0.1,-0.0060174956811709585,1182
polblogs,0.1,0.0008875817559445398,1183
polblogs,0.1,-0.026232378474717426,1184
polblogs,0.1,-0.04493654832774847,1185
polblogs,0.1,0.03569743322683834,1186
polblogs,0.1,-0.02643722334199668,1187
polblogs,0.1,0.0023424857005756214,1188
polblogs,0.1,-0.0344601448294627,1189
polblogs,0.1,0.009886365822906208,1190
polblogs,0.1,0.03468479642084677,1191
polblogs,0.1,-0.01047042370208951,1192
polblogs,0.1,0.060737005629496785,1193
polblogs,0.1,0.01065092274040462,1194
polblogs,0.1,0.0035411047070028068,1195
polblogs,0.1,-0.009911371988281136,1196
polblogs,0.1,0.016540067692947514,1197
polblogs,0.1,0.009782056317235454,1198
polblogs,0.1,0.0060652110749031575,1199
polblogs,0.1,0.02386534266817452,1200
polblogs,0.1,-0.008282902707042048,1201
polblogs,0.1,0.0025486033188409684,1202
polblogs,0.1,0.01814489060160655,1203
polblogs,0.1,0.005202707239290781,1204
polblogs,0.1,-0.00038509092753432597,1205
polblogs,0.1,0.004902872150571638,1206
polblogs,0.1,-0.003042567877760469,1207
polblogs,0.1,7.849848992282084e-05,1208
polblogs,0.1,-0.011227678710068247,1209
polblogs,0.1,0.06385647360031302,1210
polblogs,0.1,0.03658980165186043,1211
polblogs,0.1,0.0003238454320311912,1212
polblogs,0.1,0.00628208806378475,1213
polblogs,0.1,0.008257017513016761,1214
polblogs,0.1,0.0001487820409278943,1215
polblogs,0.1,0.024727243754195567,1216
polblogs,0.1,-0.012042569758538364,1217
polblogs,0.1,-0.016367813735216886,1218
polblogs,0.1,0.007224680989457127,1219
polblogs,0.1,-0.29593851669411997,1220
polblogs,0.1,-0.012051969314702607,1221
polblogs,0.2,-0.008111001335306579,0
polblogs,0.2,-0.000517906972272479,1
polblogs,0.2,-0.007584429180302362,2
polblogs,0.2,-0.002400098250045564,3
polblogs,0.2,-0.0017007677959999328,4
polblogs,0.2,-0.0032044572935613774,5
polblogs,0.2,-0.0029544677862206616,6
polblogs,0.2,-0.002389479893859193,7
polblogs,0.2,-0.0027535521365835247,8
polblogs,0.2,-0.005680760609113236,9
polblogs,0.2,-0.0032901410067134045,10
polblogs,0.2,-0.002883483119633383,11
polblogs,0.2,-0.0018538484184915762,12
polblogs,0.2,-0.001517767638811446,13
polblogs,0.2,-0.0015463742185904304,14
polblogs,0.2,-0.0015827692968285484,15
polblogs,0.2,-0.003174633005521229,16
polblogs,0.2,0.000662573222656283,17
polblogs,0.2,-0.007918333373627708,18
polblogs,0.2,0.0030459758634417073,19
polblogs,0.2,-0.0009036160733306416,20
polblogs,0.2,-0.004063020636646913,21
polblogs,0.2,-0.0034386135473129923,22
polblogs,0.2,-0.0022425666499722437,23
polblogs,0.2,-0.0032201291276046846,24
polblogs,0.2,-0.003023171682902714,25
polblogs,0.2,-0.002516056083977877,26
polblogs,0.2,-0.002695832093977837,27
polblogs,0.2,-0.0035726509300705368,28
polblogs,0.2,-0.00322778294879675,29
polblogs,0.2,-8.734949521056604e-05,30
polblogs,0.2,-0.0017927948917812184,31
polblogs,0.2,-0.0020272403123958666,32
polblogs,0.2,-0.0005754989912932971,33
polblogs,0.2,0.0029476357201365013,34
polblogs,0.2,-0.0016230621983601074,35
polblogs,0.2,-0.0024911524889506564,36
polblogs,0.2,-0.002273822834932668,37
polblogs,0.2,-0.00011732476542908695,38
polblogs,0.2,-0.002775742328322763,39
polblogs,0.2,0.001467632870436272,40
polblogs,0.2,-0.0015927497480550514,41
polblogs,0.2,-0.00258278798352536,42
polblogs,0.2,-0.004276972528128562,43
polblogs,0.2,0.0004940852141945614,44
polblogs,0.2,-0.003298804052175484,45
polblogs,0.2,-0.002850331397419588,46
polblogs,0.2,-0.0025129753958826628,47
polblogs,0.2,-0.0025809675248804854,48
polblogs,0.2,-0.003174442979557657,49
polblogs,0.2,0.003690581050752562,50
polblogs,0.2,0.005651515590676159,51
polblogs,0.2,0.032211035952268534,52
polblogs,0.2,-0.001124165034525224,53
polblogs,0.2,-0.002083598791398366,54
polblogs,0.2,0.05322660064769281,55
polblogs,0.2,-0.0022356171728571727,56
polblogs,0.2,0.0010087229894851415,57
polblogs,0.2,-0.0028222393473520025,58
polblogs,0.2,-0.0029373763786753127,59
polblogs,0.2,-0.004559207539784507,60
polblogs,0.2,-0.0042998354488576855,61
polblogs,0.2,-0.00246715980738137,62
polblogs,0.2,-0.0012956439360463123,63
polblogs,0.2,-0.005855124491619225,64
polblogs,0.2,-0.002347889033085728,65
polblogs,0.2,-0.003783989828917907,66
polblogs,0.2,-0.0011649550527917843,67
polblogs,0.2,-0.0033803510627657455,68
polblogs,0.2,-0.0010958991630602183,69
polblogs,0.2,-0.00461060567366421,70
polblogs,0.2,-0.007013690924931108,71
polblogs,0.2,0.007803649835268933,72
polblogs,0.2,-0.002572343295931867,73
polblogs,0.2,-0.0013195104377789542,74
polblogs,0.2,-0.001938984232683511,75
polblogs,0.2,-0.0016764447485550628,76
polblogs,0.2,-0.011068841025858749,77
polblogs,0.2,-0.002987573644929414,78
polblogs,0.2,-0.0034371661913220985,79
polblogs,0.2,-0.002465621001353968,80
polblogs,0.2,-0.0008165410005759548,81
polblogs,0.2,-0.0014112904599394506,82
polblogs,0.2,-0.0026011551271840983,83
polblogs,0.2,0.03350407406322567,84
polblogs,0.2,-0.001250424494770406,85
polblogs,0.2,-0.013243090608430146,86
polblogs,0.2,0.0018171482067726014,87
polblogs,0.2,-0.0013936946466150378,88
polblogs,0.2,0.009584262670498679,89
polblogs,0.2,-0.001607765594285247,90
polblogs,0.2,-0.0005490772653109117,91
polblogs,0.2,-0.0024798297458700947,92
polblogs,0.2,-0.0027671207962422723,93
polblogs,0.2,-0.002644599071834478,94
polblogs,0.2,-0.0024051263342014517,95
polblogs,0.2,-0.0019749736227593754,96
polblogs,0.2,-0.0010386596024704764,97
polblogs,0.2,-0.0016544840883746248,98
polblogs,0.2,-0.0007875859209970817,99
polblogs,0.2,-0.0021522566527292326,100
polblogs,0.2,-0.003865607017975832,101
polblogs,0.2,-0.0052625621735356955,102
polblogs,0.2,-0.002692658850709878,103
polblogs,0.2,-0.0010893229698026288,104
polblogs,0.2,-0.001757516742696211,105
polblogs,0.2,-0.0027442314528643564,106
polblogs,0.2,-0.0021134089197355752,107
polblogs,0.2,-0.004459283188840011,108
polblogs,0.2,-0.005124700081273427,109
polblogs,0.2,-0.0025795535308511053,110
polblogs,0.2,-0.0013086626995276352,111
polblogs,0.2,-0.004532379450655766,112
polblogs,0.2,-0.0024153838166081445,113
polblogs,0.2,-0.0046429429980855315,114
polblogs,0.2,-0.0019132355065998516,115
polblogs,0.2,-0.0014789392352479395,116
polblogs,0.2,-0.0008269635754977171,117
polblogs,0.2,-0.005478180311969646,118
polblogs,0.2,-0.0023417501235642704,119
polblogs,0.2,-0.002786652975822114,120
polblogs,0.2,-0.002873236707725358,121
polblogs,0.2,-0.0033120219779049246,122
polblogs,0.2,-0.002864358670249867,123
polblogs,0.2,-0.00402898313453905,124
polblogs,0.2,-0.0026570480723353755,125
polblogs,0.2,-0.001782407534849455,126
polblogs,0.2,-0.0019522780393985127,127
polblogs,0.2,0.004708677608991209,128
polblogs,0.2,-0.0008353298268918567,129
polblogs,0.2,0.0009861566401398781,130
polblogs,0.2,-0.002844161763472122,131
polblogs,0.2,-0.0030685122972163798,132
polblogs,0.2,-0.005304065436866145,133
polblogs,0.2,-0.003108620861249138,134
polblogs,0.2,-0.0026272127132416054,135
polblogs,0.2,0.006404029906477388,136
polblogs,0.2,-0.0072260616311991665,137
polblogs,0.2,-0.010211305793116942,138
polblogs,0.2,-0.0038956149979565806,139
polblogs,0.2,-0.000745056292038624,140
polblogs,0.2,0.00021096273075507508,141
polblogs,0.2,0.0020679703547404043,142
polblogs,0.2,0.0031903229503947883,143
polblogs,0.2,0.0017565314208581968,144
polblogs,0.2,-0.00018343840860767373,145
polblogs,0.2,-0.002166280291177371,146
polblogs,0.2,-0.002117271663237471,147
polblogs,0.2,-0.0047483708356669116,148
polblogs,0.2,0.0018240336125516703,149
polblogs,0.2,-0.002397724762537836,150
polblogs,0.2,-0.001421459868692587,151
polblogs,0.2,-0.005096635680697016,152
polblogs,0.2,0.000998695455231044,153
polblogs,0.2,-0.0037009211711406965,154
polblogs,0.2,0.019745058328349396,155
polblogs,0.2,-0.0025735587614845,156
polblogs,0.2,-0.0015677752018991888,157
polblogs,0.2,7.739744368178561e-05,158
polblogs,0.2,-0.0011048808390459485,159
polblogs,0.2,-0.021168376437903258,160
polblogs,0.2,-0.004893333528459121,161
polblogs,0.2,0.0026927453403181446,162
polblogs,0.2,-0.0034992267197054574,163
polblogs,0.2,-0.005685646095938632,164
polblogs,0.2,-0.0002824636643049793,165
polblogs,0.2,-0.003146316966937274,166
polblogs,0.2,-0.0004442358835755829,167
polblogs,0.2,-0.000590273291861373,168
polblogs,0.2,-0.0024868130594609505,169
polblogs,0.2,-0.004088238054548489,170
polblogs,0.2,-0.0018949286667934357,171
polblogs,0.2,-0.0019173864048358973,172
polblogs,0.2,-0.040520445893523035,173
polblogs,0.2,0.005626960951830697,174
polblogs,0.2,-0.001907240408342525,175
polblogs,0.2,0.0032785269343843385,176
polblogs,0.2,-0.0011220877184593928,177
polblogs,0.2,0.0014956302864142766,178
polblogs,0.2,-0.0025235147612202354,179
polblogs,0.2,-0.004032305324597417,180
polblogs,0.2,0.016284414097400616,181
polblogs,0.2,-0.0029250779711574365,182
polblogs,0.2,-0.0026518806362542725,183
polblogs,0.2,-0.02536124745020647,184
polblogs,0.2,0.00032851982770604253,185
polblogs,0.2,-0.0038791981690931058,186
polblogs,0.2,-0.0030367257171111254,187
polblogs,0.2,-0.00986138060193522,188
polblogs,0.2,-0.00024116477671476345,189
polblogs,0.2,-0.02822400824100092,190
polblogs,0.2,-0.003398672166429289,191
polblogs,0.2,-9.664330334565636e-05,192
polblogs,0.2,-0.009816564786586263,193
polblogs,0.2,-0.0031952654183061823,194
polblogs,0.2,0.002811717901990879,195
polblogs,0.2,-0.002284928233095109,196
polblogs,0.2,-0.002850590395518087,197
polblogs,0.2,-0.0026984581803907695,198
polblogs,0.2,0.003807320564836463,199
polblogs,0.2,-0.003918977098509807,200
polblogs,0.2,0.004669043312235223,201
polblogs,0.2,-0.0033967548570744775,202
polblogs,0.2,-0.002692184497604897,203
polblogs,0.2,-0.004985765387891279,204
polblogs,0.2,0.006876169284590707,205
polblogs,0.2,-0.0036078073325474204,206
polblogs,0.2,-0.002417279305017495,207
polblogs,0.2,0.03402593891129723,208
polblogs,0.2,-0.002684670270109276,209
polblogs,0.2,0.015040400136379882,210
polblogs,0.2,0.00016933333778088323,211
polblogs,0.2,0.0018706691362247267,212
polblogs,0.2,-0.0005411757852002359,213
polblogs,0.2,-0.0026035130168301354,214
polblogs,0.2,-0.0063384183929243625,215
polblogs,0.2,-0.003316525895181333,216
polblogs,0.2,-0.004500254932989783,217
polblogs,0.2,0.0008744604829857409,218
polblogs,0.2,-0.0008882154193142805,219
polblogs,0.2,-0.0028841119658296007,220
polblogs,0.2,0.0029402128731843614,221
polblogs,0.2,0.009448235476168835,222
polblogs,0.2,-0.0026740232178227106,223
polblogs,0.2,0.03702496681082693,224
polblogs,0.2,-0.009357917151942749,225
polblogs,0.2,-0.019415320836671728,226
polblogs,0.2,0.0007791122653261348,227
polblogs,0.2,0.006213359304949206,228
polblogs,0.2,-0.007813001187423873,229
polblogs,0.2,-0.012298478542038176,230
polblogs,0.2,0.02094099684833203,231
polblogs,0.2,0.002014758268769582,232
polblogs,0.2,-0.005427557121804224,233
polblogs,0.2,-0.0012686211984814636,234
polblogs,0.2,-0.0048331381350137535,235
polblogs,0.2,0.0010289748978553166,236
polblogs,0.2,-0.0015543434194451114,237
polblogs,0.2,0.00046508018273636037,238
polblogs,0.2,-0.004915363275615671,239
polblogs,0.2,-0.003501988412292332,240
polblogs,0.2,0.0006967917005872669,241
polblogs,0.2,-0.0017227165367904513,242
polblogs,0.2,-0.004910666783676689,243
polblogs,0.2,-0.004184756545703022,244
polblogs,0.2,-0.001430752715438117,245
polblogs,0.2,-0.002296858148930896,246
polblogs,0.2,-0.0061887547728385894,247
polblogs,0.2,-0.001516547835846303,248
polblogs,0.2,-0.019708511248844034,249
polblogs,0.2,-0.006097417830097135,250
polblogs,0.2,-0.0004470581125991836,251
polblogs,0.2,-0.02119245492964487,252
polblogs,0.2,-0.000955071656217465,253
polblogs,0.2,-0.0021345549576892255,254
polblogs,0.2,-0.0006650955605622573,255
polblogs,0.2,0.0631943005001511,256
polblogs,0.2,-0.00031099278793703605,257
polblogs,0.2,-0.0013423814294754497,258
polblogs,0.2,-0.0025501820114929544,259
polblogs,0.2,-0.0011039305024046237,260
polblogs,0.2,0.01923038510612853,261
polblogs,0.2,-0.027432903461567164,262
polblogs,0.2,-0.014196507460197771,263
polblogs,0.2,0.0008330738255922488,264
polblogs,0.2,-0.002084137124904098,265
polblogs,0.2,-0.0025053138447879305,266
polblogs,0.2,0.01783708732702925,267
polblogs,0.2,0.007550549029053392,268
polblogs,0.2,-0.004361391939563897,269
polblogs,0.2,-0.005025129749807793,270
polblogs,0.2,0.03150561702890116,271
polblogs,0.2,0.004511520840478518,272
polblogs,0.2,0.0013309077430364974,273
polblogs,0.2,0.004134794396229556,274
polblogs,0.2,0.007112897942283695,275
polblogs,0.2,-0.005315462390930007,276
polblogs,0.2,0.0003492087011536646,277
polblogs,0.2,0.035470943694685175,278
polblogs,0.2,-0.003683912963523726,279
polblogs,0.2,0.002840147951747603,280
polblogs,0.2,-0.0010461665532623533,281
polblogs,0.2,-0.0033835643392590266,282
polblogs,0.2,-0.004043098175461994,283
polblogs,0.2,0.0005912131882249469,284
polblogs,0.2,-0.002740387476808825,285
polblogs,0.2,-0.005514368762148779,286
polblogs,0.2,-0.0059006326408213156,287
polblogs,0.2,-0.0014110208292967051,288
polblogs,0.2,-0.00518300041840845,289
polblogs,0.2,0.0012285048633508375,290
polblogs,0.2,-0.0033052847820397016,291
polblogs,0.2,0.006365701481433805,292
polblogs,0.2,-0.004147942195424437,293
polblogs,0.2,-0.013425808211026754,294
polblogs,0.2,-0.01869184101401363,295
polblogs,0.2,-0.017793771034743087,296
polblogs,0.2,0.01338391122386084,297
polblogs,0.2,0.004322988079222507,298
polblogs,0.2,0.0035978595610578886,299
polblogs,0.2,-0.0005650641593774198,300
polblogs,0.2,-0.002630001006509955,301
polblogs,0.2,-0.004609720320950286,302
polblogs,0.2,-0.02779445108620699,303
polblogs,0.2,-0.03892959837588315,304
polblogs,0.2,0.0034673685696255353,305
polblogs,0.2,0.0008456801491825669,306
polblogs,0.2,-0.004144880441091836,307
polblogs,0.2,-0.004872427280151707,308
polblogs,0.2,0.010088380310258903,309
polblogs,0.2,-0.0057975910473850875,310
polblogs,0.2,0.01214568741099163,311
polblogs,0.2,0.015135835188785224,312
polblogs,0.2,-0.030665477954526878,313
polblogs,0.2,0.015794132655044577,314
polblogs,0.2,0.05169932892815728,315
polblogs,0.2,-0.002832386289401771,316
polblogs,0.2,0.012432916632309566,317
polblogs,0.2,0.026346621313884648,318
polblogs,0.2,-0.007745731453339826,319
polblogs,0.2,-0.020580408928077092,320
polblogs,0.2,-0.035683455872195485,321
polblogs,0.2,-0.0013490966039194185,322
polblogs,0.2,-0.005067454279030307,323
polblogs,0.2,-0.002327284790395142,324
polblogs,0.2,0.10561654168655232,325
polblogs,0.2,-0.008783389955449984,326
polblogs,0.2,-0.004344708076175169,327
polblogs,0.2,-0.0031814891643905246,328
polblogs,0.2,-0.027249640786760735,329
polblogs,0.2,-0.0038055157835396253,330
polblogs,0.2,-0.008106044893666106,331
polblogs,0.2,-0.05459836394425021,332
polblogs,0.2,-0.005345109128380058,333
polblogs,0.2,0.0007563026768249689,334
polblogs,0.2,-0.001621281643429949,335
polblogs,0.2,-0.0014251977331948883,336
polblogs,0.2,-0.003574083488627096,337
polblogs,0.2,-0.013987528759426514,338
polblogs,0.2,-0.010852604797849854,339
polblogs,0.2,0.02420305758229391,340
polblogs,0.2,-0.004716711859549201,341
polblogs,0.2,-0.08144568037587185,342
polblogs,0.2,-0.006379804775723112,343
polblogs,0.2,-0.0013402342708042486,344
polblogs,0.2,-0.010757935561772973,345
polblogs,0.2,0.0014773705030151714,346
polblogs,0.2,-0.003867340297581124,347
polblogs,0.2,-0.002916726322918106,348
polblogs,0.2,-0.002441875213372446,349
polblogs,0.2,-0.005853128243200469,350
polblogs,0.2,-0.003735906594153163,351
polblogs,0.2,-0.001375079161920046,352
polblogs,0.2,-0.006781428350495531,353
polblogs,0.2,-0.04003974234459095,354
polblogs,0.2,-0.004624282521360457,355
polblogs,0.2,-0.00863696130052505,356
polblogs,0.2,-0.0064724344724120435,357
polblogs,0.2,-0.010915959520661113,358
polblogs,0.2,-0.010945906753470286,359
polblogs,0.2,-0.020141140810622335,360
polblogs,0.2,0.013218669439324319,361
polblogs,0.2,0.020475806289060903,362
polblogs,0.2,-0.08556264004275926,363
polblogs,0.2,-0.006776778372461934,364
polblogs,0.2,0.01104385788231684,365
polblogs,0.2,-0.005283309285614571,366
polblogs,0.2,-0.003057909411629297,367
polblogs,0.2,0.009834073957707636,368
polblogs,0.2,-0.0071117620883837905,369
polblogs,0.2,-0.0001776538531592846,370
polblogs,0.2,-0.00249563161380579,371
polblogs,0.2,0.006811445701633309,372
polblogs,0.2,0.006279793598518588,373
polblogs,0.2,0.10064989324743098,374
polblogs,0.2,-0.022321808500076194,375
polblogs,0.2,-0.0023725500381788114,376
polblogs,0.2,-0.003355892695141372,377
polblogs,0.2,-0.0029739307893751205,378
polblogs,0.2,-0.002292536388690887,379
polblogs,0.2,-0.0071046577176618105,380
polblogs,0.2,0.003185087194487446,381
polblogs,0.2,0.008941160898142238,382
polblogs,0.2,0.005563889239600014,383
polblogs,0.2,0.0008163008280871509,384
polblogs,0.2,0.003934755987442021,385
polblogs,0.2,-0.011188851694922466,386
polblogs,0.2,0.0074741362754891455,387
polblogs,0.2,-2.200711132330576e-05,388
polblogs,0.2,-0.0032516039527306826,389
polblogs,0.2,-0.0055988428561507455,390
polblogs,0.2,0.007500691648927043,391
polblogs,0.2,-0.0019185949380831797,392
polblogs,0.2,2.8882304180050376e-05,393
polblogs,0.2,-0.0244433614966905,394
polblogs,0.2,-0.008133960921701423,395
polblogs,0.2,0.03245474955924871,396
polblogs,0.2,-0.0014800754464994374,397
polblogs,0.2,-0.0002798219318725385,398
polblogs,0.2,-0.0003558144247305693,399
polblogs,0.2,-0.009658053429758203,400
polblogs,0.2,-0.0010133618771519127,401
polblogs,0.2,-0.002270527831299123,402
polblogs,0.2,-0.011056370131455323,403
polblogs,0.2,-0.004992157761611609,404
polblogs,0.2,-0.001003769250399557,405
polblogs,0.2,-0.0030245358698791696,406
polblogs,0.2,-0.005633774161544257,407
polblogs,0.2,0.0022922489139298747,408
polblogs,0.2,0.007692147673534771,409
polblogs,0.2,-0.0008903169756370227,410
polblogs,0.2,0.0009403942782953719,411
polblogs,0.2,-0.005136470647758062,412
polblogs,0.2,-0.012863787052367334,413
polblogs,0.2,-0.0028833490930878576,414
polblogs,0.2,0.0066934384200420805,415
polblogs,0.2,0.03190734837837374,416
polblogs,0.2,-0.04393168922635755,417
polblogs,0.2,-0.011562373846465445,418
polblogs,0.2,0.0008706706669241919,419
polblogs,0.2,-0.014405919780113826,420
polblogs,0.2,-0.006590275549622802,421
polblogs,0.2,-0.012259321180030657,422
polblogs,0.2,-0.014194497188924803,423
polblogs,0.2,-0.0010318978026627908,424
polblogs,0.2,-0.011812171178262674,425
polblogs,0.2,-0.003794279322157211,426
polblogs,0.2,-0.00406388019664461,427
polblogs,0.2,0.005383566109904245,428
polblogs,0.2,0.00652324903008929,429
polblogs,0.2,0.04023059985263084,430
polblogs,0.2,-0.0004917621767582508,431
polblogs,0.2,-0.00034720408664976087,432
polblogs,0.2,-0.03454684993223157,433
polblogs,0.2,0.002584915290133799,434
polblogs,0.2,-0.005445452784342216,435
polblogs,0.2,0.03418937340127731,436
polblogs,0.2,0.018360142424976238,437
polblogs,0.2,0.0001934172362207304,438
polblogs,0.2,0.014997620884679761,439
polblogs,0.2,-0.005858721048164612,440
polblogs,0.2,-0.02951211948686952,441
polblogs,0.2,-0.0010157513409228057,442
polblogs,0.2,-0.0038390663836991978,443
polblogs,0.2,-0.001534707507942478,444
polblogs,0.2,-0.01321319840609427,445
polblogs,0.2,-0.004438447159703836,446
polblogs,0.2,0.011310860936450774,447
polblogs,0.2,-0.006580766404230367,448
polblogs,0.2,-0.02765309440741362,449
polblogs,0.2,-0.08942386778100865,450
polblogs,0.2,-0.0011183347527194592,451
polblogs,0.2,0.002342957972520031,452
polblogs,0.2,-0.016198925448402908,453
polblogs,0.2,-0.024036610710240984,454
polblogs,0.2,-0.001486547469831638,455
polblogs,0.2,-0.004862913819133529,456
polblogs,0.2,0.010610087605609641,457
polblogs,0.2,0.0012709372822336878,458
polblogs,0.2,-0.0026866988712418876,459
polblogs,0.2,0.0011840408906940293,460
polblogs,0.2,-0.017315897716573915,461
polblogs,0.2,-0.04324031292671029,462
polblogs,0.2,-0.012760871331841797,463
polblogs,0.2,0.007645782896822527,464
polblogs,0.2,0.035944794353642145,465
polblogs,0.2,0.008948650397929189,466
polblogs,0.2,-0.01441433858948459,467
polblogs,0.2,-0.0021453001478659124,468
polblogs,0.2,0.007060352130472798,469
polblogs,0.2,-0.002935817612984586,470
polblogs,0.2,-0.0007227150535335088,471
polblogs,0.2,0.04064544492949264,472
polblogs,0.2,-0.005939082471327807,473
polblogs,0.2,0.002035617837931996,474
polblogs,0.2,-0.0012438521363787821,475
polblogs,0.2,-0.007861782494456364,476
polblogs,0.2,-0.011006958232431212,477
polblogs,0.2,0.018036614753838144,478
polblogs,0.2,0.013341248960894997,479
polblogs,0.2,-0.004717650730144635,480
polblogs,0.2,-0.004704575268232303,481
polblogs,0.2,-0.0008658774512669967,482
polblogs,0.2,-0.004073550027066597,483
polblogs,0.2,-0.002193333382183015,484
polblogs,0.2,-0.006650966341280984,485
polblogs,0.2,-0.028990673715867384,486
polblogs,0.2,-0.005881139530208294,487
polblogs,0.2,-0.019968611973204615,488
polblogs,0.2,-0.005339308799117513,489
polblogs,0.2,-0.009227000474182864,490
polblogs,0.2,-0.013864299688013434,491
polblogs,0.2,-0.001832350403430137,492
polblogs,0.2,0.014627460134962298,493
polblogs,0.2,-0.00040706133968641003,494
polblogs,0.2,-0.009935357492548577,495
polblogs,0.2,0.00395003550266895,496
polblogs,0.2,-0.0006188192954433221,497
polblogs,0.2,-0.004744399661318813,498
polblogs,0.2,-0.011295479860316765,499
polblogs,0.2,0.014935043828802513,500
polblogs,0.2,0.0047244050980186246,501
polblogs,0.2,0.014848406770586577,502
polblogs,0.2,-0.004348822953650399,503
polblogs,0.2,0.0570945123934853,504
polblogs,0.2,-0.01054780416088414,505
polblogs,0.2,-0.009772767351285572,506
polblogs,0.2,-0.0008407920256673577,507
polblogs,0.2,-0.0050661775646558055,508
polblogs,0.2,-0.00883839683291851,509
polblogs,0.2,-0.0015959936491500475,510
polblogs,0.2,-0.00424916703567096,511
polblogs,0.2,-0.003965518455227705,512
polblogs,0.2,-0.002681029604432356,513
polblogs,0.2,-0.004924034884217282,514
polblogs,0.2,-0.006465718920623551,515
polblogs,0.2,-0.004287579730360063,516
polblogs,0.2,-0.011002441518220286,517
polblogs,0.2,-0.008816721395024504,518
polblogs,0.2,0.00559248200940568,519
polblogs,0.2,0.005550785128720205,520
polblogs,0.2,-0.041193291209761194,521
polblogs,0.2,-0.18281386392820778,522
polblogs,0.2,0.015396482434247993,523
polblogs,0.2,-0.013366434695748261,524
polblogs,0.2,-0.005023466875115909,525
polblogs,0.2,-0.006701885296610323,526
polblogs,0.2,-0.03367727639121988,527
polblogs,0.2,-0.004626557722261315,528
polblogs,0.2,-0.014802446841511859,529
polblogs,0.2,-0.0032284762552875733,530
polblogs,0.2,-0.005558433429355716,531
polblogs,0.2,0.00014113544163908392,532
polblogs,0.2,-0.0027519746950794635,533
polblogs,0.2,-0.004579446731763218,534
polblogs,0.2,-0.0057870275087617395,535
polblogs,0.2,-0.0070270858945212875,536
polblogs,0.2,-0.008684675567270076,537
polblogs,0.2,-0.002220173801547638,538
polblogs,0.2,-0.11114783709241706,539
polblogs,0.2,0.026490291470911587,540
polblogs,0.2,0.01110107183791604,541
polblogs,0.2,-0.0042838111474495935,542
polblogs,0.2,-0.005148908906457075,543
polblogs,0.2,-0.0005814414379399819,544
polblogs,0.2,-0.0034442815118125732,545
polblogs,0.2,-0.057125713584848234,546
polblogs,0.2,0.006466413319905869,547
polblogs,0.2,-0.004129534743739654,548
polblogs,0.2,0.0010214599064991973,549
polblogs,0.2,-0.02086649709898476,550
polblogs,0.2,0.010596107641486328,551
polblogs,0.2,-0.009222593352732086,552
polblogs,0.2,-0.05694282142834766,553
polblogs,0.2,-0.007713820972121698,554
polblogs,0.2,-0.00275156579673847,555
polblogs,0.2,-0.021021280166822108,556
polblogs,0.2,-0.04253121264182193,557
polblogs,0.2,-0.005696427907665577,558
polblogs,0.2,-0.03174318824711791,559
polblogs,0.2,0.0515854731353064,560
polblogs,0.2,-0.002884868498876509,561
polblogs,0.2,-0.017073436268251536,562
polblogs,0.2,0.0005770797353735017,563
polblogs,0.2,0.04223425769805001,564
polblogs,0.2,-0.0026323977146937316,565
polblogs,0.2,-0.00027479733209219274,566
polblogs,0.2,-0.004023722381571434,567
polblogs,0.2,0.018784329864421526,568
polblogs,0.2,-0.0029048492260249207,569
polblogs,0.2,-0.03145908491447493,570
polblogs,0.2,-0.0029160773343908245,571
polblogs,0.2,-0.017078455568674163,572
polblogs,0.2,0.0065389500420364,573
polblogs,0.2,-0.0024474995724622583,574
polblogs,0.2,-0.0032380542827713235,575
polblogs,0.2,-0.0074187193418734695,576
polblogs,0.2,-0.0010966399399252892,577
polblogs,0.2,0.00939832592481804,578
polblogs,0.2,-0.0021189557398238407,579
polblogs,0.2,-0.002202235038013835,580
polblogs,0.2,-0.00421791586347694,581
polblogs,0.2,-0.026708105603413256,582
polblogs,0.2,-0.0005037198513688611,583
polblogs,0.2,-0.0048595778141390005,584
polblogs,0.2,-0.003922888613904379,585
polblogs,0.2,-0.008389619296264143,586
polblogs,0.2,0.13807530897024728,587
polblogs,0.2,0.10137629260612359,588
polblogs,0.2,0.050222918231031546,589
polblogs,0.2,-0.002517390866073888,590
polblogs,0.2,-0.0027505267445977082,591
polblogs,0.2,0.00242564592900493,592
polblogs,0.2,-0.005949160069051486,593
polblogs,0.2,-0.005925822476197565,594
polblogs,0.2,0.00847007911175408,595
polblogs,0.2,0.010416493997103406,596
polblogs,0.2,-0.012773479724222053,597
polblogs,0.2,-0.006280195364204714,598
polblogs,0.2,0.01636084850454851,599
polblogs,0.2,0.0018368389150081696,600
polblogs,0.2,0.03221930195547265,601
polblogs,0.2,-0.002066920921735735,602
polblogs,0.2,-0.3816828531783642,603
polblogs,0.2,0.006206709030157053,604
polblogs,0.2,-0.038447309392362565,605
polblogs,0.2,-0.000485770484159001,606
polblogs,0.2,0.032903163403307116,607
polblogs,0.2,-0.0018323665367302822,608
polblogs,0.2,0.0006556052485870934,609
polblogs,0.2,-0.001126121558588066,610
polblogs,0.2,-0.044526416593642815,611
polblogs,0.2,-0.01615268256252149,612
polblogs,0.2,0.024368804549142177,613
polblogs,0.2,-0.0076580684527821135,614
polblogs,0.2,0.0026765626966482802,615
polblogs,0.2,-0.02721581948055575,616
polblogs,0.2,0.044154585197862015,617
polblogs,0.2,-0.04107779408501979,618
polblogs,0.2,-0.01613436908382814,619
polblogs,0.2,-0.07132065550148255,620
polblogs,0.2,-0.026742243840500703,621
polblogs,0.2,0.0012879691134865783,622
polblogs,0.2,-0.005290825281893188,623
polblogs,0.2,0.014037378045480872,624
polblogs,0.2,-0.002550737907704723,625
polblogs,0.2,-0.007736617638336895,626
polblogs,0.2,-0.006938648715016287,627
polblogs,0.2,-0.0018769311274749708,628
polblogs,0.2,-0.0008848837417203549,629
polblogs,0.2,-0.007508918316454832,630
polblogs,0.2,0.007499787171735691,631
polblogs,0.2,-0.012972071681773454,632
polblogs,0.2,0.023505863778458924,633
polblogs,0.2,-0.006719959737288052,634
polblogs,0.2,-0.0007493056205656035,635
polblogs,0.2,-0.09220214816824315,636
polblogs,0.2,0.015717576185209806,637
polblogs,0.2,0.02693500528183695,638
polblogs,0.2,-0.0216737011570406,639
polblogs,0.2,-0.006147479453904795,640
polblogs,0.2,0.1713492733190337,641
polblogs,0.2,0.006673648312341347,642
polblogs,0.2,0.013075775757311696,643
polblogs,0.2,-0.031469720221864665,644
polblogs,0.2,0.0021051315264584455,645
polblogs,0.2,0.048181484801779764,646
polblogs,0.2,-0.017297680602742407,647
polblogs,0.2,-0.0041035501757621705,648
polblogs,0.2,-0.0020088645058174417,649
polblogs,0.2,-0.004848072071877194,650
polblogs,0.2,-0.002887990390595421,651
polblogs,0.2,-0.007731026782507734,652
polblogs,0.2,-0.004758590813966604,653
polblogs,0.2,-0.06615347113929282,654
polblogs,0.2,0.022181085088823396,655
polblogs,0.2,-0.014856264845276117,656
polblogs,0.2,-0.00195251353667519,657
polblogs,0.2,0.01967805696418251,658
polblogs,0.2,0.005084735960482942,659
polblogs,0.2,0.009066388177189251,660
polblogs,0.2,0.017896232086161642,661
polblogs,0.2,0.019109126060191807,662
polblogs,0.2,-0.004412024077705451,663
polblogs,0.2,-0.006884581525793433,664
polblogs,0.2,-0.012527643225012139,665
polblogs,0.2,-0.007642826640678629,666
polblogs,0.2,-0.0031453869919125356,667
polblogs,0.2,0.008531266494330525,668
polblogs,0.2,-0.007897890974385488,669
polblogs,0.2,-0.0029881684008695756,670
polblogs,0.2,0.0029952303386665156,671
polblogs,0.2,0.004071533895844738,672
polblogs,0.2,-0.0782473741830777,673
polblogs,0.2,-0.001526740255646936,674
polblogs,0.2,-0.0027067900873247973,675
polblogs,0.2,-0.03236860549148111,676
polblogs,0.2,0.03299245900950262,677
polblogs,0.2,-0.004465867176111362,678
polblogs,0.2,0.034417558515384715,679
polblogs,0.2,0.011268114563976219,680
polblogs,0.2,-0.0008030127059434387,681
polblogs,0.2,-0.033566647789277974,682
polblogs,0.2,-0.021784776996357818,683
polblogs,0.2,0.003960108675088902,684
polblogs,0.2,-0.002244911438088741,685
polblogs,0.2,-0.0004312486789291485,686
polblogs,0.2,-0.023280866311923408,687
polblogs,0.2,0.011980133152645898,688
polblogs,0.2,-0.0047879730004413415,689
polblogs,0.2,-0.043082372178389235,690
polblogs,0.2,0.002026208479749688,691
polblogs,0.2,-0.04431345327805721,692
polblogs,0.2,0.0016807792042630065,693
polblogs,0.2,0.010681899395137197,694
polblogs,0.2,0.004659646819374418,695
polblogs,0.2,-0.01311057047674327,696
polblogs,0.2,0.01950599279811015,697
polblogs,0.2,0.016623015853288126,698
polblogs,0.2,0.006215651584650693,699
polblogs,0.2,0.013157330363693771,700
polblogs,0.2,-0.03830114688405974,701
polblogs,0.2,0.03715394559085956,702
polblogs,0.2,0.018345562450120242,703
polblogs,0.2,-0.0038029752010905254,704
polblogs,0.2,-0.03664570647792935,705
polblogs,0.2,-0.01929259144629649,706
polblogs,0.2,0.005084676317492739,707
polblogs,0.2,0.003070007383967517,708
polblogs,0.2,-0.00470417130942336,709
polblogs,0.2,0.04526608500137775,710
polblogs,0.2,0.020316511309529977,711
polblogs,0.2,0.01170779505594289,712
polblogs,0.2,-0.0012200796149516478,713
polblogs,0.2,0.02364789888765654,714
polblogs,0.2,0.024146828403485115,715
polblogs,0.2,-0.04741976691516495,716
polblogs,0.2,0.05198299735533363,717
polblogs,0.2,-0.03318818151749011,718
polblogs,0.2,-0.004281682472685566,719
polblogs,0.2,-0.014658929882258665,720
polblogs,0.2,0.05166877588140331,721
polblogs,0.2,-0.029727737892242246,722
polblogs,0.2,0.008855536992978216,723
polblogs,0.2,0.018721239584332625,724
polblogs,0.2,0.012654265968039759,725
polblogs,0.2,0.05317455408179979,726
polblogs,0.2,-0.017805224997019718,727
polblogs,0.2,0.0485445686301399,728
polblogs,0.2,0.0020076698775561147,729
polblogs,0.2,-0.007118444245705883,730
polblogs,0.2,0.0026680602973815203,731
polblogs,0.2,0.011285402542609034,732
polblogs,0.2,-0.001630962769777423,733
polblogs,0.2,-0.006400197412600543,734
polblogs,0.2,-0.005043733953442566,735
polblogs,0.2,-0.0028036172076829524,736
polblogs,0.2,-0.002911085305023542,737
polblogs,0.2,-0.006991785001438767,738
polblogs,0.2,-0.004213430708876091,739
polblogs,0.2,-0.005067753132421997,740
polblogs,0.2,-0.0033766940382206957,741
polblogs,0.2,-0.005310701751899482,742
polblogs,0.2,-0.0034068073395186276,743
polblogs,0.2,-0.0030622529356105596,744
polblogs,0.2,-0.0033013875737307762,745
polblogs,0.2,-0.0056455814667379575,746
polblogs,0.2,-0.0013384027092397822,747
polblogs,0.2,-0.0066861812254869635,748
polblogs,0.2,-0.0036373489699684514,749
polblogs,0.2,0.0030051618497975645,750
polblogs,0.2,0.008620820289908833,751
polblogs,0.2,-0.0012799727349165951,752
polblogs,0.2,-0.005724214069857101,753
polblogs,0.2,0.0100983543540887,754
polblogs,0.2,-0.006453470305097978,755
polblogs,0.2,0.0003677306223330263,756
polblogs,0.2,0.0022886782468186043,757
polblogs,0.2,-0.009186182402328,758
polblogs,0.2,-0.0025166835272760067,759
polblogs,0.2,0.0022614913214072455,760
polblogs,0.2,-0.0043115973908888225,761
polblogs,0.2,-0.00439453261877254,762
polblogs,0.2,-0.006251575039747958,763
polblogs,0.2,-0.0023669046186575765,764
polblogs,0.2,-0.001169206985837545,765
polblogs,0.2,-0.005874742298839889,766
polblogs,0.2,-0.0020407138989732765,767
polblogs,0.2,-0.0010313736348451124,768
polblogs,0.2,-0.010208083622341447,769
polblogs,0.2,-0.010035060059021295,770
polblogs,0.2,0.0003864524993055312,771
polblogs,0.2,0.001114973978052313,772
polblogs,0.2,0.0028196445001646853,773
polblogs,0.2,-0.0013245915543949576,774
polblogs,0.2,-0.0024894990838348254,775
polblogs,0.2,-0.0037867093969273682,776
polblogs,0.2,0.003202961734642357,777
polblogs,0.2,0.014775848025968954,778
polblogs,0.2,-0.0022535314573956314,779
polblogs,0.2,0.00040261476118584984,780
polblogs,0.2,0.003276798566219889,781
polblogs,0.2,-0.0026458211564363457,782
polblogs,0.2,-0.003879153275135385,783
polblogs,0.2,-0.0008144665975477948,784
polblogs,0.2,7.36187938678785e-05,785
polblogs,0.2,-0.040961193386366924,786
polblogs,0.2,-0.0016852493419680572,787
polblogs,0.2,-0.004270681024552697,788
polblogs,0.2,-0.0015955576123575232,789
polblogs,0.2,0.004132933617769653,790
polblogs,0.2,0.005280237165377084,791
polblogs,0.2,-0.00023936138400524573,792
polblogs,0.2,-0.000465999299196627,793
polblogs,0.2,0.003001461671108226,794
polblogs,0.2,-0.004614814991854918,795
polblogs,0.2,-0.000797766250787069,796
polblogs,0.2,-0.005320284907992989,797
polblogs,0.2,-0.0007926100672591966,798
polblogs,0.2,-0.012494390633766029,799
polblogs,0.2,-0.0007344133455047768,800
polblogs,0.2,0.013429136844440241,801
polblogs,0.2,-0.00510624749871917,802
polblogs,0.2,-0.05405509944346686,803
polblogs,0.2,-0.051751902414603715,804
polblogs,0.2,0.004772609249444986,805
polblogs,0.2,-0.0034859833415394055,806
polblogs,0.2,0.0002376765689761967,807
polblogs,0.2,-0.005611301118229937,808
polblogs,0.2,-0.0035254810504677363,809
polblogs,0.2,-0.00150455077077967,810
polblogs,0.2,0.008398761576148618,811
polblogs,0.2,-0.003730499110527721,812
polblogs,0.2,-0.010154760086515594,813
polblogs,0.2,-0.0030045003891387453,814
polblogs,0.2,-0.022636397817011752,815
polblogs,0.2,0.0034219994608883013,816
polblogs,0.2,-0.006242941122819856,817
polblogs,0.2,0.008630846038301483,818
polblogs,0.2,-0.000628865145993281,819
polblogs,0.2,-0.0029017237107742105,820
polblogs,0.2,0.006575099710065509,821
polblogs,0.2,-0.0058703229017513054,822
polblogs,0.2,0.0021354383270687227,823
polblogs,0.2,-0.0020107784526604473,824
polblogs,0.2,0.0003219966233097234,825
polblogs,0.2,9.732249420567407e-05,826
polblogs,0.2,-0.0038516997922082444,827
polblogs,0.2,0.0008244536877584519,828
polblogs,0.2,0.0029178100667620454,829
polblogs,0.2,-0.003983074311208255,830
polblogs,0.2,0.000719464503869541,831
polblogs,0.2,-0.00434882442568121,832
polblogs,0.2,0.07860612584353736,833
polblogs,0.2,-0.014725303628708953,834
polblogs,0.2,-0.02152329199868368,835
polblogs,0.2,-0.0011324470533991707,836
polblogs,0.2,0.002706503682430369,837
polblogs,0.2,-0.003199060455353243,838
polblogs,0.2,-0.0009922667778828654,839
polblogs,0.2,0.014583899387826144,840
polblogs,0.2,0.012859182616962433,841
polblogs,0.2,0.0012623306819989034,842
polblogs,0.2,-0.00421305034238898,843
polblogs,0.2,-0.0046596460016281455,844
polblogs,0.2,-0.006154030492691747,845
polblogs,0.2,0.0026587143526532807,846
polblogs,0.2,0.043450674707645874,847
polblogs,0.2,0.0010291659359915736,848
polblogs,0.2,-0.002301197517764212,849
polblogs,0.2,0.011007853518745659,850
polblogs,0.2,0.019683991566721185,851
polblogs,0.2,0.005092029649813378,852
polblogs,0.2,-0.0002827486174705587,853
polblogs,0.2,-0.003393082757194014,854
polblogs,0.2,-0.013071586912262923,855
polblogs,0.2,-0.0003719786820187822,856
polblogs,0.2,-0.003703916580115238,857
polblogs,0.2,-0.001483493708946482,858
polblogs,0.2,0.01806915647165358,859
polblogs,0.2,-0.0010159897357132064,860
polblogs,0.2,-0.002800990122841326,861
polblogs,0.2,-0.0023927875862366998,862
polblogs,0.2,-0.02615019315469834,863
polblogs,0.2,-0.016477362748147505,864
polblogs,0.2,-0.006196959554837295,865
polblogs,0.2,0.0011796021755116639,866
polblogs,0.2,-0.00406567746764494,867
polblogs,0.2,-0.009491049230791235,868
polblogs,0.2,-0.011672361594159278,869
polblogs,0.2,-0.002482042950364402,870
polblogs,0.2,-0.007734963367772058,871
polblogs,0.2,-0.008201971041164347,872
polblogs,0.2,-0.0030448181749753002,873
polblogs,0.2,-0.006141297018584061,874
polblogs,0.2,-0.017096520771969406,875
polblogs,0.2,0.0023198125075235376,876
polblogs,0.2,0.013490482958855406,877
polblogs,0.2,0.004884492042840928,878
polblogs,0.2,-0.010967195411304743,879
polblogs,0.2,-0.006594932947658363,880
polblogs,0.2,-0.0022488238692707123,881
polblogs,0.2,-0.006126858563623742,882
polblogs,0.2,-0.008008660667030779,883
polblogs,0.2,0.0049675323527989396,884
polblogs,0.2,-0.012047513416598557,885
polblogs,0.2,-0.01513797987772343,886
polblogs,0.2,-0.0026456114919529553,887
polblogs,0.2,0.009635400161593755,888
polblogs,0.2,-0.0032896054460259906,889
polblogs,0.2,-0.01005525664145355,890
polblogs,0.2,-0.00576754479904602,891
polblogs,0.2,0.005258626923487916,892
polblogs,0.2,-0.0032937555756794045,893
polblogs,0.2,-0.010023203370418631,894
polblogs,0.2,-0.0030488472929230135,895
polblogs,0.2,-0.0037732433746083174,896
polblogs,0.2,0.007589601741335223,897
polblogs,0.2,0.01961449809120052,898
polblogs,0.2,-0.05144053544313126,899
polblogs,0.2,-0.0015704457099725174,900
polblogs,0.2,-0.0009538150249768683,901
polblogs,0.2,-0.006036209177246438,902
polblogs,0.2,-0.009991137437730559,903
polblogs,0.2,-0.0027075048589761887,904
polblogs,0.2,-0.006992094797155166,905
polblogs,0.2,-0.002659273696409936,906
polblogs,0.2,-0.044163860679353115,907
polblogs,0.2,-0.010953721579749427,908
polblogs,0.2,-0.0061901463423021785,909
polblogs,0.2,0.00978681410597842,910
polblogs,0.2,-0.0048736751497578355,911
polblogs,0.2,-0.0048611831277929115,912
polblogs,0.2,0.031020121242526916,913
polblogs,0.2,-0.003011547847949203,914
polblogs,0.2,-0.0025782238236104565,915
polblogs,0.2,0.009804369182969347,916
polblogs,0.2,-0.011178565710720012,917
polblogs,0.2,-0.009425770210359575,918
polblogs,0.2,-0.008125447671441606,919
polblogs,0.2,-0.05273602245072985,920
polblogs,0.2,-0.0039291691378014314,921
polblogs,0.2,0.030743878729466007,922
polblogs,0.2,-0.0034506260313644883,923
polblogs,0.2,-0.0021526565929871275,924
polblogs,0.2,0.003001828090621955,925
polblogs,0.2,-0.0087238540687072,926
polblogs,0.2,-0.0034118812478550974,927
polblogs,0.2,0.00295970987737665,928
polblogs,0.2,-0.004193552422143848,929
polblogs,0.2,-0.001171363688044804,930
polblogs,0.2,-0.0031530149240759668,931
polblogs,0.2,0.0005153949715574885,932
polblogs,0.2,-0.006179467998826704,933
polblogs,0.2,-0.0035480439615801153,934
polblogs,0.2,0.0050602591510808944,935
polblogs,0.2,-0.01036169137517238,936
polblogs,0.2,0.022441573180123308,937
polblogs,0.2,-0.012241824893704616,938
polblogs,0.2,-0.0021320582469294734,939
polblogs,0.2,0.0007651510484471458,940
polblogs,0.2,0.005405348360681175,941
polblogs,0.2,0.006840207850595935,942
polblogs,0.2,-0.037531066041854584,943
polblogs,0.2,0.010021083285662003,944
polblogs,0.2,-0.0030416794988862837,945
polblogs,0.2,-0.005275042376306568,946
polblogs,0.2,-0.0003612470069310848,947
polblogs,0.2,-0.0018936249229139224,948
polblogs,0.2,0.007311497666987596,949
polblogs,0.2,0.0111133162025056,950
polblogs,0.2,-0.0033256575302600495,951
polblogs,0.2,0.0019066846490918472,952
polblogs,0.2,-0.11556118810554898,953
polblogs,0.2,-0.003928261677984522,954
polblogs,0.2,0.0009248671730872753,955
polblogs,0.2,-0.007771122609889405,956
polblogs,0.2,-0.02549222385749683,957
polblogs,0.2,-0.04509528967612566,958
polblogs,0.2,-0.006907262850296915,959
polblogs,0.2,-0.0006178015156388623,960
polblogs,0.2,-0.006192670704205671,961
polblogs,0.2,-0.008262653335217987,962
polblogs,0.2,-0.004489544269148116,963
polblogs,0.2,-0.006644480531031084,964
polblogs,0.2,-0.005839971537628011,965
polblogs,0.2,-0.003518192952424246,966
polblogs,0.2,-0.001556067407142398,967
polblogs,0.2,0.018229593951540165,968
polblogs,0.2,-0.004375625480872711,969
polblogs,0.2,0.0003538001480469595,970
polblogs,0.2,-0.0013705763537101663,971
polblogs,0.2,-0.007199110964487017,972
polblogs,0.2,6.341651774913182e-05,973
polblogs,0.2,0.033408352238927436,974
polblogs,0.2,-0.006912362981182136,975
polblogs,0.2,-0.0016627981048618831,976
polblogs,0.2,-0.01625356986931255,977
polblogs,0.2,0.010640724158552117,978
polblogs,0.2,-0.021275951267312715,979
polblogs,0.2,-0.0001203457536794036,980
polblogs,0.2,-0.025854666385939692,981
polblogs,0.2,-0.006495170648624902,982
polblogs,0.2,0.0033360855656803987,983
polblogs,0.2,0.00400306356799646,984
polblogs,0.2,0.0035340393509879875,985
polblogs,0.2,-0.009769485779369681,986
polblogs,0.2,0.0014794979594768675,987
polblogs,0.2,0.00872231955591144,988
polblogs,0.2,-0.004894281494616641,989
polblogs,0.2,-0.01174637691112734,990
polblogs,0.2,0.0003112003436536011,991
polblogs,0.2,-0.02044577925337745,992
polblogs,0.2,-0.004178259649674813,993
polblogs,0.2,-0.033327165927502365,994
polblogs,0.2,-4.359122112525159e-05,995
polblogs,0.2,-0.005148517081734697,996
polblogs,0.2,-0.0016802967594272099,997
polblogs,0.2,0.044903692857328356,998
polblogs,0.2,-0.00985578441043226,999
polblogs,0.2,-0.07176362170561007,1000
polblogs,0.2,0.010091516010678706,1001
polblogs,0.2,-0.02297896435993569,1002
polblogs,0.2,-0.00541566441182053,1003
polblogs,0.2,-0.013531696083341396,1004
polblogs,0.2,0.07113399280115344,1005
polblogs,0.2,0.04514368905970659,1006
polblogs,0.2,-0.01107095487906278,1007
polblogs,0.2,-0.002275803267373758,1008
polblogs,0.2,-0.03524630727970817,1009
polblogs,0.2,0.011213521096434705,1010
polblogs,0.2,0.016697107792772864,1011
polblogs,0.2,0.024652396990700577,1012
polblogs,0.2,0.009456502941660483,1013
polblogs,0.2,0.008570612959453834,1014
polblogs,0.2,-0.0822733097403422,1015
polblogs,0.2,0.18767019548447478,1016
polblogs,0.2,-0.0009834949917052883,1017
polblogs,0.2,-0.047840597879353464,1018
polblogs,0.2,-0.025201765862078448,1019
polblogs,0.2,-0.008945513789829268,1020
polblogs,0.2,-0.02200143258093775,1021
polblogs,0.2,0.03990788468422721,1022
polblogs,0.2,-0.013769231007684473,1023
polblogs,0.2,-0.013979617632860743,1024
polblogs,0.2,-0.0074492191502631986,1025
polblogs,0.2,-0.00578403956619404,1026
polblogs,0.2,0.017632364777087597,1027
polblogs,0.2,-0.005718486254425472,1028
polblogs,0.2,-0.018811492388206164,1029
polblogs,0.2,-0.027069193199867368,1030
polblogs,0.2,-0.0008068165111118995,1031
polblogs,0.2,0.003325586696767602,1032
polblogs,0.2,0.015767641347528737,1033
polblogs,0.2,0.0453027615991061,1034
polblogs,0.2,-0.014523331159393627,1035
polblogs,0.2,-0.02126302369604206,1036
polblogs,0.2,0.04304025637882495,1037
polblogs,0.2,-0.007007697088960323,1038
polblogs,0.2,-0.0006599183541537638,1039
polblogs,0.2,0.001034260272748486,1040
polblogs,0.2,0.003754142337090686,1041
polblogs,0.2,-0.013165793014075744,1042
polblogs,0.2,0.03839030266811928,1043
polblogs,0.2,-0.02427773104719763,1044
polblogs,0.2,-0.014161375387039711,1045
polblogs,0.2,0.03648866331365566,1046
polblogs,0.2,0.0013750795775208599,1047
polblogs,0.2,0.0037162597907297616,1048
polblogs,0.2,-0.007565338464752234,1049
polblogs,0.2,-0.009443660461233313,1050
polblogs,0.2,0.016262911880203356,1051
polblogs,0.2,-0.0013943936310341768,1052
polblogs,0.2,-0.008841261361218673,1053
polblogs,0.2,-0.026514846469590455,1054
polblogs,0.2,0.004332198879987441,1055
polblogs,0.2,-0.006798743867950645,1056
polblogs,0.2,0.07295882705521096,1057
polblogs,0.2,0.030289607091653598,1058
polblogs,0.2,0.011370887670268852,1059
polblogs,0.2,-0.00521006105371739,1060
polblogs,0.2,-0.00348190372805377,1061
polblogs,0.2,0.021373936258994013,1062
polblogs,0.2,0.027549419940953626,1063
polblogs,0.2,-0.039139331893651666,1064
polblogs,0.2,0.036383611647899224,1065
polblogs,0.2,-0.0010035861825543242,1066
polblogs,0.2,0.008981144464428112,1067
polblogs,0.2,-0.0096504290903745,1068
polblogs,0.2,-0.003444678746630645,1069
polblogs,0.2,-0.013659366045561944,1070
polblogs,0.2,-0.002380586242569974,1071
polblogs,0.2,-0.015894341385562505,1072
polblogs,0.2,-0.001156320868109195,1073
polblogs,0.2,0.03536323719985152,1074
polblogs,0.2,0.03720831231216318,1075
polblogs,0.2,-0.002729570913400137,1076
polblogs,0.2,-0.044697125518860625,1077
polblogs,0.2,-0.0023447896727349076,1078
polblogs,0.2,-0.003874675349985688,1079
polblogs,0.2,0.03233454629584392,1080
polblogs,0.2,-0.01675817590396569,1081
polblogs,0.2,0.0057052702366101465,1082
polblogs,0.2,0.004637557746174172,1083
polblogs,0.2,-0.002495770509975624,1084
polblogs,0.2,-0.0027559030421029263,1085
polblogs,0.2,-0.0005732104651928936,1086
polblogs,0.2,0.005189892764550469,1087
polblogs,0.2,0.021407363716401475,1088
polblogs,0.2,-0.003287098578083366,1089
polblogs,0.2,-0.006439718556776199,1090
polblogs,0.2,0.010871335714679525,1091
polblogs,0.2,-0.009957652319322666,1092
polblogs,0.2,-0.020520292132900676,1093
polblogs,0.2,-0.041679781957806486,1094
polblogs,0.2,-0.009058946437310127,1095
polblogs,0.2,-0.00614395888341084,1096
polblogs,0.2,-0.006724302593845383,1097
polblogs,0.2,-0.0005366749484675197,1098
polblogs,0.2,-0.027468246993038743,1099
polblogs,0.2,0.2821021238852235,1100
polblogs,0.2,-0.0087751232820694,1101
polblogs,0.2,0.0005255257797293358,1102
polblogs,0.2,-0.0035675605563231004,1103
polblogs,0.2,0.007025665188588172,1104
polblogs,0.2,0.0004511762054361833,1105
polblogs,0.2,-0.004530190310604437,1106
polblogs,0.2,-0.0028455998012271774,1107
polblogs,0.2,-0.0020476736784067746,1108
polblogs,0.2,0.01145211780249603,1109
polblogs,0.2,0.0341987459719496,1110
polblogs,0.2,0.031661379203022304,1111
polblogs,0.2,-0.0012607964940840187,1112
polblogs,0.2,0.00574707886928768,1113
polblogs,0.2,-0.0031985306126332265,1114
polblogs,0.2,0.009362612644340886,1115
polblogs,0.2,0.0010750040106330462,1116
polblogs,0.2,-0.06427004648089708,1117
polblogs,0.2,-0.0062874257563299224,1118
polblogs,0.2,-0.020966090792416407,1119
polblogs,0.2,0.002707300397577254,1120
polblogs,0.2,0.02694857563505963,1121
polblogs,0.2,0.013902169404506072,1122
polblogs,0.2,-0.0016244309765096187,1123
polblogs,0.2,0.009554083537596647,1124
polblogs,0.2,-0.025251848303375634,1125
polblogs,0.2,0.0102572687326314,1126
polblogs,0.2,0.050310780149918584,1127
polblogs,0.2,-0.02803674887440383,1128
polblogs,0.2,-0.006817974633416421,1129
polblogs,0.2,0.018966500094739196,1130
polblogs,0.2,-0.003741124472358321,1131
polblogs,0.2,0.01410257305793449,1132
polblogs,0.2,-0.00918943472093292,1133
polblogs,0.2,-0.009373969868389165,1134
polblogs,0.2,0.005131167747071695,1135
polblogs,0.2,-0.005563982757921872,1136
polblogs,0.2,0.0032116916274938993,1137
polblogs,0.2,-0.0010380175084109603,1138
polblogs,0.2,0.0021207033223598556,1139
polblogs,0.2,-0.04020522145716894,1140
polblogs,0.2,0.005469384483226944,1141
polblogs,0.2,0.002832351854844329,1142
polblogs,0.2,-0.00885242236788457,1143
polblogs,0.2,-0.011391636972103823,1144
polblogs,0.2,-0.014703377657905473,1145
polblogs,0.2,-0.05327827380058854,1146
polblogs,0.2,-0.02279142257243669,1147
polblogs,0.2,0.0029154412400228917,1148
polblogs,0.2,0.01415419887840771,1149
polblogs,0.2,-0.008492227764504444,1150
polblogs,0.2,-0.003542924607747701,1151
polblogs,0.2,0.008479770128186383,1152
polblogs,0.2,0.02168736855964855,1153
polblogs,0.2,0.009800794667075917,1154
polblogs,0.2,-0.031181222245890785,1155
polblogs,0.2,-0.01789195767713672,1156
polblogs,0.2,0.007066707772061134,1157
polblogs,0.2,0.009455812978669226,1158
polblogs,0.2,-0.04431632414437756,1159
polblogs,0.2,-0.008529416395877678,1160
polblogs,0.2,0.0034920614282619505,1161
polblogs,0.2,0.02887897148987681,1162
polblogs,0.2,-0.013613537289360253,1163
polblogs,0.2,0.027734227170127045,1164
polblogs,0.2,-0.008552426488883763,1165
polblogs,0.2,0.0021318258016973226,1166
polblogs,0.2,0.014959011535268739,1167
polblogs,0.2,0.02233009989237703,1168
polblogs,0.2,-0.010804854941014018,1169
polblogs,0.2,-5.559950216884932e-05,1170
polblogs,0.2,2.6079236521447404e-06,1171
polblogs,0.2,-0.0009734353184445693,1172
polblogs,0.2,-0.06279848540536868,1173
polblogs,0.2,-0.011106193535564331,1174
polblogs,0.2,-0.008511878408134652,1175
polblogs,0.2,-0.0012954737689187708,1176
polblogs,0.2,-0.01701259488118881,1177
polblogs,0.2,0.019830542655860248,1178
polblogs,0.2,-0.016205373157766843,1179
polblogs,0.2,-0.029686129606609296,1180
polblogs,0.2,-0.00367739150579403,1181
polblogs,0.2,0.005512346767311487,1182
polblogs,0.2,-0.004685398577230576,1183
polblogs,0.2,-0.0060653945915971575,1184
polblogs,0.2,-0.027060909979215474,1185
polblogs,0.2,0.015246887895275747,1186
polblogs,0.2,0.028243419408876636,1187
polblogs,0.2,-0.0030440574917169746,1188
polblogs,0.2,0.0051342900263476945,1189
polblogs,0.2,-0.019608799790775153,1190
polblogs,0.2,-0.02861839923996036,1191
polblogs,0.2,0.04161472202319452,1192
polblogs,0.2,-0.06559134239983375,1193
polblogs,0.2,-0.08318360301940939,1194
polblogs,0.2,-0.0050466813600007696,1195
polblogs,0.2,-0.006689534415263824,1196
polblogs,0.2,0.0008497582389632653,1197
polblogs,0.2,-0.007424088285368516,1198
polblogs,0.2,0.0033396504624667645,1199
polblogs,0.2,0.021212809694478273,1200
polblogs,0.2,-0.031358288147773736,1201
polblogs,0.2,0.01767577345121225,1202
polblogs,0.2,0.03889380737202884,1203
polblogs,0.2,0.011121646914848547,1204
polblogs,0.2,0.35707612087535123,1205
polblogs,0.2,0.01049588674880743,1206
polblogs,0.2,-0.0016730527250260674,1207
polblogs,0.2,-0.020175163744268046,1208
polblogs,0.2,-0.03362902015308399,1209
polblogs,0.2,0.28865116301692606,1210
polblogs,0.2,0.04243958192048523,1211
polblogs,0.2,-0.0030069811100541847,1212
polblogs,0.2,0.0002864271281482651,1213
polblogs,0.2,-0.013789227443051553,1214
polblogs,0.2,-0.00014679811731292217,1215
polblogs,0.2,0.01854201492618227,1216
polblogs,0.2,-0.00672753184926251,1217
polblogs,0.2,0.014928469574315385,1218
polblogs,0.2,-0.019673574975758824,1219
polblogs,0.2,-0.15463216329588278,1220
polblogs,0.2,0.03749751461493549,1221
polblogs,0.3,0.006573170166973377,0
polblogs,0.3,-0.0009344265920549855,1
polblogs,0.3,-0.001192837137270601,2
polblogs,0.3,-0.002168069090382788,3
polblogs,0.3,-0.00012604090452793273,4
polblogs,0.3,-0.0027974181476114464,5
polblogs,0.3,-0.0021215239304469466,6
polblogs,0.3,-0.0005806428705970293,7
polblogs,0.3,-0.001454966336056293,8
polblogs,0.3,0.011193294163554827,9
polblogs,0.3,-0.0017982372432380001,10
polblogs,0.3,-0.0024926126782523848,11
polblogs,0.3,-0.0014485576539366078,12
polblogs,0.3,-0.0018254043135166585,13
polblogs,0.3,-0.000135133115195972,14
polblogs,0.3,-0.0017600981875380394,15
polblogs,0.3,-0.001019455321785111,16
polblogs,0.3,0.0003194644931851419,17
polblogs,0.3,-0.005199926811682438,18
polblogs,0.3,-0.0032620179294443295,19
polblogs,0.3,-0.00041099440440318577,20
polblogs,0.3,-0.0013621943900640264,21
polblogs,0.3,-0.001706149898374741,22
polblogs,0.3,-0.000914269957108267,23
polblogs,0.3,-0.0009476528259391594,24
polblogs,0.3,-0.0010426732641984672,25
polblogs,0.3,-0.0012435947269816765,26
polblogs,0.3,-0.003133400325485358,27
polblogs,0.3,-0.0017375601607781674,28
polblogs,0.3,-0.005393806923830546,29
polblogs,0.3,-0.0024153005025264233,30
polblogs,0.3,-0.0014831791999343074,31
polblogs,0.3,-0.0016246687707559579,32
polblogs,0.3,-0.0019698665836881367,33
polblogs,0.3,-0.002827331080451409,34
polblogs,0.3,-0.0025498506689474298,35
polblogs,0.3,-0.0008510271778137369,36
polblogs,0.3,0.00010438043514022266,37
polblogs,0.3,-0.0016151691723783129,38
polblogs,0.3,-0.0017770401876941724,39
polblogs,0.3,0.0008930934723653505,40
polblogs,0.3,-0.0013595920577739826,41
polblogs,0.3,-0.0007683292713800574,42
polblogs,0.3,-0.002220233193903343,43
polblogs,0.3,-0.0017431961225951099,44
polblogs,0.3,-0.0008705661380030742,45
polblogs,0.3,0.002782485564633321,46
polblogs,0.3,-0.0003553988155128019,47
polblogs,0.3,-0.0032822658573231547,48
polblogs,0.3,-0.0034310785166876577,49
polblogs,0.3,0.025613548049857434,50
polblogs,0.3,-0.019943644742155008,51
polblogs,0.3,-0.010129923797008215,52
polblogs,0.3,-0.0029476283086895556,53
polblogs,0.3,-0.0012876799680484933,54
polblogs,0.3,3.1300338401173554e-05,55
polblogs,0.3,-0.0011473383174461192,56
polblogs,0.3,-0.002943605959593967,57
polblogs,0.3,-0.0005666972144294185,58
polblogs,0.3,-0.0009122097766823316,59
polblogs,0.3,0.0003441305615450111,60
polblogs,0.3,-0.003169178476243703,61
polblogs,0.3,-0.00527780836896182,62
polblogs,0.3,-0.0007460124499182436,63
polblogs,0.3,0.0006264786842260041,64
polblogs,0.3,-0.0007412846562262437,65
polblogs,0.3,-0.0010182581028357705,66
polblogs,0.3,-0.0014957995042111287,67
polblogs,0.3,-0.00045001630001924986,68
polblogs,0.3,-0.002538054072726486,69
polblogs,0.3,-0.00042217699988748587,70
polblogs,0.3,-0.003021205449734646,71
polblogs,0.3,-0.019610487502555184,72
polblogs,0.3,-0.0021848491743773476,73
polblogs,0.3,-0.005259242998284421,74
polblogs,0.3,-0.0026334891701914015,75
polblogs,0.3,-0.004324740394427139,76
polblogs,0.3,-0.013016306390021258,77
polblogs,0.3,-0.002175780917250367,78
polblogs,0.3,-0.0026136710954707243,79
polblogs,0.3,-0.0023300829687162472,80
polblogs,0.3,-0.0016882253024944312,81
polblogs,0.3,-0.0018248933473264991,82
polblogs,0.3,-0.0009285047074751756,83
polblogs,0.3,0.013450141167896442,84
polblogs,0.3,-0.0027725085847646108,85
polblogs,0.3,-0.03094497334858794,86
polblogs,0.3,-0.008491871392943492,87
polblogs,0.3,-0.0009596385644636036,88
polblogs,0.3,-0.018816344687458245,89
polblogs,0.3,-0.0022962839017730092,90
polblogs,0.3,-0.002262146700054461,91
polblogs,0.3,-0.0003760734506968554,92
polblogs,0.3,-0.002902452681373134,93
polblogs,0.3,-0.0034165053319167808,94
polblogs,0.3,-0.00026844942949845815,95
polblogs,0.3,-0.0006842913565201076,96
polblogs,0.3,-0.002988507868407274,97
polblogs,0.3,0.0002500335971786637,98
polblogs,0.3,-0.0034676765762310545,99
polblogs,0.3,-0.0020476577772678525,100
polblogs,0.3,-0.000573005461723642,101
polblogs,0.3,-0.004977590930884733,102
polblogs,0.3,-0.00022363447301483879,103
polblogs,0.3,-0.0002960195403283533,104
polblogs,0.3,-0.0016471545205940653,105
polblogs,0.3,-0.0007934500019016179,106
polblogs,0.3,-0.0012199499562808352,107
polblogs,0.3,-0.0020437152765780528,108
polblogs,0.3,0.0004170808516185211,109
polblogs,0.3,-0.0022378398873245473,110
polblogs,0.3,0.00036900211498609373,111
polblogs,0.3,0.0026232238817370046,112
polblogs,0.3,0.0004761529279436292,113
polblogs,0.3,-0.0018172843526079768,114
polblogs,0.3,-0.0015039120652846681,115
polblogs,0.3,-0.0030807883183836147,116
polblogs,0.3,-0.0009263813108232133,117
polblogs,0.3,-0.002393950998181391,118
polblogs,0.3,0.000265635041423591,119
polblogs,0.3,-0.0012856357941380164,120
polblogs,0.3,-0.0007595873424726691,121
polblogs,0.3,-0.0030643758579908353,122
polblogs,0.3,-0.0014817444463643213,123
polblogs,0.3,-0.0020177216290952547,124
polblogs,0.3,-0.0021937682969731826,125
polblogs,0.3,-0.0015293006426869648,126
polblogs,0.3,0.0007672565908703398,127
polblogs,0.3,0.0009013891654919472,128
polblogs,0.3,-0.0022583672203403244,129
polblogs,0.3,-0.003299569961561205,130
polblogs,0.3,-0.00481599402785975,131
polblogs,0.3,0.001961465975714686,132
polblogs,0.3,-0.002803624975876853,133
polblogs,0.3,9.328599195193727e-05,134
polblogs,0.3,-0.0001849826847472214,135
polblogs,0.3,0.004332640964443799,136
polblogs,0.3,-0.005265486831736965,137
polblogs,0.3,0.0021654996391932573,138
polblogs,0.3,0.000417764746811723,139
polblogs,0.3,-0.0018121945018465032,140
polblogs,0.3,-0.0025355712393276618,141
polblogs,0.3,-0.002476872540738711,142
polblogs,0.3,0.008027923404504733,143
polblogs,0.3,-0.0029730768772851398,144
polblogs,0.3,-0.0013608864232479143,145
polblogs,0.3,-0.0038963736161980555,146
polblogs,0.3,-0.0005532095734993363,147
polblogs,0.3,-0.00012857716184384274,148
polblogs,0.3,-0.002838285167608428,149
polblogs,0.3,-0.0003092187146741432,150
polblogs,0.3,-0.001627815391778305,151
polblogs,0.3,-0.002041983972630894,152
polblogs,0.3,-0.0015385464184334023,153
polblogs,0.3,-0.0008339541152743547,154
polblogs,0.3,0.03624494653421851,155
polblogs,0.3,-0.004515802455834025,156
polblogs,0.3,0.0005799497369110388,157
polblogs,0.3,0.0034194334592223576,158
polblogs,0.3,-0.0008616341042928693,159
polblogs,0.3,-0.023213123374378926,160
polblogs,0.3,-0.0032812825931659182,161
polblogs,0.3,0.0007576658166683389,162
polblogs,0.3,0.0042055184256416965,163
polblogs,0.3,0.003044214604795824,164
polblogs,0.3,0.001208853684808527,165
polblogs,0.3,0.0016561141783006383,166
polblogs,0.3,-0.0019618607182292722,167
polblogs,0.3,0.002070693431409136,168
polblogs,0.3,-0.0018453871415572947,169
polblogs,0.3,-0.0032188509486080954,170
polblogs,0.3,-0.0033716566301728933,171
polblogs,0.3,-0.002132692451977898,172
polblogs,0.3,0.06852592024592086,173
polblogs,0.3,0.02943093307110561,174
polblogs,0.3,-0.0018489856550268854,175
polblogs,0.3,-0.0035062159800409976,176
polblogs,0.3,-0.0028933519228825813,177
polblogs,0.3,-0.0008061299367302507,178
polblogs,0.3,-0.003926558047298822,179
polblogs,0.3,-0.00023485557180897567,180
polblogs,0.3,-0.005702286518795233,181
polblogs,0.3,-0.0017872529220502545,182
polblogs,0.3,0.0015587163084670892,183
polblogs,0.3,0.004834476291609208,184
polblogs,0.3,-0.00130599101329514,185
polblogs,0.3,-0.001080711401244104,186
polblogs,0.3,-0.004821138035767635,187
polblogs,0.3,0.004606596836098368,188
polblogs,0.3,-0.0022058366837242427,189
polblogs,0.3,-0.0011251638355049296,190
polblogs,0.3,-0.003979220835356863,191
polblogs,0.3,-0.006547550247613772,192
polblogs,0.3,0.003728092656132037,193
polblogs,0.3,-0.002936972198041125,194
polblogs,0.3,-0.01147733639337655,195
polblogs,0.3,0.0027110081404635336,196
polblogs,0.3,-0.0014596041958226847,197
polblogs,0.3,-0.0024576965517555003,198
polblogs,0.3,0.0017152638891503001,199
polblogs,0.3,0.0010061840651338992,200
polblogs,0.3,-0.011050119901119709,201
polblogs,0.3,-0.003639213295528952,202
polblogs,0.3,-0.002133569357045821,203
polblogs,0.3,-0.0012440627175114023,204
polblogs,0.3,-0.0046536305564015504,205
polblogs,0.3,-0.0005145929398176043,206
polblogs,0.3,-0.007717504610279806,207
polblogs,0.3,0.031247881126320654,208
polblogs,0.3,-0.0023348942743913843,209
polblogs,0.3,0.006462711583317675,210
polblogs,0.3,0.0016569093620400599,211
polblogs,0.3,-0.0016031750125927952,212
polblogs,0.3,-0.00254591091417156,213
polblogs,0.3,-0.005890049662851032,214
polblogs,0.3,0.001892456762142872,215
polblogs,0.3,-0.0007467488603830675,216
polblogs,0.3,-0.008344472066052875,217
polblogs,0.3,-0.0022737954303919342,218
polblogs,0.3,-0.0066011813523126845,219
polblogs,0.3,-0.0016206737872807408,220
polblogs,0.3,0.0027616523614208397,221
polblogs,0.3,-0.01312890704200134,222
polblogs,0.3,-0.002224098307727064,223
polblogs,0.3,-0.009506253122272098,224
polblogs,0.3,-0.005245948513241991,225
polblogs,0.3,-0.008937755559577052,226
polblogs,0.3,0.0020536530952391047,227
polblogs,0.3,-0.01360225888457938,228
polblogs,0.3,-0.0010764075203289478,229
polblogs,0.3,-0.0012432343533790614,230
polblogs,0.3,0.03227562615354524,231
polblogs,0.3,-0.0006603241459128556,232
polblogs,0.3,-0.00420568738993849,233
polblogs,0.3,-0.00026148556297722505,234
polblogs,0.3,-0.004379000591890724,235
polblogs,0.3,-0.0016917868972065038,236
polblogs,0.3,-0.002507514707562374,237
polblogs,0.3,-0.002138938094075202,238
polblogs,0.3,-0.0007160404277408969,239
polblogs,0.3,-0.00032169428964251145,240
polblogs,0.3,-0.002995015031450175,241
polblogs,0.3,0.000300597370880848,242
polblogs,0.3,-0.0031941143033893432,243
polblogs,0.3,-0.002161308278262901,244
polblogs,0.3,0.00200055558809533,245
polblogs,0.3,-0.0022653007239723587,246
polblogs,0.3,-0.010159300971140987,247
polblogs,0.3,-0.002566900898840991,248
polblogs,0.3,-0.030254043772362803,249
polblogs,0.3,-0.003636445878868725,250
polblogs,0.3,-0.006132086145467896,251
polblogs,0.3,-0.017906481367278373,252
polblogs,0.3,-0.0038099493919776435,253
polblogs,0.3,-0.0031354998487801173,254
polblogs,0.3,0.018670334575852245,255
polblogs,0.3,-0.04692960789607488,256
polblogs,0.3,-0.0016477565998618562,257
polblogs,0.3,-0.005621422264719667,258
polblogs,0.3,-0.001962908131152072,259
polblogs,0.3,-0.0031310472730084397,260
polblogs,0.3,0.009354256817910286,261
polblogs,0.3,-0.025122323468943022,262
polblogs,0.3,-0.0034363848867331975,263
polblogs,0.3,0.0012873445635050403,264
polblogs,0.3,-0.0011507297290772717,265
polblogs,0.3,-0.0016512648329354155,266
polblogs,0.3,-0.029710661050724382,267
polblogs,0.3,-0.0024478996752105723,268
polblogs,0.3,-0.002646875187662526,269
polblogs,0.3,0.012243532449799527,270
polblogs,0.3,0.003913276006941787,271
polblogs,0.3,-0.029184419168395113,272
polblogs,0.3,0.001820425295720083,273
polblogs,0.3,-0.0033615390838177706,274
polblogs,0.3,-0.01741084131253817,275
polblogs,0.3,-0.003489880192656995,276
polblogs,0.3,-0.0005167539267459096,277
polblogs,0.3,0.04481180093351423,278
polblogs,0.3,-0.0019393102887365354,279
polblogs,0.3,-0.0007732351090920566,280
polblogs,0.3,-0.0016313622584126937,281
polblogs,0.3,0.0004504071168073417,282
polblogs,0.3,-0.005746930125798181,283
polblogs,0.3,6.98948485663156e-05,284
polblogs,0.3,0.004602940892117463,285
polblogs,0.3,-0.004377897080071611,286
polblogs,0.3,-0.0007464846979961032,287
polblogs,0.3,0.0012201163065604164,288
polblogs,0.3,0.0007157733497821969,289
polblogs,0.3,-0.0010446578610235917,290
polblogs,0.3,0.0004795194611122412,291
polblogs,0.3,-0.021183550348813633,292
polblogs,0.3,-0.004691540674475933,293
polblogs,0.3,0.0015911641336567393,294
polblogs,0.3,-0.008263414263382767,295
polblogs,0.3,0.011061161838122138,296
polblogs,0.3,-0.022478138913784775,297
polblogs,0.3,0.008113142323906508,298
polblogs,0.3,-0.01686176397054856,299
polblogs,0.3,-0.016893609956868557,300
polblogs,0.3,-0.002565526417785067,301
polblogs,0.3,-0.0021770489994484173,302
polblogs,0.3,0.004743499630468681,303
polblogs,0.3,-0.03071415602294818,304
polblogs,0.3,0.0023521898762912377,305
polblogs,0.3,0.035660907657118115,306
polblogs,0.3,0.004834139387261047,307
polblogs,0.3,-0.0003367469572291258,308
polblogs,0.3,0.02935475973967899,309
polblogs,0.3,0.003212332358450743,310
polblogs,0.3,0.029633535926705073,311
polblogs,0.3,-0.005467197760221125,312
polblogs,0.3,0.0011662593060315812,313
polblogs,0.3,0.009408330220794875,314
polblogs,0.3,-0.04215289941667002,315
polblogs,0.3,-0.014814302426470069,316
polblogs,0.3,0.041958900634583185,317
polblogs,0.3,-0.014452735735399595,318
polblogs,0.3,0.001476154410481523,319
polblogs,0.3,0.008335738463645296,320
polblogs,0.3,-0.00916180680893673,321
polblogs,0.3,-0.003612955491601342,322
polblogs,0.3,-0.003476904187851871,323
polblogs,0.3,-0.0018026839210754293,324
polblogs,0.3,0.055808444959625135,325
polblogs,0.3,-0.000569725732910499,326
polblogs,0.3,-0.006812974163394877,327
polblogs,0.3,-0.0032517832076708153,328
polblogs,0.3,0.013542476417307079,329
polblogs,0.3,0.0021088769288602023,330
polblogs,0.3,0.015970904298585362,331
polblogs,0.3,-0.010207798386108,332
polblogs,0.3,-0.00043825319598914255,333
polblogs,0.3,-0.0026159312337732934,334
polblogs,0.3,-0.005089472930496848,335
polblogs,0.3,-0.0018877109713433366,336
polblogs,0.3,-0.0005477833025273823,337
polblogs,0.3,-0.027862825598066143,338
polblogs,0.3,-0.0005091602918316223,339
polblogs,0.3,-0.009753713633277173,340
polblogs,0.3,-0.004618766148473664,341
polblogs,0.3,-0.027264910996702224,342
polblogs,0.3,-0.0017734669892542616,343
polblogs,0.3,0.008218715139070697,344
polblogs,0.3,-0.003286838633876503,345
polblogs,0.3,0.0024773941517714096,346
polblogs,0.3,-0.0033310253126317326,347
polblogs,0.3,-0.0029975978296579724,348
polblogs,0.3,-0.0009944078178669425,349
polblogs,0.3,-0.0024423153917494922,350
polblogs,0.3,-6.178767683968396e-05,351
polblogs,0.3,-0.0009915624198692972,352
polblogs,0.3,-0.002139354484726606,353
polblogs,0.3,-0.06818077332448587,354
polblogs,0.3,-0.010908363242104514,355
polblogs,0.3,0.017765519738730674,356
polblogs,0.3,-0.0026079291903296975,357
polblogs,0.3,-0.00014170806425487865,358
polblogs,0.3,-0.008041290952645283,359
polblogs,0.3,-0.003592996103459115,360
polblogs,0.3,-0.0008156569380578317,361
polblogs,0.3,0.11993580367090156,362
polblogs,0.3,-0.015713195730443982,363
polblogs,0.3,-4.340056052673755e-05,364
polblogs,0.3,-0.016181341009385293,365
polblogs,0.3,-0.004050336656113899,366
polblogs,0.3,-0.002207597044206793,367
polblogs,0.3,0.0029106321416281712,368
polblogs,0.3,-0.003888131381177759,369
polblogs,0.3,-0.0001707069938812637,370
polblogs,0.3,0.00031253013582410895,371
polblogs,0.3,-0.005936642953742764,372
polblogs,0.3,-0.009051374102211372,373
polblogs,0.3,-0.09863094837055765,374
polblogs,0.3,-0.010203100800569152,375
polblogs,0.3,0.002842332502086342,376
polblogs,0.3,0.015434370070033496,377
polblogs,0.3,-0.0034806411043598216,378
polblogs,0.3,0.02624802420021115,379
polblogs,0.3,0.018432793958450995,380
polblogs,0.3,-0.0007709080850309114,381
polblogs,0.3,-0.0023641141791582395,382
polblogs,0.3,0.0054883169470688236,383
polblogs,0.3,-0.003102137847910887,384
polblogs,0.3,-0.0034319023427921984,385
polblogs,0.3,-0.005028608212229372,386
polblogs,0.3,-0.019376751454024094,387
polblogs,0.3,-0.003913035707048702,388
polblogs,0.3,3.961119582387877e-05,389
polblogs,0.3,-0.0026626951962916315,390
polblogs,0.3,0.009253596035167917,391
polblogs,0.3,0.0015991459588581968,392
polblogs,0.3,0.0035487906485202605,393
polblogs,0.3,-0.022055833129357667,394
polblogs,0.3,-0.002710750301804413,395
polblogs,0.3,0.0024848962175672788,396
polblogs,0.3,-0.005192845711134439,397
polblogs,0.3,0.0037108521383724525,398
polblogs,0.3,0.017562657532520398,399
polblogs,0.3,0.006978208133024619,400
polblogs,0.3,-0.0033780722993702167,401
polblogs,0.3,-0.0024039978098166635,402
polblogs,0.3,0.004220137980574658,403
polblogs,0.3,-0.00016920297478008046,404
polblogs,0.3,0.007421725226584607,405
polblogs,0.3,-0.003569487126875147,406
polblogs,0.3,-0.0024818120931566377,407
polblogs,0.3,0.027820530537065718,408
polblogs,0.3,-0.005543115371548912,409
polblogs,0.3,-0.0018592610588199425,410
polblogs,0.3,-0.0026854872871585277,411
polblogs,0.3,-0.003477705255017712,412
polblogs,0.3,-0.0013764050719522309,413
polblogs,0.3,-0.011115617102067035,414
polblogs,0.3,-0.006449989005653296,415
polblogs,0.3,-0.02359137055075153,416
polblogs,0.3,-0.019504973445061566,417
polblogs,0.3,-0.022202643351073213,418
polblogs,0.3,0.004711737827702194,419
polblogs,0.3,-0.010508111847926434,420
polblogs,0.3,0.016569923770324027,421
polblogs,0.3,-0.019659631475659686,422
polblogs,0.3,0.0011383933079579152,423
polblogs,0.3,-0.003275469962779449,424
polblogs,0.3,-0.039225287106346325,425
polblogs,0.3,-0.01488126058955825,426
polblogs,0.3,-0.010424302636504342,427
polblogs,0.3,0.0007970777406215372,428
polblogs,0.3,0.006822217893200224,429
polblogs,0.3,-0.05354864597173714,430
polblogs,0.3,0.002854147579301301,431
polblogs,0.3,-0.0017062146042919747,432
polblogs,0.3,-0.02796776962846582,433
polblogs,0.3,-0.002773543447901764,434
polblogs,0.3,-0.0040434910068590044,435
polblogs,0.3,-0.026687136093930818,436
polblogs,0.3,-0.03252165415778103,437
polblogs,0.3,0.0011012446274227816,438
polblogs,0.3,-0.0016328890876303134,439
polblogs,0.3,-0.053659429822952985,440
polblogs,0.3,0.036889258731253594,441
polblogs,0.3,-0.0006578499393772299,442
polblogs,0.3,0.0004072819156522479,443
polblogs,0.3,0.0027598307410960764,444
polblogs,0.3,0.0018928736774712388,445
polblogs,0.3,-0.010249127569696762,446
polblogs,0.3,0.007065178397613629,447
polblogs,0.3,-0.0028835832193593214,448
polblogs,0.3,0.01005636563310533,449
polblogs,0.3,-0.02197430022078473,450
polblogs,0.3,-0.002758369295696973,451
polblogs,0.3,-0.0019053973239636745,452
polblogs,0.3,-0.015075997179071403,453
polblogs,0.3,-0.03321052315668253,454
polblogs,0.3,0.013013167876830664,455
polblogs,0.3,-0.0020080905691753177,456
polblogs,0.3,-0.012163884890513553,457
polblogs,0.3,-0.006610835387100371,458
polblogs,0.3,-0.002075766215567706,459
polblogs,0.3,-0.005165441958186324,460
polblogs,0.3,-0.006797336399743016,461
polblogs,0.3,0.06640651625321814,462
polblogs,0.3,-0.006695975654584193,463
polblogs,0.3,-0.01007813435787014,464
polblogs,0.3,0.02866709140365952,465
polblogs,0.3,-0.006536373662092801,466
polblogs,0.3,0.010261706118241683,467
polblogs,0.3,0.01419732912914773,468
polblogs,0.3,-0.001022646355197638,469
polblogs,0.3,0.011025213325750344,470
polblogs,0.3,-0.002257836577076224,471
polblogs,0.3,-0.0016492757735753858,472
polblogs,0.3,0.0047300580141150595,473
polblogs,0.3,-0.04102990348246323,474
polblogs,0.3,0.012645467860179612,475
polblogs,0.3,-0.0015504785463635738,476
polblogs,0.3,0.026958514280665848,477
polblogs,0.3,0.06693895273658364,478
polblogs,0.3,-0.021463418987362697,479
polblogs,0.3,-0.0027128178967539794,480
polblogs,0.3,-0.0026521127622800684,481
polblogs,0.3,-0.0013161857463121981,482
polblogs,0.3,-8.150961177415868e-05,483
polblogs,0.3,-0.0018207633477187993,484
polblogs,0.3,0.018896351516506038,485
polblogs,0.3,-0.010960160381331751,486
polblogs,0.3,-0.001291107398235415,487
polblogs,0.3,-0.016125802730042323,488
polblogs,0.3,0.008967323427364657,489
polblogs,0.3,0.0025061123831933963,490
polblogs,0.3,0.020933036528285372,491
polblogs,0.3,0.00019806868823311067,492
polblogs,0.3,-0.053103251956360197,493
polblogs,0.3,-0.008251780004613867,494
polblogs,0.3,-0.039055065082392725,495
polblogs,0.3,0.01780880574305462,496
polblogs,0.3,-0.0055057074313873584,497
polblogs,0.3,-0.002261455832559862,498
polblogs,0.3,-0.008823656033789002,499
polblogs,0.3,-0.011029910125098128,500
polblogs,0.3,-0.0028437895977961656,501
polblogs,0.3,0.00010136747544541354,502
polblogs,0.3,-0.03392895855203251,503
polblogs,0.3,0.07135211835685525,504
polblogs,0.3,-0.010342234633323387,505
polblogs,0.3,-0.004627363753554317,506
polblogs,0.3,-0.00459835902502147,507
polblogs,0.3,-0.011154730768081276,508
polblogs,0.3,-0.00395083110619471,509
polblogs,0.3,-0.00339641762767871,510
polblogs,0.3,-0.0015180734651166164,511
polblogs,0.3,-0.003419165962378542,512
polblogs,0.3,-0.0016987021028784955,513
polblogs,0.3,0.005164292135533863,514
polblogs,0.3,-0.002349949068004504,515
polblogs,0.3,-5.146366709273794e-05,516
polblogs,0.3,0.004637754783659968,517
polblogs,0.3,0.006766962896429298,518
polblogs,0.3,-0.003946983892703761,519
polblogs,0.3,0.00457203431330706,520
polblogs,0.3,-0.04123322994257146,521
polblogs,0.3,-0.0008196316991454708,522
polblogs,0.3,-0.004212580716977355,523
polblogs,0.3,0.016756421018030064,524
polblogs,0.3,0.01570536119788015,525
polblogs,0.3,-0.006225975564169186,526
polblogs,0.3,0.020881913232049697,527
polblogs,0.3,0.01564542701348815,528
polblogs,0.3,0.010742237267230954,529
polblogs,0.3,-0.001919230099650807,530
polblogs,0.3,-0.0015189971374705554,531
polblogs,0.3,-0.002788969271494295,532
polblogs,0.3,-0.005815012964880941,533
polblogs,0.3,-0.00022123940084395156,534
polblogs,0.3,-0.0019676786526731265,535
polblogs,0.3,-0.0011722291237478062,536
polblogs,0.3,-0.002272344076680062,537
polblogs,0.3,0.0017952691071999346,538
polblogs,0.3,0.0668254590054994,539
polblogs,0.3,-0.012445021518376453,540
polblogs,0.3,-0.010852220315163145,541
polblogs,0.3,0.0003969198435944698,542
polblogs,0.3,-0.0014933267263692665,543
polblogs,0.3,0.0009518284274916997,544
polblogs,0.3,-0.0026408645917521427,545
polblogs,0.3,0.034033096778669586,546
polblogs,0.3,-0.008734647315390962,547
polblogs,0.3,-0.0021336749959616776,548
polblogs,0.3,0.03104342096377132,549
polblogs,0.3,0.018176076064893583,550
polblogs,0.3,-0.041352347748773416,551
polblogs,0.3,-0.03546375522987459,552
polblogs,0.3,-0.03372405000968958,553
polblogs,0.3,0.005488657445397909,554
polblogs,0.3,0.005385635181815384,555
polblogs,0.3,0.04186111335246052,556
polblogs,0.3,0.005700973095144459,557
polblogs,0.3,0.046786327111681944,558
polblogs,0.3,-0.005421888445307798,559
polblogs,0.3,0.004349629164313998,560
polblogs,0.3,-0.011871532358001,561
polblogs,0.3,0.018077798636885755,562
polblogs,0.3,0.008256457527286841,563
polblogs,0.3,0.023909833685855062,564
polblogs,0.3,-0.012467473797397936,565
polblogs,0.3,-0.0006538906795586669,566
polblogs,0.3,0.02685464120858556,567
polblogs,0.3,-0.01822980354494309,568
polblogs,0.3,0.017516218988054784,569
polblogs,0.3,-0.01730810712658588,570
polblogs,0.3,-0.0011270809847597786,571
polblogs,0.3,-0.0007812910242206225,572
polblogs,0.3,0.0068400760693569165,573
polblogs,0.3,-0.00307648703500258,574
polblogs,0.3,-0.0019920392421917004,575
polblogs,0.3,-0.003060440547685343,576
polblogs,0.3,-0.00025622093939027963,577
polblogs,0.3,0.01812676475465709,578
polblogs,0.3,-0.00367110332217979,579
polblogs,0.3,-0.0009441053223889492,580
polblogs,0.3,-0.0014407154492924801,581
polblogs,0.3,0.025537996927435046,582
polblogs,0.3,-0.007573903788566855,583
polblogs,0.3,-0.0013342230114398164,584
polblogs,0.3,0.0024268201935513313,585
polblogs,0.3,0.035722002064833634,586
polblogs,0.3,-0.07011015344052243,587
polblogs,0.3,-0.0362601729118296,588
polblogs,0.3,-0.008752592669200393,589
polblogs,0.3,-0.003714195678261584,590
polblogs,0.3,-0.0008801582365796785,591
polblogs,0.3,0.006506575773995546,592
polblogs,0.3,-0.007356180824063719,593
polblogs,0.3,-0.0019740451524823703,594
polblogs,0.3,0.0008683079891062759,595
polblogs,0.3,-0.012406647837660082,596
polblogs,0.3,0.03271860461120703,597
polblogs,0.3,0.001596035016695669,598
polblogs,0.3,-0.01978318517428166,599
polblogs,0.3,-0.00466119715373987,600
polblogs,0.3,-0.015111845398522615,601
polblogs,0.3,-0.002963444159717145,602
polblogs,0.3,-0.0711943681545254,603
polblogs,0.3,-0.0007361727668325425,604
polblogs,0.3,0.04028665572806019,605
polblogs,0.3,0.005088293790086582,606
polblogs,0.3,0.011274920616002184,607
polblogs,0.3,-0.005732809100661752,608
polblogs,0.3,-0.0024080122969558117,609
polblogs,0.3,0.0005740937469026734,610
polblogs,0.3,0.0097715340416735,611
polblogs,0.3,0.0050896965075760735,612
polblogs,0.3,-0.021294689823140506,613
polblogs,0.3,-0.0009317191479738147,614
polblogs,0.3,-0.007200333581790101,615
polblogs,0.3,0.03081633834844575,616
polblogs,0.3,0.05234902044574633,617
polblogs,0.3,0.023677135238936532,618
polblogs,0.3,0.0008072773828293939,619
polblogs,0.3,0.010338634132612719,620
polblogs,0.3,-0.011015558556587056,621
polblogs,0.3,-0.002870646396243286,622
polblogs,0.3,-0.006653464724499852,623
polblogs,0.3,-0.04007975460745727,624
polblogs,0.3,0.06457645157463338,625
polblogs,0.3,-0.00244215051285989,626
polblogs,0.3,-0.0024472425837660395,627
polblogs,0.3,0.0028652005753464654,628
polblogs,0.3,-0.0019173935810649283,629
polblogs,0.3,0.07825491891672111,630
polblogs,0.3,-0.07274386746849056,631
polblogs,0.3,-0.027783367271746316,632
polblogs,0.3,-0.033285428623508605,633
polblogs,0.3,0.008086448005091196,634
polblogs,0.3,-0.0036182792355784897,635
polblogs,0.3,0.026669185921167893,636
polblogs,0.3,-0.015534690541758916,637
polblogs,0.3,-0.02166738269791998,638
polblogs,0.3,0.011179960675228433,639
polblogs,0.3,-0.008423829474019555,640
polblogs,0.3,-0.07156251985087429,641
polblogs,0.3,0.010956619506779952,642
polblogs,0.3,0.015481865836369346,643
polblogs,0.3,-0.003661726295560202,644
polblogs,0.3,0.015639480417081048,645
polblogs,0.3,-0.17896288218062714,646
polblogs,0.3,-0.007315135328108091,647
polblogs,0.3,-0.002158285263392014,648
polblogs,0.3,-0.005631467268087186,649
polblogs,0.3,0.0015187680726139686,650
polblogs,0.3,-0.002422998819802186,651
polblogs,0.3,-0.011748100925497202,652
polblogs,0.3,0.002056669825076718,653
polblogs,0.3,-0.03678129572103946,654
polblogs,0.3,-0.023658136398950414,655
polblogs,0.3,-0.007456133727385594,656
polblogs,0.3,-0.0026913244219811637,657
polblogs,0.3,-0.018656297313583096,658
polblogs,0.3,-0.05391262481737925,659
polblogs,0.3,-0.001930262224955335,660
polblogs,0.3,0.011904808774440386,661
polblogs,0.3,-0.03615497136898321,662
polblogs,0.3,-0.0023205708143053567,663
polblogs,0.3,-0.013062144514904573,664
polblogs,0.3,-0.010779119626688786,665
polblogs,0.3,-0.00021560445496669387,666
polblogs,0.3,0.0005078370207830868,667
polblogs,0.3,0.006257673129155913,668
polblogs,0.3,-0.12928725590931292,669
polblogs,0.3,-0.00044788615616145273,670
polblogs,0.3,-0.06709800430331883,671
polblogs,0.3,0.006335685255661578,672
polblogs,0.3,-0.04405130813387794,673
polblogs,0.3,-0.004214979428313336,674
polblogs,0.3,-0.000498986522719279,675
polblogs,0.3,-0.048448336479706276,676
polblogs,0.3,-0.010374536793976746,677
polblogs,0.3,9.293064947451522e-05,678
polblogs,0.3,-0.025696888196851224,679
polblogs,0.3,-0.028817699739201886,680
polblogs,0.3,-0.0026920447312340904,681
polblogs,0.3,-0.15356678127331302,682
polblogs,0.3,0.005383348492456408,683
polblogs,0.3,-0.007143969230293253,684
polblogs,0.3,0.00021190741561029805,685
polblogs,0.3,-0.0014528814804135495,686
polblogs,0.3,-0.010624344782661282,687
polblogs,0.3,0.03905915729283363,688
polblogs,0.3,-0.01325083582584785,689
polblogs,0.3,0.6328498958193832,690
polblogs,0.3,-0.006432221899333007,691
polblogs,0.3,0.011653332147492755,692
polblogs,0.3,0.0032463115449894793,693
polblogs,0.3,-0.03214580828384866,694
polblogs,0.3,0.006994534040451239,695
polblogs,0.3,-0.008703011207390974,696
polblogs,0.3,0.025068061649258497,697
polblogs,0.3,-0.0006780838310153825,698
polblogs,0.3,-0.010576009938036859,699
polblogs,0.3,-0.0386656987505193,700
polblogs,0.3,0.08127183862673225,701
polblogs,0.3,0.01686610445902169,702
polblogs,0.3,0.02646370255580083,703
polblogs,0.3,-0.060782333516758755,704
polblogs,0.3,0.0077786309679727245,705
polblogs,0.3,0.011126728112100368,706
polblogs,0.3,-0.006288045745454376,707
polblogs,0.3,-0.037937441579480466,708
polblogs,0.3,-0.0015525971992175383,709
polblogs,0.3,-0.03340671549357113,710
polblogs,0.3,-0.008076179201035712,711
polblogs,0.3,0.00935680136566225,712
polblogs,0.3,-0.0037712966400020418,713
polblogs,0.3,-0.014456107741687681,714
polblogs,0.3,-0.07906570931446155,715
polblogs,0.3,-0.03282297929137295,716
polblogs,0.3,-0.04704082826485801,717
polblogs,0.3,0.01600383807848164,718
polblogs,0.3,-0.0059559054061439284,719
polblogs,0.3,-0.004555515769869443,720
polblogs,0.3,0.010674922592444397,721
polblogs,0.3,-0.035882065792821605,722
polblogs,0.3,-0.06499790152763475,723
polblogs,0.3,0.025732574145501758,724
polblogs,0.3,-0.020183856806307448,725
polblogs,0.3,0.05439806880182145,726
polblogs,0.3,-0.02389394244136576,727
polblogs,0.3,0.02683808566732806,728
polblogs,0.3,-0.0002349962697581813,729
polblogs,0.3,-0.004403506704697259,730
polblogs,0.3,-0.003528229996568295,731
polblogs,0.3,0.016717062457293916,732
polblogs,0.3,-0.0017871729032880599,733
polblogs,0.3,-0.0016887297263108478,734
polblogs,0.3,-0.0014626843532280066,735
polblogs,0.3,0.00020729523388459282,736
polblogs,0.3,-0.0054549911454777125,737
polblogs,0.3,-0.002565327305571216,738
polblogs,0.3,-0.00031736734502740767,739
polblogs,0.3,0.0029768503244017633,740
polblogs,0.3,-0.0011509394620867132,741
polblogs,0.3,-0.0018522870537375084,742
polblogs,0.3,-0.001398036568005922,743
polblogs,0.3,-0.0004790580955122788,744
polblogs,0.3,-0.002001027929857665,745
polblogs,0.3,-0.0014825304068968165,746
polblogs,0.3,0.00213856452637588,747
polblogs,0.3,0.0030452372465477927,748
polblogs,0.3,-0.0015120890349000307,749
polblogs,0.3,-0.0025644051644998778,750
polblogs,0.3,0.0011389354344394811,751
polblogs,0.3,-0.0016407437757226494,752
polblogs,0.3,-0.003418687490101788,753
polblogs,0.3,-0.002844112722606653,754
polblogs,0.3,-0.002242558782512221,755
polblogs,0.3,-0.005561576375150207,756
polblogs,0.3,-0.0026739037829423854,757
polblogs,0.3,0.006888080292664147,758
polblogs,0.3,-0.0036496623912323383,759
polblogs,0.3,0.0001428119804544236,760
polblogs,0.3,0.001142832291084256,761
polblogs,0.3,-0.001076957659903308,762
polblogs,0.3,-0.0003172378626493504,763
polblogs,0.3,0.00134758787328196,764
polblogs,0.3,-0.0015092714478827666,765
polblogs,0.3,-0.004479717313832647,766
polblogs,0.3,-0.0031203569966342143,767
polblogs,0.3,-0.0027981640027795853,768
polblogs,0.3,0.002653769468627382,769
polblogs,0.3,0.008628610103183658,770
polblogs,0.3,-0.016579356854824676,771
polblogs,0.3,-0.004116002559723163,772
polblogs,0.3,-0.005833609782503782,773
polblogs,0.3,0.00042336276109704416,774
polblogs,0.3,-0.0017983429635037708,775
polblogs,0.3,-0.0032563095417098204,776
polblogs,0.3,-0.0389797093211146,777
polblogs,0.3,-0.009988886355172782,778
polblogs,0.3,0.00048046290753169185,779
polblogs,0.3,-0.009429731429935391,780
polblogs,0.3,-0.009360553782828773,781
polblogs,0.3,-0.0006089043949932553,782
polblogs,0.3,-0.0023419682912110195,783
polblogs,0.3,0.00540726883433003,784
polblogs,0.3,-0.0016251867114734496,785
polblogs,0.3,-0.016981292154435657,786
polblogs,0.3,-0.006596586051740046,787
polblogs,0.3,-0.0027979850006106255,788
polblogs,0.3,0.0007428828650351225,789
polblogs,0.3,-0.0030583539039461074,790
polblogs,0.3,-0.0027232901078823374,791
polblogs,0.3,-0.001797520869816292,792
polblogs,0.3,-0.000300344898673777,793
polblogs,0.3,0.0032252247724639024,794
polblogs,0.3,-0.001848061452365723,795
polblogs,0.3,-0.006462256235908047,796
polblogs,0.3,-0.00863011414732526,797
polblogs,0.3,0.0004855754028134184,798
polblogs,0.3,0.0014408045568918076,799
polblogs,0.3,-0.007375262687312242,800
polblogs,0.3,0.012055718433333768,801
polblogs,0.3,-0.00632481253998689,802
polblogs,0.3,-0.000903390739139548,803
polblogs,0.3,-0.0006454794086784686,804
polblogs,0.3,-0.004421868063114832,805
polblogs,0.3,0.0069513953878679955,806
polblogs,0.3,-0.006334221673028115,807
polblogs,0.3,0.001251472756724616,808
polblogs,0.3,-0.00614725221451323,809
polblogs,0.3,0.00021781782088537723,810
polblogs,0.3,0.01821158706189688,811
polblogs,0.3,0.00422573689160226,812
polblogs,0.3,-0.012170748785233994,813
polblogs,0.3,0.009235438420968436,814
polblogs,0.3,0.01481147194256207,815
polblogs,0.3,-0.0035639596774638817,816
polblogs,0.3,-0.007751129526260631,817
polblogs,0.3,-0.006302452801777928,818
polblogs,0.3,-0.0022991081739217063,819
polblogs,0.3,-0.004320274731935459,820
polblogs,0.3,0.005689378469358567,821
polblogs,0.3,0.008616509929639582,822
polblogs,0.3,-0.021085171014479282,823
polblogs,0.3,-0.0035410632009822973,824
polblogs,0.3,-0.004783208146721133,825
polblogs,0.3,0.003922904298162562,826
polblogs,0.3,-0.0020655486180930316,827
polblogs,0.3,-0.009667126224328068,828
polblogs,0.3,-0.0027206910209525747,829
polblogs,0.3,-0.0030666190988293714,830
polblogs,0.3,0.004970161415014723,831
polblogs,0.3,0.004379682118878512,832
polblogs,0.3,-0.0833172228839908,833
polblogs,0.3,0.006519297698733517,834
polblogs,0.3,-0.011446046282229352,835
polblogs,0.3,-0.00432078926432881,836
polblogs,0.3,0.015131719837348097,837
polblogs,0.3,-0.00019760349754820356,838
polblogs,0.3,-0.007692134096543056,839
polblogs,0.3,0.010422907890539394,840
polblogs,0.3,-0.0028518205713181947,841
polblogs,0.3,0.0005298121813012034,842
polblogs,0.3,-0.0008622439272607311,843
polblogs,0.3,-0.00047754607279833433,844
polblogs,0.3,-0.005025753291931262,845
polblogs,0.3,-0.0030378429202135905,846
polblogs,0.3,0.03139080755482852,847
polblogs,0.3,-0.002540151023907866,848
polblogs,0.3,0.010907669153870418,849
polblogs,0.3,0.01126489716545582,850
polblogs,0.3,0.03227446822292968,851
polblogs,0.3,-0.00019308900066411196,852
polblogs,0.3,-0.00044689718706894776,853
polblogs,0.3,0.0005226806970691873,854
polblogs,0.3,0.0014691108989063235,855
polblogs,0.3,0.006737252390074839,856
polblogs,0.3,-0.009269278850228954,857
polblogs,0.3,-0.0022209227447857667,858
polblogs,0.3,-0.017097718558298145,859
polblogs,0.3,0.003127409648957281,860
polblogs,0.3,-0.0029067977478745752,861
polblogs,0.3,-0.00601170871108749,862
polblogs,0.3,-0.0098799493255649,863
polblogs,0.3,0.005027630093674239,864
polblogs,0.3,-0.003199932939048629,865
polblogs,0.3,0.003937941191077335,866
polblogs,0.3,-0.0021911739207129233,867
polblogs,0.3,0.002393925990646987,868
polblogs,0.3,0.0050077315417287,869
polblogs,0.3,0.002561260396379768,870
polblogs,0.3,-0.0023345103421250827,871
polblogs,0.3,-0.024683388105034523,872
polblogs,0.3,0.014122785396648246,873
polblogs,0.3,-0.011046147773952434,874
polblogs,0.3,-0.045109990403318055,875
polblogs,0.3,-0.010761651363289966,876
polblogs,0.3,-0.009911163834168095,877
polblogs,0.3,0.0026475209827187068,878
polblogs,0.3,-0.008371762686638544,879
polblogs,0.3,-0.004865211318965584,880
polblogs,0.3,-0.0019874914850884396,881
polblogs,0.3,0.016788469560242318,882
polblogs,0.3,0.0009538094222437579,883
polblogs,0.3,-0.002977564808268586,884
polblogs,0.3,0.001087721252477082,885
polblogs,0.3,-0.008891232400499726,886
polblogs,0.3,0.002526860245485247,887
polblogs,0.3,-0.0038396315983485457,888
polblogs,0.3,-0.0011274586942129803,889
polblogs,0.3,-0.01048548580741307,890
polblogs,0.3,-0.002705090946839681,891
polblogs,0.3,-0.005420018693600003,892
polblogs,0.3,-0.0004888913890008142,893
polblogs,0.3,-0.0005445692204242002,894
polblogs,0.3,0.007837593888778931,895
polblogs,0.3,-0.002327221503392916,896
polblogs,0.3,-0.00021270948205378027,897
polblogs,0.3,-0.03049797101743161,898
polblogs,0.3,0.03472539936104379,899
polblogs,0.3,-0.005901903819893575,900
polblogs,0.3,-0.00555930897698991,901
polblogs,0.3,-0.028279184960378328,902
polblogs,0.3,-0.004283293429760181,903
polblogs,0.3,0.009571575641288388,904
polblogs,0.3,-0.003107939088192838,905
polblogs,0.3,-0.00047361761812344676,906
polblogs,0.3,0.002494592890953367,907
polblogs,0.3,-0.03130863458513704,908
polblogs,0.3,0.013211218022472418,909
polblogs,0.3,0.002336003340055272,910
polblogs,0.3,-0.0016459798033441656,911
polblogs,0.3,-0.0010305267677266404,912
polblogs,0.3,-0.0036943297404752515,913
polblogs,0.3,0.007212780768755981,914
polblogs,0.3,-0.002652093835206412,915
polblogs,0.3,-0.0029030352959675885,916
polblogs,0.3,0.002142693799854255,917
polblogs,0.3,0.02358333909511275,918
polblogs,0.3,-0.005532400713150481,919
polblogs,0.3,0.07272308135529444,920
polblogs,0.3,0.00064839405617189,921
polblogs,0.3,0.05781636716162536,922
polblogs,0.3,0.0008498428638546832,923
polblogs,0.3,-0.0033630185240138594,924
polblogs,0.3,-0.0035769630108260344,925
polblogs,0.3,-0.007759227640383816,926
polblogs,0.3,-0.0028136296367956676,927
polblogs,0.3,-0.0011032195184420305,928
polblogs,0.3,-0.0025891293393930006,929
polblogs,0.3,-0.0005148286748171158,930
polblogs,0.3,-0.005039607905409789,931
polblogs,0.3,-0.0017196758402116656,932
polblogs,0.3,-0.005692333609691587,933
polblogs,0.3,-0.010149860327825303,934
polblogs,0.3,-9.378293179431669e-05,935
polblogs,0.3,-0.0054290771597222615,936
polblogs,0.3,-0.04764177888419766,937
polblogs,0.3,-0.0019708539062749018,938
polblogs,0.3,-0.0023744499981912036,939
polblogs,0.3,0.0015412267969742788,940
polblogs,0.3,-0.0018779408441151996,941
polblogs,0.3,-4.932644874489702e-06,942
polblogs,0.3,0.08506965502077234,943
polblogs,0.3,-0.006622988347006314,944
polblogs,0.3,-0.0038715536125460523,945
polblogs,0.3,-0.0013428280952070154,946
polblogs,0.3,0.012184126500502416,947
polblogs,0.3,-0.004790323233475088,948
polblogs,0.3,-0.0035015646285580333,949
polblogs,0.3,-0.010512615754600255,950
polblogs,0.3,-0.01110352044395369,951
polblogs,0.3,-0.006986342805560762,952
polblogs,0.3,0.0185402789833802,953
polblogs,0.3,-0.015048358017411848,954
polblogs,0.3,-0.012282841437788369,955
polblogs,0.3,-0.0006786349336227257,956
polblogs,0.3,0.004798396636796167,957
polblogs,0.3,-0.012162399967552423,958
polblogs,0.3,-0.0007624382132676694,959
polblogs,0.3,-0.048687910334101255,960
polblogs,0.3,0.00023372569442158342,961
polblogs,0.3,-0.005399876202767002,962
polblogs,0.3,-0.001289341694752875,963
polblogs,0.3,-0.02378696964076724,964
polblogs,0.3,-0.00246499743879669,965
polblogs,0.3,-0.005455295537622106,966
polblogs,0.3,0.004835715072495003,967
polblogs,0.3,-0.01499223220575348,968
polblogs,0.3,-0.005019656569093876,969
polblogs,0.3,0.0013159654134947303,970
polblogs,0.3,-0.0015101347011008074,971
polblogs,0.3,0.0015349907299600422,972
polblogs,0.3,-0.004320018494048243,973
polblogs,0.3,0.03886150328859879,974
polblogs,0.3,-0.0005585531606747304,975
polblogs,0.3,0.003433062310115506,976
polblogs,0.3,0.010380305861874826,977
polblogs,0.3,0.002402583560070177,978
polblogs,0.3,-0.013465704680814745,979
polblogs,0.3,-0.012684045211705956,980
polblogs,0.3,0.034138149025827985,981
polblogs,0.3,0.001339702443343417,982
polblogs,0.3,-0.008773118656347903,983
polblogs,0.3,-0.007779258833668934,984
polblogs,0.3,0.002536140363985691,985
polblogs,0.3,-0.006695176126238074,986
polblogs,0.3,-0.0016676738935602468,987
polblogs,0.3,-0.0025067327064993423,988
polblogs,0.3,-0.024616887305698748,989
polblogs,0.3,-0.010459304729727038,990
polblogs,0.3,0.0016329996056309785,991
polblogs,0.3,1.4364098774516562e-05,992
polblogs,0.3,-0.08343845230692915,993
polblogs,0.3,0.007884497003989263,994
polblogs,0.3,-0.006972622199228421,995
polblogs,0.3,0.002860940195842585,996
polblogs,0.3,-0.008479919167146724,997
polblogs,0.3,-0.019999540663814666,998
polblogs,0.3,-0.01291972696572837,999
polblogs,0.3,0.015741281565647653,1000
polblogs,0.3,0.004377236454604115,1001
polblogs,0.3,0.013064338901492467,1002
polblogs,0.3,-0.0029491817480458015,1003
polblogs,0.3,-0.0021994613110608158,1004
polblogs,0.3,-0.022450791257699394,1005
polblogs,0.3,-0.026968364065226173,1006
polblogs,0.3,0.016645116258031306,1007
polblogs,0.3,0.0011784077366390488,1008
polblogs,0.3,-0.02315066452119723,1009
polblogs,0.3,0.010481780544116578,1010
polblogs,0.3,-0.0007396849823033702,1011
polblogs,0.3,0.004548485535375248,1012
polblogs,0.3,-0.02585202683147989,1013
polblogs,0.3,-0.037582565600124365,1014
polblogs,0.3,0.024814639963303964,1015
polblogs,0.3,-0.08285036485674503,1016
polblogs,0.3,0.014533017546333567,1017
polblogs,0.3,0.016502228049773394,1018
polblogs,0.3,0.008428755664127235,1019
polblogs,0.3,-0.0161546535893267,1020
polblogs,0.3,0.00673747198102681,1021
polblogs,0.3,-0.0022712435262578178,1022
polblogs,0.3,-0.016931183601688087,1023
polblogs,0.3,-0.03051524528620917,1024
polblogs,0.3,0.041923475035406096,1025
polblogs,0.3,0.004916526446698006,1026
polblogs,0.3,0.030172001951453295,1027
polblogs,0.3,0.0002228523827238856,1028
polblogs,0.3,0.0038443271415590495,1029
polblogs,0.3,0.055328926246257085,1030
polblogs,0.3,-0.01224503534987947,1031
polblogs,0.3,-0.05126487763557608,1032
polblogs,0.3,-0.0007855272268456801,1033
polblogs,0.3,0.008815067587823388,1034
polblogs,0.3,0.003282658221772867,1035
polblogs,0.3,0.012748558201526311,1036
polblogs,0.3,0.0468152306575767,1037
polblogs,0.3,0.004182879325735811,1038
polblogs,0.3,0.004258603029583041,1039
polblogs,0.3,-0.0010276640989408828,1040
polblogs,0.3,-0.001158630260741352,1041
polblogs,0.3,-0.003540907662215869,1042
polblogs,0.3,-0.001463519177802658,1043
polblogs,0.3,-0.005543946391018549,1044
polblogs,0.3,-0.0069038228024422025,1045
polblogs,0.3,-0.0678080347404388,1046
polblogs,0.3,-0.008713248920709052,1047
polblogs,0.3,-0.026826608722128057,1048
polblogs,0.3,-0.007207320149769496,1049
polblogs,0.3,-0.02570541485916198,1050
polblogs,0.3,-0.010677269576768315,1051
polblogs,0.3,0.0017299185788495377,1052
polblogs,0.3,-0.005788109323158413,1053
polblogs,0.3,-0.005553351847566627,1054
polblogs,0.3,-0.006006652530429544,1055
polblogs,0.3,0.0005504019678132646,1056
polblogs,0.3,0.008740236518251602,1057
polblogs,0.3,-0.03031821152215517,1058
polblogs,0.3,-0.016555675847200847,1059
polblogs,0.3,0.017489615515712105,1060
polblogs,0.3,0.000774362908424129,1061
polblogs,0.3,-0.005140621430241685,1062
polblogs,0.3,0.005137210653501849,1063
polblogs,0.3,0.04214178081881254,1064
polblogs,0.3,0.029490400213914574,1065
polblogs,0.3,0.008903549675229728,1066
polblogs,0.3,-0.0032974241682098356,1067
polblogs,0.3,0.01961190268647091,1068
polblogs,0.3,-0.0027113339825298602,1069
polblogs,0.3,-0.005545358004018854,1070
polblogs,0.3,0.0005136709640609106,1071
polblogs,0.3,-0.03855641579951555,1072
polblogs,0.3,-0.015610541928399935,1073
polblogs,0.3,-0.08009128006935375,1074
polblogs,0.3,-0.040886003234301055,1075
polblogs,0.3,-0.0018098253242297868,1076
polblogs,0.3,-0.013677568046592554,1077
polblogs,0.3,-0.04642781500582759,1078
polblogs,0.3,-0.0505565050721163,1079
polblogs,0.3,-0.021029480759537627,1080
polblogs,0.3,0.0136024395162277,1081
polblogs,0.3,-0.020806457563828422,1082
polblogs,0.3,0.010028826420920785,1083
polblogs,0.3,-0.005389059407978121,1084
polblogs,0.3,0.007501745437208096,1085
polblogs,0.3,-0.05976801532191284,1086
polblogs,0.3,-0.00489137161142901,1087
polblogs,0.3,-0.015265811289524811,1088
polblogs,0.3,-0.01628826526378703,1089
polblogs,0.3,-0.00558672456957653,1090
polblogs,0.3,-0.009481326488532303,1091
polblogs,0.3,-0.0011782058671047035,1092
polblogs,0.3,0.04122513375975736,1093
polblogs,0.3,0.03920235759430444,1094
polblogs,0.3,0.01697749193393442,1095
polblogs,0.3,-0.003508301715740543,1096
polblogs,0.3,-0.006041025557241598,1097
polblogs,0.3,-0.005589272882650371,1098
polblogs,0.3,0.024165060834106834,1099
polblogs,0.3,0.0003059223599520327,1100
polblogs,0.3,0.009331680095357618,1101
polblogs,0.3,-0.0028166863878715184,1102
polblogs,0.3,0.019053303338290774,1103
polblogs,0.3,-0.011119849922987491,1104
polblogs,0.3,-0.005280381231733521,1105
polblogs,0.3,-0.0012331395864604033,1106
polblogs,0.3,-0.0028389586050838007,1107
polblogs,0.3,-0.0017521863008285467,1108
polblogs,0.3,-0.019081906808154546,1109
polblogs,0.3,0.09661030709061981,1110
polblogs,0.3,0.04965047691576789,1111
polblogs,0.3,-0.005513787120973878,1112
polblogs,0.3,-0.013302578015106892,1113
polblogs,0.3,-0.0015901110719541316,1114
polblogs,0.3,0.07146003412068164,1115
polblogs,0.3,-0.0039495393660455135,1116
polblogs,0.3,-0.025941229123744792,1117
polblogs,0.3,-0.0035108309220334907,1118
polblogs,0.3,-0.010482820411150283,1119
polblogs,0.3,-0.013301206411903556,1120
polblogs,0.3,0.010919524932326155,1121
polblogs,0.3,-0.03874372753676236,1122
polblogs,0.3,-0.000585303955408896,1123
polblogs,0.3,0.011872927877491,1124
polblogs,0.3,-0.006828683473849328,1125
polblogs,0.3,-0.006937858813640918,1126
polblogs,0.3,0.04833041510500456,1127
polblogs,0.3,0.04079071072926296,1128
polblogs,0.3,0.00019388850508223726,1129
polblogs,0.3,0.0055552326858682825,1130
polblogs,0.3,-0.009090919515315049,1131
polblogs,0.3,0.011969129373196224,1132
polblogs,0.3,0.06429455651833418,1133
polblogs,0.3,0.00011731096727160969,1134
polblogs,0.3,-0.0003439445861658624,1135
polblogs,0.3,-0.004530797301055095,1136
polblogs,0.3,-0.004774532869621215,1137
polblogs,0.3,-0.003697905495787041,1138
polblogs,0.3,-0.005704432586343835,1139
polblogs,0.3,0.002939951374837334,1140
polblogs,0.3,0.0007721850540492179,1141
polblogs,0.3,-0.002736432004076962,1142
polblogs,0.3,0.00892979879312752,1143
polblogs,0.3,-0.0021669231449262145,1144
polblogs,0.3,-0.003673406131463797,1145
polblogs,0.3,0.005521492716635026,1146
polblogs,0.3,-0.005078079744518788,1147
polblogs,0.3,-0.006681506327619486,1148
polblogs,0.3,-0.010421173665008433,1149
polblogs,0.3,0.0018482178161638183,1150
polblogs,0.3,0.0028709934770214823,1151
polblogs,0.3,0.017901561500473954,1152
polblogs,0.3,0.019160262094724354,1153
polblogs,0.3,0.024543903092634146,1154
polblogs,0.3,-0.03611293370479416,1155
polblogs,0.3,-0.014503923053862727,1156
polblogs,0.3,-0.05712147462662577,1157
polblogs,0.3,-0.03893334617244435,1158
polblogs,0.3,-0.013374225291891948,1159
polblogs,0.3,0.0029299056874042147,1160
polblogs,0.3,0.0072644545852620255,1161
polblogs,0.3,-0.013099354947485362,1162
polblogs,0.3,-0.0018942628201226099,1163
polblogs,0.3,-0.004031786537876026,1164
polblogs,0.3,-0.007192527659029539,1165
polblogs,0.3,-0.0056670380013130565,1166
polblogs,0.3,-0.006172754541291226,1167
polblogs,0.3,-0.04473044314734532,1168
polblogs,0.3,-0.005981571997149505,1169
polblogs,0.3,-0.007661944203504021,1170
polblogs,0.3,-0.003495916055544346,1171
polblogs,0.3,-0.008382908739775128,1172
polblogs,0.3,-0.09190283906782293,1173
polblogs,0.3,-0.0077124495399797065,1174
polblogs,0.3,-0.01700833039233192,1175
polblogs,0.3,-0.005681234713510227,1176
polblogs,0.3,-0.02047002769015539,1177
polblogs,0.3,-0.01292194264364512,1178
polblogs,0.3,-0.0384229437087335,1179
polblogs,0.3,0.018981578709380827,1180
polblogs,0.3,-0.0009587449442573301,1181
polblogs,0.3,0.002498027465103223,1182
polblogs,0.3,-0.006466266541218124,1183
polblogs,0.3,-0.00806263387048414,1184
polblogs,0.3,-0.04838181872379525,1185
polblogs,0.3,-0.05708150542438736,1186
polblogs,0.3,-0.041652141291538915,1187
polblogs,0.3,-0.0005106383172179734,1188
polblogs,0.3,-0.033910967332524126,1189
polblogs,0.3,-0.28091224475347953,1190
polblogs,0.3,0.013944974018776876,1191
polblogs,0.3,-0.01211523463049691,1192
polblogs,0.3,-0.01486550516637574,1193
polblogs,0.3,-0.11284520009890332,1194
polblogs,0.3,-0.006729207902649729,1195
polblogs,0.3,0.014304554049580951,1196
polblogs,0.3,0.019368564218287514,1197
polblogs,0.3,-0.015868878675012927,1198
polblogs,0.3,0.0005127864775038958,1199
polblogs,0.3,0.0022854765112935026,1200
polblogs,0.3,-0.01787651400467252,1201
polblogs,0.3,0.01213208526255859,1202
polblogs,0.3,-0.012461937296381223,1203
polblogs,0.3,-0.006069943326701483,1204
polblogs,0.3,0.012057567781297756,1205
polblogs,0.3,-0.02667453568672756,1206
polblogs,0.3,-0.0045391421692577375,1207
polblogs,0.3,0.0141711785638305,1208
polblogs,0.3,-0.06174660788475854,1209
polblogs,0.3,-0.001583267444367302,1210
polblogs,0.3,0.029617420224455293,1211
polblogs,0.3,-0.0015794032582838193,1212
polblogs,0.3,0.008434411687201751,1213
polblogs,0.3,-0.02174669034859071,1214
polblogs,0.3,-0.0010049348286931847,1215
polblogs,0.3,-0.01492554159047554,1216
polblogs,0.3,-0.0020775746856957957,1217
polblogs,0.3,0.019492106213501954,1218
polblogs,0.3,-0.00830492481211357,1219
polblogs,0.3,-0.005194360066483178,1220
polblogs,0.3,-0.0004385054859873138,1221
polblogs,0.4,0.004021876280816393,0
polblogs,0.4,0.008005910454719859,1
polblogs,0.4,0.002862742842144001,2
polblogs,0.4,0.004727378844690781,3
polblogs,0.4,0.005892765929837995,4
polblogs,0.4,0.005103005237949717,5
polblogs,0.4,0.0058167731599138945,6
polblogs,0.4,0.00411458866798568,7
polblogs,0.4,0.005012723043600743,8
polblogs,0.4,-0.005023378558149803,9
polblogs,0.4,0.0037365849129019674,10
polblogs,0.4,0.004866303542887805,11
polblogs,0.4,0.004127813501522459,12
polblogs,0.4,0.004161027617777277,13
polblogs,0.4,0.0054033314702535504,14
polblogs,0.4,0.005304050431081693,15
polblogs,0.4,0.0071368653721456945,16
polblogs,0.4,0.0019691379323426186,17
polblogs,0.4,0.005505549816811251,18
polblogs,0.4,0.0018996895820885514,19
polblogs,0.4,0.0039642234578672764,20
polblogs,0.4,0.005016157256016544,21
polblogs,0.4,0.005238815550705635,22
polblogs,0.4,0.004328816933568143,23
polblogs,0.4,0.004544635461416952,24
polblogs,0.4,0.005198770715398161,25
polblogs,0.4,0.0038727159074223123,26
polblogs,0.4,0.005159208255148257,27
polblogs,0.4,0.0070142569587956,28
polblogs,0.4,0.003630937670451718,29
polblogs,0.4,0.0063167875369437455,30
polblogs,0.4,0.006126384613476512,31
polblogs,0.4,0.003821644696835331,32
polblogs,0.4,0.006132112968248332,33
polblogs,0.4,0.0019612763130762573,34
polblogs,0.4,0.005100031522277063,35
polblogs,0.4,0.004611626466350536,36
polblogs,0.4,0.005429485685859573,37
polblogs,0.4,0.010236768040990298,38
polblogs,0.4,0.005323288276621213,39
polblogs,0.4,0.00573964310705212,40
polblogs,0.4,0.004346249713535158,41
polblogs,0.4,0.004444135904629571,42
polblogs,0.4,0.003574110819138369,43
polblogs,0.4,0.0018583518399773423,44
polblogs,0.4,0.003177175872004745,45
polblogs,0.4,-0.002188432377483165,46
polblogs,0.4,0.005634586905947536,47
polblogs,0.4,0.0027124739404149234,48
polblogs,0.4,0.006369865851698408,49
polblogs,0.4,0.031793714873574484,50
polblogs,0.4,0.028174060473685633,51
polblogs,0.4,0.04450982582351706,52
polblogs,0.4,0.005889601095801922,53
polblogs,0.4,0.005526153211169104,54
polblogs,0.4,-0.020518036115875493,55
polblogs,0.4,-0.0012839314729564844,56
polblogs,0.4,0.0046511377484343055,57
polblogs,0.4,0.004335512140282974,58
polblogs,0.4,0.003564597935682161,59
polblogs,0.4,0.0017693751154361074,60
polblogs,0.4,0.005391726873364122,61
polblogs,0.4,-0.0009220356951328927,62
polblogs,0.4,0.0014763796876572138,63
polblogs,0.4,0.0017504045964175576,64
polblogs,0.4,0.0037405391557699588,65
polblogs,0.4,0.005597339450364154,66
polblogs,0.4,0.006535470131347032,67
polblogs,0.4,0.004001904227386148,68
polblogs,0.4,0.0056366446849925875,69
polblogs,0.4,0.00603335019992309,70
polblogs,0.4,0.011714581536831819,71
polblogs,0.4,0.02043336072255767,72
polblogs,0.4,0.005716085940581519,73
polblogs,0.4,0.0031415305535670234,74
polblogs,0.4,0.003783509550675618,75
polblogs,0.4,0.0009802132419682863,76
polblogs,0.4,0.004497640947935098,77
polblogs,0.4,0.004451999171746305,78
polblogs,0.4,0.004260791917442362,79
polblogs,0.4,0.006161895940076576,80
polblogs,0.4,0.0038006689427645232,81
polblogs,0.4,0.004390394454385943,82
polblogs,0.4,0.0042523020776052455,83
polblogs,0.4,0.04905334868412195,84
polblogs,0.4,0.006031684729917211,85
polblogs,0.4,-0.010247444990444167,86
polblogs,0.4,-9.768301767214026e-05,87
polblogs,0.4,0.005814851235628052,88
polblogs,0.4,0.026766577263094202,89
polblogs,0.4,0.0045236367996952295,90
polblogs,0.4,0.003193126715297154,91
polblogs,0.4,0.0036647818258835007,92
polblogs,0.4,0.005001406035550844,93
polblogs,0.4,0.005654899021093685,94
polblogs,0.4,0.005028366729232083,95
polblogs,0.4,0.00604109892908927,96
polblogs,0.4,0.005884910592396834,97
polblogs,0.4,0.004013076922988418,98
polblogs,0.4,0.007894196921716355,99
polblogs,0.4,0.005319240346625781,100
polblogs,0.4,0.005455771521481956,101
polblogs,0.4,0.007939180868660162,102
polblogs,0.4,0.0031443062982605997,103
polblogs,0.4,0.0024358328305964564,104
polblogs,0.4,0.005007559891803142,105
polblogs,0.4,0.003743235682938471,106
polblogs,0.4,0.0050412448535761155,107
polblogs,0.4,0.004871019344903206,108
polblogs,0.4,0.005730707236179285,109
polblogs,0.4,0.00593725038144299,110
polblogs,0.4,0.0019849471565137108,111
polblogs,0.4,-0.0007895499505265955,112
polblogs,0.4,0.0051730859576107424,113
polblogs,0.4,0.00460155447671247,114
polblogs,0.4,0.005832562440211235,115
polblogs,0.4,0.002204042078103836,116
polblogs,0.4,0.004256534956819344,117
polblogs,0.4,0.004873997121574901,118
polblogs,0.4,0.0017439003685651093,119
polblogs,0.4,0.003874649686858504,120
polblogs,0.4,0.006488732060830151,121
polblogs,0.4,0.007208320637260213,122
polblogs,0.4,0.006570497992178193,123
polblogs,0.4,0.006256834398500157,124
polblogs,0.4,0.005426503774739914,125
polblogs,0.4,0.004806327786240393,126
polblogs,0.4,0.006008784174991496,127
polblogs,0.4,0.00011520746693728006,128
polblogs,0.4,0.004933562825041263,129
polblogs,0.4,0.004954218410641139,130
polblogs,0.4,0.00796746772490871,131
polblogs,0.4,0.0028038217655504114,132
polblogs,0.4,0.004131225330867384,133
polblogs,0.4,0.011173720157697797,134
polblogs,0.4,0.003942781347256088,135
polblogs,0.4,0.004584965054503513,136
polblogs,0.4,0.003107020684526871,137
polblogs,0.4,0.006134526708854309,138
polblogs,0.4,0.006252031579361211,139
polblogs,0.4,0.003677221187574921,140
polblogs,0.4,0.001923876532911405,141
polblogs,0.4,-0.00241132398301673,142
polblogs,0.4,-0.02892678478873388,143
polblogs,0.4,0.0007575430711017197,144
polblogs,0.4,0.006667978517308407,145
polblogs,0.4,0.004760282314184007,146
polblogs,0.4,0.005919739145264589,147
polblogs,0.4,0.00704497515652613,148
polblogs,0.4,0.00489886060526759,149
polblogs,0.4,0.005420844519270784,150
polblogs,0.4,0.00439691990489009,151
polblogs,0.4,0.004880034445569744,152
polblogs,0.4,0.0060920660855334876,153
polblogs,0.4,0.005694186038555101,154
polblogs,0.4,-0.030209814867812376,155
polblogs,0.4,0.005899551238382519,156
polblogs,0.4,0.004313007411762834,157
polblogs,0.4,0.005914957321555564,158
polblogs,0.4,0.00399825007572268,159
polblogs,0.4,0.013481095253093102,160
polblogs,0.4,0.03273256125899996,161
polblogs,0.4,0.0010383701878662274,162
polblogs,0.4,0.011271242445334883,163
polblogs,0.4,0.005015469092327587,164
polblogs,0.4,0.007709702606767675,165
polblogs,0.4,0.005169496226154911,166
polblogs,0.4,0.0040013541664695555,167
polblogs,0.4,0.006137880004485973,168
polblogs,0.4,0.005696331308766404,169
polblogs,0.4,0.0043764344791923735,170
polblogs,0.4,0.004043415218941069,171
polblogs,0.4,0.006534095322404988,172
polblogs,0.4,0.020194601388775848,173
polblogs,0.4,-0.017581880034252432,174
polblogs,0.4,0.005238014164893849,175
polblogs,0.4,0.0005189018276273028,176
polblogs,0.4,0.006185128317091209,177
polblogs,0.4,0.006128541135051175,178
polblogs,0.4,0.004242276480865779,179
polblogs,0.4,0.006328437502935843,180
polblogs,0.4,0.008201804971648175,181
polblogs,0.4,0.00414804121479234,182
polblogs,0.4,0.005312483359454444,183
polblogs,0.4,-0.003437941867570785,184
polblogs,0.4,0.0021100642722434847,185
polblogs,0.4,0.0025472991346296115,186
polblogs,0.4,0.009009208183349392,187
polblogs,0.4,0.006341375567765268,188
polblogs,0.4,0.007559834443370396,189
polblogs,0.4,0.03374661946832303,190
polblogs,0.4,0.006844036762974134,191
polblogs,0.4,-0.004003949861848798,192
polblogs,0.4,0.0008724977815374596,193
polblogs,0.4,0.007298001059550068,194
polblogs,0.4,0.008596462240717183,195
polblogs,0.4,0.005911086581339966,196
polblogs,0.4,0.00452343206177704,197
polblogs,0.4,0.005431629898831317,198
polblogs,0.4,-0.007497870092053667,199
polblogs,0.4,0.00624563027873468,200
polblogs,0.4,-0.005785507300489574,201
polblogs,0.4,0.0018773284604004603,202
polblogs,0.4,-0.0003195902862048303,203
polblogs,0.4,0.00499644790420803,204
polblogs,0.4,0.006716099794707969,205
polblogs,0.4,0.002651693561801609,206
polblogs,0.4,0.00809998864490726,207
polblogs,0.4,0.05035142401182008,208
polblogs,0.4,0.002785004780607293,209
polblogs,0.4,0.0021720220897928776,210
polblogs,0.4,0.003768986462328681,211
polblogs,0.4,0.004155049995594698,212
polblogs,0.4,0.005901769250550482,213
polblogs,0.4,0.0175798736203653,214
polblogs,0.4,0.00668140330857267,215
polblogs,0.4,0.004773082157957539,216
polblogs,0.4,0.01009755583996431,217
polblogs,0.4,0.005736843155931855,218
polblogs,0.4,0.003907706787669215,219
polblogs,0.4,0.004675595620048611,220
polblogs,0.4,-0.01745604127752081,221
polblogs,0.4,0.0012260128694761916,222
polblogs,0.4,0.004829739441067506,223
polblogs,0.4,-0.00830934809012905,224
polblogs,0.4,0.010492717159059932,225
polblogs,0.4,-0.0026260931870751864,226
polblogs,0.4,0.0007501899990252982,227
polblogs,0.4,-0.007501931083300849,228
polblogs,0.4,-0.007608370291326985,229
polblogs,0.4,0.000901776457989954,230
polblogs,0.4,0.05012904549491663,231
polblogs,0.4,0.004637886488512428,232
polblogs,0.4,0.002461822596349824,233
polblogs,0.4,0.005449937873151447,234
polblogs,0.4,0.008929308486609841,235
polblogs,0.4,0.004316387354481428,236
polblogs,0.4,0.004250072409266647,237
polblogs,0.4,0.004273878459230478,238
polblogs,0.4,0.0046875796653788465,239
polblogs,0.4,0.0054306622813674885,240
polblogs,0.4,-0.0007555951730032004,241
polblogs,0.4,0.0019720255929315815,242
polblogs,0.4,0.0044590034389246766,243
polblogs,0.4,0.001989760504629957,244
polblogs,0.4,0.00313555214967021,245
polblogs,0.4,0.0049696443465592705,246
polblogs,0.4,0.0015340908134721773,247
polblogs,0.4,0.005616117634853436,248
polblogs,0.4,0.0031105769053038084,249
polblogs,0.4,0.011412225166295122,250
polblogs,0.4,0.012996369384524337,251
polblogs,0.4,0.042798364087005665,252
polblogs,0.4,-0.0018785705817170257,253
polblogs,0.4,0.010374850432491608,254
polblogs,0.4,-0.014702900388374409,255
polblogs,0.4,-0.04482510904087891,256
polblogs,0.4,0.004166794624997818,257
polblogs,0.4,0.006016354148127626,258
polblogs,0.4,0.005676762639525559,259
polblogs,0.4,-0.0026911775405220667,260
polblogs,0.4,-0.0638776631986993,261
polblogs,0.4,0.023096047687414568,262
polblogs,0.4,0.00043566990906559235,263
polblogs,0.4,0.0018860212748648987,264
polblogs,0.4,0.004268481365785736,265
polblogs,0.4,0.00564405468589335,266
polblogs,0.4,0.008027241776552495,267
polblogs,0.4,0.007130105018415403,268
polblogs,0.4,0.006819623239936998,269
polblogs,0.4,-0.036009448989601726,270
polblogs,0.4,-0.02222813510455564,271
polblogs,0.4,-0.009010169715735768,272
polblogs,0.4,0.012436439111407977,273
polblogs,0.4,0.006337391196299261,274
polblogs,0.4,0.012802013675217891,275
polblogs,0.4,0.006409427283668786,276
polblogs,0.4,0.0007168853001859916,277
polblogs,0.4,0.019013712069446815,278
polblogs,0.4,0.006484754622587501,279
polblogs,0.4,0.0038235128426474876,280
polblogs,0.4,0.006145206004948492,281
polblogs,0.4,0.0072252716286901175,282
polblogs,0.4,0.006812267403006652,283
polblogs,0.4,0.0014719531539004163,284
polblogs,0.4,0.0035729576368357945,285
polblogs,0.4,0.003765009740157999,286
polblogs,0.4,-0.0030635676210949477,287
polblogs,0.4,0.006256771296550808,288
polblogs,0.4,0.007311692254495149,289
polblogs,0.4,0.005049791146859182,290
polblogs,0.4,0.004075672012751046,291
polblogs,0.4,0.017646394918300445,292
polblogs,0.4,0.0032204193608360286,293
polblogs,0.4,0.00722372676013502,294
polblogs,0.4,-0.001883332566078553,295
polblogs,0.4,0.010623444698704234,296
polblogs,0.4,-0.02886888819074495,297
polblogs,0.4,-0.007044975937670187,298
polblogs,0.4,-0.00332829578051742,299
polblogs,0.4,0.009964872992866624,300
polblogs,0.4,0.005890961982758901,301
polblogs,0.4,0.005325262153982225,302
polblogs,0.4,0.05961813387518889,303
polblogs,0.4,-0.024037853450708812,304
polblogs,0.4,0.015029767152288272,305
polblogs,0.4,-0.02025721053822447,306
polblogs,0.4,-0.004092449853636737,307
polblogs,0.4,0.0027731119012823274,308
polblogs,0.4,-0.0013370175300005808,309
polblogs,0.4,0.004532829677728691,310
polblogs,0.4,0.018560813897695025,311
polblogs,0.4,-0.01660036123687331,312
polblogs,0.4,-0.0038626687450740104,313
polblogs,0.4,0.005027861755804103,314
polblogs,0.4,0.041703682823134414,315
polblogs,0.4,-0.00715028527726445,316
polblogs,0.4,-0.01828865518362472,317
polblogs,0.4,0.017597529288839227,318
polblogs,0.4,0.027141087424364847,319
polblogs,0.4,0.010894976384905372,320
polblogs,0.4,0.00880116730524885,321
polblogs,0.4,0.0067921531197458205,322
polblogs,0.4,0.0018426771778052417,323
polblogs,0.4,0.001721734568401975,324
polblogs,0.4,-0.017998970093447995,325
polblogs,0.4,0.004322895974665269,326
polblogs,0.4,0.011587125658968505,327
polblogs,0.4,0.007123719459727163,328
polblogs,0.4,0.011845964680994655,329
polblogs,0.4,0.010161782712072598,330
polblogs,0.4,0.008179022109588154,331
polblogs,0.4,0.022321409208129573,332
polblogs,0.4,0.0003482077741962154,333
polblogs,0.4,0.0113401915115561,334
polblogs,0.4,0.004765243428606699,335
polblogs,0.4,0.005867432417182181,336
polblogs,0.4,0.0031167794778730776,337
polblogs,0.4,0.01603084889933004,338
polblogs,0.4,0.013632842153444121,339
polblogs,0.4,0.0888223858798152,340
polblogs,0.4,-0.00578378641117359,341
polblogs,0.4,-0.022612091777215317,342
polblogs,0.4,0.005374934780106166,343
polblogs,0.4,-0.007137796142432923,344
polblogs,0.4,0.007722050517254641,345
polblogs,0.4,0.004342857762656395,346
polblogs,0.4,0.005914752688087719,347
polblogs,0.4,0.0054680432153197,348
polblogs,0.4,0.004507039407849365,349
polblogs,0.4,0.006618453473308006,350
polblogs,0.4,0.0022527128923938455,351
polblogs,0.4,0.0019701010683426845,352
polblogs,0.4,0.008371711012245677,353
polblogs,0.4,-0.04151927122713701,354
polblogs,0.4,0.005284866754486744,355
polblogs,0.4,0.007910266011638809,356
polblogs,0.4,0.006493656487101372,357
polblogs,0.4,-0.007661185901983049,358
polblogs,0.4,0.008190552112344806,359
polblogs,0.4,0.09990492438891592,360
polblogs,0.4,-0.009094049189677423,361
polblogs,0.4,-0.03508312442966736,362
polblogs,0.4,0.024747160239909742,363
polblogs,0.4,0.000584296804671938,364
polblogs,0.4,-0.013537043774947839,365
polblogs,0.4,0.00384517529837057,366
polblogs,0.4,0.005533567433782894,367
polblogs,0.4,0.0019939214102294277,368
polblogs,0.4,0.005763193956266342,369
polblogs,0.4,0.006147540129605747,370
polblogs,0.4,0.004953949329212198,371
polblogs,0.4,0.010229100131432016,372
polblogs,0.4,0.006416284012566233,373
polblogs,0.4,-0.005893933285533842,374
polblogs,0.4,-0.006210752618373515,375
polblogs,0.4,-0.012765269361765546,376
polblogs,0.4,-0.003173545468496942,377
polblogs,0.4,0.0029463231025034413,378
polblogs,0.4,0.021746916567404437,379
polblogs,0.4,0.007757340974300708,380
polblogs,0.4,0.008077250150293324,381
polblogs,0.4,0.0017600853272153303,382
polblogs,0.4,-0.003813780653801699,383
polblogs,0.4,0.004499901186494494,384
polblogs,0.4,0.009586204676183686,385
polblogs,0.4,-0.004288712952646446,386
polblogs,0.4,-0.009525319062429068,387
polblogs,0.4,-0.00424020938036896,388
polblogs,0.4,0.003768142090070747,389
polblogs,0.4,0.006955841461874973,390
polblogs,0.4,0.01270737205695801,391
polblogs,0.4,0.007350954789486684,392
polblogs,0.4,0.008220406127269065,393
polblogs,0.4,-0.0393088679392469,394
polblogs,0.4,-0.0015023941212548675,395
polblogs,0.4,-0.09429328024099516,396
polblogs,0.4,-0.0017243532563866715,397
polblogs,0.4,0.0018188168734807083,398
polblogs,0.4,0.005809918625090534,399
polblogs,0.4,-0.006729551165096216,400
polblogs,0.4,0.005686087150051041,401
polblogs,0.4,0.005135282745094481,402
polblogs,0.4,-0.0186492026684204,403
polblogs,0.4,0.009650009939482106,404
polblogs,0.4,0.008476490048661113,405
polblogs,0.4,-0.0007912973509112768,406
polblogs,0.4,0.001619563825060562,407
polblogs,0.4,0.04544278065186186,408
polblogs,0.4,0.008225472115444868,409
polblogs,0.4,0.007718038797044867,410
polblogs,0.4,0.002975194956587023,411
polblogs,0.4,0.0033476167492054467,412
polblogs,0.4,0.0041303566812762515,413
polblogs,0.4,-0.024743742498725234,414
polblogs,0.4,0.008889030024313207,415
polblogs,0.4,0.0030630153981326333,416
polblogs,0.4,0.029964215840453605,417
polblogs,0.4,0.016332340855003957,418
polblogs,0.4,0.0058092343068689946,419
polblogs,0.4,-0.006859554102094297,420
polblogs,0.4,-0.003982448998979097,421
polblogs,0.4,0.018415144354200517,422
polblogs,0.4,0.0044610171951675855,423
polblogs,0.4,0.005819088682133754,424
polblogs,0.4,-0.0653200378976646,425
polblogs,0.4,0.01174979666577116,426
polblogs,0.4,-0.00817092028097992,427
polblogs,0.4,0.00161196916060062,428
polblogs,0.4,-0.003178262334521953,429
polblogs,0.4,-0.0074398111572183765,430
polblogs,0.4,0.005744683578898983,431
polblogs,0.4,0.004391061551761525,432
polblogs,0.4,-0.0010410755085618845,433
polblogs,0.4,0.004014769010721059,434
polblogs,0.4,0.006746408987967421,435
polblogs,0.4,0.017850319086372544,436
polblogs,0.4,-0.011928792301996666,437
polblogs,0.4,0.009498969503111476,438
polblogs,0.4,-0.027642759030389246,439
polblogs,0.4,-0.005175948163898593,440
polblogs,0.4,0.05615460514931768,441
polblogs,0.4,0.0058206972985827285,442
polblogs,0.4,0.005721328831516179,443
polblogs,0.4,0.014206373498860675,444
polblogs,0.4,0.09475928891668513,445
polblogs,0.4,3.511706779041674e-05,446
polblogs,0.4,0.01870717538960082,447
polblogs,0.4,0.006527118789956207,448
polblogs,0.4,-0.04867853797369787,449
polblogs,0.4,-0.07117759983808543,450
polblogs,0.4,0.01128724381103118,451
polblogs,0.4,0.019061946557773237,452
polblogs,0.4,0.01387199377022998,453
polblogs,0.4,0.01262665827589416,454
polblogs,0.4,-0.005149789038519658,455
polblogs,0.4,0.008212054986990827,456
polblogs,0.4,-0.037497698887673,457
polblogs,0.4,0.006202382418890055,458
polblogs,0.4,0.005114388164673529,459
polblogs,0.4,0.002416529711347044,460
polblogs,0.4,0.03121740552226385,461
polblogs,0.4,-0.010388086038950218,462
polblogs,0.4,0.030145830153935217,463
polblogs,0.4,0.0030312783323621097,464
polblogs,0.4,0.04695892411028559,465
polblogs,0.4,0.0496044770921583,466
polblogs,0.4,-0.06700157508755657,467
polblogs,0.4,-0.015960331165860705,468
polblogs,0.4,-0.00010101532742469607,469
polblogs,0.4,0.011704375781767357,470
polblogs,0.4,0.002903422447604488,471
polblogs,0.4,-0.03237360905789508,472
polblogs,0.4,0.022736772571076612,473
polblogs,0.4,0.022826888390157427,474
polblogs,0.4,0.0064917897417947745,475
polblogs,0.4,0.0020959240507725193,476
polblogs,0.4,-0.016040872819618333,477
polblogs,0.4,-0.0380424863286623,478
polblogs,0.4,0.014458525197501968,479
polblogs,0.4,0.005268721937961371,480
polblogs,0.4,0.007370543111574314,481
polblogs,0.4,0.005391368368657361,482
polblogs,0.4,0.004293568614064813,483
polblogs,0.4,0.005482300413068796,484
polblogs,0.4,-0.010878582742779735,485
polblogs,0.4,0.0483571314502282,486
polblogs,0.4,0.00793808461928125,487
polblogs,0.4,-0.003801750487088779,488
polblogs,0.4,0.015477899388185275,489
polblogs,0.4,0.008472573266363439,490
polblogs,0.4,0.010316424892659638,491
polblogs,0.4,0.0010065902947217977,492
polblogs,0.4,0.026976629725807093,493
polblogs,0.4,0.0011821302486944337,494
polblogs,0.4,0.005963831336385257,495
polblogs,0.4,-0.0017902373526453572,496
polblogs,0.4,-0.003164033594157204,497
polblogs,0.4,0.0049195556417005815,498
polblogs,0.4,0.003409381468731011,499
polblogs,0.4,-0.025934947141239683,500
polblogs,0.4,-0.0037421135107362446,501
polblogs,0.4,0.00027614900515732205,502
polblogs,0.4,-0.07665356041048071,503
polblogs,0.4,-0.039067815953712184,504
polblogs,0.4,0.003370480655673789,505
polblogs,0.4,0.01674255433959264,506
polblogs,0.4,0.012025288345900869,507
polblogs,0.4,-0.00010647554672367466,508
polblogs,0.4,0.0003699599465395315,509
polblogs,0.4,0.003401710068506993,510
polblogs,0.4,0.0009997166695662491,511
polblogs,0.4,0.004757904769787085,512
polblogs,0.4,0.0042050019430096685,513
polblogs,0.4,-0.001696207018601179,514
polblogs,0.4,0.0037442001113816878,515
polblogs,0.4,0.005342959518388043,516
polblogs,0.4,-0.015090862199240504,517
polblogs,0.4,-0.006471909794473905,518
polblogs,0.4,0.01660356199581469,519
polblogs,0.4,0.020109194964141812,520
polblogs,0.4,0.028656363987352572,521
polblogs,0.4,0.006437160377131528,522
polblogs,0.4,0.005514892976739275,523
polblogs,0.4,-0.015359016915262785,524
polblogs,0.4,0.03879787545131406,525
polblogs,0.4,0.007423621095158569,526
polblogs,0.4,0.01783820318273837,527
polblogs,0.4,-0.002196731966978961,528
polblogs,0.4,0.0038075382123500577,529
polblogs,0.4,0.014891201533579956,530
polblogs,0.4,0.002423814317901784,531
polblogs,0.4,0.004784487778370441,532
polblogs,0.4,0.008002225901184254,533
polblogs,0.4,0.005177178779647508,534
polblogs,0.4,0.0024412192147766666,535
polblogs,0.4,0.005996463363341744,536
polblogs,0.4,0.006161142816873347,537
polblogs,0.4,0.013111441265571483,538
polblogs,0.4,0.06792465997402845,539
polblogs,0.4,-0.3396286582513158,540
polblogs,0.4,3.2999898950969303e-06,541
polblogs,0.4,0.01901298314704174,542
polblogs,0.4,0.00540054574118535,543
polblogs,0.4,-0.0017200789034468196,544
polblogs,0.4,0.003957260982740056,545
polblogs,0.4,0.006669372855633068,546
polblogs,0.4,0.016166699071812545,547
polblogs,0.4,0.006816079424834194,548
polblogs,0.4,-0.12286553567357439,549
polblogs,0.4,-0.004540366926289563,550
polblogs,0.4,0.02357286554202889,551
polblogs,0.4,0.016052637708196073,552
polblogs,0.4,0.025659442309262797,553
polblogs,0.4,0.00027203334688365166,554
polblogs,0.4,-0.017712744783678333,555
polblogs,0.4,0.0055434570192740935,556
polblogs,0.4,0.03362821734723711,557
polblogs,0.4,0.02330868191917631,558
polblogs,0.4,0.003002937072180338,559
polblogs,0.4,-0.07264424976864554,560
polblogs,0.4,0.006239946412459789,561
polblogs,0.4,-0.019881032240650652,562
polblogs,0.4,0.02816988936350129,563
polblogs,0.4,0.006675176276799146,564
polblogs,0.4,0.008884453830037829,565
polblogs,0.4,0.005719529220869879,566
polblogs,0.4,-0.00450396374689937,567
polblogs,0.4,-0.06316849972446603,568
polblogs,0.4,0.004620513543271929,569
polblogs,0.4,-0.04034392976685381,570
polblogs,0.4,0.005664301804533959,571
polblogs,0.4,0.01484238488020022,572
polblogs,0.4,0.015229303263105337,573
polblogs,0.4,0.005075741596350998,574
polblogs,0.4,0.0025197677537032487,575
polblogs,0.4,0.0028476747857466293,576
polblogs,0.4,0.005568301380945429,577
polblogs,0.4,0.016723176831998626,578
polblogs,0.4,0.007349548494261817,579
polblogs,0.4,0.005636276405303958,580
polblogs,0.4,0.0034350914409663367,581
polblogs,0.4,-0.018667858709334788,582
polblogs,0.4,0.004914780536297305,583
polblogs,0.4,0.012118155344789768,584
polblogs,0.4,0.007612161852037516,585
polblogs,0.4,-0.01450568134795603,586
polblogs,0.4,-0.011464562611826571,587
polblogs,0.4,0.033083152588816646,588
polblogs,0.4,0.07818874241280063,589
polblogs,0.4,0.004990885304721695,590
polblogs,0.4,0.005638866125647134,591
polblogs,0.4,0.0012634935623956674,592
polblogs,0.4,-0.0017755852941754276,593
polblogs,0.4,0.015115527773713505,594
polblogs,0.4,-0.009270611940226258,595
polblogs,0.4,-0.007296243265871881,596
polblogs,0.4,0.0036490018385630547,597
polblogs,0.4,-0.02697247192576942,598
polblogs,0.4,-0.0353233542247643,599
polblogs,0.4,-0.021535906703419882,600
polblogs,0.4,0.01919561404247381,601
polblogs,0.4,0.005407192581047519,602
polblogs,0.4,0.3523622808927875,603
polblogs,0.4,0.0029452811010575886,604
polblogs,0.4,-0.014004067835082809,605
polblogs,0.4,-0.004528470799607574,606
polblogs,0.4,-0.010656639258998566,607
polblogs,0.4,0.005130029089610657,608
polblogs,0.4,0.025655390187853667,609
polblogs,0.4,0.002622271693910106,610
polblogs,0.4,-0.0463402384797937,611
polblogs,0.4,0.009025543706607792,612
polblogs,0.4,-0.013770218652696101,613
polblogs,0.4,0.029611548672816252,614
polblogs,0.4,-0.017293219170033635,615
polblogs,0.4,-0.021876707629090414,616
polblogs,0.4,0.026452965073751746,617
polblogs,0.4,0.07067169510428573,618
polblogs,0.4,0.023272112769188183,619
polblogs,0.4,0.07883178627539653,620
polblogs,0.4,-0.0017503658788254526,621
polblogs,0.4,-0.002956908429299649,622
polblogs,0.4,-0.0014528800778001003,623
polblogs,0.4,-0.0016588715574406092,624
polblogs,0.4,0.02879869254224205,625
polblogs,0.4,0.00762982827162435,626
polblogs,0.4,0.003147559560129656,627
polblogs,0.4,0.00808516595505315,628
polblogs,0.4,0.0043084491597714415,629
polblogs,0.4,-0.013239529268819617,630
polblogs,0.4,-0.014533740430793212,631
polblogs,0.4,-0.014386727515691679,632
polblogs,0.4,0.03379434717590227,633
polblogs,0.4,0.022255784954205892,634
polblogs,0.4,0.004940431449329613,635
polblogs,0.4,0.04847520636908533,636
polblogs,0.4,0.01436884443893798,637
polblogs,0.4,0.030493356834413256,638
polblogs,0.4,-0.024527780072790866,639
polblogs,0.4,0.006608785429646374,640
polblogs,0.4,0.10209986289352904,641
polblogs,0.4,0.023771269010074453,642
polblogs,0.4,0.022639775506216233,643
polblogs,0.4,-0.09205196995443658,644
polblogs,0.4,0.011299070798238723,645
polblogs,0.4,0.04022204581689836,646
polblogs,0.4,0.002526972193168171,647
polblogs,0.4,0.0046067891623843265,648
polblogs,0.4,0.0026585100122190966,649
polblogs,0.4,0.002957901843851312,650
polblogs,0.4,0.00429544521770829,651
polblogs,0.4,0.010278952552136898,652
polblogs,0.4,0.001311206066313531,653
polblogs,0.4,-0.024766435000122506,654
polblogs,0.4,0.07664421948460198,655
polblogs,0.4,0.01934086187741974,656
polblogs,0.4,0.006161536726783115,657
polblogs,0.4,0.006263198675643373,658
polblogs,0.4,-0.005059953780340051,659
polblogs,0.4,0.0034315645730983216,660
polblogs,0.4,-0.037892918605326315,661
polblogs,0.4,0.016766537854610117,662
polblogs,0.4,0.00710308157119911,663
polblogs,0.4,0.007378035463677856,664
polblogs,0.4,0.011601731515484263,665
polblogs,0.4,0.008674335604927875,666
polblogs,0.4,0.0032617008542671832,667
polblogs,0.4,0.006077850376233562,668
polblogs,0.4,0.029143266907945255,669
polblogs,0.4,0.0031902390815618763,670
polblogs,0.4,-0.019493804832505655,671
polblogs,0.4,-0.006553376339500863,672
polblogs,0.4,0.03819989472532714,673
polblogs,0.4,0.005811525832523339,674
polblogs,0.4,0.004420724038111151,675
polblogs,0.4,0.06692339191253686,676
polblogs,0.4,-0.06346946061678307,677
polblogs,0.4,0.005075526122628082,678
polblogs,0.4,0.01300320781084539,679
polblogs,0.4,0.02580543252992325,680
polblogs,0.4,0.0028919055147297985,681
polblogs,0.4,-0.032065168952841186,682
polblogs,0.4,-0.006395142341439685,683
polblogs,0.4,0.020092820952620636,684
polblogs,0.4,0.009442466916368273,685
polblogs,0.4,0.006736567832933653,686
polblogs,0.4,-0.000680882911648114,687
polblogs,0.4,0.005729446452225941,688
polblogs,0.4,0.009476981642714903,689
polblogs,0.4,-0.0135986401289265,690
polblogs,0.4,-0.0006298555975189877,691
polblogs,0.4,0.046086529472569034,692
polblogs,0.4,0.00549521548389539,693
polblogs,0.4,0.04061722993572704,694
polblogs,0.4,-0.010383508147969376,695
polblogs,0.4,0.0016848704581668974,696
polblogs,0.4,0.017798912911845193,697
polblogs,0.4,-0.0007004813297808896,698
polblogs,0.4,-0.0017705311801386656,699
polblogs,0.4,0.025285418014339978,700
polblogs,0.4,0.012482864676174418,701
polblogs,0.4,0.057355865253711294,702
polblogs,0.4,-0.039862452985451706,703
polblogs,0.4,0.029969155545552923,704
polblogs,0.4,-0.08650169731296566,705
polblogs,0.4,0.009133697688380809,706
polblogs,0.4,0.002881703028092984,707
polblogs,0.4,-0.003918404676305885,708
polblogs,0.4,0.002733177176251859,709
polblogs,0.4,0.04867177239692899,710
polblogs,0.4,0.01924101088352599,711
polblogs,0.4,0.018383303648835943,712
polblogs,0.4,-0.0015103342236494192,713
polblogs,0.4,0.11218719846557774,714
polblogs,0.4,-0.0470849832516146,715
polblogs,0.4,0.05018131678130486,716
polblogs,0.4,0.0036131297041878314,717
polblogs,0.4,0.00028814350115416687,718
polblogs,0.4,0.008735338828195513,719
polblogs,0.4,0.0030162338442418094,720
polblogs,0.4,-0.03538778598148461,721
polblogs,0.4,0.003655822301211215,722
polblogs,0.4,0.06848786950397627,723
polblogs,0.4,-0.04361611631821786,724
polblogs,0.4,-0.005284364677076712,725
polblogs,0.4,0.04011748714324582,726
polblogs,0.4,0.007379810882244631,727
polblogs,0.4,-0.052736310061445246,728
polblogs,0.4,0.0031357614992027633,729
polblogs,0.4,-0.0021613623299110373,730
polblogs,0.4,0.006275192923768399,731
polblogs,0.4,-0.012861913645189823,732
polblogs,0.4,0.004268954622007234,733
polblogs,0.4,-3.517976076876648e-05,734
polblogs,0.4,0.006367610204748723,735
polblogs,0.4,0.003229592097134735,736
polblogs,0.4,0.004440881451480924,737
polblogs,0.4,0.010661971464129609,738
polblogs,0.4,0.003151692394050066,739
polblogs,0.4,0.012830395703690862,740
polblogs,0.4,0.004960933803939965,741
polblogs,0.4,0.0060581518392765045,742
polblogs,0.4,0.003361241740116338,743
polblogs,0.4,0.00469642897934022,744
polblogs,0.4,0.009170963656607271,745
polblogs,0.4,0.006846332637904986,746
polblogs,0.4,0.0061851779414640595,747
polblogs,0.4,0.002036596536712554,748
polblogs,0.4,0.005999130859799991,749
polblogs,0.4,0.008425589910602486,750
polblogs,0.4,0.008321707387289854,751
polblogs,0.4,0.009588737151967711,752
polblogs,0.4,0.003958279604996376,753
polblogs,0.4,-0.002048947361478061,754
polblogs,0.4,0.0025838398513832244,755
polblogs,0.4,-0.006243880224650232,756
polblogs,0.4,0.008297195299884269,757
polblogs,0.4,0.01101681927082047,758
polblogs,0.4,0.004968537983644611,759
polblogs,0.4,0.009690091298378832,760
polblogs,0.4,0.0073082383262608325,761
polblogs,0.4,0.007742607496537114,762
polblogs,0.4,0.004082430503855024,763
polblogs,0.4,0.003900957541216184,764
polblogs,0.4,0.0034806912132870887,765
polblogs,0.4,0.003911864692825334,766
polblogs,0.4,0.0006887585543544953,767
polblogs,0.4,0.006189353437513144,768
polblogs,0.4,0.007479830199578496,769
polblogs,0.4,0.007174397287527759,770
polblogs,0.4,-0.002755847656630691,771
polblogs,0.4,0.005936515214326456,772
polblogs,0.4,0.009471289556482479,773
polblogs,0.4,0.005377737002516903,774
polblogs,0.4,0.0061520251492469735,775
polblogs,0.4,0.004925982211443401,776
polblogs,0.4,0.023922323529879903,777
polblogs,0.4,-0.0014475031184374234,778
polblogs,0.4,0.003791589980269473,779
polblogs,0.4,0.017803806131093933,780
polblogs,0.4,0.004772505335237999,781
polblogs,0.4,0.006421716996339777,782
polblogs,0.4,0.004532942701097135,783
polblogs,0.4,0.004862531139005271,784
polblogs,0.4,0.00560899939397878,785
polblogs,0.4,-0.005173935171680471,786
polblogs,0.4,0.0051254352072872345,787
polblogs,0.4,0.00642279510765454,788
polblogs,0.4,0.002148340474568651,789
polblogs,0.4,0.00345573123153589,790
polblogs,0.4,0.0070543066821822185,791
polblogs,0.4,0.007719009577853051,792
polblogs,0.4,0.005930892144015859,793
polblogs,0.4,0.006572586584787512,794
polblogs,0.4,0.00561396589870559,795
polblogs,0.4,0.0008156268644638706,796
polblogs,0.4,0.006669825423231156,797
polblogs,0.4,0.009664033477875303,798
polblogs,0.4,-0.0028703385872539,799
polblogs,0.4,0.004712646911140207,800
polblogs,0.4,0.026129773052284134,801
polblogs,0.4,0.004446193646143055,802
polblogs,0.4,0.024192374058326284,803
polblogs,0.4,-0.005437900048541336,804
polblogs,0.4,0.008893712830218588,805
polblogs,0.4,-0.0008939853197617864,806
polblogs,0.4,0.006822805881168432,807
polblogs,0.4,0.0011610758647828722,808
polblogs,0.4,0.0021655038423328225,809
polblogs,0.4,0.008476305597417584,810
polblogs,0.4,-0.044414540674679315,811
polblogs,0.4,0.016970075876428677,812
polblogs,0.4,0.007957428183215775,813
polblogs,0.4,0.006204590893250508,814
polblogs,0.4,-0.013190248715711065,815
polblogs,0.4,0.010765989646844323,816
polblogs,0.4,0.022865608183659587,817
polblogs,0.4,0.004070607091151472,818
polblogs,0.4,0.009873178136578094,819
polblogs,0.4,-0.00010337087250845769,820
polblogs,0.4,0.0031474278503507993,821
polblogs,0.4,0.021857886425148323,822
polblogs,0.4,-0.009376986728496167,823
polblogs,0.4,0.0024012466700508417,824
polblogs,0.4,0.006572161134617748,825
polblogs,0.4,0.009703779388115386,826
polblogs,0.4,0.00579513022627232,827
polblogs,0.4,0.003210535853517717,828
polblogs,0.4,0.0004134162802793615,829
polblogs,0.4,0.005482627359578395,830
polblogs,0.4,0.0070547282795206485,831
polblogs,0.4,0.006754531864588158,832
polblogs,0.4,0.015302539817384896,833
polblogs,0.4,0.016677664707406507,834
polblogs,0.4,-0.004848908734838922,835
polblogs,0.4,0.007030728725336966,836
polblogs,0.4,0.016616167121381097,837
polblogs,0.4,0.012980667463228812,838
polblogs,0.4,0.0012188629269854468,839
polblogs,0.4,0.0037777027234488568,840
polblogs,0.4,0.012617435781372479,841
polblogs,0.4,0.00794449385775839,842
polblogs,0.4,0.003971982877299954,843
polblogs,0.4,0.004502927028538391,844
polblogs,0.4,0.0056254119530709246,845
polblogs,0.4,-0.001787963554391363,846
polblogs,0.4,0.04584289753530762,847
polblogs,0.4,-0.0034423513939960517,848
polblogs,0.4,0.014428388483753909,849
polblogs,0.4,0.019560887144085368,850
polblogs,0.4,-0.017697449767375806,851
polblogs,0.4,0.008901458063211617,852
polblogs,0.4,0.0035220281091497153,853
polblogs,0.4,0.0009742053934297271,854
polblogs,0.4,0.006498632623497931,855
polblogs,0.4,0.005349392282880045,856
polblogs,0.4,0.006139082458682157,857
polblogs,0.4,0.0028017965944093,858
polblogs,0.4,0.005571810327979608,859
polblogs,0.4,0.010283418134386766,860
polblogs,0.4,0.004650089500975624,861
polblogs,0.4,0.0015208261101309494,862
polblogs,0.4,-0.04706825537236954,863
polblogs,0.4,0.0006799303593831151,864
polblogs,0.4,0.008400330404878911,865
polblogs,0.4,-0.004074525946843486,866
polblogs,0.4,0.0018143667846295553,867
polblogs,0.4,0.008079392926410016,868
polblogs,0.4,0.0009629304574788579,869
polblogs,0.4,0.003318488129890308,870
polblogs,0.4,0.008079517037498214,871
polblogs,0.4,0.01970160167569055,872
polblogs,0.4,0.04145627962259097,873
polblogs,0.4,-0.0017433431827155984,874
polblogs,0.4,-0.026273057888007108,875
polblogs,0.4,0.0012695390373174541,876
polblogs,0.4,0.0377346597134904,877
polblogs,0.4,0.03280010643988874,878
polblogs,0.4,0.014049510889345708,879
polblogs,0.4,0.011249429218225785,880
polblogs,0.4,0.0031747703324400476,881
polblogs,0.4,-0.00503819358244466,882
polblogs,0.4,0.0014563462347138235,883
polblogs,0.4,0.007053175290217691,884
polblogs,0.4,-0.007995003297543312,885
polblogs,0.4,0.009428885679739285,886
polblogs,0.4,0.006241250804620787,887
polblogs,0.4,0.007721912502339303,888
polblogs,0.4,0.005627551122556918,889
polblogs,0.4,0.0043346590401910036,890
polblogs,0.4,0.007628994358386472,891
polblogs,0.4,0.006651577693415527,892
polblogs,0.4,0.004462110599748067,893
polblogs,0.4,0.009780278959897484,894
polblogs,0.4,0.009930219843935488,895
polblogs,0.4,0.004778490439968455,896
polblogs,0.4,-0.013758186089042623,897
polblogs,0.4,0.055786365495417094,898
polblogs,0.4,0.0007241313528445842,899
polblogs,0.4,0.002473268257530618,900
polblogs,0.4,0.00398485643798319,901
polblogs,0.4,0.005700650144648386,902
polblogs,0.4,0.005869534961502491,903
polblogs,0.4,0.020423184757805177,904
polblogs,0.4,-0.0007310705600976174,905
polblogs,0.4,0.003204548372910374,906
polblogs,0.4,-0.010551886074376467,907
polblogs,0.4,-0.001988782570568716,908
polblogs,0.4,-0.02821147960400414,909
polblogs,0.4,0.00022294807175445215,910
polblogs,0.4,0.005147044279029333,911
polblogs,0.4,-0.0016779750034148456,912
polblogs,0.4,-0.008277363314603523,913
polblogs,0.4,-0.0011177742760975066,914
polblogs,0.4,-0.006152259759175774,915
polblogs,0.4,0.015397289525999067,916
polblogs,0.4,0.010780627038810974,917
polblogs,0.4,-0.009924954102375105,918
polblogs,0.4,-0.00774092133950918,919
polblogs,0.4,-0.03131267386673261,920
polblogs,0.4,0.02005860339499565,921
polblogs,0.4,0.0277793542052599,922
polblogs,0.4,0.0036536895194369035,923
polblogs,0.4,0.008046737406625629,924
polblogs,0.4,0.0038245351638124922,925
polblogs,0.4,0.00823438618079042,926
polblogs,0.4,0.005561435443405993,927
polblogs,0.4,0.005948483858167422,928
polblogs,0.4,0.008977324775828561,929
polblogs,0.4,0.002028484910802429,930
polblogs,0.4,0.007269723799360071,931
polblogs,0.4,0.003072983222377984,932
polblogs,0.4,0.005309756698555695,933
polblogs,0.4,-0.0030938377207684288,934
polblogs,0.4,0.005873817331719652,935
polblogs,0.4,0.01248612691891103,936
polblogs,0.4,0.007147884592697625,937
polblogs,0.4,0.013030330631287293,938
polblogs,0.4,0.005630014610893916,939
polblogs,0.4,0.007260529662144091,940
polblogs,0.4,0.00555868819769835,941
polblogs,0.4,0.008573093172561538,942
polblogs,0.4,0.03383650281065897,943
polblogs,0.4,-0.00018017406738943899,944
polblogs,0.4,0.008230698839250188,945
polblogs,0.4,0.005568225034382965,946
polblogs,0.4,0.007464832414130548,947
polblogs,0.4,-0.0008927563142175285,948
polblogs,0.4,0.013256292425461056,949
polblogs,0.4,-0.0024763971767002855,950
polblogs,0.4,0.0011912656257192374,951
polblogs,0.4,0.009579947396449023,952
polblogs,0.4,0.00914580570662397,953
polblogs,0.4,0.015886542165335363,954
polblogs,0.4,0.01991104415803385,955
polblogs,0.4,-0.007219751132849298,956
polblogs,0.4,-0.020461942581336122,957
polblogs,0.4,0.026382163861705138,958
polblogs,0.4,0.006783823194671971,959
polblogs,0.4,0.013531558606135271,960
polblogs,0.4,0.006555657762776411,961
polblogs,0.4,0.002817220966459709,962
polblogs,0.4,0.0019201044844818428,963
polblogs,0.4,0.01717411882157451,964
polblogs,0.4,0.008438189950237162,965
polblogs,0.4,0.00808284228709435,966
polblogs,0.4,0.002857012539424559,967
polblogs,0.4,-0.03154276089826257,968
polblogs,0.4,-0.005187634784191233,969
polblogs,0.4,0.004117437813748195,970
polblogs,0.4,0.0025564866282389493,971
polblogs,0.4,0.006479539912357106,972
polblogs,0.4,0.00016925933225547983,973
polblogs,0.4,-0.00325387699756005,974
polblogs,0.4,0.014157636299644498,975
polblogs,0.4,0.005668293116410556,976
polblogs,0.4,-0.008022812196201826,977
polblogs,0.4,-0.0016707363749913875,978
polblogs,0.4,-0.009981042260794937,979
polblogs,0.4,0.004943697638211925,980
polblogs,0.4,-0.04351152920973776,981
polblogs,0.4,-0.0015740470238415896,982
polblogs,0.4,1.4606980432998561e-05,983
polblogs,0.4,-0.0010672295975643442,984
polblogs,0.4,0.010004704175735298,985
polblogs,0.4,-0.004285784748283685,986
polblogs,0.4,-0.002232413897958851,987
polblogs,0.4,0.003909398810563868,988
polblogs,0.4,0.0005728670436521889,989
polblogs,0.4,-0.0069373936353018684,990
polblogs,0.4,0.02304035862728332,991
polblogs,0.4,0.0012813073892499766,992
polblogs,0.4,0.007710615602157699,993
polblogs,0.4,0.00011002541345646362,994
polblogs,0.4,-0.0029453597225329964,995
polblogs,0.4,0.004903059046961419,996
polblogs,0.4,0.0019525265034140446,997
polblogs,0.4,-0.0031802448680590956,998
polblogs,0.4,0.03714573235866384,999
polblogs,0.4,0.04229800099500829,1000
polblogs,0.4,-0.02529978234120159,1001
polblogs,0.4,0.034032113432497825,1002
polblogs,0.4,0.01159996561238004,1003
polblogs,0.4,0.023141254537655538,1004
polblogs,0.4,-0.07216364282829518,1005
polblogs,0.4,0.006524974509448748,1006
polblogs,0.4,-0.1527014890223056,1007
polblogs,0.4,0.003391408610250183,1008
polblogs,0.4,0.014275013877880674,1009
polblogs,0.4,0.011662929269695841,1010
polblogs,0.4,0.026471523756049567,1011
polblogs,0.4,-0.023479635407509518,1012
polblogs,0.4,0.03188493811152296,1013
polblogs,0.4,0.26793273423369635,1014
polblogs,0.4,0.052656499882090334,1015
polblogs,0.4,-0.11802840064943067,1016
polblogs,0.4,0.00039965755633373883,1017
polblogs,0.4,0.05517901167233579,1018
polblogs,0.4,0.02504184212916894,1019
polblogs,0.4,0.015214899870939026,1020
polblogs,0.4,-0.005431819235258706,1021
polblogs,0.4,0.03314463847359134,1022
polblogs,0.4,-0.015424473616857837,1023
polblogs,0.4,-0.023331702609978997,1024
polblogs,0.4,0.03351189824632248,1025
polblogs,0.4,0.01299822564154208,1026
polblogs,0.4,-0.012587290092589923,1027
polblogs,0.4,0.006010135847153353,1028
polblogs,0.4,0.016667971482489895,1029
polblogs,0.4,-0.041045958212907914,1030
polblogs,0.4,0.026141901994131297,1031
polblogs,0.4,0.01689342187835898,1032
polblogs,0.4,0.007128270015387679,1033
polblogs,0.4,0.03308324308286569,1034
polblogs,0.4,0.014432233744955881,1035
polblogs,0.4,0.0003003729269668126,1036
polblogs,0.4,-0.0986068629098731,1037
polblogs,0.4,0.004854024261554068,1038
polblogs,0.4,-0.016292062891116208,1039
polblogs,0.4,0.005860025916317509,1040
polblogs,0.4,0.00701843997611835,1041
polblogs,0.4,-0.011551310295244782,1042
polblogs,0.4,-0.116901615703351,1043
polblogs,0.4,0.0046438100516900125,1044
polblogs,0.4,0.012649770452449163,1045
polblogs,0.4,-0.032742441861790504,1046
polblogs,0.4,0.00921935568890838,1047
polblogs,0.4,0.007625093688697682,1048
polblogs,0.4,0.019032015445420526,1049
polblogs,0.4,0.0222268754440186,1050
polblogs,0.4,0.02704708314931843,1051
polblogs,0.4,0.010890571002647707,1052
polblogs,0.4,0.0053528308418738894,1053
polblogs,0.4,0.01296960760182726,1054
polblogs,0.4,-0.0019947920128424268,1055
polblogs,0.4,0.00830635730539042,1056
polblogs,0.4,0.019232133686744483,1057
polblogs,0.4,-0.023367487293747668,1058
polblogs,0.4,0.04808704935104312,1059
polblogs,0.4,-0.005149559222994854,1060
polblogs,0.4,0.0055240872303705685,1061
polblogs,0.4,-0.00026706063696266074,1062
polblogs,0.4,0.011793374249779071,1063
polblogs,0.4,0.09082485164537901,1064
polblogs,0.4,0.013321579858252709,1065
polblogs,0.4,0.026988351216714005,1066
polblogs,0.4,0.019760368076567746,1067
polblogs,0.4,0.004103871840728564,1068
polblogs,0.4,0.007436278404504452,1069
polblogs,0.4,-0.022286002776182933,1070
polblogs,0.4,-0.007473609715428842,1071
polblogs,0.4,-0.04102229590394051,1072
polblogs,0.4,0.015929072845247076,1073
polblogs,0.4,0.04902037146585296,1074
polblogs,0.4,0.01022639336033821,1075
polblogs,0.4,0.007521277747556284,1076
polblogs,0.4,0.012488429650529544,1077
polblogs,0.4,0.027417849141280065,1078
polblogs,0.4,-0.03211094878754579,1079
polblogs,0.4,0.007959111246980911,1080
polblogs,0.4,0.010290427046879434,1081
polblogs,0.4,-0.015414096530343238,1082
polblogs,0.4,0.011553428755296889,1083
polblogs,0.4,0.004906162684340029,1084
polblogs,0.4,0.020341646826358372,1085
polblogs,0.4,0.02733780704071347,1086
polblogs,0.4,0.0007458149636992307,1087
polblogs,0.4,0.01646559796021111,1088
polblogs,0.4,-0.007862513238394242,1089
polblogs,0.4,-0.0033564849519426925,1090
polblogs,0.4,0.010492612110437729,1091
polblogs,0.4,0.0070387129958856065,1092
polblogs,0.4,-0.01882959574076815,1093
polblogs,0.4,-0.022332441626542746,1094
polblogs,0.4,0.00018297203348251808,1095
polblogs,0.4,0.006249458302018234,1096
polblogs,0.4,0.014598231353468712,1097
polblogs,0.4,0.008112207741482943,1098
polblogs,0.4,-0.00699627588930762,1099
polblogs,0.4,-0.02361234153456429,1100
polblogs,0.4,0.0012819635681040294,1101
polblogs,0.4,0.005378133683182612,1102
polblogs,0.4,0.037231653218936775,1103
polblogs,0.4,0.00739023483874085,1104
polblogs,0.4,0.0037014962144460623,1105
polblogs,0.4,-0.01573899506374641,1106
polblogs,0.4,0.002874100656034935,1107
polblogs,0.4,0.005310525652110784,1108
polblogs,0.4,0.031461602935049356,1109
polblogs,0.4,0.02456859128583104,1110
polblogs,0.4,-0.01989760831280469,1111
polblogs,0.4,0.015779428533840054,1112
polblogs,0.4,0.038194769260844426,1113
polblogs,0.4,0.0027281168149847386,1114
polblogs,0.4,0.021268057387296643,1115
polblogs,0.4,0.004179030462643212,1116
polblogs,0.4,0.05937062502147575,1117
polblogs,0.4,0.007834904886845658,1118
polblogs,0.4,-0.08059240112595324,1119
polblogs,0.4,-0.0007146644186692236,1120
polblogs,0.4,-0.013120156227795525,1121
polblogs,0.4,-0.021799194014920798,1122
polblogs,0.4,-0.01760077916668325,1123
polblogs,0.4,-0.007483838078412421,1124
polblogs,0.4,0.023917299655841835,1125
polblogs,0.4,-0.03835920664179482,1126
polblogs,0.4,-0.04456416574093602,1127
polblogs,0.4,-0.027088433639742008,1128
polblogs,0.4,0.0031937374103481954,1129
polblogs,0.4,-0.013392878152296374,1130
polblogs,0.4,0.013979862522499609,1131
polblogs,0.4,0.002591815891181825,1132
polblogs,0.4,-0.05911089031095373,1133
polblogs,0.4,0.0066776148959184975,1134
polblogs,0.4,0.008294744316358415,1135
polblogs,0.4,0.0050251136435418295,1136
polblogs,0.4,0.011546982110696925,1137
polblogs,0.4,0.006054950835324551,1138
polblogs,0.4,0.00426004790302988,1139
polblogs,0.4,0.02067257655197037,1140
polblogs,0.4,0.05021197756396895,1141
polblogs,0.4,-0.0033506104413558845,1142
polblogs,0.4,0.008214843132123882,1143
polblogs,0.4,0.008927308370970409,1144
polblogs,0.4,0.018370151167237052,1145
polblogs,0.4,0.005371182879430985,1146
polblogs,0.4,0.01297625259017369,1147
polblogs,0.4,0.004193848670083752,1148
polblogs,0.4,0.008124111576001689,1149
polblogs,0.4,-0.007745215955129483,1150
polblogs,0.4,-0.006269650984243807,1151
polblogs,0.4,0.02441425448884679,1152
polblogs,0.4,-0.0010838691641177004,1153
polblogs,0.4,0.013990695490144967,1154
polblogs,0.4,0.02626425812114269,1155
polblogs,0.4,0.0863333248692793,1156
polblogs,0.4,-0.025143504990120184,1157
polblogs,0.4,-0.02677994085704852,1158
polblogs,0.4,-0.0004668387910112504,1159
polblogs,0.4,-0.00810262413311746,1160
polblogs,0.4,0.010787349421395587,1161
polblogs,0.4,-0.04476623746082078,1162
polblogs,0.4,0.024013733264798713,1163
polblogs,0.4,0.06418555174888,1164
polblogs,0.4,0.0007471266821073063,1165
polblogs,0.4,0.007090154687660141,1166
polblogs,0.4,0.0077821095280656335,1167
polblogs,0.4,-0.06264358517963685,1168
polblogs,0.4,0.015371972598050558,1169
polblogs,0.4,0.007037281382048888,1170
polblogs,0.4,0.008669890178336246,1171
polblogs,0.4,0.012024344538596774,1172
polblogs,0.4,0.05653140546662004,1173
polblogs,0.4,0.04759086505851844,1174
polblogs,0.4,-0.007178638275970291,1175
polblogs,0.4,0.006662858935218894,1176
polblogs,0.4,0.012120893715461033,1177
polblogs,0.4,0.22714064991375985,1178
polblogs,0.4,0.007888392049099418,1179
polblogs,0.4,-0.006152197298046276,1180
polblogs,0.4,0.015044073110184514,1181
polblogs,0.4,0.011250020883005005,1182
polblogs,0.4,0.023623303994299412,1183
polblogs,0.4,0.02532517383522872,1184
polblogs,0.4,0.005032357442952161,1185
polblogs,0.4,0.010868644394799775,1186
polblogs,0.4,0.0012104312857101579,1187
polblogs,0.4,0.006358796906320514,1188
polblogs,0.4,0.012245635348537932,1189
polblogs,0.4,-0.03892974669364002,1190
polblogs,0.4,0.018517303514535725,1191
polblogs,0.4,-0.005580339550817345,1192
polblogs,0.4,-0.010964773377904717,1193
polblogs,0.4,0.05746386291306422,1194
polblogs,0.4,-0.001018220479398151,1195
polblogs,0.4,0.009533943028010979,1196
polblogs,0.4,0.0003452319449318919,1197
polblogs,0.4,0.00699318446241927,1198
polblogs,0.4,0.030021855696448253,1199
polblogs,0.4,0.01886427511515188,1200
polblogs,0.4,0.005038907706623824,1201
polblogs,0.4,0.010758306892300246,1202
polblogs,0.4,-0.0009768056196741194,1203
polblogs,0.4,0.002399823200317896,1204
polblogs,0.4,-0.02555506805934495,1205
polblogs,0.4,0.006590916844049983,1206
polblogs,0.4,0.009433202419421296,1207
polblogs,0.4,0.005071808679938126,1208
polblogs,0.4,-0.020974845825785775,1209
polblogs,0.4,0.23127345092839036,1210
polblogs,0.4,0.003545588419249134,1211
polblogs,0.4,0.0043879269830166935,1212
polblogs,0.4,0.0033799796929804274,1213
polblogs,0.4,-0.0017059479307397064,1214
polblogs,0.4,0.008311373963871688,1215
polblogs,0.4,0.013382158300535206,1216
polblogs,0.4,-0.004326103951497248,1217
polblogs,0.4,-0.0032141091800975646,1218
polblogs,0.4,0.02197350746641787,1219
polblogs,0.4,0.19227081498233076,1220
polblogs,0.4,0.0364507798146238,1221
polblogs,0.5,0.0009548584359159473,0
polblogs,0.5,-0.0009112563354180962,1
polblogs,0.5,0.0036537067225363047,2
polblogs,0.5,-0.0023101783671956827,3
polblogs,0.5,-0.0028751115849077876,4
polblogs,0.5,-0.0027041807744392667,5
polblogs,0.5,-0.003341968277063011,6
polblogs,0.5,-0.00435221730198949,7
polblogs,0.5,-0.0032963569468700132,8
polblogs,0.5,-0.00698864374726198,9
polblogs,0.5,0.004033358854944516,10
polblogs,0.5,-0.0019145829288986693,11
polblogs,0.5,-0.002814114717069404,12
polblogs,0.5,-0.0027875351176692223,13
polblogs,0.5,-0.004040460327157909,14
polblogs,0.5,-0.003370030030322311,15
polblogs,0.5,-0.005801444853273804,16
polblogs,0.5,-0.001520892870444917,17
polblogs,0.5,-0.0023159713036313323,18
polblogs,0.5,-0.011317236856675562,19
polblogs,0.5,-0.005395575398974313,20
polblogs,0.5,-0.007300948894277971,21
polblogs,0.5,-0.003838390444426997,22
polblogs,0.5,-0.004078737576453777,23
polblogs,0.5,-0.0027146433109015004,24
polblogs,0.5,-0.0036623781028299403,25
polblogs,0.5,-0.00343535851588707,26
polblogs,0.5,-0.0031768864466449427,27
polblogs,0.5,0.0005113650305116468,28
polblogs,0.5,-0.006799737334599023,29
polblogs,0.5,-0.0011845046494656898,30
polblogs,0.5,-0.003513599592281775,31
polblogs,0.5,-0.002922533941161364,32
polblogs,0.5,-0.0038647669104348316,33
polblogs,0.5,-0.001654021606472976,34
polblogs,0.5,-0.002019265630810542,35
polblogs,0.5,-0.004630285869685196,36
polblogs,0.5,-0.0036969859706839367,37
polblogs,0.5,-0.0049073607636586835,38
polblogs,0.5,-0.003107651071733636,39
polblogs,0.5,-0.00584020169404932,40
polblogs,0.5,-0.0026177870128102857,41
polblogs,0.5,-0.00424428926887586,42
polblogs,0.5,-0.0044586637077153645,43
polblogs,0.5,-0.003910222007856381,44
polblogs,0.5,-0.003476075846551598,45
polblogs,0.5,-0.009876560496696643,46
polblogs,0.5,-0.002916952863134165,47
polblogs,0.5,-0.0037420587579218424,48
polblogs,0.5,-0.0038679400447216537,49
polblogs,0.5,-0.03695387346291383,50
polblogs,0.5,0.009280619587114174,51
polblogs,0.5,0.02228300753865215,52
polblogs,0.5,-0.0015513950622342424,53
polblogs,0.5,-0.002678583726149788,54
polblogs,0.5,-0.05558635191880085,55
polblogs,0.5,-0.001299538598856881,56
polblogs,0.5,-0.0032100086163644897,57
polblogs,0.5,-0.004329011032040691,58
polblogs,0.5,-0.0037930138904350074,59
polblogs,0.5,-0.0022353472608664235,60
polblogs,0.5,-0.005258893003756448,61
polblogs,0.5,-0.004709238950085801,62
polblogs,0.5,-0.003268350443546914,63
polblogs,0.5,-0.003725377020225342,64
polblogs,0.5,-0.006080538050412721,65
polblogs,0.5,-0.001424869174262563,66
polblogs,0.5,-0.007188596059641453,67
polblogs,0.5,-0.004130563207636988,68
polblogs,0.5,-0.0026478940807856837,69
polblogs,0.5,-0.0031561161299371223,70
polblogs,0.5,0.004915978138497405,71
polblogs,0.5,-0.013418849754767318,72
polblogs,0.5,-0.0035638532145102603,73
polblogs,0.5,-0.005587541945783823,74
polblogs,0.5,-0.0040352443574269035,75
polblogs,0.5,-0.005359508942819012,76
polblogs,0.5,0.0068872386975376895,77
polblogs,0.5,-0.003734805798888077,78
polblogs,0.5,-0.0040612364282872635,79
polblogs,0.5,-0.0027328800730722683,80
polblogs,0.5,-0.003995607907231736,81
polblogs,0.5,-0.006072294534702981,82
polblogs,0.5,-0.002337187465938095,83
polblogs,0.5,0.025590565296519593,84
polblogs,0.5,-0.0029554298557746667,85
polblogs,0.5,0.012781405068130712,86
polblogs,0.5,-0.002262366960077383,87
polblogs,0.5,-0.0035093563025952153,88
polblogs,0.5,0.007140759042072451,89
polblogs,0.5,-0.003978985966840361,90
polblogs,0.5,-0.003307551748605988,91
polblogs,0.5,-0.00524603197989013,92
polblogs,0.5,-0.0019941686352916055,93
polblogs,0.5,-0.0030312817722151744,94
polblogs,0.5,-0.0031019690882172464,95
polblogs,0.5,-0.0027716254227480646,96
polblogs,0.5,-0.0030851372585757094,97
polblogs,0.5,-0.003418119305979606,98
polblogs,0.5,-0.0024708675662593878,99
polblogs,0.5,-0.002286647765334885,100
polblogs,0.5,-0.0042521885030956256,101
polblogs,0.5,-0.0006565168100515517,102
polblogs,0.5,-0.0037211767147337493,103
polblogs,0.5,-0.0036028385123817747,104
polblogs,0.5,-0.0030018635835475605,105
polblogs,0.5,-0.0032240773891436033,106
polblogs,0.5,-0.0035066496313770684,107
polblogs,0.5,0.001492878650506135,108
polblogs,0.5,-0.0025422432476449124,109
polblogs,0.5,-0.001776881725282706,110
polblogs,0.5,-0.002950643029878951,111
polblogs,0.5,-0.005306303202520822,112
polblogs,0.5,-0.0015791378321896492,113
polblogs,0.5,-0.0024660059667511148,114
polblogs,0.5,-0.0029251568516068084,115
polblogs,0.5,-0.0027343415145026344,116
polblogs,0.5,-0.0029631197076678455,117
polblogs,0.5,-0.0032464553090431757,118
polblogs,0.5,-0.004507912752339993,119
polblogs,0.5,-0.0035981102464165316,120
polblogs,0.5,-0.0028751239026562044,121
polblogs,0.5,-0.0015195939818351046,122
polblogs,0.5,-0.002668267613950349,123
polblogs,0.5,-0.0025060780497450407,124
polblogs,0.5,-0.003622336173040916,125
polblogs,0.5,-0.003251050364516768,126
polblogs,0.5,-0.004105298358630351,127
polblogs,0.5,-0.0055114788324778195,128
polblogs,0.5,-0.0017362881804190388,129
polblogs,0.5,-0.006235307802578707,130
polblogs,0.5,0.002135614110195909,131
polblogs,0.5,0.0016494142867677834,132
polblogs,0.5,-0.003852892794619,133
polblogs,0.5,-0.008930317681793653,134
polblogs,0.5,-0.004583991090471807,135
polblogs,0.5,-0.004949192821894077,136
polblogs,0.5,-0.0027776150685404157,137
polblogs,0.5,-0.0019473095547036612,138
polblogs,0.5,-0.003051149038094608,139
polblogs,0.5,-0.0029978823683082722,140
polblogs,0.5,-0.004882463847370021,141
polblogs,0.5,-0.005482348828225085,142
polblogs,0.5,-0.0231387462500015,143
polblogs,0.5,-0.0036006756846659487,144
polblogs,0.5,-0.003281032983962138,145
polblogs,0.5,-0.0037441822221406878,146
polblogs,0.5,-0.0007191839040370401,147
polblogs,0.5,-0.006071631605392107,148
polblogs,0.5,-0.0028661039493399266,149
polblogs,0.5,-0.003042637347613096,150
polblogs,0.5,-0.0031395520472661,151
polblogs,0.5,-0.003236746554954337,152
polblogs,0.5,-0.0037695031876223356,153
polblogs,0.5,-0.0012009219362217305,154
polblogs,0.5,-0.028566855870045104,155
polblogs,0.5,-0.0021731086308509158,156
polblogs,0.5,-0.0030611863084676963,157
polblogs,0.5,-0.004001389474996635,158
polblogs,0.5,-0.006918438901806727,159
polblogs,0.5,0.008852035105649858,160
polblogs,0.5,0.030877170813819715,161
polblogs,0.5,-0.0009458924665229449,162
polblogs,0.5,-0.011459325882359265,163
polblogs,0.5,-0.0033392973663692706,164
polblogs,0.5,-0.000539249350357206,165
polblogs,0.5,-0.0029458736828730284,166
polblogs,0.5,-0.00316167424840449,167
polblogs,0.5,-0.00393395221509092,168
polblogs,0.5,-0.003888113649870512,169
polblogs,0.5,-0.0028952505834176933,170
polblogs,0.5,-0.0030694089724686625,171
polblogs,0.5,-0.0028042809961261804,172
polblogs,0.5,-0.005341806426322952,173
polblogs,0.5,0.008913160098677868,174
polblogs,0.5,-0.0028027189061324643,175
polblogs,0.5,-0.003563374654888886,176
polblogs,0.5,-0.0005098048324894615,177
polblogs,0.5,-0.012262498250656482,178
polblogs,0.5,-0.003648234805011396,179
polblogs,0.5,0.0011066021443675272,180
polblogs,0.5,-0.009661531088181952,181
polblogs,0.5,-0.003301736812110339,182
polblogs,0.5,-0.006162720788195769,183
polblogs,0.5,0.013824275051041487,184
polblogs,0.5,-0.0019524417569061515,185
polblogs,0.5,-0.003765272011456128,186
polblogs,0.5,-0.0047549733303887745,187
polblogs,0.5,0.002294060080454933,188
polblogs,0.5,-0.0018061241182789772,189
polblogs,0.5,0.020259318008502246,190
polblogs,0.5,-0.003919106974012413,191
polblogs,0.5,-0.009176346377938516,192
polblogs,0.5,-0.012081669457872837,193
polblogs,0.5,0.0013190440830900606,194
polblogs,0.5,-0.003081500929349267,195
polblogs,0.5,-0.0010448036655927788,196
polblogs,0.5,-0.002753395008093025,197
polblogs,0.5,-0.0012179799675625096,198
polblogs,0.5,0.02188223917301483,199
polblogs,0.5,0.004386018213906618,200
polblogs,0.5,-0.0023592708660614943,201
polblogs,0.5,-0.003234094745388091,202
polblogs,0.5,-0.0018011142938146533,203
polblogs,0.5,-0.003221359650491761,204
polblogs,0.5,-0.0012753859143531075,205
polblogs,0.5,-0.0027043583901989717,206
polblogs,0.5,-0.013490951106721778,207
polblogs,0.5,0.009847085569849614,208
polblogs,0.5,-0.004216890443153649,209
polblogs,0.5,-0.00991482360329022,210
polblogs,0.5,-0.008057286867926212,211
polblogs,0.5,-0.0042403341601516984,212
polblogs,0.5,-0.0029826150641020007,213
polblogs,0.5,0.0010875070613914925,214
polblogs,0.5,-0.006881626544924462,215
polblogs,0.5,-0.003269663368591637,216
polblogs,0.5,-0.004033497398566399,217
polblogs,0.5,-0.0028304113992758738,218
polblogs,0.5,-0.002225008332321025,219
polblogs,0.5,-0.0034530047790688654,220
polblogs,0.5,0.019328489033463032,221
polblogs,0.5,-0.008086925585769369,222
polblogs,0.5,-0.0029796644491899044,223
polblogs,0.5,-0.039059636251385026,224
polblogs,0.5,0.002973169259311395,225
polblogs,0.5,0.006455113549927269,226
polblogs,0.5,-0.0038461732402393085,227
polblogs,0.5,0.0059433129992422905,228
polblogs,0.5,0.0017266071411239632,229
polblogs,0.5,0.021461676497921117,230
polblogs,0.5,-0.03930325215233456,231
polblogs,0.5,-0.005508052705916235,232
polblogs,0.5,-0.005112007146640216,233
polblogs,0.5,-0.002105761802503619,234
polblogs,0.5,-0.0021695490572694806,235
polblogs,0.5,-0.004253164728730053,236
polblogs,0.5,-0.003423182805973986,237
polblogs,0.5,-0.0026466776297438418,238
polblogs,0.5,-0.0006851743107283846,239
polblogs,0.5,-0.0048886500863359475,240
polblogs,0.5,-0.0074562308607440415,241
polblogs,0.5,-0.001879212706569478,242
polblogs,0.5,-0.001876516120519298,243
polblogs,0.5,0.0003446512399675233,244
polblogs,0.5,-0.0025412739658043264,245
polblogs,0.5,-0.0025779099736460143,246
polblogs,0.5,-0.003445879993270042,247
polblogs,0.5,-0.005346256384868261,248
polblogs,0.5,-0.003462767496085327,249
polblogs,0.5,-0.018645255568969538,250
polblogs,0.5,0.0001839195580424601,251
polblogs,0.5,-0.09214429061478341,252
polblogs,0.5,0.00022051273896474025,253
polblogs,0.5,0.011104948281542865,254
polblogs,0.5,-0.008285871145061336,255
polblogs,0.5,-0.054817921389384384,256
polblogs,0.5,-0.003914501776717064,257
polblogs,0.5,-0.0038800945810218406,258
polblogs,0.5,-0.005106421676510983,259
polblogs,0.5,-0.005163606595007418,260
polblogs,0.5,0.017716722657767747,261
polblogs,0.5,-0.02003185967227765,262
polblogs,0.5,-0.0024279491179395505,263
polblogs,0.5,-0.0014988014614764923,264
polblogs,0.5,-0.0018899829520003665,265
polblogs,0.5,-0.0027590166003579274,266
polblogs,0.5,-0.021428829268510287,267
polblogs,0.5,-0.007672576617108248,268
polblogs,0.5,-0.001126216656271292,269
polblogs,0.5,0.021749386970328907,270
polblogs,0.5,0.0329343151342116,271
polblogs,0.5,0.018578672270010296,272
polblogs,0.5,-0.004810744698291988,273
polblogs,0.5,6.348529720159725e-07,274
polblogs,0.5,0.02248874332789673,275
polblogs,0.5,-0.0039278347408779725,276
polblogs,0.5,-0.00346168930204218,277
polblogs,0.5,-0.03099521870533303,278
polblogs,0.5,-0.008823232768385253,279
polblogs,0.5,-0.00646080874387499,280
polblogs,0.5,-0.005296333682618519,281
polblogs,0.5,0.0002369387893689949,282
polblogs,0.5,-0.003502767965861357,283
polblogs,0.5,-0.0004938127221698218,284
polblogs,0.5,-0.004281216130171542,285
polblogs,0.5,-0.0036692091299935954,286
polblogs,0.5,-0.001970587783356896,287
polblogs,0.5,0.0007816474512525581,288
polblogs,0.5,-0.003828983775273647,289
polblogs,0.5,-0.005926132629317007,290
polblogs,0.5,-0.003735422242868531,291
polblogs,0.5,0.01224995323079371,292
polblogs,0.5,-0.0033061809445112636,293
polblogs,0.5,-0.0038941480153936573,294
polblogs,0.5,-0.0156584655153279,295
polblogs,0.5,-0.0629523942668752,296
polblogs,0.5,-0.03772917762532179,297
polblogs,0.5,-0.012829068596077691,298
polblogs,0.5,-0.006807180540845246,299
polblogs,0.5,-0.02778292045699396,300
polblogs,0.5,-0.0024500568919788744,301
polblogs,0.5,-0.003529650412414563,302
polblogs,0.5,0.08833763483373656,303
polblogs,0.5,0.32956372460631395,304
polblogs,0.5,-0.005022847232889395,305
polblogs,0.5,-0.007094831541648133,306
polblogs,0.5,-0.01777493672172531,307
polblogs,0.5,-0.002444637143995586,308
polblogs,0.5,-0.0035692534527546277,309
polblogs,0.5,-0.005180410532935102,310
polblogs,0.5,-0.026584170351517996,311
polblogs,0.5,-0.010153472970296664,312
polblogs,0.5,-0.014208022204274673,313
polblogs,0.5,-0.03565886530589584,314
polblogs,0.5,0.1434477415342829,315
polblogs,0.5,-0.007136257028195236,316
polblogs,0.5,-0.00692597313873779,317
polblogs,0.5,-0.0027790613929569367,318
polblogs,0.5,-0.007113978564044919,319
polblogs,0.5,0.0022458239405917266,320
polblogs,0.5,0.006909408890594427,321
polblogs,0.5,-0.001532162200659389,322
polblogs,0.5,-0.0032790070859213443,323
polblogs,0.5,-0.0044501187854153424,324
polblogs,0.5,-0.057688685866781164,325
polblogs,0.5,-0.004233049611150436,326
polblogs,0.5,0.01356985500311609,327
polblogs,0.5,0.0009133241291474328,328
polblogs,0.5,-0.026724510890655785,329
polblogs,0.5,-0.002720917382326446,330
polblogs,0.5,-0.00774503432649246,331
polblogs,0.5,0.008127210900059535,332
polblogs,0.5,-0.008692532284776195,333
polblogs,0.5,0.0010043430890883602,334
polblogs,0.5,-0.000986209601416312,335
polblogs,0.5,-0.0009316293777156025,336
polblogs,0.5,-0.0015539373559347355,337
polblogs,0.5,0.003609732858100316,338
polblogs,0.5,-0.015098693169067996,339
polblogs,0.5,-0.02608594472118056,340
polblogs,0.5,-0.0029819217774310603,341
polblogs,0.5,-0.10551113017729649,342
polblogs,0.5,-0.002719813462720882,343
polblogs,0.5,-0.006686715663038454,344
polblogs,0.5,-0.01449265988458522,345
polblogs,0.5,-0.004892222378169371,346
polblogs,0.5,-0.0029636532208907693,347
polblogs,0.5,-0.003342827094367621,348
polblogs,0.5,-0.0030049578839474508,349
polblogs,0.5,-0.003170937795989251,350
polblogs,0.5,-0.005676768589782804,351
polblogs,0.5,-0.000999606925134249,352
polblogs,0.5,-0.0030894454383863373,353
polblogs,0.5,0.037741576212675376,354
polblogs,0.5,-0.004719460725234926,355
polblogs,0.5,-0.00232992018607435,356
polblogs,0.5,-0.008633416656264799,357
polblogs,0.5,-0.012807215940912555,358
polblogs,0.5,-0.007453737706892961,359
polblogs,0.5,-0.021540996546956386,360
polblogs,0.5,-0.0008321205448972779,361
polblogs,0.5,-0.01877441487471201,362
polblogs,0.5,-0.024790291644168086,363
polblogs,0.5,-0.006309444740207271,364
polblogs,0.5,-0.0025879996201923945,365
polblogs,0.5,0.0019224724189676186,366
polblogs,0.5,-0.0045043344894092575,367
polblogs,0.5,-0.008010445206165792,368
polblogs,0.5,-0.007903213381987715,369
polblogs,0.5,-0.0038467737696703057,370
polblogs,0.5,-0.004493217242501541,371
polblogs,0.5,0.0009104183103157162,372
polblogs,0.5,-0.00040625428009774783,373
polblogs,0.5,-0.02918592408610979,374
polblogs,0.5,0.007782444750456164,375
polblogs,0.5,0.006552187304464966,376
polblogs,0.5,0.0030308168669231535,377
polblogs,0.5,0.0012254783633023857,378
polblogs,0.5,-0.009858560122522751,379
polblogs,0.5,-0.014442335387350213,380
polblogs,0.5,-0.0063243974673300694,381
polblogs,0.5,-0.0034386487982569734,382
polblogs,0.5,0.0031771742129650224,383
polblogs,0.5,-0.008966289509236648,384
polblogs,0.5,0.015279204633848341,385
polblogs,0.5,0.021121751392303868,386
polblogs,0.5,-0.005990889929164297,387
polblogs,0.5,-0.0022671118378766227,388
polblogs,0.5,0.00047404730876483885,389
polblogs,0.5,0.0005072640609522258,390
polblogs,0.5,-0.008134298012536234,391
polblogs,0.5,-0.001914661523005049,392
polblogs,0.5,-0.0026509880726382305,393
polblogs,0.5,-0.08968983190399993,394
polblogs,0.5,0.004943380438028551,395
polblogs,0.5,0.3543935359916564,396
polblogs,0.5,-0.0011660561596232159,397
polblogs,0.5,-0.0062954670738755445,398
polblogs,0.5,-0.0019059546451832745,399
polblogs,0.5,0.013187611744602151,400
polblogs,0.5,-0.004301349776475881,401
polblogs,0.5,-0.003033243059773728,402
polblogs,0.5,0.008433399949870274,403
polblogs,0.5,-0.011104823822696437,404
polblogs,0.5,-0.002194031928135377,405
polblogs,0.5,-0.00016047091229218544,406
polblogs,0.5,-0.0034548801141259973,407
polblogs,0.5,-0.04852236990475837,408
polblogs,0.5,0.009852408472202898,409
polblogs,0.5,-0.0015441318001114615,410
polblogs,0.5,-0.003284534674928115,411
polblogs,0.5,-0.003970556142844734,412
polblogs,0.5,-0.009405429574680541,413
polblogs,0.5,0.00562668334262174,414
polblogs,0.5,-0.0005079546392344535,415
polblogs,0.5,0.14235368500272513,416
polblogs,0.5,0.19069003353725628,417
polblogs,0.5,-0.015114311941770708,418
polblogs,0.5,-0.006494430845042702,419
polblogs,0.5,-0.008987918606616834,420
polblogs,0.5,-0.004667266047676144,421
polblogs,0.5,0.008984175318948608,422
polblogs,0.5,-0.00693082257536352,423
polblogs,0.5,-0.0032714630812935596,424
polblogs,0.5,-0.01050514298301263,425
polblogs,0.5,-0.0052371210196545375,426
polblogs,0.5,0.006791388515387673,427
polblogs,0.5,-0.0030951321189684553,428
polblogs,0.5,-0.008793996310008649,429
polblogs,0.5,-0.04066297357205588,430
polblogs,0.5,-0.003917918597513763,431
polblogs,0.5,-0.0009307107110922575,432
polblogs,0.5,-0.008912717677626789,433
polblogs,0.5,0.00012785216303463508,434
polblogs,0.5,-0.019148032683510393,435
polblogs,0.5,-0.002998148517772783,436
polblogs,0.5,-0.043814279262902045,437
polblogs,0.5,0.03273015364035439,438
polblogs,0.5,0.06552277289768611,439
polblogs,0.5,0.01570096200092448,440
polblogs,0.5,0.04368998777309364,441
polblogs,0.5,-0.0011193418750464587,442
polblogs,0.5,-0.0023632001653227696,443
polblogs,0.5,-0.001242846884311516,444
polblogs,0.5,0.08072299102629792,445
polblogs,0.5,-0.011396194645889451,446
polblogs,0.5,-0.013501122997145412,447
polblogs,0.5,-0.0026841103019115916,448
polblogs,0.5,-0.04781279571788172,449
polblogs,0.5,-0.042836291194376507,450
polblogs,0.5,-0.008831449079639814,451
polblogs,0.5,-0.004913908680867295,452
polblogs,0.5,-0.014477935625675937,453
polblogs,0.5,-0.04306573155362539,454
polblogs,0.5,-0.014948769961400614,455
polblogs,0.5,-0.0006143458384334868,456
polblogs,0.5,-0.019996074458875756,457
polblogs,0.5,-0.003128174601619439,458
polblogs,0.5,-0.002609766908159647,459
polblogs,0.5,-0.0045471858954078265,460
polblogs,0.5,0.02742966606538356,461
polblogs,0.5,0.07419953776056103,462
polblogs,0.5,-0.008320491782780028,463
polblogs,0.5,-0.001969326423995428,464
polblogs,0.5,-0.033248197807526206,465
polblogs,0.5,-0.104831044901968,466
polblogs,0.5,-0.046341047893982024,467
polblogs,0.5,0.0025911229440100767,468
polblogs,0.5,-0.005627344376678507,469
polblogs,0.5,-0.007956447459784207,470
polblogs,0.5,-0.00294126932440513,471
polblogs,0.5,-0.03101683595353298,472
polblogs,0.5,-0.014151962947464191,473
polblogs,0.5,-0.010987904388525559,474
polblogs,0.5,-0.0054464987965833584,475
polblogs,0.5,-0.00160223655461008,476
polblogs,0.5,0.00492633041195711,477
polblogs,0.5,-0.043422401097435503,478
polblogs,0.5,-0.0063498781196569395,479
polblogs,0.5,-0.002736321659310432,480
polblogs,0.5,-0.0011049179991355423,481
polblogs,0.5,-0.0014375542232702837,482
polblogs,0.5,-0.002129852305445326,483
polblogs,0.5,-0.001152810860609647,484
polblogs,0.5,-0.025784185371404648,485
polblogs,0.5,0.024736464453987986,486
polblogs,0.5,-0.0019348978280887745,487
polblogs,0.5,-0.046484750355760884,488
polblogs,0.5,0.0034548206750760506,489
polblogs,0.5,0.00740109992443825,490
polblogs,0.5,-0.0035419972934139787,491
polblogs,0.5,-0.0013576636011335553,492
polblogs,0.5,-0.01944053977768052,493
polblogs,0.5,0.002379467327672505,494
polblogs,0.5,-0.016024163075707195,495
polblogs,0.5,0.014498702194217946,496
polblogs,0.5,-0.032737887453895095,497
polblogs,0.5,-0.00193390950353734,498
polblogs,0.5,0.0003748439730394812,499
polblogs,0.5,0.025472604389398964,500
polblogs,0.5,-0.0009656097481376714,501
polblogs,0.5,0.007763196069141958,502
polblogs,0.5,-0.0036714825052693687,503
polblogs,0.5,-0.03302394637995537,504
polblogs,0.5,0.005162059403556635,505
polblogs,0.5,0.0037199072046670985,506
polblogs,0.5,-0.022258552215186436,507
polblogs,0.5,-0.002125191466673888,508
polblogs,0.5,-0.01061126872102713,509
polblogs,0.5,-0.004432267173763855,510
polblogs,0.5,-0.0032605285118883272,511
polblogs,0.5,-0.0021145176932070115,512
polblogs,0.5,-0.004549782046365085,513
polblogs,0.5,0.00227956424377321,514
polblogs,0.5,-0.0007397518898383903,515
polblogs,0.5,-0.0039497979468890556,516
polblogs,0.5,0.0013221473677804143,517
polblogs,0.5,-0.006197878919826309,518
polblogs,0.5,-0.0014486895142668801,519
polblogs,0.5,0.0052105114334178,520
polblogs,0.5,0.025762697733725616,521
polblogs,0.5,0.021802182002506942,522
polblogs,0.5,-0.004135300597840599,523
polblogs,0.5,0.026578361065329355,524
polblogs,0.5,-0.05410686991022412,525
polblogs,0.5,0.0013117651233899856,526
polblogs,0.5,-0.10522755802055335,527
polblogs,0.5,-0.023290779491543727,528
polblogs,0.5,0.002952920204267192,529
polblogs,0.5,0.0018600113274354778,530
polblogs,0.5,-0.0018227603469993204,531
polblogs,0.5,-0.0053137275191428145,532
polblogs,0.5,-0.008376999860286033,533
polblogs,0.5,-0.002188488556386768,534
polblogs,0.5,-0.0010717209606802907,535
polblogs,0.5,-0.005004132544735692,536
polblogs,0.5,0.002252151231302521,537
polblogs,0.5,0.0049923835222917086,538
polblogs,0.5,0.012858824669043124,539
polblogs,0.5,0.03643860119446838,540
polblogs,0.5,0.005249739555584482,541
polblogs,0.5,-0.014423308133479378,542
polblogs,0.5,5.606441273983557e-05,543
polblogs,0.5,-0.006978236153889892,544
polblogs,0.5,-0.0007825157203260735,545
polblogs,0.5,0.02627604322273441,546
polblogs,0.5,-0.01486751913430635,547
polblogs,0.5,-0.004595191905565413,548
polblogs,0.5,0.00036749159610362583,549
polblogs,0.5,-0.0013642752585294412,550
polblogs,0.5,-0.03225531110839384,551
polblogs,0.5,0.01868956262443065,552
polblogs,0.5,-0.08126485950185085,553
polblogs,0.5,-0.003992278064512572,554
polblogs,0.5,-0.03303947600184901,555
polblogs,0.5,-0.023949440263373107,556
polblogs,0.5,0.0035269532704264063,557
polblogs,0.5,-0.04455878885023109,558
polblogs,0.5,-0.009325538101281745,559
polblogs,0.5,0.028720263978885007,560
polblogs,0.5,-0.044591428405466746,561
polblogs,0.5,-0.0036300289396865117,562
polblogs,0.5,0.024389759221010384,563
polblogs,0.5,0.0019084664859610934,564
polblogs,0.5,0.027105827898504027,565
polblogs,0.5,0.004539909039936294,566
polblogs,0.5,-0.003909204582302265,567
polblogs,0.5,0.08783940088519389,568
polblogs,0.5,-0.009305090030906484,569
polblogs,0.5,0.026316938236396133,570
polblogs,0.5,-0.0023716231130075315,571
polblogs,0.5,-0.01033254574396622,572
polblogs,0.5,-0.017957605792504005,573
polblogs,0.5,-0.0022332836686489756,574
polblogs,0.5,-0.0051936831892536745,575
polblogs,0.5,0.0010619756149840408,576
polblogs,0.5,-0.0031746063510819226,577
polblogs,0.5,0.013494924849169984,578
polblogs,0.5,-0.01260845754402227,579
polblogs,0.5,-0.0026171395184038594,580
polblogs,0.5,-0.0046954123271735855,581
polblogs,0.5,-0.01622553613758446,582
polblogs,0.5,-0.0006640774166208832,583
polblogs,0.5,-0.016037436653004434,584
polblogs,0.5,0.002514999550373508,585
polblogs,0.5,0.01564810925792138,586
polblogs,0.5,-0.03188301294214358,587
polblogs,0.5,-0.017315497747014595,588
polblogs,0.5,0.01621895388858041,589
polblogs,0.5,-0.0014593722708227432,590
polblogs,0.5,-0.0030460638423980054,591
polblogs,0.5,0.006071702008328366,592
polblogs,0.5,-0.0028098110192693424,593
polblogs,0.5,-0.06877557586168599,594
polblogs,0.5,-0.005486782743076392,595
polblogs,0.5,-0.021960261304076488,596
polblogs,0.5,-0.029844142649688,597
polblogs,0.5,-0.030531196322298323,598
polblogs,0.5,0.0018687341079037933,599
polblogs,0.5,0.004245311746098769,600
polblogs,0.5,-0.014398102476869354,601
polblogs,0.5,-0.0033422309984512647,602
polblogs,0.5,-0.009191607762444584,603
polblogs,0.5,0.0007925855743390075,604
polblogs,0.5,-0.0404545609807421,605
polblogs,0.5,0.006535779787844635,606
polblogs,0.5,-0.011947545701623622,607
polblogs,0.5,-0.00210820053130571,608
polblogs,0.5,0.0041112647864230654,609
polblogs,0.5,-0.00350009996644374,610
polblogs,0.5,0.01825603874178384,611
polblogs,0.5,-0.01222297853270706,612
polblogs,0.5,0.004830151178258887,613
polblogs,0.5,-0.0005165298501664631,614
polblogs,0.5,-0.005311583382110882,615
polblogs,0.5,0.03858133688662997,616
polblogs,0.5,0.03510191910505184,617
polblogs,0.5,-0.028346885370079806,618
polblogs,0.5,-0.004447034348289201,619
polblogs,0.5,-0.04037811532000641,620
polblogs,0.5,-0.007960696034729476,621
polblogs,0.5,0.00605370506337734,622
polblogs,0.5,-0.01308024471912723,623
polblogs,0.5,0.019538674860875786,624
polblogs,0.5,0.011480585846577844,625
polblogs,0.5,-0.002074646507118304,626
polblogs,0.5,-0.002578482817272527,627
polblogs,0.5,-0.004850505124019635,628
polblogs,0.5,-0.005840089137083112,629
polblogs,0.5,-0.0036589939634309454,630
polblogs,0.5,0.0463138285123408,631
polblogs,0.5,-0.013219403304453552,632
polblogs,0.5,-0.022695889721722828,633
polblogs,0.5,-0.001687352237914205,634
polblogs,0.5,-0.0015576529011844802,635
polblogs,0.5,0.03020887865792213,636
polblogs,0.5,-0.0020222829750823684,637
polblogs,0.5,0.09784070155032767,638
polblogs,0.5,-0.05987201600340521,639
polblogs,0.5,-0.016585544677526657,640
polblogs,0.5,0.06404183236645823,641
polblogs,0.5,-0.007072678082195813,642
polblogs,0.5,-0.004401877118056975,643
polblogs,0.5,-0.10544462246566738,644
polblogs,0.5,0.009819373563407138,645
polblogs,0.5,0.04157371222646814,646
polblogs,0.5,0.0022387574251200703,647
polblogs,0.5,-0.00525145434719914,648
polblogs,0.5,-0.0031070193378197135,649
polblogs,0.5,-0.0028558070875128873,650
polblogs,0.5,0.0016791921118137025,651
polblogs,0.5,0.012173022477929512,652
polblogs,0.5,-0.0005456239388463462,653
polblogs,0.5,-0.0067995271513452684,654
polblogs,0.5,0.00524283703776948,655
polblogs,0.5,-0.020572204845857277,656
polblogs,0.5,-0.0030849981398291455,657
polblogs,0.5,-0.00026801232856030487,658
polblogs,0.5,0.014569010480838055,659
polblogs,0.5,0.00023956300926720263,660
polblogs,0.5,-0.012073300907113883,661
polblogs,0.5,0.04024879236229281,662
polblogs,0.5,-0.00316621378711093,663
polblogs,0.5,0.0017012978300238255,664
polblogs,0.5,0.00583525599174416,665
polblogs,0.5,-0.011303156863183134,666
polblogs,0.5,-0.004619272795961997,667
polblogs,0.5,0.0022352876075969587,668
polblogs,0.5,-0.01713558200657359,669
polblogs,0.5,-0.0029581573993792886,670
polblogs,0.5,0.005584524809521037,671
polblogs,0.5,0.004253073729108054,672
polblogs,0.5,-0.03647862442668208,673
polblogs,0.5,-0.008509551534199869,674
polblogs,0.5,-0.0021786331686397317,675
polblogs,0.5,0.03589165532171859,676
polblogs,0.5,-0.05590664692679297,677
polblogs,0.5,-0.0024923485699714564,678
polblogs,0.5,-0.02936495716146019,679
polblogs,0.5,-0.021737543469814064,680
polblogs,0.5,-0.004935554173133365,681
polblogs,0.5,0.130857065645827,682
polblogs,0.5,0.005315344632018965,683
polblogs,0.5,-0.014375313502969398,684
polblogs,0.5,0.0006125921060141174,685
polblogs,0.5,-0.0025773158131690054,686
polblogs,0.5,-0.013099163535033995,687
polblogs,0.5,-0.034425876317893074,688
polblogs,0.5,0.004532033347647095,689
polblogs,0.5,-0.03451517335907364,690
polblogs,0.5,-0.003834899071223769,691
polblogs,0.5,-0.059768850046757555,692
polblogs,0.5,0.020573808633792483,693
polblogs,0.5,0.017352790396789344,694
polblogs,0.5,0.006640398539089804,695
polblogs,0.5,-0.006679096765848178,696
polblogs,0.5,0.013979409601113256,697
polblogs,0.5,-0.01470360647873273,698
polblogs,0.5,-0.004087581292433927,699
polblogs,0.5,-0.028875952741170222,700
polblogs,0.5,0.05090010867828622,701
polblogs,0.5,-0.0025491201669596343,702
polblogs,0.5,-0.03086782476156803,703
polblogs,0.5,0.01527227641541969,704
polblogs,0.5,-0.013322974453775222,705
polblogs,0.5,0.02813656541542908,706
polblogs,0.5,-0.0035338719021751363,707
polblogs,0.5,-0.025807966288209378,708
polblogs,0.5,-0.003158188671403831,709
polblogs,0.5,-0.013070283293391159,710
polblogs,0.5,-0.022920718424512185,711
polblogs,0.5,-0.011015318705871972,712
polblogs,0.5,-0.021606191822991283,713
polblogs,0.5,-0.02470678322421337,714
polblogs,0.5,0.01344816623748219,715
polblogs,0.5,0.04820402597888073,716
polblogs,0.5,-0.048178215423590444,717
polblogs,0.5,0.017191509368025125,718
polblogs,0.5,-0.0019864782368293026,719
polblogs,0.5,-0.0073845300040002206,720
polblogs,0.5,0.013275298359891208,721
polblogs,0.5,0.018003226703852914,722
polblogs,0.5,0.0031571450876970893,723
polblogs,0.5,-0.04073916900530055,724
polblogs,0.5,0.014140632741723336,725
polblogs,0.5,0.0038723215393109737,726
polblogs,0.5,0.02830658072799754,727
polblogs,0.5,-0.056548273405908775,728
polblogs,0.5,0.008488614706332661,729
polblogs,0.5,0.013843836330189761,730
polblogs,0.5,0.0019864550126098843,731
polblogs,0.5,-0.03412907684003159,732
polblogs,0.5,-0.0031486406389393323,733
polblogs,0.5,-0.02697784228723506,734
polblogs,0.5,-0.0022858296030009314,735
polblogs,0.5,-0.0035027648620415013,736
polblogs,0.5,-0.002957524640272904,737
polblogs,0.5,0.004372205489689628,738
polblogs,0.5,-0.002684351525678295,739
polblogs,0.5,0.0003149035187151106,740
polblogs,0.5,-0.0025034446272418067,741
polblogs,0.5,-0.0016569233379788665,742
polblogs,0.5,-0.00630483257468408,743
polblogs,0.5,-0.004312839776762846,744
polblogs,0.5,0.0012472226418910304,745
polblogs,0.5,-0.0018735251120032346,746
polblogs,0.5,-0.005816842925789376,747
polblogs,0.5,-0.00011620831637097988,748
polblogs,0.5,0.0010671492722247522,749
polblogs,0.5,-0.004877671946153328,750
polblogs,0.5,-0.004603126967661875,751
polblogs,0.5,-0.0026750169140060203,752
polblogs,0.5,-0.0004867408583827079,753
polblogs,0.5,-0.008415524431987642,754
polblogs,0.5,-0.0057498890930814395,755
polblogs,0.5,0.006936492939856228,756
polblogs,0.5,-0.002525326486133618,757
polblogs,0.5,-0.004863487402139056,758
polblogs,0.5,-0.0009140985911813067,759
polblogs,0.5,-0.0014999569080775658,760
polblogs,0.5,-0.004772801295491968,761
polblogs,0.5,-0.0014333858422269031,762
polblogs,0.5,-0.003357031160944824,763
polblogs,0.5,-0.0009066435559236622,764
polblogs,0.5,-0.0024254914039695667,765
polblogs,0.5,0.0027923058505570624,766
polblogs,0.5,-0.0030807489538357117,767
polblogs,0.5,-0.0011640588915648757,768
polblogs,0.5,0.0002883604047293813,769
polblogs,0.5,-0.006359299464139753,770
polblogs,0.5,0.0025271220800176415,771
polblogs,0.5,-0.0019000762931820625,772
polblogs,0.5,-0.0050489621091240255,773
polblogs,0.5,-0.0037232955918697634,774
polblogs,0.5,-0.0024346712749082206,775
polblogs,0.5,-0.00300986485684632,776
polblogs,0.5,0.0004437790308605025,777
polblogs,0.5,0.004948779724753209,778
polblogs,0.5,-0.004080085772831543,779
polblogs,0.5,-0.008638751735798705,780
polblogs,0.5,-0.0045485537451053345,781
polblogs,0.5,-0.003785203213820529,782
polblogs,0.5,-0.003104467984248945,783
polblogs,0.5,-0.002466307989862231,784
polblogs,0.5,-0.004875646178576234,785
polblogs,0.5,0.0024930547523007236,786
polblogs,0.5,0.002698578351678095,787
polblogs,0.5,-0.0007031789823989825,788
polblogs,0.5,-0.0017743554303941112,789
polblogs,0.5,-0.003468472311356902,790
polblogs,0.5,-0.005681716631876281,791
polblogs,0.5,-0.0039769388561327525,792
polblogs,0.5,0.0031421890931870454,793
polblogs,0.5,-0.012319555690545998,794
polblogs,0.5,-0.002474934667637958,795
polblogs,0.5,-0.00306130384170532,796
polblogs,0.5,0.004666880054377267,797
polblogs,0.5,0.0009979113168044904,798
polblogs,0.5,-0.013493135735631259,799
polblogs,0.5,-0.0018562012524728187,800
polblogs,0.5,0.007483935296228769,801
polblogs,0.5,-4.578303624057419e-05,802
polblogs,0.5,0.056128150405837296,803
polblogs,0.5,0.024142310643089866,804
polblogs,0.5,-0.006942468284886836,805
polblogs,0.5,-0.006360560252693476,806
polblogs,0.5,-0.0009871943408126345,807
polblogs,0.5,-0.004312994188450377,808
polblogs,0.5,-0.002924013270797671,809
polblogs,0.5,-0.0035308577286195155,810
polblogs,0.5,0.02599521495511097,811
polblogs,0.5,-0.01178857314100512,812
polblogs,0.5,-0.004626341334576415,813
polblogs,0.5,0.0016312813988642245,814
polblogs,0.5,-0.00669953364000832,815
polblogs,0.5,-0.019037298030062256,816
polblogs,0.5,0.007853531497438618,817
polblogs,0.5,-0.006273126212866826,818
polblogs,0.5,0.007433433940703653,819
polblogs,0.5,-0.002953316545550557,820
polblogs,0.5,0.00997631471394087,821
polblogs,0.5,-0.006784045041792577,822
polblogs,0.5,0.007432833758313204,823
polblogs,0.5,0.009780253224504779,824
polblogs,0.5,-0.0007531447775896709,825
polblogs,0.5,0.0035282357691470327,826
polblogs,0.5,-0.0022953789574975923,827
polblogs,0.5,-0.0019006922415588333,828
polblogs,0.5,-0.0037147765707274886,829
polblogs,0.5,-0.0014535260594961978,830
polblogs,0.5,-0.0070324285842294195,831
polblogs,0.5,-0.0028733246132860587,832
polblogs,0.5,-0.059202912979754434,833
polblogs,0.5,-0.012481444820974111,834
polblogs,0.5,-0.008085682432212925,835
polblogs,0.5,-0.0052827594118336684,836
polblogs,0.5,0.003569797836711498,837
polblogs,0.5,-0.003580351711477148,838
polblogs,0.5,-0.004199927745279964,839
polblogs,0.5,0.004020603852465474,840
polblogs,0.5,-0.006389271893417035,841
polblogs,0.5,-0.0036750924635151807,842
polblogs,0.5,-0.004569831468462384,843
polblogs,0.5,-0.000814882308331878,844
polblogs,0.5,-0.0037997620366444075,845
polblogs,0.5,0.0009427001788826303,846
polblogs,0.5,-0.019435460226549985,847
polblogs,0.5,-0.016443685152700883,848
polblogs,0.5,0.0043745902270118184,849
polblogs,0.5,-0.013346050446186466,850
polblogs,0.5,-0.005479846831556519,851
polblogs,0.5,-0.005466642568502865,852
polblogs,0.5,-0.0002447002953517705,853
polblogs,0.5,-0.004734675300134701,854
polblogs,0.5,0.0011426015390533088,855
polblogs,0.5,0.0022578501963440196,856
polblogs,0.5,0.00046067696727414845,857
polblogs,0.5,-0.003433654850493169,858
polblogs,0.5,0.0028553215309447327,859
polblogs,0.5,-0.003171766126940005,860
polblogs,0.5,-0.0023416704116399696,861
polblogs,0.5,-0.00238900448045135,862
polblogs,0.5,0.001886698605247401,863
polblogs,0.5,0.0031064595246632293,864
polblogs,0.5,0.0038255172844023303,865
polblogs,0.5,-0.010971767928898278,866
polblogs,0.5,-0.008337242639308308,867
polblogs,0.5,-0.0024037157003322968,868
polblogs,0.5,-0.002087621439499079,869
polblogs,0.5,-0.0020118753422254205,870
polblogs,0.5,-0.00248750489134289,871
polblogs,0.5,0.005497556148124418,872
polblogs,0.5,-0.11159765443352639,873
polblogs,0.5,0.0034983400000028904,874
polblogs,0.5,0.0562719763091795,875
polblogs,0.5,-0.010968441507353334,876
polblogs,0.5,-0.04106582826314363,877
polblogs,0.5,0.018271996728747113,878
polblogs,0.5,-0.017134829055957767,879
polblogs,0.5,0.0005938070363438675,880
polblogs,0.5,-0.0018135646287092079,881
polblogs,0.5,0.0052779548591880944,882
polblogs,0.5,0.0033085690667312728,883
polblogs,0.5,0.0007233829963267117,884
polblogs,0.5,0.0028664393263091175,885
polblogs,0.5,-0.015408754179297785,886
polblogs,0.5,-0.001652336528533082,887
polblogs,0.5,-0.008788388146388562,888
polblogs,0.5,-0.0023569760570676264,889
polblogs,0.5,-0.008402271242494893,890
polblogs,0.5,-0.0025351889723122935,891
polblogs,0.5,-0.0009225303017850178,892
polblogs,0.5,-0.001826300001614667,893
polblogs,0.5,-0.0001343859944575932,894
polblogs,0.5,-0.007246180016516761,895
polblogs,0.5,-0.003687931983079772,896
polblogs,0.5,-0.03577312685475059,897
polblogs,0.5,-0.010902172221347583,898
polblogs,0.5,-0.07523902039014493,899
polblogs,0.5,-0.009013936121108524,900
polblogs,0.5,0.0008583602988392424,901
polblogs,0.5,0.01535212870697428,902
polblogs,0.5,-0.0036608429247972996,903
polblogs,0.5,-0.001490438089241241,904
polblogs,0.5,-0.0015207244425381075,905
polblogs,0.5,-0.0034437920712904494,906
polblogs,0.5,0.006302037640058491,907
polblogs,0.5,-0.02526356642978945,908
polblogs,0.5,0.030057270250105985,909
polblogs,0.5,-0.024195437770355578,910
polblogs,0.5,-0.001472419196156717,911
polblogs,0.5,-0.0013345945584940042,912
polblogs,0.5,-0.019675870196704144,913
polblogs,0.5,-0.0019937357086053675,914
polblogs,0.5,0.0057887941779058635,915
polblogs,0.5,0.00730798707853749,916
polblogs,0.5,-0.0009255016604011205,917
polblogs,0.5,-0.025507896362333523,918
polblogs,0.5,0.00026602699105297524,919
polblogs,0.5,-0.01614747244252794,920
polblogs,0.5,-0.010143806475614733,921
polblogs,0.5,-0.033470584130608216,922
polblogs,0.5,-0.0010501525336815813,923
polblogs,0.5,-0.003440188785278087,924
polblogs,0.5,-0.005940427740562493,925
polblogs,0.5,0.00012612843430569198,926
polblogs,0.5,-0.0020508880136796397,927
polblogs,0.5,0.00753532371635096,928
polblogs,0.5,-0.005478306593183544,929
polblogs,0.5,-0.006112081803488586,930
polblogs,0.5,-0.0021869818322487683,931
polblogs,0.5,-0.005590943836844949,932
polblogs,0.5,-0.005841367805904989,933
polblogs,0.5,-0.0008503757710520034,934
polblogs,0.5,0.0009355734010639677,935
polblogs,0.5,-0.012061312465404234,936
polblogs,0.5,0.021198984826019406,937
polblogs,0.5,-0.01118566687841714,938
polblogs,0.5,-8.033521952665638e-05,939
polblogs,0.5,0.016706309796893956,940
polblogs,0.5,0.000921244871551233,941
polblogs,0.5,0.003231514780502865,942
polblogs,0.5,0.030425359238808694,943
polblogs,0.5,-0.0022379184159356078,944
polblogs,0.5,-0.005965588652293801,945
polblogs,0.5,-0.005099996054586214,946
polblogs,0.5,-0.027410597737984203,947
polblogs,0.5,-0.0022871541113816773,948
polblogs,0.5,-0.022593069158279543,949
polblogs,0.5,-0.007526628939557192,950
polblogs,0.5,-0.005454893299091616,951
polblogs,0.5,-0.012691239113018244,952
polblogs,0.5,-0.0322135224097838,953
polblogs,0.5,0.004573203514164419,954
polblogs,0.5,0.004471232279465898,955
polblogs,0.5,-0.0007120529831614646,956
polblogs,0.5,-0.020933417836677324,957
polblogs,0.5,0.04077529764576484,958
polblogs,0.5,0.00030447927297576463,959
polblogs,0.5,-0.04321300458011339,960
polblogs,0.5,-0.005271409893949242,961
polblogs,0.5,-0.0006414818093590703,962
polblogs,0.5,-0.0033401002610229107,963
polblogs,0.5,-0.0026632955334146614,964
polblogs,0.5,-0.007558858267182554,965
polblogs,0.5,0.0002529868970801367,966
polblogs,0.5,0.0032426388060483764,967
polblogs,0.5,0.0028173427743283016,968
polblogs,0.5,0.0028585190682058567,969
polblogs,0.5,-0.001481130648444545,970
polblogs,0.5,-0.005273907544165265,971
polblogs,0.5,-0.0017741009230083133,972
polblogs,0.5,-0.0023316438575583295,973
polblogs,0.5,0.014907429305153085,974
polblogs,0.5,-0.0035031482991919926,975
polblogs,0.5,-0.000358170248297737,976
polblogs,0.5,-0.016391231996820486,977
polblogs,0.5,-0.0030960575131105815,978
polblogs,0.5,-0.008416525882425538,979
polblogs,0.5,-0.0009008161975796489,980
polblogs,0.5,0.03808410785134975,981
polblogs,0.5,0.0061707408390146885,982
polblogs,0.5,0.0019634963978671727,983
polblogs,0.5,0.005064903200902998,984
polblogs,0.5,-0.011432253584663297,985
polblogs,0.5,-0.005568030567646404,986
polblogs,0.5,-0.004084056825129714,987
polblogs,0.5,-0.010299202295574255,988
polblogs,0.5,0.01341385659834922,989
polblogs,0.5,-0.0176216803591148,990
polblogs,0.5,0.03638679097041043,991
polblogs,0.5,-0.0001412126636775204,992
polblogs,0.5,0.0707316025925362,993
polblogs,0.5,0.0005981846231457782,994
polblogs,0.5,-0.0017062430207618342,995
polblogs,0.5,-0.005202969275717066,996
polblogs,0.5,-0.005817784955349772,997
polblogs,0.5,-0.03829077853361535,998
polblogs,0.5,-0.002837011920674099,999
polblogs,0.5,0.01034514807174582,1000
polblogs,0.5,-0.01935157530014818,1001
polblogs,0.5,0.06735911053344006,1002
polblogs,0.5,-0.012546001989698472,1003
polblogs,0.5,-0.016359903008641367,1004
polblogs,0.5,-0.016090270610950055,1005
polblogs,0.5,0.006457485493481319,1006
polblogs,0.5,-0.16557306683721487,1007
polblogs,0.5,-0.005028211961068013,1008
polblogs,0.5,0.011229448887817474,1009
polblogs,0.5,0.01477894934389567,1010
polblogs,0.5,0.010878928948428599,1011
polblogs,0.5,-0.01391873156633654,1012
polblogs,0.5,-0.027160402076891098,1013
polblogs,0.5,0.003142670953803157,1014
polblogs,0.5,-0.05072204039493801,1015
polblogs,0.5,0.04219313819617319,1016
polblogs,0.5,0.007699860134466712,1017
polblogs,0.5,-0.07915184558222886,1018
polblogs,0.5,0.028049739477820322,1019
polblogs,0.5,0.0211608007002839,1020
polblogs,0.5,-0.025850572503403686,1021
polblogs,0.5,-0.04464961871305621,1022
polblogs,0.5,-0.03545703778027367,1023
polblogs,0.5,0.043621903172356244,1024
polblogs,0.5,0.014345883542766075,1025
polblogs,0.5,-0.004001804405149982,1026
polblogs,0.5,-0.014770682533216615,1027
polblogs,0.5,-0.002762989749015321,1028
polblogs,0.5,-0.021646836778455074,1029
polblogs,0.5,0.016805348283359875,1030
polblogs,0.5,0.012042102176831104,1031
polblogs,0.5,0.025020357873979118,1032
polblogs,0.5,-0.03832352253757522,1033
polblogs,0.5,0.03227120754140433,1034
polblogs,0.5,-0.002374351962465842,1035
polblogs,0.5,-0.01463003725863669,1036
polblogs,0.5,0.03025518924686373,1037
polblogs,0.5,-0.0030685230571862736,1038
polblogs,0.5,0.004290319423930021,1039
polblogs,0.5,-0.001474711138971759,1040
polblogs,0.5,-0.005208955092381451,1041
polblogs,0.5,0.06669458828618138,1042
polblogs,0.5,-0.10070512108749935,1043
polblogs,0.5,0.016064289463817487,1044
polblogs,0.5,-0.0003792690439736251,1045
polblogs,0.5,0.00488971926254248,1046
polblogs,0.5,0.000932181040178207,1047
polblogs,0.5,-0.019136774609858815,1048
polblogs,0.5,0.0032876212545449495,1049
polblogs,0.5,0.007074346043982077,1050
polblogs,0.5,0.011339073447738683,1051
polblogs,0.5,-0.0026339968761964453,1052
polblogs,0.5,-0.005418007716527052,1053
polblogs,0.5,-0.004010443886479041,1054
polblogs,0.5,-0.0004425078775296176,1055
polblogs,0.5,0.0037756996873841704,1056
polblogs,0.5,-0.02617565335690506,1057
polblogs,0.5,-0.044260479914786335,1058
polblogs,0.5,0.15620672367931562,1059
polblogs,0.5,-0.027026245208796977,1060
polblogs,0.5,-0.0023889233377817043,1061
polblogs,0.5,0.036176927475406837,1062
polblogs,0.5,0.04571778707280834,1063
polblogs,0.5,-0.025928370674711272,1064
polblogs,0.5,-0.011147094857296987,1065
polblogs,0.5,0.0008399257588601832,1066
polblogs,0.5,0.0008608080051285303,1067
polblogs,0.5,-0.006650736137938852,1068
polblogs,0.5,-0.0015423942745923574,1069
polblogs,0.5,0.013045822211075296,1070
polblogs,0.5,-0.008043892706515947,1071
polblogs,0.5,-0.0172092019637469,1072
polblogs,0.5,-0.017323216141814566,1073
polblogs,0.5,-0.0037457077349074505,1074
polblogs,0.5,0.0021861998303497887,1075
polblogs,0.5,-0.0026245225544098763,1076
polblogs,0.5,-0.00779299685342778,1077
polblogs,0.5,-0.029857462170575468,1078
polblogs,0.5,0.027472677813916567,1079
polblogs,0.5,-0.04806943439023233,1080
polblogs,0.5,-0.0012247466043854075,1081
polblogs,0.5,0.008730072272726826,1082
polblogs,0.5,-0.002516972807952763,1083
polblogs,0.5,-0.001680460065592587,1084
polblogs,0.5,-0.017694172368360496,1085
polblogs,0.5,0.011117372812950818,1086
polblogs,0.5,-0.0030135822986639463,1087
polblogs,0.5,0.015429255109652689,1088
polblogs,0.5,0.009132996528684092,1089
polblogs,0.5,-0.014408525964951605,1090
polblogs,0.5,-0.004892241342723815,1091
polblogs,0.5,-0.009315553408183052,1092
polblogs,0.5,0.027186663744977545,1093
polblogs,0.5,-0.02469914444762013,1094
polblogs,0.5,0.003408715056742035,1095
polblogs,0.5,0.00082851493220414,1096
polblogs,0.5,0.0007831108046425452,1097
polblogs,0.5,0.0005551772995718714,1098
polblogs,0.5,0.004039344378503877,1099
polblogs,0.5,-0.03493763281336964,1100
polblogs,0.5,0.001236712229590572,1101
polblogs,0.5,-0.005774065560779225,1102
polblogs,0.5,-0.0041243432199128,1103
polblogs,0.5,0.00737733418215484,1104
polblogs,0.5,-0.00023889310853301862,1105
polblogs,0.5,0.008559951127625772,1106
polblogs,0.5,0.001273444241446141,1107
polblogs,0.5,-0.003424910899339236,1108
polblogs,0.5,0.0033781603338631284,1109
polblogs,0.5,-0.07449654099611569,1110
polblogs,0.5,0.03287830320423049,1111
polblogs,0.5,-0.003801845386162466,1112
polblogs,0.5,0.018914232551589267,1113
polblogs,0.5,-0.004788559487659912,1114
polblogs,0.5,-0.03196150907852087,1115
polblogs,0.5,-0.006056919749907057,1116
polblogs,0.5,-0.005896723065513254,1117
polblogs,0.5,0.0016129596075303528,1118
polblogs,0.5,0.02606755412046078,1119
polblogs,0.5,0.00683807359065751,1120
polblogs,0.5,-0.010485176677885127,1121
polblogs,0.5,0.02929309764684122,1122
polblogs,0.5,-0.005457833814810173,1123
polblogs,0.5,0.018595508140610933,1124
polblogs,0.5,0.0030460808483573983,1125
polblogs,0.5,-0.028775208489864763,1126
polblogs,0.5,-0.050561245262853854,1127
polblogs,0.5,0.04402085729800003,1128
polblogs,0.5,-0.00768834456374992,1129
polblogs,0.5,-0.08765084660945485,1130
polblogs,0.5,-0.012972624781647717,1131
polblogs,0.5,-0.008665554971950306,1132
polblogs,0.5,0.05245447056304406,1133
polblogs,0.5,0.0017332189618770577,1134
polblogs,0.5,-0.008590744391010905,1135
polblogs,0.5,-0.0007517169181588489,1136
polblogs,0.5,0.003796620366725873,1137
polblogs,0.5,0.0004374549758700497,1138
polblogs,0.5,0.052003192132660685,1139
polblogs,0.5,0.0038247362889700606,1140
polblogs,0.5,0.028272815881720894,1141
polblogs,0.5,-0.0006736684580525149,1142
polblogs,0.5,-0.008319741407202538,1143
polblogs,0.5,-0.004731199127401967,1144
polblogs,0.5,-0.008461428694731474,1145
polblogs,0.5,-0.040392685811338265,1146
polblogs,0.5,-0.011232950586561718,1147
polblogs,0.5,-0.010684443876790186,1148
polblogs,0.5,0.011945308799469364,1149
polblogs,0.5,0.00021372391261776126,1150
polblogs,0.5,-0.013109585706684648,1151
polblogs,0.5,0.002980031609756861,1152
polblogs,0.5,-0.002514188828157895,1153
polblogs,0.5,0.006412324106069127,1154
polblogs,0.5,0.009422500340530453,1155
polblogs,0.5,0.06887889200447667,1156
polblogs,0.5,0.011510254023386764,1157
polblogs,0.5,-0.027101358919731592,1158
polblogs,0.5,0.012560812769050803,1159
polblogs,0.5,-0.001315560847443364,1160
polblogs,0.5,0.00818195729717498,1161
polblogs,0.5,-0.01482285704306376,1162
polblogs,0.5,-0.014557075091512469,1163
polblogs,0.5,-0.03717044105598284,1164
polblogs,0.5,-0.0025713784279990143,1165
polblogs,0.5,-0.00033874343253694313,1166
polblogs,0.5,-0.016119299497346518,1167
polblogs,0.5,0.014244150882940924,1168
polblogs,0.5,-0.00047750846786141424,1169
polblogs,0.5,0.001530276920542746,1170
polblogs,0.5,0.0038756610418038584,1171
polblogs,0.5,0.0030504801996858724,1172
polblogs,0.5,0.06430964834722452,1173
polblogs,0.5,0.011180515869963195,1174
polblogs,0.5,-0.027293272236782993,1175
polblogs,0.5,-0.007824361479273989,1176
polblogs,0.5,-0.0009388088604960224,1177
polblogs,0.5,0.20677085232267395,1178
polblogs,0.5,0.0007850775678843069,1179
polblogs,0.5,-0.0009241980559319491,1180
polblogs,0.5,0.0006803728226600197,1181
polblogs,0.5,0.0034392196374710402,1182
polblogs,0.5,0.030635555306143522,1183
polblogs,0.5,-0.07324493861691414,1184
polblogs,0.5,0.025807673882967817,1185
polblogs,0.5,-0.053446498129657856,1186
polblogs,0.5,-0.009318812460190274,1187
polblogs,0.5,-0.006718685087342012,1188
polblogs,0.5,0.009002604381167796,1189
polblogs,0.5,0.00978119724155639,1190
polblogs,0.5,0.01446288596086847,1191
polblogs,0.5,0.013960432420555747,1192
polblogs,0.5,0.016341947132509353,1193
polblogs,0.5,0.09046232130075332,1194
polblogs,0.5,-0.00018010054146182117,1195
polblogs,0.5,0.012050089008532432,1196
polblogs,0.5,-0.02287250329903171,1197
polblogs,0.5,0.02147961029200499,1198
polblogs,0.5,0.03329752191136795,1199
polblogs,0.5,-0.010248671959936393,1200
polblogs,0.5,0.0008889256921096898,1201
polblogs,0.5,-0.003726097052873121,1202
polblogs,0.5,0.03596263678533104,1203
polblogs,0.5,-0.000380848110806838,1204
polblogs,0.5,-0.25208736427447875,1205
polblogs,0.5,-0.06446654132129277,1206
polblogs,0.5,0.0006784393411501884,1207
polblogs,0.5,0.019001726250783415,1208
polblogs,0.5,0.05180762988359014,1209
polblogs,0.5,0.03698407801099744,1210
polblogs,0.5,-0.00909605279561516,1211
polblogs,0.5,0.0005752125399759087,1212
polblogs,0.5,-0.0019938748665135663,1213
polblogs,0.5,0.005238449999626846,1214
polblogs,0.5,-0.0022049724310105644,1215
polblogs,0.5,0.004026317911733861,1216
polblogs,0.5,0.044980277443286795,1217
polblogs,0.5,-0.001531599625486988,1218
polblogs,0.5,-0.012998196669252324,1219
polblogs,0.5,-0.16638331917270763,1220
polblogs,0.5,0.001731133005551181,1221
